week_window_start,week_window_end,event_id,event_date,home_team_id,home_team,away_team_id,away_team,team_id,team_name,player_id,player_name,position,college,hometown,years_experience
2025-08-14,2025-08-18,401773017,2025-08-15T23:00Z,1,Atlanta Falcons,10,Tennessee Titans,1,Atlanta Falcons,3061612,Jamal Agnew,WR,San Diego,"{'city': 'San Diego', 'state': 'CA', 'country': 'USA'}",9
2025-08-14,2025-08-18,401773017,2025-08-15T23:00Z,1,Atlanta Falcons,10,Tennessee Titans,1,Atlanta Falcons,4373626,Tyler Allgeier,RB,BYU,"{'city': 'Fontana', 'state': 'CA', 'country': 'USA'}",4
2025-08-14,2025-08-18,401773017,2025-08-15T23:00Z,1,Atlanta Falcons,10,Tennessee Titans,1,Atlanta Falcons,4568510,Matthew Bergeron,G,Syracuse,"{'city': 'Victoriaville', 'state': 'PQ', 'country': 'Canada'}",3
2025-08-14,2025-08-18,401773017,2025-08-15T23:00Z,1,Atlanta Falcons,10,Tennessee Titans,1,Atlanta Falcons,4369886,Chris Blair,WR,Alcorn State,"{'city': 'Louisville', 'state': 'MS', 'country': 'USA'}",2
2025-08-14,2025-08-18,401773017,2025-08-15T23:00Z,1,Atlanta Falcons,10,Tennessee Titans,1,Atlanta Falcons,4605841,Nathan Carter,RB,Michigan State,"{'city': 'Rochester', 'state': 'NY', 'country': 'USA'}",
2025-08-14,2025-08-18,401773017,2025-08-15T23:00Z,1,Atlanta Falcons,10,Tennessee Titans,1,Atlanta Falcons,4372738,Matthew Cindric,C,California,"{'city': 'Sammamish', 'state': 'WA', 'country': 'USA'}",1
2025-08-14,2025-08-18,401773017,2025-08-15T23:00Z,1,Atlanta Falcons,10,Tennessee Titans,1,Atlanta Falcons,4372519,Jashaun Corbin,RB,Florida State,"{'city': 'Rockledge', 'state': 'FL', 'country': 'USA'}",2
2025-08-14,2025-08-18,401773017,2025-08-15T23:00Z,1,Atlanta Falcons,10,Tennessee Titans,1,Atlanta Falcons,14880,Kirk Cousins,QB,Michigan State,"{'city': 'Holland', 'state': 'MI', 'country': 'USA'}",14
2025-08-14,2025-08-18,401773017,2025-08-15T23:00Z,1,Atlanta Falcons,10,Tennessee Titans,1,Atlanta Falcons,3895785,Ben DiNucci,QB,James Madison,"{'city': 'Wexford', 'state': 'PA', 'country': 'USA'}",2
2025-08-14,2025-08-18,401773017,2025-08-15T23:00Z,1,Atlanta Falcons,10,Tennessee Titans,1,Atlanta Falcons,4248909,Elijah Dotson,RB,Northern Colorado,"{'city': 'Sacramento', 'state': 'CA', 'country': 'USA'}",2
2025-08-14,2025-08-18,401773017,2025-08-15T23:00Z,1,Atlanta Falcons,10,Tennessee Titans,1,Atlanta Falcons,4363551,Dylan Drummond,WR,Eastern Michigan,"{'city': 'Cleveland', 'state': 'OH', 'country': 'USA'}",1
2025-08-14,2025-08-18,401773017,2025-08-15T23:00Z,1,Atlanta Falcons,10,Tennessee Titans,1,Atlanta Falcons,4034948,Feleipe Franks,TE,Arkansas,"{'city': 'Crawfordville', 'state': 'FL', 'country': 'USA'}",3
2025-08-14,2025-08-18,401773017,2025-08-15T23:00Z,1,Atlanta Falcons,10,Tennessee Titans,1,Atlanta Falcons,4570485,Joshua Gray,G,Oregon State,"{'city': 'Rancho Cucamonga', 'state': 'CA', 'country': 'USA'}",
2025-08-14,2025-08-18,401773017,2025-08-15T23:00Z,1,Atlanta Falcons,10,Tennessee Titans,1,Atlanta Falcons,4362845,Jovaughn Gwyn,G,South Carolina,"{'city': 'Charlotte', 'state': 'NC', 'country': 'USA'}",3
2025-08-14,2025-08-18,401773017,2025-08-15T23:00Z,1,Atlanta Falcons,10,Tennessee Titans,1,Atlanta Falcons,3915139,Jake Hanson,C,Oregon,"{'city': 'Eureka', 'state': 'CA', 'country': 'USA'}",5
2025-08-14,2025-08-18,401773017,2025-08-15T23:00Z,1,Atlanta Falcons,10,Tennessee Titans,1,Atlanta Falcons,4682831,Kyle Hinton,G,Washburn,"{'city': 'Peoria', 'state': 'AZ', 'country': 'USA'}",3
2025-08-14,2025-08-18,401773017,2025-08-15T23:00Z,1,Atlanta Falcons,10,Tennessee Titans,1,Atlanta Falcons,3047876,KhaDarel Hodge,WR,Prairie View A&M,"{'city': 'D Lo', 'state': 'MS', 'country': 'USA'}",8
2025-08-14,2025-08-18,401773017,2025-08-15T23:00Z,1,Atlanta Falcons,10,Tennessee Titans,1,Atlanta Falcons,4916349,Nikola Kalinic,TE,,"{'city': 'Toronto', 'state': 'ON', 'country': 'Canada'}",2
2025-08-14,2025-08-18,401773017,2025-08-15T23:00Z,1,Atlanta Falcons,10,Tennessee Titans,1,Atlanta Falcons,3672833,Chris Lindstrom,G,Boston College,"{'city': 'Dudley', 'state': 'MA', 'country': 'USA'}",7
2025-08-14,2025-08-18,401773017,2025-08-15T23:00Z,1,Atlanta Falcons,10,Tennessee Titans,1,Atlanta Falcons,4426502,Drake London,WR,USC,"{'city': 'Moorpark', 'state': 'CA', 'country': 'USA'}",4
2025-08-14,2025-08-18,401773017,2025-08-15T23:00Z,1,Atlanta Falcons,10,Tennessee Titans,1,Atlanta Falcons,16713,Jake Matthews,OT,Texas A&M,"{'city': 'Missouri City', 'state': 'TX', 'country': 'USA'}",12
2025-08-14,2025-08-18,401773017,2025-08-15T23:00Z,1,Atlanta Falcons,10,Tennessee Titans,1,Atlanta Falcons,4379569,Jesse Matthews,WR,San Diego State,"{'city': 'San Diego', 'state': 'CA', 'country': 'USA'}",2
2025-08-14,2025-08-18,401773017,2025-08-15T23:00Z,1,Atlanta Falcons,10,Tennessee Titans,1,Atlanta Falcons,3728262,Ray-Ray McCloud III,WR,Clemson,"{'city': 'Tampa', 'state': 'FL', 'country': 'USA'}",8
2025-08-14,2025-08-18,401773017,2025-08-15T23:00Z,1,Atlanta Falcons,10,Tennessee Titans,1,Atlanta Falcons,3127304,Kaleb McGary,OT,Washington,"{'city': 'Fife', 'state': 'WA', 'country': 'USA'}",7
2025-08-14,2025-08-18,401773017,2025-08-15T23:00Z,1,Atlanta Falcons,10,Tennessee Titans,1,Atlanta Falcons,4040655,Darnell Mooney,WR,Tulane,"{'city': 'Gadsden', 'state': 'AL', 'country': 'USA'}",6
2025-08-14,2025-08-18,401773017,2025-08-15T23:00Z,1,Atlanta Falcons,10,Tennessee Titans,1,Atlanta Falcons,4570242,Nick Nash,WR,San José State,"{'city': 'Irvine', 'state': 'CA', 'country': 'USA'}",
2025-08-14,2025-08-18,401773017,2025-08-15T23:00Z,1,Atlanta Falcons,10,Tennessee Titans,1,Atlanta Falcons,4693369,Jack Nelson,OT,Wisconsin,"{'city': 'Stoughton', 'state': 'WI', 'country': 'USA'}",
2025-08-14,2025-08-18,401773017,2025-08-15T23:00Z,1,Atlanta Falcons,10,Tennessee Titans,1,Atlanta Falcons,4036444,Ryan Neuzil,G,App State,"{'city': 'Bradenton', 'state': 'FL', 'country': 'USA'}",4
2025-08-14,2025-08-18,401773017,2025-08-15T23:00Z,1,Atlanta Falcons,10,Tennessee Titans,1,Atlanta Falcons,2973014,Storm Norton,OT,Toledo,"{'city': 'Toledo', 'state': 'OH', 'country': 'USA'}",6
2025-08-14,2025-08-18,401773017,2025-08-15T23:00Z,1,Atlanta Falcons,10,Tennessee Titans,1,Atlanta Falcons,3072292,Brandon Parker,OT,North Carolina A&T,"{'city': 'Kannapolis', 'state': 'NC', 'country': 'USA'}",8
2025-08-14,2025-08-18,401773017,2025-08-15T23:00Z,1,Atlanta Falcons,10,Tennessee Titans,1,Atlanta Falcons,4360423,Michael Penix Jr.,QB,Washington,"{'city': 'Tampa', 'state': 'FL', 'country': 'USA'}",2
2025-08-14,2025-08-18,401773017,2025-08-15T23:00Z,1,Atlanta Falcons,10,Tennessee Titans,1,Atlanta Falcons,4360248,Kyle Pitts Sr.,TE,Florida,"{'city': 'Philadelphia', 'state': 'PA', 'country': 'USA'}",5
2025-08-14,2025-08-18,401773017,2025-08-15T23:00Z,1,Atlanta Falcons,10,Tennessee Titans,1,Atlanta Falcons,4374045,Teagan Quitoriano,TE,Oregon State,"{'city': 'Salem', 'state': 'OR', 'country': 'USA'}",4
2025-08-14,2025-08-18,401773017,2025-08-15T23:00Z,1,Atlanta Falcons,10,Tennessee Titans,1,Atlanta Falcons,4430807,Bijan Robinson,RB,Texas,"{'city': 'Tucson', 'state': 'AZ', 'country': 'USA'}",3
2025-08-14,2025-08-18,401773017,2025-08-15T23:00Z,1,Atlanta Falcons,10,Tennessee Titans,1,Atlanta Falcons,3871102,David Sills V,WR,West Virginia,"{'city': 'Wilmington', 'state': 'DE', 'country': 'USA'}",3
2025-08-14,2025-08-18,401773017,2025-08-15T23:00Z,1,Atlanta Falcons,10,Tennessee Titans,1,Atlanta Falcons,4430482,Joshua Simon,TE,South Carolina,"{'city': 'Dalzell', 'state': 'SC', 'country': 'USA'}",
2025-08-14,2025-08-18,401773017,2025-08-15T23:00Z,1,Atlanta Falcons,10,Tennessee Titans,1,Atlanta Falcons,4572380,Quincy Skinner Jr.,WR,Vanderbilt,"{'city': 'Pompano Beach', 'state': 'FL', 'country': 'USA'}",
2025-08-14,2025-08-18,401773017,2025-08-15T23:00Z,1,Atlanta Falcons,10,Tennessee Titans,1,Atlanta Falcons,3120590,Easton Stick,QB,North Dakota State,"{'city': 'Omaha', 'state': 'NE', 'country': 'USA'}",6
2025-08-14,2025-08-18,401773017,2025-08-15T23:00Z,1,Atlanta Falcons,10,Tennessee Titans,1,Atlanta Falcons,4428796,Casey Washington,WR,Illinois,"{'city': 'Round Rock', 'state': 'TX', 'country': 'USA'}",2
2025-08-14,2025-08-18,401773017,2025-08-15T23:00Z,1,Atlanta Falcons,10,Tennessee Titans,1,Atlanta Falcons,4248425,Carlos Washington Jr.,RB,SE Louisiana,"{'city': 'Clinton', 'state': 'MD', 'country': 'USA'}",1
2025-08-14,2025-08-18,401773017,2025-08-15T23:00Z,1,Atlanta Falcons,10,Tennessee Titans,1,Atlanta Falcons,3059839,Elijah Wilkinson,OT,Massachusetts,"{'city': 'Downingtown', 'state': 'PA', 'country': 'USA'}",9
2025-08-14,2025-08-18,401773017,2025-08-15T23:00Z,1,Atlanta Falcons,10,Tennessee Titans,1,Atlanta Falcons,4432647,Jordan Williams,OT,Georgia Tech,"{'city': 'Gainesville', 'state': 'GA', 'country': 'USA'}",
2025-08-14,2025-08-18,401773017,2025-08-15T23:00Z,1,Atlanta Falcons,10,Tennessee Titans,1,Atlanta Falcons,4035020,Charlie Woerner,TE,Georgia,"{'city': 'Tiger', 'state': 'GA', 'country': 'USA'}",6
2025-08-14,2025-08-18,401773017,2025-08-15T23:00Z,1,Atlanta Falcons,10,Tennessee Titans,1,Atlanta Falcons,4401823,Dee Alford,CB,Tusculum,"{'city': 'Griffin', 'state': 'GA', 'country': 'USA'}",4
2025-08-14,2025-08-18,401773017,2025-08-15T23:00Z,1,Atlanta Falcons,10,Tennessee Titans,1,Atlanta Falcons,4247807,Troy Andersen,LB,Montana State,"{'city': 'Dillon', 'state': 'MT', 'country': 'USA'}",4
2025-08-14,2025-08-18,401773017,2025-08-15T23:00Z,1,Atlanta Falcons,10,Tennessee Titans,1,Atlanta Falcons,4578889,Simeon Barrow Jr.,DE,Miami,"{'city': 'Grovetown', 'state': 'GA', 'country': 'USA'}",
2025-08-14,2025-08-18,401773017,2025-08-15T23:00Z,1,Atlanta Falcons,10,Tennessee Titans,1,Atlanta Falcons,3919512,Jessie Bates III,S,Wake Forest,"{'city': 'Fort Wayne', 'state': 'IN', 'country': 'USA'}",8
2025-08-14,2025-08-18,401773017,2025-08-15T23:00Z,1,Atlanta Falcons,10,Tennessee Titans,1,Atlanta Falcons,4428872,JD Bertrand,LB,Notre Dame,"{'city': 'Alpharetta', 'state': 'GA', 'country': 'USA'}",2
2025-08-14,2025-08-18,401773017,2025-08-15T23:00Z,1,Atlanta Falcons,10,Tennessee Titans,1,Atlanta Falcons,3928920,Henry Black,S,Baylor,"{'city': 'Shreveport', 'state': 'LA', 'country': 'USA'}",3
2025-08-14,2025-08-18,401773017,2025-08-15T23:00Z,1,Atlanta Falcons,10,Tennessee Titans,1,Atlanta Falcons,4431194,Billy Bowman Jr.,S,Oklahoma,"{'city': 'Denton', 'state': 'TX', 'country': 'USA'}",
2025-08-14,2025-08-18,401773017,2025-08-15T23:00Z,1,Atlanta Falcons,10,Tennessee Titans,1,Atlanta Falcons,4689989,Natrone Brooks,CB,Southern Miss,"{'city': 'Starkville', 'state': 'MS', 'country': 'USA'}",2
2025-08-14,2025-08-18,401773017,2025-08-15T23:00Z,1,Atlanta Falcons,10,Tennessee Titans,1,Atlanta Falcons,4429324,Cobee Bryant,CB,Kansas,"{'city': 'Evergreen', 'state': 'AL', 'country': 'USA'}",
2025-08-14,2025-08-18,401773017,2025-08-15T23:00Z,1,Atlanta Falcons,10,Tennessee Titans,1,Atlanta Falcons,4037626,Divine Deablo,LB,Virginia Tech,"{'city': 'Winston-Salem', 'state': 'NC', 'country': 'USA'}",5
2025-08-14,2025-08-18,401773017,2025-08-15T23:00Z,1,Atlanta Falcons,10,Tennessee Titans,1,Atlanta Falcons,4427090,Brandon Dorlus,DT,Oregon,"{'city': 'Fort Lauderdale', 'state': 'FL', 'country': 'USA'}",2
2025-08-14,2025-08-18,401773017,2025-08-15T23:00Z,1,Atlanta Falcons,10,Tennessee Titans,1,Atlanta Falcons,4257591,Arnold Ebiketie,LB,Penn State,"{'city': 'Silver Spring', 'state': 'MD', 'country': 'USA'}",4
2025-08-14,2025-08-18,401773017,2025-08-15T23:00Z,1,Atlanta Falcons,10,Tennessee Titans,1,Atlanta Falcons,3124890,Kaden Elliss,LB,Idaho,"{'city': 'Salt Lake City', 'state': 'UT', 'country': 'USA'}",7
2025-08-14,2025-08-18,401773017,2025-08-15T23:00Z,1,Atlanta Falcons,10,Tennessee Titans,1,Atlanta Falcons,3043136,Leonard Floyd,DE,Georgia,"{'city': 'Eastman', 'state': 'GA', 'country': 'USA'}",10
2025-08-14,2025-08-18,401773017,2025-08-15T23:00Z,1,Atlanta Falcons,10,Tennessee Titans,1,Atlanta Falcons,3050916,Mike Ford Jr.,CB,Southeast Missouri State,"{'city': 'Alton', 'state': 'IL', 'country': 'USA'}",8
2025-08-14,2025-08-18,401773017,2025-08-15T23:00Z,1,Atlanta Falcons,10,Tennessee Titans,1,Atlanta Falcons,3059620,Morgan Fox,DE,Colorado State-Pueblo,"{'city': 'Fountain', 'state': 'CO', 'country': 'USA'}",9
2025-08-14,2025-08-18,401773017,2025-08-15T23:00Z,1,Atlanta Falcons,10,Tennessee Titans,1,Atlanta Falcons,4040613,Jordan Fuller,S,Ohio State,"{'city': 'Old Tappan', 'state': 'NJ', 'country': 'USA'}",6
2025-08-14,2025-08-18,401773017,2025-08-15T23:00Z,1,Atlanta Falcons,10,Tennessee Titans,1,Atlanta Falcons,4262197,Ta'Quon Graham,DT,Texas,"{'city': 'Temple', 'state': 'TX', 'country': 'USA'}",5
2025-08-14,2025-08-18,401773017,2025-08-15T23:00Z,1,Atlanta Falcons,10,Tennessee Titans,1,Atlanta Falcons,4426412,Zach Harrison,DE,Ohio State,"{'city': 'Lewis Center', 'state': 'OH', 'country': 'USA'}",3
2025-08-14,2025-08-18,401773017,2025-08-15T23:00Z,1,Atlanta Falcons,10,Tennessee Titans,1,Atlanta Falcons,3859006,Ronnie Harrison Jr.,S,Alabama,"{'city': 'Tallahassee', 'state': 'FL', 'country': 'USA'}",8
2025-08-14,2025-08-18,401773017,2025-08-15T23:00Z,1,Atlanta Falcons,10,Tennessee Titans,1,Atlanta Falcons,4567111,DeMarcco Hellams,S,Alabama,"{'city': 'Washington', 'state': 'DC', 'country': 'USA'}",3
2025-08-14,2025-08-18,401773017,2025-08-15T23:00Z,1,Atlanta Falcons,10,Tennessee Titans,1,Atlanta Falcons,4240596,C.J. Henderson,CB,Florida,"{'city': 'Miami', 'state': 'FL', 'country': 'USA'}",6
2025-08-14,2025-08-18,401773017,2025-08-15T23:00Z,1,Atlanta Falcons,10,Tennessee Titans,1,Atlanta Falcons,3895841,Mike Hughes,CB,UCF,"{'city': 'New Bern', 'state': 'NC', 'country': 'USA'}",8
2025-08-14,2025-08-18,401773017,2025-08-15T23:00Z,1,Atlanta Falcons,10,Tennessee Titans,1,Atlanta Falcons,4034849,Lamar Jackson,CB,Nebraska,"{'city': 'Elk Grove', 'state': 'CA', 'country': 'USA'}",3
2025-08-14,2025-08-18,401773017,2025-08-15T23:00Z,1,Atlanta Falcons,10,Tennessee Titans,1,Atlanta Falcons,4051069,Caleb Johnson,LB,Houston Christian,"{'city': 'San Diego', 'state': 'CA', 'country': 'USA'}",5
2025-08-14,2025-08-18,401773017,2025-08-15T23:00Z,1,Atlanta Falcons,10,Tennessee Titans,1,Atlanta Falcons,4039029,Khalid Kareem,LB,Notre Dame,"{'city': 'Detroit', 'state': 'MI', 'country': 'USA'}",4
2025-08-14,2025-08-18,401773017,2025-08-15T23:00Z,1,Atlanta Falcons,10,Tennessee Titans,1,Atlanta Falcons,4572538,Nick Kubitz,LB,North Dakota State,"{'city': 'Dubuque', 'state': 'IA', 'country': 'USA'}",
2025-08-14,2025-08-18,401773017,2025-08-15T23:00Z,1,Atlanta Falcons,10,Tennessee Titans,1,Atlanta Falcons,4376288,LaCale London,DE,Western Illinois,"{'city': 'Peoria', 'state': 'IL', 'country': 'USA'}",2
2025-08-14,2025-08-18,401773017,2025-08-15T23:00Z,1,Atlanta Falcons,10,Tennessee Titans,1,Atlanta Falcons,4243457,DeAngelo Malone,LB,Western Kentucky,"{'city': 'Atlanta', 'state': 'GA', 'country': 'USA'}",4
2025-08-14,2025-08-18,401773017,2025-08-15T23:00Z,1,Atlanta Falcons,10,Tennessee Titans,1,Atlanta Falcons,4430805,Dontae Manning,CB,Oregon,"{'city': 'Kansas City', 'state': 'MO', 'country': 'USA'}",
2025-08-14,2025-08-18,401773017,2025-08-15T23:00Z,1,Atlanta Falcons,10,Tennessee Titans,1,Atlanta Falcons,4002046,David Onyemata,DT,Manitoba,"{'city': 'Lagos', 'country': 'Nigeria'}",10
2025-08-14,2025-08-18,401773017,2025-08-15T23:00Z,1,Atlanta Falcons,10,Tennessee Titans,1,Atlanta Falcons,4430271,Ruke Orhorhoro,DT,Clemson,"{'city': 'Lagos', 'country': 'Nigeria'}",2
2025-08-14,2025-08-18,401773017,2025-08-15T23:00Z,1,Atlanta Falcons,10,Tennessee Titans,1,Atlanta Falcons,5081394,James Pearce Jr.,LB,Tennessee,"{'city': 'Charlotte', 'state': 'NC', 'country': 'USA'}",
2025-08-14,2025-08-18,401773017,2025-08-15T23:00Z,1,Atlanta Falcons,10,Tennessee Titans,1,Atlanta Falcons,4360274,Ronnie Perkins,LB,Oklahoma,"{'city': 'St. Louis', 'state': 'MO', 'country': 'USA'}",4
2025-08-14,2025-08-18,401773017,2025-08-15T23:00Z,1,Atlanta Falcons,10,Tennessee Titans,1,Atlanta Falcons,4429067,Clark Phillips III,CB,Utah,"{'city': 'Lakewood', 'state': 'CA', 'country': 'USA'}",3
2025-08-14,2025-08-18,401773017,2025-08-15T23:00Z,1,Atlanta Falcons,10,Tennessee Titans,1,Atlanta Falcons,3116726,Kentavius Street,DT,NC State,"{'city': 'Greenville', 'state': 'NC', 'country': 'USA'}",7
2025-08-14,2025-08-18,401773017,2025-08-15T23:00Z,1,Atlanta Falcons,10,Tennessee Titans,1,Atlanta Falcons,4243332,Keith Taylor,CB,Washington,"{'city': 'Long Beach', 'state': 'CA', 'country': 'USA'}",4
2025-08-14,2025-08-18,401773017,2025-08-15T23:00Z,1,Atlanta Falcons,10,Tennessee Titans,1,Atlanta Falcons,4239995,A.J. Terrell Jr.,CB,Clemson,"{'city': 'Atlanta', 'state': 'GA', 'country': 'USA'}",6
2025-08-14,2025-08-18,401773017,2025-08-15T23:00Z,1,Atlanta Falcons,10,Tennessee Titans,1,Atlanta Falcons,4259346,Josh Thompson,S,Texas,"{'city': 'Nacogdoches', 'state': 'TX', 'country': 'USA'}",2
2025-08-14,2025-08-18,401773017,2025-08-15T23:00Z,1,Atlanta Falcons,10,Tennessee Titans,1,Atlanta Falcons,4428713,Bralen Trice,LB,Washington,"{'city': 'Phoenix', 'state': 'AZ', 'country': 'USA'}",2
2025-08-14,2025-08-18,401773017,2025-08-15T23:00Z,1,Atlanta Falcons,10,Tennessee Titans,1,Atlanta Falcons,4684636,Malik Verdon,S,Iowa State,"{'city': 'Cincinnati', 'state': 'OH', 'country': 'USA'}",
2025-08-14,2025-08-18,401773017,2025-08-15T23:00Z,1,Atlanta Falcons,10,Tennessee Titans,1,Atlanta Falcons,4685597,Jalon Walker,LB,Georgia,"{'city': 'Salisbury', 'state': 'NC', 'country': 'USA'}",
2025-08-14,2025-08-18,401773017,2025-08-15T23:00Z,1,Atlanta Falcons,10,Tennessee Titans,1,Atlanta Falcons,4431005,Xavier Watts,S,Notre Dame,"{'city': 'Omaha', 'state': 'NE', 'country': 'USA'}",
2025-08-14,2025-08-18,401773017,2025-08-15T23:00Z,1,Atlanta Falcons,10,Tennessee Titans,1,Atlanta Falcons,3128303,Josh Woods,LB,Maryland,"{'city': 'Baltimore', 'state': 'MD', 'country': 'USA'}",6
2025-08-14,2025-08-18,401773017,2025-08-15T23:00Z,1,Atlanta Falcons,10,Tennessee Titans,1,Atlanta Falcons,3049899,Younghoe Koo,PK,Georgia Southern,"{'city': 'Ridgewood', 'state': 'NJ', 'country': 'USA'}",8
2025-08-14,2025-08-18,401773017,2025-08-15T23:00Z,1,Atlanta Falcons,10,Tennessee Titans,1,Atlanta Falcons,5277116,Lenny Krieg,PK,,"{'city': 'Berlin', 'country': 'Germany'}",
2025-08-14,2025-08-18,401773017,2025-08-15T23:00Z,1,Atlanta Falcons,10,Tennessee Titans,1,Atlanta Falcons,3915528,Liam McCullough,LS,Ohio State,"{'city': 'Columbus', 'state': 'OH', 'country': 'USA'}",3
2025-08-14,2025-08-18,401773017,2025-08-15T23:00Z,1,Atlanta Falcons,10,Tennessee Titans,1,Atlanta Falcons,2977680,Bradley Pinion,P,Clemson,"{'city': 'Concord', 'state': 'NC', 'country': 'USA'}",11
2025-08-14,2025-08-18,401773017,2025-08-15T23:00Z,1,Atlanta Falcons,10,Tennessee Titans,1,Atlanta Falcons,4035389,Grayland Arnold,S,Baylor,"{'city': 'Kountze', 'state': 'TX', 'country': 'USA'}",5
2025-08-14,2025-08-18,401773017,2025-08-15T23:00Z,1,Atlanta Falcons,10,Tennessee Titans,1,Atlanta Falcons,4360230,Emory Jones,QB,Cincinnati,"{'city': 'LaGrange', 'state': 'GA', 'country': 'USA'}",1
2025-08-14,2025-08-18,401773017,2025-08-15T23:00Z,1,Atlanta Falcons,10,Tennessee Titans,1,Atlanta Falcons,3929922,Tyrone Wheatley Jr.,OT,Morgan State,"{'city': 'Buffalo', 'state': 'NY', 'country': 'USA'}",2
2025-08-14,2025-08-18,401773017,2025-08-15T23:00Z,1,Atlanta Falcons,10,Tennessee Titans,10,Tennessee Titans,2574511,Brandon Allen,QB,Arkansas,"{'city': 'Fayetteville', 'state': 'AR', 'country': 'USA'}",9
2025-08-14,2025-08-18,401773017,2025-08-15T23:00Z,1,Atlanta Falcons,10,Tennessee Titans,10,Tennessee Titans,4883647,Elic Ayomanor,WR,Stanford,"{'city': 'Medicine Hat', 'state': 'AB', 'country': 'Canada'}",
2025-08-14,2025-08-18,401773017,2025-08-15T23:00Z,1,Atlanta Falcons,10,Tennessee Titans,10,Tennessee Titans,4367567,Julius Chestnut,RB,Sacred Heart,"{'city': 'Bowie', 'state': 'MD', 'country': 'USA'}",4
2025-08-14,2025-08-18,401773017,2025-08-15T23:00Z,1,Atlanta Falcons,10,Tennessee Titans,10,Tennessee Titans,4426987,Brandon Crenshaw-Dickson,OT,Florida,"{'city': 'Inglewood', 'state': 'CA', 'country': 'USA'}",
2025-08-14,2025-08-18,401773017,2025-08-15T23:00Z,1,Atlanta Falcons,10,Tennessee Titans,10,Tennessee Titans,4035448,Lloyd Cushenberry III,C,LSU,"{'city': 'Carville', 'state': 'LA', 'country': 'USA'}",6
2025-08-14,2025-08-18,401773017,2025-08-15T23:00Z,1,Atlanta Falcons,10,Tennessee Titans,10,Tennessee Titans,4429466,Drake Dabney,TE,TCU,"{'city': 'Cypress', 'state': 'TX', 'country': 'USA'}",
2025-08-14,2025-08-18,401773017,2025-08-15T23:00Z,1,Atlanta Falcons,10,Tennessee Titans,10,Tennessee Titans,4431268,Chimere Dike,WR,Florida,"{'city': 'Waukesha', 'state': 'WI', 'country': 'USA'}",
2025-08-14,2025-08-18,401773017,2025-08-15T23:00Z,1,Atlanta Falcons,10,Tennessee Titans,10,Tennessee Titans,4372058,Jaelyn Duncan,OT,Maryland,"{'city': 'New Carrollton', 'state': 'MD', 'country': 'USA'}",3
2025-08-14,2025-08-18,401773017,2025-08-15T23:00Z,1,Atlanta Falcons,10,Tennessee Titans,10,Tennessee Titans,4241422,Arlington Hambright,G,Colorado,"{'city': 'Ypsilanti', 'state': 'MI', 'country': 'USA'}",3
2025-08-14,2025-08-18,401773017,2025-08-15T23:00Z,1,Atlanta Falcons,10,Tennessee Titans,10,Tennessee Titans,3116135,Blake Hance,G,Northwestern,"{'city': 'Jacksonville', 'state': 'IL', 'country': 'USA'}",5
2025-08-14,2025-08-18,401773017,2025-08-15T23:00Z,1,Atlanta Falcons,10,Tennessee Titans,10,Tennessee Titans,4686728,Gunnar Helm,TE,Texas,"{'city': 'Englewood', 'state': 'CO', 'country': 'USA'}",
2025-08-14,2025-08-18,401773017,2025-08-15T23:00Z,1,Atlanta Falcons,10,Tennessee Titans,10,Tennessee Titans,4427575,Jha'Quan Jackson,WR,Tulane,"{'city': 'Luling', 'state': 'LA', 'country': 'USA'}",2
2025-08-14,2025-08-18,401773017,2025-08-15T23:00Z,1,Atlanta Falcons,10,Tennessee Titans,10,Tennessee Titans,4240800,Brenden Jaimes,G,Nebraska,"{'city': 'Austin', 'state': 'TX', 'country': 'USA'}",5
2025-08-14,2025-08-18,401773017,2025-08-15T23:00Z,1,Atlanta Falcons,10,Tennessee Titans,10,Tennessee Titans,4374033,Jermar Jefferson,RB,Oregon State,"{'city': 'Harbor City', 'state': 'CA', 'country': 'USA'}",2
2025-08-14,2025-08-18,401773017,2025-08-15T23:00Z,1,Atlanta Falcons,10,Tennessee Titans,10,Tennessee Titans,3930066,Van Jefferson,WR,Florida,"{'city': 'Brentwood', 'state': 'TN', 'country': 'USA'}",6
2025-08-14,2025-08-18,401773017,2025-08-15T23:00Z,1,Atlanta Falcons,10,Tennessee Titans,10,Tennessee Titans,4057082,Mason Kinsey,WR,Berry College,"{'city': 'Demorest', 'state': 'GA', 'country': 'USA'}",3
2025-08-14,2025-08-18,401773017,2025-08-15T23:00Z,1,Atlanta Falcons,10,Tennessee Titans,10,Tennessee Titans,4259550,Matt Landers,WR,Kansas,"{'city': 'St. Petersburg', 'state': 'FL', 'country': 'USA'}",1
2025-08-14,2025-08-18,401773017,2025-08-15T23:00Z,1,Atlanta Falcons,10,Tennessee Titans,10,Tennessee Titans,4431437,JC Latham,OT,Alabama,"{'city': 'Oak Creek', 'state': 'WI', 'country': 'USA'}",2
2025-08-14,2025-08-18,401773017,2025-08-15T23:00Z,1,Atlanta Falcons,10,Tennessee Titans,10,Tennessee Titans,2973637,Corey Levin,C,Chattanooga,"{'city': 'Dacula', 'state': 'GA', 'country': 'USA'}",7
2025-08-14,2025-08-18,401773017,2025-08-15T23:00Z,1,Atlanta Falcons,10,Tennessee Titans,10,Tennessee Titans,2577327,Tyler Lockett,WR,Kansas State,"{'city': 'Tulsa', 'state': 'OK', 'country': 'USA'}",11
2025-08-14,2025-08-18,401773017,2025-08-15T23:00Z,1,Atlanta Falcons,10,Tennessee Titans,10,Tennessee Titans,4360978,David Martin-Robinson,TE,Temple,"{'city': 'Landisville', 'state': 'PA', 'country': 'USA'}",2
2025-08-14,2025-08-18,401773017,2025-08-15T23:00Z,1,Atlanta Falcons,10,Tennessee Titans,10,Tennessee Titans,4243004,Jordan Mims,RB,Fresno State,"{'city': 'East Palo Alto', 'state': 'CA', 'country': 'USA'}",2
2025-08-14,2025-08-18,401773017,2025-08-15T23:00Z,1,Atlanta Falcons,10,Tennessee Titans,10,Tennessee Titans,4240920,Dan Moore Jr.,OT,Texas A&M,"{'city': 'Beaumont', 'state': 'TX', 'country': 'USA'}",5
2025-08-14,2025-08-18,401773017,2025-08-15T23:00Z,1,Atlanta Falcons,10,Tennessee Titans,10,Tennessee Titans,4429121,Kalel Mullings,RB,Michigan,"{'city': 'West Roxbury', 'state': 'MA', 'country': 'USA'}",
2025-08-14,2025-08-18,401773017,2025-08-15T23:00Z,1,Atlanta Falcons,10,Tennessee Titans,10,Tennessee Titans,3129307,Sam Mustipher,C,Notre Dame,"{'city': 'Owings Mills', 'state': 'MD', 'country': 'USA'}",6
2025-08-14,2025-08-18,401773017,2025-08-15T23:00Z,1,Atlanta Falcons,10,Tennessee Titans,10,Tennessee Titans,4363554,Thomas Odukoya,TE,Eastern Michigan,"{'city': 'Almere', 'country': 'Netherlands'}",2
2025-08-14,2025-08-18,401773017,2025-08-15T23:00Z,1,Atlanta Falcons,10,Tennessee Titans,10,Tennessee Titans,4240015,John Ojukwu,OT,Boise State,"{'city': 'Boise', 'state': 'ID', 'country': 'USA'}",2
2025-08-14,2025-08-18,401773017,2025-08-15T23:00Z,1,Atlanta Falcons,10,Tennessee Titans,10,Tennessee Titans,4360635,Chig Okonkwo,TE,Maryland,"{'city': 'Powder Springs', 'state': 'GA', 'country': 'USA'}",4
2025-08-14,2025-08-18,401773017,2025-08-15T23:00Z,1,Atlanta Falcons,10,Tennessee Titans,10,Tennessee Titans,4362617,Bryce Oliver,WR,Youngstown State,"{'city': 'Fort Lauderdale', 'state': 'FL', 'country': 'USA'}",2
2025-08-14,2025-08-18,401773017,2025-08-15T23:00Z,1,Atlanta Falcons,10,Tennessee Titans,10,Tennessee Titans,3916148,Tony Pollard,RB,Memphis,"{'city': 'Memphis', 'state': 'TN', 'country': 'USA'}",7
2025-08-14,2025-08-18,401773017,2025-08-15T23:00Z,1,Atlanta Falcons,10,Tennessee Titans,10,Tennessee Titans,3916204,James Proche II,WR,SMU,"{'city': 'Dallas', 'state': 'TX', 'country': 'USA'}",7
2025-08-14,2025-08-18,401773017,2025-08-15T23:00Z,1,Atlanta Falcons,10,Tennessee Titans,10,Tennessee Titans,4431353,Xavier Restrepo,WR,Miami,"{'city': 'Coconut Creek', 'state': 'FL', 'country': 'USA'}",
2025-08-14,2025-08-18,401773017,2025-08-15T23:00Z,1,Atlanta Falcons,10,Tennessee Titans,10,Tennessee Titans,3925357,Calvin Ridley,WR,Alabama,"{'city': 'Fort Lauderdale', 'state': 'FL', 'country': 'USA'}",7
2025-08-14,2025-08-18,401773017,2025-08-15T23:00Z,1,Atlanta Falcons,10,Tennessee Titans,10,Tennessee Titans,4916597,Andrew Rupcich,OT,Culver-Stockton College,"{'city': 'Wonder Lake', 'state': 'IL', 'country': 'USA'}",2
2025-08-14,2025-08-18,401773017,2025-08-15T23:00Z,1,Atlanta Falcons,10,Tennessee Titans,10,Tennessee Titans,4430470,TJ Sheffield,WR,UConn,"{'city': 'Thompsons Station', 'state': 'TN', 'country': 'USA'}",
2025-08-14,2025-08-18,401773017,2025-08-15T23:00Z,1,Atlanta Falcons,10,Tennessee Titans,10,Tennessee Titans,2511109,Trevor Siemian,QB,Northwestern,"{'city': 'Windermere', 'state': 'FL', 'country': 'USA'}",9
2025-08-14,2025-08-18,401773017,2025-08-15T23:00Z,1,Atlanta Falcons,10,Tennessee Titans,10,Tennessee Titans,4429100,Peter Skoronski,OT,Northwestern,"{'city': 'Park Ridge', 'state': 'IL', 'country': 'USA'}",3
2025-08-14,2025-08-18,401773017,2025-08-15T23:00Z,1,Atlanta Falcons,10,Tennessee Titans,10,Tennessee Titans,4876319,Jackson Slater,G,Sacramento State,"{'city': 'Bellevue', 'state': 'WA', 'country': 'USA'}",
2025-08-14,2025-08-18,401773017,2025-08-15T23:00Z,1,Atlanta Falcons,10,Tennessee Titans,10,Tennessee Titans,4428557,Tyjae Spears,RB,Tulane,"{'city': 'Ponchatoula', 'state': 'LA', 'country': 'USA'}",3
2025-08-14,2025-08-18,401773017,2025-08-15T23:00Z,1,Atlanta Falcons,10,Tennessee Titans,10,Tennessee Titans,3120502,Olisaemeka Udoh,OT,Elon,"{'city': 'Fayetteville', 'state': 'NC', 'country': 'USA'}",7
2025-08-14,2025-08-18,401773017,2025-08-15T23:00Z,1,Atlanta Falcons,10,Tennessee Titans,10,Tennessee Titans,4688380,Cam Ward,QB,Miami,"{'city': 'West Columbia', 'state': 'TX', 'country': 'USA'}",
2025-08-14,2025-08-18,401773017,2025-08-15T23:00Z,1,Atlanta Falcons,10,Tennessee Titans,10,Tennessee Titans,4360086,Josh Whyle,TE,Cincinnati,"{'city': 'Cincinnati', 'state': 'OH', 'country': 'USA'}",3
2025-08-14,2025-08-18,401773017,2025-08-15T23:00Z,1,Atlanta Falcons,10,Tennessee Titans,10,Tennessee Titans,14931,Kevin Zeitler,G,Wisconsin,"{'city': 'Waukesha', 'state': 'WI', 'country': 'USA'}",14
2025-08-14,2025-08-18,401773017,2025-08-15T23:00Z,1,Atlanta Falcons,10,Tennessee Titans,10,Tennessee Titans,4360255,Brian Asamoah II,LB,Oklahoma,"{'city': 'Columbus', 'state': 'OH', 'country': 'USA'}",4
2025-08-14,2025-08-18,401773017,2025-08-15T23:00Z,1,Atlanta Falcons,10,Tennessee Titans,10,Tennessee Titans,4036660,Darrell Baker Jr.,CB,Georgia Southern,"{'city': 'Hephzibah', 'state': 'GA', 'country': 'USA'}",3
2025-08-14,2025-08-18,401773017,2025-08-15T23:00Z,1,Atlanta Falcons,10,Tennessee Titans,10,Tennessee Titans,3926229,Cody Barton,LB,Utah,"{'city': 'Salt Lake City', 'state': 'UT', 'country': 'USA'}",7
2025-08-14,2025-08-18,401773017,2025-08-15T23:00Z,1,Atlanta Falcons,10,Tennessee Titans,10,Tennessee Titans,4241199,Joshuah Bledsoe,S,Missouri,"{'city': 'Houston', 'state': 'TX', 'country': 'USA'}",2
2025-08-14,2025-08-18,401773017,2025-08-15T23:00Z,1,Atlanta Falcons,10,Tennessee Titans,10,Tennessee Titans,3923400,Josiah Bronson,DT,Washington,"{'city': 'Kent', 'state': 'WA', 'country': 'USA'}",2
2025-08-14,2025-08-18,401773017,2025-08-15T23:00Z,1,Atlanta Falcons,10,Tennessee Titans,10,Tennessee Titans,4585317,Kendell Brooks,S,Michigan State,"{'city': 'Swansea', 'state': 'SC', 'country': 'USA'}",1
2025-08-14,2025-08-18,401773017,2025-08-15T23:00Z,1,Atlanta Falcons,10,Tennessee Titans,10,Tennessee Titans,4244310,Mike Brown,S,Miami (OH),"{'city': 'Grand Rapids', 'state': 'MI', 'country': 'USA'}",3
2025-08-14,2025-08-18,401773017,2025-08-15T23:00Z,1,Atlanta Falcons,10,Tennessee Titans,10,Tennessee Titans,4426817,Jarvis Brownlee Jr.,CB,Louisville,"{'city': 'Miami Gardens', 'state': 'FL', 'country': 'USA'}",2
2025-08-14,2025-08-18,401773017,2025-08-15T23:00Z,1,Atlanta Falcons,10,Tennessee Titans,10,Tennessee Titans,4360239,Amari Burney,LB,Florida,"{'city': 'St. Petersburg', 'state': 'FL', 'country': 'USA'}",3
2025-08-14,2025-08-18,401773017,2025-08-15T23:00Z,1,Atlanta Falcons,10,Tennessee Titans,10,Tennessee Titans,2577553,Quandre Diggs,S,Texas,"{'city': 'Angleton', 'state': 'TX', 'country': 'USA'}",11
2025-08-14,2025-08-18,401773017,2025-08-15T23:00Z,1,Atlanta Falcons,10,Tennessee Titans,10,Tennessee Titans,4428987,Desmond Evans,LB,North Carolina,"{'city': 'Sanford', 'state': 'NC', 'country': 'USA'}",
2025-08-14,2025-08-18,401773017,2025-08-15T23:00Z,1,Atlanta Falcons,10,Tennessee Titans,10,Tennessee Titans,4243321,Ali Gaye,LB,LSU,"{'city': 'Lynnwood', 'state': 'WA', 'country': 'USA'}",2
2025-08-14,2025-08-18,401773017,2025-08-15T23:00Z,1,Atlanta Falcons,10,Tennessee Titans,10,Tennessee Titans,3915990,Joe Gaziano,DE,Northwestern,"{'city': 'Scituate', 'state': 'MA', 'country': 'USA'}",4
2025-08-14,2025-08-18,401773017,2025-08-15T23:00Z,1,Atlanta Falcons,10,Tennessee Titans,10,Tennessee Titans,4429834,Cedric Gray,LB,North Carolina,"{'city': 'Charlotte', 'state': 'NC', 'country': 'USA'}",2
2025-08-14,2025-08-18,401773017,2025-08-15T23:00Z,1,Atlanta Falcons,10,Tennessee Titans,10,Tennessee Titans,4429058,Jaylen Harrell,LB,Michigan,"{'city': 'Tampa', 'state': 'FL', 'country': 'USA'}",2
2025-08-14,2025-08-18,401773017,2025-08-15T23:00Z,1,Atlanta Falcons,10,Tennessee Titans,10,Tennessee Titans,4429747,Jermari Harris,CB,Iowa,"{'city': 'Chicago', 'state': 'IL', 'country': 'USA'}",
2025-08-14,2025-08-18,401773017,2025-08-15T23:00Z,1,Atlanta Falcons,10,Tennessee Titans,10,Tennessee Titans,4570469,Marcus Harris,CB,California,"{'city': 'Portland', 'state': 'OR', 'country': 'USA'}",
2025-08-14,2025-08-18,401773017,2025-08-15T23:00Z,1,Atlanta Falcons,10,Tennessee Titans,10,Tennessee Titans,4036134,Amani Hooker,S,Iowa,"{'city': 'Minneapolis', 'state': 'MN', 'country': 'USA'}",7
2025-08-14,2025-08-18,401773017,2025-08-15T23:00Z,1,Atlanta Falcons,10,Tennessee Titans,10,Tennessee Titans,4045701,Timmy Horne,DT,Kansas State,"{'city': 'Wadesboro', 'state': 'NC', 'country': 'USA'}",4
2025-08-14,2025-08-18,401773017,2025-08-15T23:00Z,1,Atlanta Falcons,10,Tennessee Titans,10,Tennessee Titans,4431147,Cam Horsley,DT,Boston College,"{'city': 'Cinnaminson', 'state': 'NJ', 'country': 'USA'}",
2025-08-14,2025-08-18,401773017,2025-08-15T23:00Z,1,Atlanta Falcons,10,Tennessee Titans,10,Tennessee Titans,4429097,Curtis Jacobs,LB,Penn State,"{'city': 'Glen Burnie', 'state': 'MD', 'country': 'USA'}",2
2025-08-14,2025-08-18,401773017,2025-08-15T23:00Z,1,Atlanta Falcons,10,Tennessee Titans,10,Tennessee Titans,4567529,Gabe Jeudy-Lally,CB,Tennessee,"{'city': 'Austin', 'state': 'TX', 'country': 'USA'}",2
2025-08-14,2025-08-18,401773017,2025-08-15T23:00Z,1,Atlanta Falcons,10,Tennessee Titans,10,Tennessee Titans,3915525,Dre'Mont Jones,LB,Ohio State,"{'city': 'Cleveland', 'state': 'OH', 'country': 'USA'}",7
2025-08-14,2025-08-18,401773017,2025-08-15T23:00Z,1,Atlanta Falcons,10,Tennessee Titans,10,Tennessee Titans,3047495,Sebastian Joseph-Day,DE,Rutgers,"{'city': 'Stroudsburg', 'state': 'PA', 'country': 'USA'}",7
2025-08-14,2025-08-18,401773017,2025-08-15T23:00Z,1,Atlanta Falcons,10,Tennessee Titans,10,Tennessee Titans,3843843,Arden Key,LB,LSU,"{'city': 'Atlanta', 'state': 'GA', 'country': 'USA'}",8
2025-08-14,2025-08-18,401773017,2025-08-15T23:00Z,1,Atlanta Falcons,10,Tennessee Titans,10,Tennessee Titans,4430819,Jalen Kimber,CB,Penn State,"{'city': 'Merrillville', 'state': 'IN', 'country': 'USA'}",
2025-08-14,2025-08-18,401773017,2025-08-15T23:00Z,1,Atlanta Falcons,10,Tennessee Titans,10,Tennessee Titans,4431226,Clarence Lewis,CB,Syracuse,"{'city': 'Edison', 'state': 'NJ', 'country': 'USA'}",
2025-08-14,2025-08-18,401773017,2025-08-15T23:00Z,1,Atlanta Falcons,10,Tennessee Titans,10,Tennessee Titans,3892773,Blake Lynch,LB,Baylor,"{'city': 'Gilmer', 'state': 'TX', 'country': 'USA'}",3
2025-08-14,2025-08-18,401773017,2025-08-15T23:00Z,1,Atlanta Falcons,10,Tennessee Titans,10,Tennessee Titans,4259181,James Lynch,DT,Baylor,"{'city': 'Round Rock', 'state': 'TX', 'country': 'USA'}",6
2025-08-14,2025-08-18,401773017,2025-08-15T23:00Z,1,Atlanta Falcons,10,Tennessee Titans,10,Tennessee Titans,4371973,Roger McCreary,CB,Auburn,"{'city': 'Mobile', 'state': 'AL', 'country': 'USA'}",4
2025-08-14,2025-08-18,401773017,2025-08-15T23:00Z,1,Atlanta Falcons,10,Tennessee Titans,10,Tennessee Titans,4876057,Oluwafemi Oladejo,LB,UCLA,"{'city': 'Elk Grove', 'state': 'CA', 'country': 'USA'}",
2025-08-14,2025-08-18,401773017,2025-08-15T23:00Z,1,Atlanta Falcons,10,Tennessee Titans,10,Tennessee Titans,3116175,Amani Oruwariye,CB,Penn State,"{'city': 'Tampa', 'state': 'FL', 'country': 'USA'}",6
2025-08-14,2025-08-18,401773017,2025-08-15T23:00Z,1,Atlanta Falcons,10,Tennessee Titans,10,Tennessee Titans,4431345,Isaiah Raikes,DT,Auburn,"{'city': 'Woodbury', 'state': 'NJ', 'country': 'USA'}",
2025-08-14,2025-08-18,401773017,2025-08-15T23:00Z,1,Atlanta Falcons,10,Tennessee Titans,10,Tennessee Titans,4570888,Davion Ross,CB,Memphis,"{'city': 'Warner Robins', 'state': 'GA', 'country': 'USA'}",
2025-08-14,2025-08-18,401773017,2025-08-15T23:00Z,1,Atlanta Falcons,10,Tennessee Titans,10,Tennessee Titans,4035369,Jeffery Simmons,DT,Mississippi State,"{'city': 'Macon', 'state': 'MS', 'country': 'USA'}",7
2025-08-14,2025-08-18,401773017,2025-08-15T23:00Z,1,Atlanta Falcons,10,Tennessee Titans,10,Tennessee Titans,3916917,T.J. Smith,DT,Arkansas,"{'city': 'Moultrie', 'state': 'GA', 'country': 'USA'}",1
2025-08-14,2025-08-18,401773017,2025-08-15T23:00Z,1,Atlanta Falcons,10,Tennessee Titans,10,Tennessee Titans,4040432,L'Jarius Sneed,CB,Louisiana Tech,"{'city': 'Minden', 'state': 'LA', 'country': 'USA'}",6
2025-08-14,2025-08-18,401773017,2025-08-15T23:00Z,1,Atlanta Falcons,10,Tennessee Titans,10,Tennessee Titans,4428617,T'Vondre Sweat,DT,Texas,"{'city': 'Huntsville', 'state': 'TX', 'country': 'USA'}",2
2025-08-14,2025-08-18,401773017,2025-08-15T23:00Z,1,Atlanta Falcons,10,Tennessee Titans,10,Tennessee Titans,3115914,Jihad Ward,LB,Illinois,"{'city': 'Philadelphia', 'state': 'PA', 'country': 'USA'}",10
2025-08-14,2025-08-18,401773017,2025-08-15T23:00Z,1,Atlanta Falcons,10,Tennessee Titans,10,Tennessee Titans,2977681,Carlos Watkins,DE,Clemson,"{'city': 'Mooresboro', 'state': 'NC', 'country': 'USA'}",9
2025-08-14,2025-08-18,401773017,2025-08-15T23:00Z,1,Atlanta Falcons,10,Tennessee Titans,10,Tennessee Titans,4431613,James Williams Sr.,LB,Miami,"{'city': 'Fort Lauderdale', 'state': 'FL', 'country': 'USA'}",2
2025-08-14,2025-08-18,401773017,2025-08-15T23:00Z,1,Atlanta Falcons,10,Tennessee Titans,10,Tennessee Titans,4685617,Kevin Winston Jr.,S,Penn State,"{'city': 'Columbia', 'state': 'MD', 'country': 'USA'}",
2025-08-14,2025-08-18,401773017,2025-08-15T23:00Z,1,Atlanta Falcons,10,Tennessee Titans,10,Tennessee Titans,4872841,Julius Wood,S,East Carolina,"{'city': 'Columbus', 'state': 'OH', 'country': 'USA'}",2
2025-08-14,2025-08-18,401773017,2025-08-15T23:00Z,1,Atlanta Falcons,10,Tennessee Titans,10,Tennessee Titans,3040572,Xavier Woods,S,Louisiana Tech,"{'city': 'West Monroe', 'state': 'LA', 'country': 'USA'}",9
2025-08-14,2025-08-18,401773017,2025-08-15T23:00Z,1,Atlanta Falcons,10,Tennessee Titans,10,Tennessee Titans,13848,Morgan Cox,LS,Tennessee,"{'city': 'Collierville', 'state': 'TN', 'country': 'USA'}",16
2025-08-14,2025-08-18,401773017,2025-08-15T23:00Z,1,Atlanta Falcons,10,Tennessee Titans,10,Tennessee Titans,15153,Johnny Hekker,P,Oregon State,"{'city': 'Bothell', 'state': 'WA', 'country': 'USA'}",14
2025-08-14,2025-08-18,401773017,2025-08-15T23:00Z,1,Atlanta Falcons,10,Tennessee Titans,10,Tennessee Titans,3124084,Joey Slye,PK,Virginia Tech,"{'city': 'Stafford', 'state': 'VA', 'country': 'USA'}",7
2025-08-14,2025-08-18,401773017,2025-08-15T23:00Z,1,Atlanta Falcons,10,Tennessee Titans,10,Tennessee Titans,4567156,Treylon Burks,WR,Arkansas,"{'city': 'Warren', 'state': 'AR', 'country': 'USA'}",4
2025-08-14,2025-08-18,401773017,2025-08-15T23:00Z,1,Atlanta Falcons,10,Tennessee Titans,10,Tennessee Titans,4361418,Will Levis,QB,Kentucky,"{'city': 'Madison', 'state': 'CT', 'country': 'USA'}",3
2025-08-14,2025-08-18,401773017,2025-08-15T23:00Z,1,Atlanta Falcons,10,Tennessee Titans,10,Tennessee Titans,4567535,Anfernee Orji,LB,Vanderbilt,"{'city': 'Rockwall', 'state': 'TX', 'country': 'USA'}",2
2025-08-14,2025-08-18,401774591,2025-08-16T02:00Z,26,Seattle Seahawks,12,Kansas City Chiefs,26,Seattle Seahawks,4678006,Elijah Arroyo,TE,Miami,"{'city': 'Frisco', 'state': 'TX', 'country': 'USA'}",
2025-08-14,2025-08-18,401774591,2025-08-16T02:00Z,26,Seattle Seahawks,12,Kansas City Chiefs,26,Seattle Seahawks,4576297,AJ Barner,TE,Michigan,"{'city': 'Aurora', 'state': 'OH', 'country': 'USA'}",2
2025-08-14,2025-08-18,401774591,2025-08-16T02:00Z,26,Seattle Seahawks,12,Kansas City Chiefs,26,Seattle Seahawks,4360405,Jake Bobo,WR,UCLA,"{'city': 'North Andover', 'state': 'MA', 'country': 'USA'}",3
2025-08-14,2025-08-18,401774591,2025-08-16T02:00Z,26,Seattle Seahawks,12,Kansas City Chiefs,26,Seattle Seahawks,4429211,Anthony Bradford,G,LSU,"{'city': 'Muskegon', 'state': 'MI', 'country': 'USA'}",3
2025-08-14,2025-08-18,401774591,2025-08-16T02:00Z,26,Seattle Seahawks,12,Kansas City Chiefs,26,Seattle Seahawks,4429313,Tyrone Broden,WR,Arkansas,"{'city': 'Detroit', 'state': 'MI', 'country': 'USA'}",
2025-08-14,2025-08-18,401774591,2025-08-16T02:00Z,26,Seattle Seahawks,12,Kansas City Chiefs,26,Seattle Seahawks,4612077,Bryce Cabeldue,G,Kansas,"{'city': 'Clovis', 'state': 'NM', 'country': 'USA'}",
2025-08-14,2025-08-18,401774591,2025-08-16T02:00Z,26,Seattle Seahawks,12,Kansas City Chiefs,26,Seattle Seahawks,4426385,Zach Charbonnet,RB,UCLA,"{'city': 'Camarillo', 'state': 'CA', 'country': 'USA'}",3
2025-08-14,2025-08-18,401774591,2025-08-16T02:00Z,26,Seattle Seahawks,12,Kansas City Chiefs,26,Seattle Seahawks,4426376,Charles Cross,OT,Mississippi State,"{'city': 'Laurel', 'state': 'MS', 'country': 'USA'}",4
2025-08-14,2025-08-18,401774591,2025-08-16T02:00Z,26,Seattle Seahawks,12,Kansas City Chiefs,26,Seattle Seahawks,3912547,Sam Darnold,QB,USC,"{'city': 'Capistrano Beach', 'state': 'CA', 'country': 'USA'}",8
2025-08-14,2025-08-18,401774591,2025-08-16T02:00Z,26,Seattle Seahawks,12,Kansas City Chiefs,26,Seattle Seahawks,4427173,Luke Felix-Fualalo,OT,Hawai'i,"{'city': 'Brisbane', 'state': 'QLD', 'country': 'Australia'}",
2025-08-14,2025-08-18,401774591,2025-08-16T02:00Z,26,Seattle Seahawks,12,Kansas City Chiefs,26,Seattle Seahawks,4362135,Christian Haynes,G,UConn,"{'city': 'Bowie', 'state': 'MD', 'country': 'USA'}",2
2025-08-14,2025-08-18,401774591,2025-08-16T02:00Z,26,Seattle Seahawks,12,Kansas City Chiefs,26,Seattle Seahawks,4429835,George Holani,RB,Boise State,"{'city': 'Bellflower', 'state': 'CA', 'country': 'USA'}",2
2025-08-14,2025-08-18,401774591,2025-08-16T02:00Z,26,Seattle Seahawks,12,Kansas City Chiefs,26,Seattle Seahawks,4597703,Tory Horton,WR,Colorado State,"{'city': 'Fresno', 'state': 'CA', 'country': 'USA'}",
2025-08-14,2025-08-18,401774591,2025-08-16T02:00Z,26,Seattle Seahawks,12,Kansas City Chiefs,26,Seattle Seahawks,5209093,Michael Jerrell,OT,Findlay,"{'city': 'Indianapolis', 'state': 'IN', 'country': 'USA'}",2
2025-08-14,2025-08-18,401774591,2025-08-16T02:00Z,26,Seattle Seahawks,12,Kansas City Chiefs,26,Seattle Seahawks,3914630,Josh Jones,G,Houston,"{'city': 'Richmond', 'state': 'TX', 'country': 'USA'}",6
2025-08-14,2025-08-18,401774591,2025-08-16T02:00Z,26,Seattle Seahawks,12,Kansas City Chiefs,26,Seattle Seahawks,4569547,Nick Kallerup,TE,Minnesota,"{'city': 'Wayzata', 'state': 'MN', 'country': 'USA'}",
2025-08-14,2025-08-18,401774591,2025-08-16T02:00Z,26,Seattle Seahawks,12,Kansas City Chiefs,26,Seattle Seahawks,4567135,Amari Kight,OT,UCF,"{'city': 'Birmingham', 'state': 'AL', 'country': 'USA'}",
2025-08-14,2025-08-18,401774591,2025-08-16T02:00Z,26,Seattle Seahawks,12,Kansas City Chiefs,26,Seattle Seahawks,2977187,Cooper Kupp,WR,Eastern Washington,"{'city': 'Yakima', 'state': 'WA', 'country': 'USA'}",9
2025-08-14,2025-08-18,401774591,2025-08-16T02:00Z,26,Seattle Seahawks,12,Kansas City Chiefs,26,Seattle Seahawks,4566195,Marshall Lang,TE,Northwestern,"{'city': 'Cincinnati', 'state': 'OH', 'country': 'USA'}",
2025-08-14,2025-08-18,401774591,2025-08-16T02:00Z,26,Seattle Seahawks,12,Kansas City Chiefs,26,Seattle Seahawks,4427770,Sataoa Laumea,G,Utah,"{'city': 'Rialto', 'state': 'CA', 'country': 'USA'}",2
2025-08-14,2025-08-18,401774591,2025-08-16T02:00Z,26,Seattle Seahawks,12,Kansas City Chiefs,26,Seattle Seahawks,3924327,Drew Lock,QB,Missouri,"{'city': ""Lee's Summit"", 'state': 'MO', 'country': 'USA'}",7
2025-08-14,2025-08-18,401774591,2025-08-16T02:00Z,26,Seattle Seahawks,12,Kansas City Chiefs,26,Seattle Seahawks,4245171,Abraham Lucas,OT,Washington State,"{'city': 'Everett', 'state': 'WA', 'country': 'USA'}",4
2025-08-14,2025-08-18,401774591,2025-08-16T02:00Z,26,Seattle Seahawks,12,Kansas City Chiefs,26,Seattle Seahawks,4430070,Federico Maranges,C,Florida Atlantic,"{'city': 'Dorado', 'country': 'Puerto Rico'}",
2025-08-14,2025-08-18,401774591,2025-08-16T02:00Z,26,Seattle Seahawks,12,Kansas City Chiefs,26,Seattle Seahawks,4808830,Damien Martinez,RB,Miami,"{'city': 'Lewisville', 'state': 'TX', 'country': 'USA'}",
2025-08-14,2025-08-18,401774591,2025-08-16T02:00Z,26,Seattle Seahawks,12,Kansas City Chiefs,26,Seattle Seahawks,4432734,Jalen Milroe,QB,Alabama,"{'city': 'Katy', 'state': 'TX', 'country': 'USA'}",
2025-08-14,2025-08-18,401774591,2025-08-16T02:00Z,26,Seattle Seahawks,12,Kansas City Chiefs,26,Seattle Seahawks,4370807,Olu Oluwatimi,C,Michigan,"{'city': 'Upper Marlboro', 'state': 'MD', 'country': 'USA'}",3
2025-08-14,2025-08-18,401774591,2025-08-16T02:00Z,26,Seattle Seahawks,12,Kansas City Chiefs,26,Seattle Seahawks,4691688,Robbie Ouzts,FB,Alabama,"{'city': 'Rock Hill', 'state': 'SC', 'country': 'USA'}",
2025-08-14,2025-08-18,401774591,2025-08-16T02:00Z,26,Seattle Seahawks,12,Kansas City Chiefs,26,Seattle Seahawks,4426494,John Rhys Plumlee,WR,UCF,"{'city': 'Hattiesburg', 'state': 'MS', 'country': 'USA'}",1
2025-08-14,2025-08-18,401774591,2025-08-16T02:00Z,26,Seattle Seahawks,12,Kansas City Chiefs,26,Seattle Seahawks,4432525,Mason Richman,G,Iowa,"{'city': 'Leawood', 'state': 'KS', 'country': 'USA'}",
2025-08-14,2025-08-18,401774591,2025-08-16T02:00Z,26,Seattle Seahawks,12,Kansas City Chiefs,26,Seattle Seahawks,4243176,Brady Russell,FB,Colorado,"{'city': 'Fort Collins', 'state': 'CO', 'country': 'USA'}",3
2025-08-14,2025-08-18,401774591,2025-08-16T02:00Z,26,Seattle Seahawks,12,Kansas City Chiefs,26,Seattle Seahawks,2975863,Eric Saubert,TE,Drake,"{'city': 'Hoffman Estates', 'state': 'IL', 'country': 'USA'}",8
2025-08-14,2025-08-18,401774591,2025-08-16T02:00Z,26,Seattle Seahawks,12,Kansas City Chiefs,26,Seattle Seahawks,3917960,Steven Sims,WR,Kansas,"{'city': 'Houston', 'state': 'TX', 'country': 'USA'}",5
2025-08-14,2025-08-18,401774591,2025-08-16T02:00Z,26,Seattle Seahawks,12,Kansas City Chiefs,26,Seattle Seahawks,4430878,Jaxon Smith-Njigba,WR,Ohio State,"{'city': 'Rockwall', 'state': 'TX', 'country': 'USA'}",3
2025-08-14,2025-08-18,401774591,2025-08-16T02:00Z,26,Seattle Seahawks,12,Kansas City Chiefs,26,Seattle Seahawks,4429008,Wesley Steiner,FB,Washington State,"{'city': 'Warner Robins', 'state': 'GA', 'country': 'USA'}",
2025-08-14,2025-08-18,401774591,2025-08-16T02:00Z,26,Seattle Seahawks,12,Kansas City Chiefs,26,Seattle Seahawks,4383409,Jalen Sundell,C,North Dakota State,"{'city': 'Maryville', 'state': 'MO', 'country': 'USA'}",2
2025-08-14,2025-08-18,401774591,2025-08-16T02:00Z,26,Seattle Seahawks,12,Kansas City Chiefs,26,Seattle Seahawks,4709392,Anthony Tyus III,RB,Ohio,"{'city': 'Portage', 'state': 'MI', 'country': 'USA'}",
2025-08-14,2025-08-18,401774591,2025-08-16T02:00Z,26,Seattle Seahawks,12,Kansas City Chiefs,26,Seattle Seahawks,3051738,Marquez Valdes-Scantling,WR,South Florida,"{'city': 'St. Petersburg', 'state': 'FL', 'country': 'USA'}",8
2025-08-14,2025-08-18,401774591,2025-08-16T02:00Z,26,Seattle Seahawks,12,Kansas City Chiefs,26,Seattle Seahawks,4567048,Kenneth Walker III,RB,Michigan State,"{'city': 'Arlington', 'state': 'TN', 'country': 'USA'}",4
2025-08-14,2025-08-18,401774591,2025-08-16T02:00Z,26,Seattle Seahawks,12,Kansas City Chiefs,26,Seattle Seahawks,4241983,Cody White,WR,Michigan State,"{'city': 'Novi', 'state': 'MI', 'country': 'USA'}",4
2025-08-14,2025-08-18,401774591,2025-08-16T02:00Z,26,Seattle Seahawks,12,Kansas City Chiefs,26,Seattle Seahawks,4431479,Ricky White III,WR,UNLV,"{'city': 'Marietta', 'state': 'GA', 'country': 'USA'}",
2025-08-14,2025-08-18,401774591,2025-08-16T02:00Z,26,Seattle Seahawks,12,Kansas City Chiefs,26,Seattle Seahawks,4428943,Jacardia Wright,RB,Missouri State,"{'city': 'Decatur', 'state': 'IL', 'country': 'USA'}",
2025-08-14,2025-08-18,401774591,2025-08-16T02:00Z,26,Seattle Seahawks,12,Kansas City Chiefs,26,Seattle Seahawks,4401805,Dareke Young,WR,Lenoir-Rhyne,"{'city': 'Raleigh', 'state': 'NC', 'country': 'USA'}",4
2025-08-14,2025-08-18,401774591,2025-08-16T02:00Z,26,Seattle Seahawks,12,Kansas City Chiefs,26,Seattle Seahawks,4693346,Grey Zabel,G,North Dakota State,"{'city': 'Pierre', 'state': 'SD', 'country': 'USA'}",
2025-08-14,2025-08-18,401774591,2025-08-16T02:00Z,26,Seattle Seahawks,12,Kansas City Chiefs,26,Seattle Seahawks,4608386,D'Anthony Bell,S,West Florida,"{'city': 'Covington', 'state': 'GA', 'country': 'USA'}",4
2025-08-14,2025-08-18,401774591,2025-08-16T02:00Z,26,Seattle Seahawks,12,Kansas City Chiefs,26,Seattle Seahawks,4259978,Quinton Bohanna,DT,Kentucky,"{'city': 'Cordova', 'state': 'TN', 'country': 'USA'}",4
2025-08-14,2025-08-18,401774591,2025-08-16T02:00Z,26,Seattle Seahawks,12,Kansas City Chiefs,26,Seattle Seahawks,4239094,Coby Bryant,S,Cincinnati,"{'city': 'Cleveland', 'state': 'OH', 'country': 'USA'}",4
2025-08-14,2025-08-18,401774591,2025-08-16T02:00Z,26,Seattle Seahawks,12,Kansas City Chiefs,26,Seattle Seahawks,4606181,Keydrain Calligan,CB,Central Arkansas,"{'city': 'New Iberia', 'state': 'LA', 'country': 'USA'}",
2025-08-14,2025-08-18,401774591,2025-08-16T02:00Z,26,Seattle Seahawks,12,Kansas City Chiefs,26,Seattle Seahawks,4887255,Anthony Campbell,DT,Miami,"{'city': 'Bartow', 'state': 'FL', 'country': 'USA'}",
2025-08-14,2025-08-18,401774591,2025-08-16T02:00Z,26,Seattle Seahawks,12,Kansas City Chiefs,26,Seattle Seahawks,4429436,Seth Coleman,LB,Illinois,"{'city': 'Melbourne', 'state': 'FL', 'country': 'USA'}",
2025-08-14,2025-08-18,401774591,2025-08-16T02:00Z,26,Seattle Seahawks,12,Kansas City Chiefs,26,Seattle Seahawks,4869523,Nick Emmanwori,S,South Carolina,"{'city': 'Irmo', 'state': 'SC', 'country': 'USA'}",
2025-08-14,2025-08-18,401774591,2025-08-16T02:00Z,26,Seattle Seahawks,12,Kansas City Chiefs,26,Seattle Seahawks,5087235,Jalan Gaines,LB,Illinois State,"{'city': 'Chicago', 'state': 'IL', 'country': 'USA'}",
2025-08-14,2025-08-18,401774591,2025-08-16T02:00Z,26,Seattle Seahawks,12,Kansas City Chiefs,26,Seattle Seahawks,3054026,Shaquill Griffin,CB,UCF,"{'city': 'St. Petersburg', 'state': 'FL', 'country': 'USA'}",9
2025-08-14,2025-08-18,401774591,2025-08-16T02:00Z,26,Seattle Seahawks,12,Kansas City Chiefs,26,Seattle Seahawks,4567226,Derick Hall,LB,Auburn,"{'city': 'Gulfport', 'state': 'MS', 'country': 'USA'}",3
2025-08-14,2025-08-18,401774591,2025-08-16T02:00Z,26,Seattle Seahawks,12,Kansas City Chiefs,26,Seattle Seahawks,4048718,Tyler Hall,CB,Wyoming,"{'city': 'Hawthorne', 'state': 'CA', 'country': 'USA'}",4
2025-08-14,2025-08-18,401774591,2025-08-16T02:00Z,26,Seattle Seahawks,12,Kansas City Chiefs,26,Seattle Seahawks,15841,Johnathan Hankins,DT,Ohio State,"{'city': 'Dearborn Heights', 'state': 'MI', 'country': 'USA'}",13
2025-08-14,2025-08-18,401774591,2025-08-16T02:00Z,26,Seattle Seahawks,12,Kansas City Chiefs,26,Seattle Seahawks,4605478,Jared Ivey,LB,Ole Miss,"{'city': 'Suwanee', 'state': 'GA', 'country': 'USA'}",
2025-08-14,2025-08-18,401774591,2025-08-16T02:00Z,26,Seattle Seahawks,12,Kansas City Chiefs,26,Seattle Seahawks,4431169,D'Eryk Jackson,LB,Kentucky,"{'city': 'Dublin', 'state': 'GA', 'country': 'USA'}",
2025-08-14,2025-08-18,401774591,2025-08-16T02:00Z,26,Seattle Seahawks,12,Kansas City Chiefs,26,Seattle Seahawks,4036430,Shemar Jean-Charles,CB,App State,"{'city': 'Miramar', 'state': 'FL', 'country': 'USA'}",5
2025-08-14,2025-08-18,401774591,2025-08-16T02:00Z,26,Seattle Seahawks,12,Kansas City Chiefs,26,Seattle Seahawks,4372020,Josh Jobe,CB,Alabama,"{'city': 'Miami', 'state': 'FL', 'country': 'USA'}",4
2025-08-14,2025-08-18,401774591,2025-08-16T02:00Z,26,Seattle Seahawks,12,Kansas City Chiefs,26,Seattle Seahawks,4362851,Ernest Jones IV,LB,South Carolina,"{'city': 'Waycross', 'state': 'GA', 'country': 'USA'}",5
2025-08-14,2025-08-18,401774591,2025-08-16T02:00Z,26,Seattle Seahawks,12,Kansas City Chiefs,26,Seattle Seahawks,4686540,Tyrice Knight,LB,UTEP,"{'city': 'Lakeland', 'state': 'FL', 'country': 'USA'}",2
2025-08-14,2025-08-18,401774591,2025-08-16T02:00Z,26,Seattle Seahawks,12,Kansas City Chiefs,26,Seattle Seahawks,16802,DeMarcus Lawrence,DE,Boise State,"{'city': 'Aiken', 'state': 'SC', 'country': 'USA'}",12
2025-08-14,2025-08-18,401774591,2025-08-16T02:00Z,26,Seattle Seahawks,12,Kansas City Chiefs,26,Seattle Seahawks,4046675,Julian Love,S,Notre Dame,"{'city': 'Westchester', 'state': 'IL', 'country': 'USA'}",7
2025-08-14,2025-08-18,401774591,2025-08-16T02:00Z,26,Seattle Seahawks,12,Kansas City Chiefs,26,Seattle Seahawks,4240754,Boye Mafe,LB,Minnesota,"{'city': 'Golden Valley', 'state': 'MN', 'country': 'USA'}",4
2025-08-14,2025-08-18,401774591,2025-08-16T02:00Z,26,Seattle Seahawks,12,Kansas City Chiefs,26,Seattle Seahawks,4430838,Rylie Mills,DT,Notre Dame,"{'city': 'Lake Bluff', 'state': 'IL', 'country': 'USA'}",
2025-08-14,2025-08-18,401774591,2025-08-16T02:00Z,26,Seattle Seahawks,12,Kansas City Chiefs,26,Seattle Seahawks,4572055,Mike Morris,DE,Michigan,"{'city': 'Belle Glade', 'state': 'FL', 'country': 'USA'}",3
2025-08-14,2025-08-18,401774591,2025-08-16T02:00Z,26,Seattle Seahawks,12,Kansas City Chiefs,26,Seattle Seahawks,4570040,Byron Murphy II,DT,Texas,"{'city': 'Desoto', 'state': 'TX', 'country': 'USA'}",2
2025-08-14,2025-08-18,401774591,2025-08-16T02:00Z,26,Seattle Seahawks,12,Kansas City Chiefs,26,Seattle Seahawks,3120358,Uchenna Nwosu,LB,USC,"{'city': 'Carson', 'state': 'CA', 'country': 'USA'}",8
2025-08-14,2025-08-18,401774591,2025-08-16T02:00Z,26,Seattle Seahawks,12,Kansas City Chiefs,26,Seattle Seahawks,4364623,Patrick O'Connell,LB,Montana,"{'city': 'Kalispell', 'state': 'MT', 'country': 'USA'}",2
2025-08-14,2025-08-18,401774591,2025-08-16T02:00Z,26,Seattle Seahawks,12,Kansas City Chiefs,26,Seattle Seahawks,4605491,Connor O'Toole,LB,Utah,"{'city': 'Albuquerque', 'state': 'NM', 'country': 'USA'}",
2025-08-14,2025-08-18,401774591,2025-08-16T02:00Z,26,Seattle Seahawks,12,Kansas City Chiefs,26,Seattle Seahawks,4247808,Ty Okada,S,Montana State,"{'city': 'Woodbury', 'state': 'MN', 'country': 'USA'}",1
2025-08-14,2025-08-18,401774591,2025-08-16T02:00Z,26,Seattle Seahawks,12,Kansas City Chiefs,26,Seattle Seahawks,4259651,Brandon Pili,DT,USC,"{'city': 'Anchorage', 'state': 'AK', 'country': 'USA'}",3
2025-08-14,2025-08-18,401774591,2025-08-16T02:00Z,26,Seattle Seahawks,12,Kansas City Chiefs,26,Seattle Seahawks,4567222,Nehemiah Pritchett,CB,Auburn,"{'city': 'Jackson', 'state': 'AL', 'country': 'USA'}",2
2025-08-14,2025-08-18,401774591,2025-08-16T02:00Z,26,Seattle Seahawks,12,Kansas City Chiefs,26,Seattle Seahawks,3115312,Jarran Reed,DT,Alabama,"{'city': 'Goldsboro', 'state': 'NC', 'country': 'USA'}",10
2025-08-14,2025-08-18,401774591,2025-08-16T02:00Z,26,Seattle Seahawks,12,Kansas City Chiefs,26,Seattle Seahawks,4570084,Jerrick Reed II,S,New Mexico,"{'city': 'Olive Branch', 'state': 'MS', 'country': 'USA'}",3
2025-08-14,2025-08-18,401774591,2025-08-16T02:00Z,26,Seattle Seahawks,12,Kansas City Chiefs,26,Seattle Seahawks,4258198,Josh Ross,LB,Michigan,"{'city': 'Southfield', 'state': 'MI', 'country': 'USA'}",3
2025-08-14,2025-08-18,401774591,2025-08-16T02:00Z,26,Seattle Seahawks,12,Kansas City Chiefs,26,Seattle Seahawks,4685984,Jamie Sheriff,LB,South Alabama,"{'city': 'Terry', 'state': 'MS', 'country': 'USA'}",1
2025-08-14,2025-08-18,401774591,2025-08-16T02:00Z,26,Seattle Seahawks,12,Kansas City Chiefs,26,Seattle Seahawks,4686447,J.R. Singleton,DT,Iowa State,"{'city': 'Gurnee', 'state': 'IL', 'country': 'USA'}",
2025-08-14,2025-08-18,401774591,2025-08-16T02:00Z,26,Seattle Seahawks,12,Kansas City Chiefs,26,Seattle Seahawks,4361340,Tyreke Smith,LB,Ohio State,"{'city': 'Cleveland', 'state': 'OH', 'country': 'USA'}",3
2025-08-14,2025-08-18,401774591,2025-08-16T02:00Z,26,Seattle Seahawks,12,Kansas City Chiefs,26,Seattle Seahawks,4428657,Bubba Thomas,DT,South Alabama,"{'city': 'Riverdale', 'state': 'GA', 'country': 'USA'}",
2025-08-14,2025-08-18,401774591,2025-08-16T02:00Z,26,Seattle Seahawks,12,Kansas City Chiefs,26,Seattle Seahawks,4428659,Drake Thomas,LB,NC State,"{'city': 'Wake Forest', 'state': 'NC', 'country': 'USA'}",3
2025-08-14,2025-08-18,401774591,2025-08-16T02:00Z,26,Seattle Seahawks,12,Kansas City Chiefs,26,Seattle Seahawks,4428726,Alphonzo Tuputala,LB,Washington,"{'city': 'Federal Way', 'state': 'WA', 'country': 'USA'}",
2025-08-14,2025-08-18,401774591,2025-08-16T02:00Z,26,Seattle Seahawks,12,Kansas City Chiefs,26,Seattle Seahawks,4574105,Isas Waxter,CB,Villanova,"{'city': 'Newark', 'state': 'NJ', 'country': 'USA'}",
2025-08-14,2025-08-18,401774591,2025-08-16T02:00Z,26,Seattle Seahawks,12,Kansas City Chiefs,26,Seattle Seahawks,4567480,Damarion Williams,CB,Houston,"{'city': 'Miami', 'state': 'FL', 'country': 'USA'}",3
2025-08-14,2025-08-18,401774591,2025-08-16T02:00Z,26,Seattle Seahawks,12,Kansas City Chiefs,26,Seattle Seahawks,2971622,Leonard Williams,DE,USC,"{'city': 'Daytona Beach', 'state': 'FL', 'country': 'USA'}",11
2025-08-14,2025-08-18,401774591,2025-08-16T02:00Z,26,Seattle Seahawks,12,Kansas City Chiefs,26,Seattle Seahawks,4575431,Devon Witherspoon,CB,Illinois,"{'city': 'Pensacola', 'state': 'FL', 'country': 'USA'}",3
2025-08-14,2025-08-18,401774591,2025-08-16T02:00Z,26,Seattle Seahawks,12,Kansas City Chiefs,26,Seattle Seahawks,4245185,Riq Woolen,CB,UTSA,"{'city': 'Fort Worth', 'state': 'TX', 'country': 'USA'}",4
2025-08-14,2025-08-18,401774591,2025-08-16T02:00Z,26,Seattle Seahawks,12,Kansas City Chiefs,26,Seattle Seahawks,3929851,Michael Dickson,P,Texas,"{'city': 'Sydney', 'state': 'NSW', 'country': 'Australia'}",8
2025-08-14,2025-08-18,401774591,2025-08-16T02:00Z,26,Seattle Seahawks,12,Kansas City Chiefs,26,Seattle Seahawks,2473037,Jason Myers,PK,Marist,"{'city': 'Chula Vista', 'state': 'CA', 'country': 'USA'}",11
2025-08-14,2025-08-18,401774591,2025-08-16T02:00Z,26,Seattle Seahawks,12,Kansas City Chiefs,26,Seattle Seahawks,4259606,Chris Stoll,LS,Penn State,"{'city': 'Westerville', 'state': 'OH', 'country': 'USA'}",3
2025-08-14,2025-08-18,401774591,2025-08-16T02:00Z,26,Seattle Seahawks,12,Kansas City Chiefs,26,Seattle Seahawks,3065813,Zach Triner,LS,Assumption,"{'city': 'Marshfield', 'state': 'MA', 'country': 'USA'}",7
2025-08-14,2025-08-18,401774591,2025-08-16T02:00Z,26,Seattle Seahawks,12,Kansas City Chiefs,26,Seattle Seahawks,4427190,AJ Finley,S,Ole Miss,"{'city': 'Mobile', 'state': 'AL', 'country': 'USA'}",3
2025-08-14,2025-08-18,401774591,2025-08-16T02:00Z,26,Seattle Seahawks,12,Kansas City Chiefs,26,Seattle Seahawks,4427391,Kenny McIntosh,RB,Georgia,"{'city': 'Fort Lauderdale', 'state': 'FL', 'country': 'USA'}",3
2025-08-14,2025-08-18,401774591,2025-08-16T02:00Z,26,Seattle Seahawks,12,Kansas City Chiefs,12,Kansas City Chiefs,4429184,Elijhah Badger,WR,Florida,"{'city': 'Sacramento', 'state': 'CA', 'country': 'USA'}",
2025-08-14,2025-08-18,401774591,2025-08-16T02:00Z,26,Seattle Seahawks,12,Kansas City Chiefs,12,Kansas City Chiefs,4431196,Jake Briningstool,TE,Clemson,"{'city': 'Brentwood', 'state': 'TN', 'country': 'USA'}",
2025-08-14,2025-08-18,401774591,2025-08-16T02:00Z,26,Seattle Seahawks,12,Kansas City Chiefs,12,Kansas City Chiefs,4241372,Hollywood Brown,WR,Oklahoma,"{'city': 'Hollywood', 'state': 'FL', 'country': 'USA'}",7
2025-08-14,2025-08-18,401774591,2025-08-16T02:00Z,26,Seattle Seahawks,12,Kansas City Chiefs,12,Kansas City Chiefs,4689988,Jason Brownlee,WR,Southern Miss,"{'city': 'West Point', 'state': 'MS', 'country': 'USA'}",2
2025-08-14,2025-08-18,401774591,2025-08-16T02:00Z,26,Seattle Seahawks,12,Kansas City Chiefs,12,Kansas City Chiefs,4043039,Mike Caliendo,G,Western Michigan,"{'city': 'Brookfield', 'state': 'WI', 'country': 'USA'}",3
2025-08-14,2025-08-18,401774591,2025-08-16T02:00Z,26,Seattle Seahawks,12,Kansas City Chiefs,12,Kansas City Chiefs,4426972,Dalton Cooper,OT,Oklahoma State,"{'city': 'Prague', 'state': 'OK', 'country': 'USA'}",
2025-08-14,2025-08-18,401774591,2025-08-16T02:00Z,26,Seattle Seahawks,12,Kansas City Chiefs,12,Kansas City Chiefs,4431053,Mac Dalena,WR,Fresno State,"{'city': 'Fresno', 'state': 'CA', 'country': 'USA'}",
2025-08-14,2025-08-18,401774591,2025-08-16T02:00Z,26,Seattle Seahawks,12,Kansas City Chiefs,12,Kansas City Chiefs,4571627,Ethan Driskell,OT,Marshall,"{'city': 'Louisville', 'state': 'KY', 'country': 'USA'}",2
2025-08-14,2025-08-18,401774591,2025-08-16T02:00Z,26,Seattle Seahawks,12,Kansas City Chiefs,12,Kansas City Chiefs,5144457,Chukwuebuka Godrick,OT,,"{'city': 'Aguleri', 'country': 'Nigeria'}",1
2025-08-14,2025-08-18,401774591,2025-08-16T02:00Z,26,Seattle Seahawks,12,Kansas City Chiefs,12,Kansas City Chiefs,4240472,Noah Gray,TE,Duke,"{'city': 'Leominster', 'state': 'MA', 'country': 'USA'}",5
2025-08-14,2025-08-18,401774591,2025-08-16T02:00Z,26,Seattle Seahawks,12,Kansas City Chiefs,12,Kansas City Chiefs,4571810,C.J. Hanson,G,Holy Cross,"{'city': 'Wyckoff', 'state': 'NJ', 'country': 'USA'}",2
2025-08-14,2025-08-18,401774591,2025-08-16T02:00Z,26,Seattle Seahawks,12,Kansas City Chiefs,12,Kansas City Chiefs,4431142,Jimmy Holiday,WR,Louisiana Tech,"{'city': 'Flora', 'state': 'MS', 'country': 'USA'}",
2025-08-14,2025-08-18,401774591,2025-08-16T02:00Z,26,Seattle Seahawks,12,Kansas City Chiefs,12,Kansas City Chiefs,4241385,Creed Humphrey,C,Oklahoma,"{'city': 'Shawnee', 'state': 'OK', 'country': 'USA'}",5
2025-08-14,2025-08-18,401774591,2025-08-16T02:00Z,26,Seattle Seahawks,12,Kansas City Chiefs,12,Kansas City Chiefs,3059915,Kareem Hunt,RB,Toledo,"{'city': 'Willoughby', 'state': 'OH', 'country': 'USA'}",9
2025-08-14,2025-08-18,401774591,2025-08-16T02:00Z,26,Seattle Seahawks,12,Kansas City Chiefs,12,Kansas City Chiefs,15847,Travis Kelce,TE,Cincinnati,"{'city': 'Cleveland Heights', 'state': 'OH', 'country': 'USA'}",13
2025-08-14,2025-08-18,401774591,2025-08-16T02:00Z,26,Seattle Seahawks,12,Kansas City Chiefs,12,Kansas City Chiefs,4572650,Joey Lombard,C,South Dakota,"{'city': 'Anoka', 'state': 'MN', 'country': 'USA'}",
2025-08-14,2025-08-18,401774591,2025-08-16T02:00Z,26,Seattle Seahawks,12,Kansas City Chiefs,12,Kansas City Chiefs,3139477,Patrick Mahomes,QB,Texas Tech,"{'city': 'Whitehouse', 'state': 'TX', 'country': 'USA'}",9
2025-08-14,2025-08-18,401774591,2025-08-16T02:00Z,26,Seattle Seahawks,12,Kansas City Chiefs,12,Kansas City Chiefs,4038524,Gardner Minshew,QB,Washington State,"{'city': 'Brandon', 'state': 'MS', 'country': 'USA'}",7
2025-08-14,2025-08-18,401774591,2025-08-16T02:00Z,26,Seattle Seahawks,12,Kansas City Chiefs,12,Kansas City Chiefs,4241555,Elijah Mitchell,RB,Louisiana,"{'city': 'Erath', 'state': 'LA', 'country': 'USA'}",5
2025-08-14,2025-08-18,401774591,2025-08-16T02:00Z,26,Seattle Seahawks,12,Kansas City Chiefs,12,Kansas City Chiefs,4043041,Jaylon Moore,G,Western Michigan,"{'city': 'Detroit', 'state': 'MI', 'country': 'USA'}",5
2025-08-14,2025-08-18,401774591,2025-08-16T02:00Z,26,Seattle Seahawks,12,Kansas City Chiefs,12,Kansas City Chiefs,4570577,Wanya Morris,OT,Oklahoma,"{'city': 'Grayson', 'state': 'GA', 'country': 'USA'}",3
2025-08-14,2025-08-18,401774591,2025-08-16T02:00Z,26,Seattle Seahawks,12,Kansas City Chiefs,12,Kansas City Chiefs,4367645,Hunter Nourzad,C,Penn State,"{'city': 'Marietta', 'state': 'GA', 'country': 'USA'}",2
2025-08-14,2025-08-18,401774591,2025-08-16T02:00Z,26,Seattle Seahawks,12,Kansas City Chiefs,12,Kansas City Chiefs,4044111,Chris Oladokun,QB,South Dakota State,"{'city': 'Tampa', 'state': 'FL', 'country': 'USA'}",1
2025-08-14,2025-08-18,401774591,2025-08-16T02:00Z,26,Seattle Seahawks,12,Kansas City Chiefs,12,Kansas City Chiefs,4361529,Isiah Pacheco,RB,Rutgers,"{'city': 'Vineland', 'state': 'NJ', 'country': 'USA'}",4
2025-08-14,2025-08-18,401774591,2025-08-16T02:00Z,26,Seattle Seahawks,12,Kansas City Chiefs,12,Kansas City Chiefs,5153070,Esa Pole,OT,Washington State,"{'city': 'Hayward', 'state': 'CA', 'country': 'USA'}",
2025-08-14,2025-08-18,401774591,2025-08-16T02:00Z,26,Seattle Seahawks,12,Kansas City Chiefs,12,Kansas City Chiefs,4879189,Hal Presley,WR,Baylor,"{'city': 'Mansfield', 'state': 'TX', 'country': 'USA'}",
2025-08-14,2025-08-18,401774591,2025-08-16T02:00Z,26,Seattle Seahawks,12,Kansas City Chiefs,12,Kansas City Chiefs,4372716,Nikko Remigio,WR,Fresno State,"{'city': 'Orange', 'state': 'CA', 'country': 'USA'}",1
2025-08-14,2025-08-18,401774591,2025-08-16T02:00Z,26,Seattle Seahawks,12,Kansas City Chiefs,12,Kansas City Chiefs,4428331,Rashee Rice,WR,SMU,"{'city': 'North Richland Hills', 'state': 'TX', 'country': 'USA'}",3
2025-08-14,2025-08-18,401774591,2025-08-16T02:00Z,26,Seattle Seahawks,12,Kansas City Chiefs,12,Kansas City Chiefs,5082630,Jalen Royals,WR,Utah State,"{'city': 'Powder Springs', 'state': 'GA', 'country': 'USA'}",
2025-08-14,2025-08-18,401774591,2025-08-16T02:00Z,26,Seattle Seahawks,12,Kansas City Chiefs,12,Kansas City Chiefs,4569659,Josh Simmons,OT,Ohio State,"{'city': 'San Diego', 'state': 'CA', 'country': 'USA'}",
2025-08-14,2025-08-18,401774591,2025-08-16T02:00Z,26,Seattle Seahawks,12,Kansas City Chiefs,12,Kansas City Chiefs,4596602,Brashard Smith,RB,SMU,"{'city': 'Richmond Heights', 'state': 'FL', 'country': 'USA'}",
2025-08-14,2025-08-18,401774591,2025-08-16T02:00Z,26,Seattle Seahawks,12,Kansas City Chiefs,12,Kansas City Chiefs,4607419,Key'Shawn Smith,WR,SMU,"{'city': 'San Diego', 'state': 'CA', 'country': 'USA'}",
2025-08-14,2025-08-18,401774591,2025-08-16T02:00Z,26,Seattle Seahawks,12,Kansas City Chiefs,12,Kansas City Chiefs,4242459,Trey Smith,G,Tennessee,"{'city': 'Jackson', 'state': 'TN', 'country': 'USA'}",5
2025-08-14,2025-08-18,401774591,2025-08-16T02:00Z,26,Seattle Seahawks,12,Kansas City Chiefs,12,Kansas City Chiefs,3120348,JuJu Smith-Schuster,WR,USC,"{'city': 'Long Beach', 'state': 'CA', 'country': 'USA'}",9
2025-08-14,2025-08-18,401774591,2025-08-16T02:00Z,26,Seattle Seahawks,12,Kansas City Chiefs,12,Kansas City Chiefs,4362892,Geor'Quarius Spivey,TE,Mississippi State,"{'city': 'Monroe', 'state': 'LA', 'country': 'USA'}",1
2025-08-14,2025-08-18,401774591,2025-08-16T02:00Z,26,Seattle Seahawks,12,Kansas City Chiefs,12,Kansas City Chiefs,4714365,Carson Steele,FB,UCLA,"{'city': 'Greenwood', 'state': 'IN', 'country': 'USA'}",2
2025-08-14,2025-08-18,401774591,2025-08-16T02:00Z,26,Seattle Seahawks,12,Kansas City Chiefs,12,Kansas City Chiefs,4431595,Kingsley Suamataia,OT,BYU,"{'city': 'Orem', 'state': 'UT', 'country': 'USA'}",2
2025-08-14,2025-08-18,401774591,2025-08-16T02:00Z,26,Seattle Seahawks,12,Kansas City Chiefs,12,Kansas City Chiefs,4034961,Jawaan Taylor,OT,Florida,"{'city': 'Cocoa', 'state': 'FL', 'country': 'USA'}",7
2025-08-14,2025-08-18,401774591,2025-08-16T02:00Z,26,Seattle Seahawks,12,Kansas City Chiefs,12,Kansas City Chiefs,4362921,Tyquan Thornton,WR,Baylor,"{'city': 'Miami', 'state': 'FL', 'country': 'USA'}",4
2025-08-14,2025-08-18,401774591,2025-08-16T02:00Z,26,Seattle Seahawks,12,Kansas City Chiefs,12,Kansas City Chiefs,2975674,Robert Tonyan,TE,Indiana State,"{'city': 'Mchenry', 'state': 'IL', 'country': 'USA'}",7
2025-08-14,2025-08-18,401774591,2025-08-16T02:00Z,26,Seattle Seahawks,12,Kansas City Chiefs,12,Kansas City Chiefs,4685784,Tre Watson,TE,Texas A&M,"{'city': 'Rio Rancho', 'state': 'NM', 'country': 'USA'}",
2025-08-14,2025-08-18,401774591,2025-08-16T02:00Z,26,Seattle Seahawks,12,Kansas City Chiefs,12,Kansas City Chiefs,4430723,Jared Wiley,TE,TCU,"{'city': 'Temple', 'state': 'TX', 'country': 'USA'}",2
2025-08-14,2025-08-18,401774591,2025-08-16T02:00Z,26,Seattle Seahawks,12,Kansas City Chiefs,12,Kansas City Chiefs,4569156,Michael Wiley,RB,Arizona,"{'city': 'Houston', 'state': 'TX', 'country': 'USA'}",1
2025-08-14,2025-08-18,401774591,2025-08-16T02:00Z,26,Seattle Seahawks,12,Kansas City Chiefs,12,Kansas City Chiefs,4683062,Xavier Worthy,WR,Texas,"{'city': 'Fresno', 'state': 'CA', 'country': 'USA'}",2
2025-08-14,2025-08-18,401774591,2025-08-16T02:00Z,26,Seattle Seahawks,12,Kansas City Chiefs,12,Kansas City Chiefs,4250360,Bailey Zappe,QB,Western Kentucky,"{'city': 'Victoria', 'state': 'TX', 'country': 'USA'}",4
2025-08-14,2025-08-18,401774591,2025-08-16T02:00Z,26,Seattle Seahawks,12,Kansas City Chiefs,12,Kansas City Chiefs,4602389,Jeffrey Bassa,LB,Oregon,"{'city': 'Salt Lake City', 'state': 'UT', 'country': 'USA'}",
2025-08-14,2025-08-18,401774591,2025-08-16T02:00Z,26,Seattle Seahawks,12,Kansas City Chiefs,12,Kansas City Chiefs,4362759,Nick Bolton,LB,Missouri,"{'city': 'Frisco', 'state': 'TX', 'country': 'USA'}",5
2025-08-14,2025-08-18,401774591,2025-08-16T02:00Z,26,Seattle Seahawks,12,Kansas City Chiefs,12,Kansas City Chiefs,4240563,Owen Carney,LB,Illinois,"{'city': 'Miami', 'state': 'FL', 'country': 'USA'}",1
2025-08-14,2025-08-18,401774591,2025-08-16T02:00Z,26,Seattle Seahawks,12,Kansas City Chiefs,12,Kansas City Chiefs,4429379,Ajani Carter,CB,Houston,"{'city': 'Houston', 'state': 'TX', 'country': 'USA'}",
2025-08-14,2025-08-18,401774591,2025-08-16T02:00Z,26,Seattle Seahawks,12,Kansas City Chiefs,12,Kansas City Chiefs,4426901,Leo Chenal,LB,Wisconsin,"{'city': 'Grantsburg', 'state': 'WI', 'country': 'USA'}",4
2025-08-14,2025-08-18,401774591,2025-08-16T02:00Z,26,Seattle Seahawks,12,Kansas City Chiefs,12,Kansas City Chiefs,4036959,Cole Christiansen,LB,Army,"{'city': 'Suffolk', 'state': 'VA', 'country': 'USA'}",2
2025-08-14,2025-08-18,401774591,2025-08-16T02:00Z,26,Seattle Seahawks,12,Kansas City Chiefs,12,Kansas City Chiefs,4249766,Jack Cochrane,LB,South Dakota,"{'city': 'Mount Vernon', 'state': 'IA', 'country': 'USA'}",4
2025-08-14,2025-08-18,401774591,2025-08-16T02:00Z,26,Seattle Seahawks,12,Kansas City Chiefs,12,Kansas City Chiefs,4361964,Chamarri Conner,S,Virginia Tech,"{'city': 'Jacksonville', 'state': 'FL', 'country': 'USA'}",3
2025-08-14,2025-08-18,401774591,2025-08-16T02:00Z,26,Seattle Seahawks,12,Kansas City Chiefs,12,Kansas City Chiefs,4247726,Bryan Cook,S,Cincinnati,"{'city': 'Cincinnati', 'state': 'OH', 'country': 'USA'}",4
2025-08-14,2025-08-18,401774591,2025-08-16T02:00Z,26,Seattle Seahawks,12,Kansas City Chiefs,12,Kansas City Chiefs,4431048,Jacobe Covington,CB,USC,"{'city': 'Chandler', 'state': 'AZ', 'country': 'USA'}",
2025-08-14,2025-08-18,401774591,2025-08-16T02:00Z,26,Seattle Seahawks,12,Kansas City Chiefs,12,Kansas City Chiefs,3915487,Mike Danna,DE,Michigan,"{'city': 'Detroit', 'state': 'MI', 'country': 'USA'}",6
2025-08-14,2025-08-18,401774591,2025-08-16T02:00Z,26,Seattle Seahawks,12,Kansas City Chiefs,12,Kansas City Chiefs,3155647,Mike Edwards,S,Kentucky,"{'city': 'Cincinnati', 'state': 'OH', 'country': 'USA'}",7
2025-08-14,2025-08-18,401774591,2025-08-16T02:00Z,26,Seattle Seahawks,12,Kansas City Chiefs,12,Kansas City Chiefs,4035433,Kristian Fulton,CB,LSU,"{'city': 'New Orleans', 'state': 'LA', 'country': 'USA'}",5
2025-08-14,2025-08-18,401774591,2025-08-16T02:00Z,26,Seattle Seahawks,12,Kansas City Chiefs,12,Kansas City Chiefs,4568661,Brandon George,LB,Pittsburgh,"{'city': 'Reading', 'state': 'PA', 'country': 'USA'}",
2025-08-14,2025-08-18,401774591,2025-08-16T02:00Z,26,Seattle Seahawks,12,Kansas City Chiefs,12,Kansas City Chiefs,4684432,Ashton Gillotte,DE,Louisville,"{'city': 'Boca Raton', 'state': 'FL', 'country': 'USA'}",
2025-08-14,2025-08-18,401774591,2025-08-16T02:00Z,26,Seattle Seahawks,12,Kansas City Chiefs,12,Kansas City Chiefs,4245662,Azizi Hearn,CB,UCLA,"{'city': 'Oceanside', 'state': 'CA', 'country': 'USA'}",1
2025-08-14,2025-08-18,401774591,2025-08-16T02:00Z,26,Seattle Seahawks,12,Kansas City Chiefs,12,Kansas City Chiefs,4259547,Malik Herring,DE,Georgia,"{'city': 'Forsyth', 'state': 'GA', 'country': 'USA'}",5
2025-08-14,2025-08-18,401774591,2025-08-16T02:00Z,26,Seattle Seahawks,12,Kansas City Chiefs,12,Kansas City Chiefs,4685232,Jaden Hicks,S,Washington State,"{'city': 'Las Vegas', 'state': 'NV', 'country': 'USA'}",2
2025-08-14,2025-08-18,401774591,2025-08-16T02:00Z,26,Seattle Seahawks,12,Kansas City Chiefs,12,Kansas City Chiefs,4429076,Coziah Izzard,DT,Penn State,"{'city': 'Columbia', 'state': 'MD', 'country': 'USA'}",
2025-08-14,2025-08-18,401774591,2025-08-16T02:00Z,26,Seattle Seahawks,12,Kansas City Chiefs,12,Kansas City Chiefs,4043625,Nazeeh Johnson,S,Marshall,"{'city': 'Martinsburg', 'state': 'WV', 'country': 'USA'}",4
2025-08-14,2025-08-18,401774591,2025-08-16T02:00Z,26,Seattle Seahawks,12,Kansas City Chiefs,12,Kansas City Chiefs,4371959,Cam Jones,LB,Indiana,"{'city': 'Memphis', 'state': 'TN', 'country': 'USA'}",3
2025-08-14,2025-08-18,401774591,2025-08-16T02:00Z,26,Seattle Seahawks,12,Kansas City Chiefs,12,Kansas City Chiefs,3044859,Chris Jones,DT,Mississippi State,"{'city': 'Houston', 'state': 'MS', 'country': 'USA'}",10
2025-08-14,2025-08-18,401774591,2025-08-16T02:00Z,26,Seattle Seahawks,12,Kansas City Chiefs,12,Kansas City Chiefs,4426659,George Karlaftis,DE,Purdue,"{'city': 'West Lafayette', 'state': 'IN', 'country': 'USA'}",4
2025-08-14,2025-08-18,401774591,2025-08-16T02:00Z,26,Seattle Seahawks,12,Kansas City Chiefs,12,Kansas City Chiefs,4602648,Kevin Knowles,CB,Florida State,"{'city': 'Hollywood', 'state': 'FL', 'country': 'USA'}",
2025-08-14,2025-08-18,401774591,2025-08-16T02:00Z,26,Seattle Seahawks,12,Kansas City Chiefs,12,Kansas City Chiefs,4362905,Fabien Lovett Sr.,DT,Florida State,"{'city': 'Vicksburg', 'state': 'MS', 'country': 'USA'}",1
2025-08-14,2025-08-18,401774591,2025-08-16T02:00Z,26,Seattle Seahawks,12,Kansas City Chiefs,12,Kansas City Chiefs,4430376,Nate Matlack,DE,Pittsburgh,"{'city': 'Olathe', 'state': 'KS', 'country': 'USA'}",
2025-08-14,2025-08-18,401774591,2025-08-16T02:00Z,26,Seattle Seahawks,12,Kansas City Chiefs,12,Kansas City Chiefs,4567826,Cooper McDonald,LB,TCU,"{'city': 'Haslet', 'state': 'TX', 'country': 'USA'}",
2025-08-14,2025-08-18,401774591,2025-08-16T02:00Z,26,Seattle Seahawks,12,Kansas City Chiefs,12,Kansas City Chiefs,4426405,Trent McDuffie,CB,Washington,"{'city': 'Westminster', 'state': 'CA', 'country': 'USA'}",4
2025-08-14,2025-08-18,401774591,2025-08-16T02:00Z,26,Seattle Seahawks,12,Kansas City Chiefs,12,Kansas City Chiefs,4692807,Glendon Miller,S,Maryland,"{'city': 'Orange Park', 'state': 'FL', 'country': 'USA'}",
2025-08-14,2025-08-18,401774591,2025-08-16T02:00Z,26,Seattle Seahawks,12,Kansas City Chiefs,12,Kansas City Chiefs,4432436,Xander Mueller,LB,Northwestern,"{'city': 'Wheaton', 'state': 'IL', 'country': 'USA'}",
2025-08-14,2025-08-18,401774591,2025-08-16T02:00Z,26,Seattle Seahawks,12,Kansas City Chiefs,12,Kansas City Chiefs,4591008,Omarr Norman-Lott,DT,Tennessee,"{'city': 'North Highlands', 'state': 'CA', 'country': 'USA'}",
2025-08-14,2025-08-18,401774591,2025-08-16T02:00Z,26,Seattle Seahawks,12,Kansas City Chiefs,12,Kansas City Chiefs,3929865,Charles Omenihu,DE,Texas,"{'city': 'Rowlett', 'state': 'TX', 'country': 'USA'}",7
2025-08-14,2025-08-18,401774591,2025-08-16T02:00Z,26,Seattle Seahawks,12,Kansas City Chiefs,12,Kansas City Chiefs,17230,Mike Pennel,DT,Colorado State-Pueblo,"{'city': 'Aurora', 'state': 'CO', 'country': 'USA'}",11
2025-08-14,2025-08-18,401774591,2025-08-16T02:00Z,26,Seattle Seahawks,12,Kansas City Chiefs,12,Kansas City Chiefs,4428383,Christian Roland-Wallace,CB,USC,"{'city': 'Palmdale', 'state': 'CA', 'country': 'USA'}",2
2025-08-14,2025-08-18,401774591,2025-08-16T02:00Z,26,Seattle Seahawks,12,Kansas City Chiefs,12,Kansas City Chiefs,5278708,Melvin Smith Jr.,CB,Southern Arkansas,"{'city': 'Bossier City', 'state': 'LA', 'country': 'USA'}",
2025-08-14,2025-08-18,401774591,2025-08-16T02:00Z,26,Seattle Seahawks,12,Kansas City Chiefs,12,Kansas City Chiefs,3863182,Jerry Tillery,DT,Notre Dame,"{'city': 'Shreveport', 'state': 'LA', 'country': 'USA'}",7
2025-08-14,2025-08-18,401774591,2025-08-16T02:00Z,26,Seattle Seahawks,12,Kansas City Chiefs,12,Kansas City Chiefs,3129310,Drue Tranquill,LB,Notre Dame,"{'city': 'Fort Wayne', 'state': 'IN', 'country': 'USA'}",7
2025-08-14,2025-08-18,401774591,2025-08-16T02:00Z,26,Seattle Seahawks,12,Kansas City Chiefs,12,Kansas City Chiefs,4243218,Marlon Tuipulotu,DT,USC,"{'city': 'Independence', 'state': 'OR', 'country': 'USA'}",5
2025-08-14,2025-08-18,401774591,2025-08-16T02:00Z,26,Seattle Seahawks,12,Kansas City Chiefs,12,Kansas City Chiefs,4697639,Jaylen Watson,CB,Washington State,"{'city': 'Augusta', 'state': 'GA', 'country': 'USA'}",4
2025-08-14,2025-08-18,401774591,2025-08-16T02:00Z,26,Seattle Seahawks,12,Kansas City Chiefs,12,Kansas City Chiefs,4917635,Joshua Williams,CB,Fayetteville State,"{'city': 'Fayetteville', 'state': 'NC', 'country': 'USA'}",4
2025-08-14,2025-08-18,401774591,2025-08-16T02:00Z,26,Seattle Seahawks,12,Kansas City Chiefs,12,Kansas City Chiefs,4430736,Major Williams,S,Carson-Newman,"{'city': 'Fort Myers', 'state': 'FL', 'country': 'USA'}",
2025-08-14,2025-08-18,401774591,2025-08-16T02:00Z,26,Seattle Seahawks,12,Kansas City Chiefs,12,Kansas City Chiefs,4610705,Nohl Williams,CB,California,"{'city': 'Oxnard', 'state': 'CA', 'country': 'USA'}",
2025-08-14,2025-08-18,401774591,2025-08-16T02:00Z,26,Seattle Seahawks,12,Kansas City Chiefs,12,Kansas City Chiefs,4361496,Matt Araiza,P,San Diego State,"{'city': 'San Diego', 'state': 'CA', 'country': 'USA'}",2
2025-08-14,2025-08-18,401774591,2025-08-16T02:00Z,26,Seattle Seahawks,12,Kansas City Chiefs,12,Kansas City Chiefs,3055899,Harrison Butker,PK,Georgia Tech,"{'city': 'Decatur', 'state': 'GA', 'country': 'USA'}",9
2025-08-14,2025-08-18,401774591,2025-08-16T02:00Z,26,Seattle Seahawks,12,Kansas City Chiefs,12,Kansas City Chiefs,16665,James Winchester,LS,Oklahoma,"{'city': 'Washington', 'state': 'OK', 'country': 'USA'}",11
2025-08-14,2025-08-18,401774591,2025-08-16T02:00Z,26,Seattle Seahawks,12,Kansas City Chiefs,12,Kansas City Chiefs,4612387,Felix Anudike-Uzomah,DE,Kansas State,"{'city': 'Kansas City', 'state': 'MO', 'country': 'USA'}",3
2025-08-14,2025-08-18,401774591,2025-08-16T02:00Z,26,Seattle Seahawks,12,Kansas City Chiefs,12,Kansas City Chiefs,2969944,Deon Bush,S,Miami,"{'city': 'Miami', 'state': 'FL', 'country': 'USA'}",9
2025-08-14,2025-08-18,401774591,2025-08-16T02:00Z,26,Seattle Seahawks,12,Kansas City Chiefs,12,Kansas City Chiefs,4362087,Keaontay Ingram,RB,USC,"{'city': 'Carthage', 'state': 'TX', 'country': 'USA'}",3
2025-08-14,2025-08-18,401774591,2025-08-16T02:00Z,26,Seattle Seahawks,12,Kansas City Chiefs,12,Kansas City Chiefs,4035604,Janarius Robinson,DE,Florida State,"{'city': 'Panama City', 'state': 'FL', 'country': 'USA'}",5
2025-08-14,2025-08-18,401774591,2025-08-16T02:00Z,26,Seattle Seahawks,12,Kansas City Chiefs,12,Kansas City Chiefs,4248032,Eric Scott Jr.,CB,Southern Miss,"{'city': 'Basehor', 'state': 'KS', 'country': 'USA'}",2
2025-08-14,2025-08-18,401774591,2025-08-16T02:00Z,26,Seattle Seahawks,12,Kansas City Chiefs,12,Kansas City Chiefs,4691084,BJ Thompson,DE,Stephen F. Austin,"{'city': 'England', 'state': 'AR', 'country': 'USA'}",2
2025-08-14,2025-08-18,401776264,2025-08-16T17:00Z,8,Detroit Lions,15,Miami Dolphins,8,Detroit Lions,3115293,Kyle Allen,QB,Houston,"{'city': 'Scottsdale', 'state': 'AZ', 'country': 'USA'}",7
2025-08-14,2025-08-18,401776264,2025-08-16T17:00Z,8,Detroit Lions,15,Miami Dolphins,8,Detroit Lions,4040842,Kayode Awosika,G,Buffalo,"{'city': 'Plymouth', 'state': 'MN', 'country': 'USA'}",4
2025-08-14,2025-08-18,401776264,2025-08-16T17:00Z,8,Detroit Lions,15,Miami Dolphins,8,Detroit Lions,4372063,Ronnie Bell,WR,Michigan,"{'city': 'Kansas City', 'state': 'MO', 'country': 'USA'}",3
2025-08-14,2025-08-18,401776264,2025-08-16T17:00Z,8,Detroit Lions,15,Miami Dolphins,8,Detroit Lions,4363054,Gunner Britton,OT,Auburn,"{'city': 'Conway', 'state': 'SC', 'country': 'USA'}",1
2025-08-14,2025-08-18,401776264,2025-08-16T17:00Z,8,Detroit Lions,15,Miami Dolphins,8,Detroit Lions,4035112,Trystan Colon,C,Missouri,"{'city': 'Webb City', 'state': 'MO', 'country': 'USA'}",6
2025-08-14,2025-08-18,401776264,2025-08-16T17:00Z,8,Detroit Lions,15,Miami Dolphins,8,Detroit Lions,2976292,Taylor Decker,OT,Ohio State,"{'city': 'Vandalia', 'state': 'OH', 'country': 'USA'}",10
2025-08-14,2025-08-18,401776264,2025-08-16T17:00Z,8,Detroit Lions,15,Miami Dolphins,8,Detroit Lions,4567410,Kingsley Eguakun,C,Florida,"{'city': 'Jacksonville', 'state': 'FL', 'country': 'USA'}",1
2025-08-14,2025-08-18,401776264,2025-08-16T17:00Z,8,Detroit Lions,15,Miami Dolphins,8,Detroit Lions,4608890,Miles Frazier,G,LSU,"{'city': 'Camden', 'state': 'NJ', 'country': 'USA'}",
2025-08-14,2025-08-18,401776264,2025-08-16T17:00Z,8,Detroit Lions,15,Miami Dolphins,8,Detroit Lions,4429795,Jahmyr Gibbs,RB,Alabama,"{'city': 'Dalton', 'state': 'GA', 'country': 'USA'}",3
2025-08-14,2025-08-18,401776264,2025-08-16T17:00Z,8,Detroit Lions,15,Miami Dolphins,8,Detroit Lions,2576245,Graham Glasgow,G,Michigan,"{'city': 'Aurora', 'state': 'IL', 'country': 'USA'}",10
2025-08-14,2025-08-18,401776264,2025-08-16T17:00Z,8,Detroit Lions,15,Miami Dolphins,8,Detroit Lions,3046779,Jared Goff,QB,California,"{'city': 'Novato', 'state': 'CA', 'country': 'USA'}",10
2025-08-14,2025-08-18,401776264,2025-08-16T17:00Z,8,Detroit Lions,15,Miami Dolphins,8,Detroit Lions,4240858,Hendon Hooker,QB,Tennessee,"{'city': 'Greensboro', 'state': 'NC', 'country': 'USA'}",3
2025-08-14,2025-08-18,401776264,2025-08-16T17:00Z,8,Detroit Lions,15,Miami Dolphins,8,Detroit Lions,4877824,Zach Horton,TE,Indiana,"{'city': 'Roanoke', 'state': 'VA', 'country': 'USA'}",
2025-08-14,2025-08-18,401776264,2025-08-16T17:00Z,8,Detroit Lions,15,Miami Dolphins,8,Detroit Lions,4240455,Deon Jackson,RB,Duke,"{'city': 'Atlanta', 'state': 'GA', 'country': 'USA'}",4
2025-08-14,2025-08-18,401776264,2025-08-16T17:00Z,8,Detroit Lions,15,Miami Dolphins,8,Detroit Lions,3116136,Justin Jackson,RB,Northwestern,"{'city': 'Carol Stream', 'state': 'IL', 'country': 'USA'}",6
2025-08-14,2025-08-18,401776264,2025-08-16T17:00Z,8,Detroit Lions,15,Miami Dolphins,8,Detroit Lions,3930912,Zack Johnson,G,North Dakota State,"{'city': 'Blaine', 'state': 'MN', 'country': 'USA'}",1
2025-08-14,2025-08-18,401776264,2025-08-16T17:00Z,8,Detroit Lions,15,Miami Dolphins,8,Detroit Lions,3121417,Jamarco Jones,OT,Ohio State,"{'city': 'Chicago', 'state': 'IL', 'country': 'USA'}",6
2025-08-14,2025-08-18,401776264,2025-08-16T17:00Z,8,Detroit Lions,15,Miami Dolphins,8,Detroit Lions,5178972,Jakobie Keeney-James,WR,Massachusetts,"{'city': 'Redlands', 'state': 'CA', 'country': 'USA'}",
2025-08-14,2025-08-18,401776264,2025-08-16T17:00Z,8,Detroit Lions,15,Miami Dolphins,8,Detroit Lions,3126997,Tom Kennedy,WR,Bryant,"{'city': 'Farmingdale', 'state': 'NY', 'country': 'USA'}",3
2025-08-14,2025-08-18,401776264,2025-08-16T17:00Z,8,Detroit Lions,15,Miami Dolphins,8,Detroit Lions,4430027,Sam LaPorta,TE,Iowa,"{'city': 'Highland', 'state': 'IL', 'country': 'USA'}",3
2025-08-14,2025-08-18,401776264,2025-08-16T17:00Z,8,Detroit Lions,15,Miami Dolphins,8,Detroit Lions,4596439,Dominic Lovett,WR,Georgia,"{'city': 'Belleville', 'state': 'IL', 'country': 'USA'}",
2025-08-14,2025-08-18,401776264,2025-08-16T17:00Z,8,Detroit Lions,15,Miami Dolphins,8,Detroit Lions,4427864,Christian Mahogany,G,Boston College,"{'city': 'Elmwood Park', 'state': 'NJ', 'country': 'USA'}",2
2025-08-14,2025-08-18,401776264,2025-08-16T17:00Z,8,Detroit Lions,15,Miami Dolphins,8,Detroit Lions,5209589,Giovanni Manu,OT,British Columbia,"{'city': 'Pitt Meadows', 'state': 'BC', 'country': 'Canada'}",2
2025-08-14,2025-08-18,401776264,2025-08-16T17:00Z,8,Detroit Lions,15,Miami Dolphins,8,Detroit Lions,4602788,Jackson Meeks,WR,Syracuse,"{'city': 'Phenix City', 'state': 'AL', 'country': 'USA'}",
2025-08-14,2025-08-18,401776264,2025-08-16T17:00Z,8,Detroit Lions,15,Miami Dolphins,8,Detroit Lions,4693332,Mason Miller,OT,North Dakota State,"{'city': 'Ada', 'state': 'MN', 'country': 'USA'}",
2025-08-14,2025-08-18,401776264,2025-08-16T17:00Z,8,Detroit Lions,15,Miami Dolphins,8,Detroit Lions,4035538,David Montgomery,RB,Iowa State,"{'city': 'Cincinnati', 'state': 'OH', 'country': 'USA'}",7
2025-08-14,2025-08-18,401776264,2025-08-16T17:00Z,8,Detroit Lions,15,Miami Dolphins,8,Detroit Lions,4040910,Netane Muti,G,Fresno State,"{'city': 'Wahiawa', 'state': 'HI', 'country': 'USA'}",5
2025-08-14,2025-08-18,401776264,2025-08-16T17:00Z,8,Detroit Lions,15,Miami Dolphins,8,Detroit Lions,4051353,Michael Niese,G,Temple,"{'city': 'Chesterfield', 'state': 'MO', 'country': 'USA'}",2
2025-08-14,2025-08-18,401776264,2025-08-16T17:00Z,8,Detroit Lions,15,Miami Dolphins,8,Detroit Lions,4244834,Gunnar Oakes,TE,Eastern Michigan,"{'city': 'Swanton', 'state': 'OH', 'country': 'USA'}",
2025-08-14,2025-08-18,401776264,2025-08-16T17:00Z,8,Detroit Lions,15,Miami Dolphins,8,Detroit Lions,3134353,Tim Patrick,WR,Utah,"{'city': 'San Diego', 'state': 'CA', 'country': 'USA'}",8
2025-08-14,2025-08-18,401776264,2025-08-16T17:00Z,8,Detroit Lions,15,Miami Dolphins,8,Detroit Lions,4429035,Tate Ratledge,G,Georgia,"{'city': 'Rome', 'state': 'GA', 'country': 'USA'}",
2025-08-14,2025-08-18,401776264,2025-08-16T17:00Z,8,Detroit Lions,15,Miami Dolphins,8,Detroit Lions,2973405,Kalif Raymond,WR,Holy Cross,"{'city': 'Lawrenceville', 'state': 'GA', 'country': 'USA'}",9
2025-08-14,2025-08-18,401776264,2025-08-16T17:00Z,8,Detroit Lions,15,Miami Dolphins,8,Detroit Lions,4421446,Craig Reynolds,RB,Kutztown,"{'city': 'Willow Grove', 'state': 'PA', 'country': 'USA'}",6
2025-08-14,2025-08-18,401776264,2025-08-16T17:00Z,8,Detroit Lions,15,Miami Dolphins,8,Detroit Lions,4383429,Jacob Saylors,RB,East Tennessee State,"{'city': 'Jasper', 'state': 'TN', 'country': 'USA'}",1
2025-08-14,2025-08-18,401776264,2025-08-16T17:00Z,8,Detroit Lions,15,Miami Dolphins,8,Detroit Lions,4373825,Penei Sewell,OT,Oregon,"{'city': 'Malaeimi', 'country': 'American Samoa'}",5
2025-08-14,2025-08-18,401776264,2025-08-16T17:00Z,8,Detroit Lions,15,Miami Dolphins,8,Detroit Lions,3046435,Dan Skipper,OT,Arkansas,"{'city': 'Arvada', 'state': 'CO', 'country': 'USA'}",6
2025-08-14,2025-08-18,401776264,2025-08-16T17:00Z,8,Detroit Lions,15,Miami Dolphins,8,Detroit Lions,4374302,Amon-Ra St. Brown,WR,USC,"{'city': 'Anaheim Hills', 'state': 'CA', 'country': 'USA'}",5
2025-08-14,2025-08-18,401776264,2025-08-16T17:00Z,8,Detroit Lions,15,Miami Dolphins,8,Detroit Lions,4369991,Steven Stilianos,TE,Iowa,"{'city': 'Hayes', 'state': 'VA', 'country': 'USA'}",1
2025-08-14,2025-08-18,401776264,2025-08-16T17:00Z,8,Detroit Lions,15,Miami Dolphins,8,Detroit Lions,4408988,Malik Taylor,WR,Ferris State,"{'city': 'Flint', 'state': 'MI', 'country': 'USA'}",5
2025-08-14,2025-08-18,401776264,2025-08-16T17:00Z,8,Detroit Lions,15,Miami Dolphins,8,Detroit Lions,5123663,Isaac TeSlaa,WR,Arkansas,"{'city': 'Hudsonville', 'state': 'MI', 'country': 'USA'}",
2025-08-14,2025-08-18,401776264,2025-08-16T17:00Z,8,Detroit Lions,15,Miami Dolphins,8,Detroit Lions,4912274,Sione Vaki,RB,Utah,"{'city': 'Antioch', 'state': 'CA', 'country': 'USA'}",2
2025-08-14,2025-08-18,401776264,2025-08-16T17:00Z,8,Detroit Lions,15,Miami Dolphins,8,Detroit Lions,4426388,Jameson Williams,WR,Alabama,"{'city': 'St. Louis', 'state': 'MO', 'country': 'USA'}",4
2025-08-14,2025-08-18,401776264,2025-08-16T17:00Z,8,Detroit Lions,15,Miami Dolphins,8,Detroit Lions,4242392,Brock Wright,TE,Notre Dame,"{'city': 'Cypress', 'state': 'TX', 'country': 'USA'}",5
2025-08-14,2025-08-18,401776264,2025-08-16T17:00Z,8,Detroit Lions,15,Miami Dolphins,8,Detroit Lions,4608362,Shane Zylstra,TE,Minnesota State,"{'city': 'Spicer', 'state': 'MN', 'country': 'USA'}",4
2025-08-14,2025-08-18,401776264,2025-08-16T17:00Z,8,Detroit Lions,15,Miami Dolphins,8,Detroit Lions,4039164,Myles Adams,DE,Rice,"{'city': 'Arlington', 'state': 'TX', 'country': 'USA'}",4
2025-08-14,2025-08-18,401776264,2025-08-16T17:00Z,8,Detroit Lions,15,Miami Dolphins,8,Detroit Lions,4591235,Mitchell Agude,LB,Miami,"{'city': 'Corona', 'state': 'CA', 'country': 'USA'}",1
2025-08-14,2025-08-18,401776264,2025-08-16T17:00Z,8,Detroit Lions,15,Miami Dolphins,8,Detroit Lions,3043107,Alex Anzalone,LB,Florida,"{'city': 'Wyomissing', 'state': 'PA', 'country': 'USA'}",9
2025-08-14,2025-08-18,401776264,2025-08-16T17:00Z,8,Detroit Lions,15,Miami Dolphins,8,Detroit Lions,4592837,Terrion Arnold,CB,Alabama,"{'city': 'Tallahassee', 'state': 'FL', 'country': 'USA'}",2
2025-08-14,2025-08-18,401776264,2025-08-16T17:00Z,8,Detroit Lions,15,Miami Dolphins,8,Detroit Lions,4361499,Luq Barcoo,CB,San Diego State,"{'city': 'San Diego', 'state': 'CA', 'country': 'USA'}",2
2025-08-14,2025-08-18,401776264,2025-08-16T17:00Z,8,Detroit Lions,15,Miami Dolphins,8,Detroit Lions,4260409,Derrick Barnes,LB,Purdue,"{'city': 'Covington', 'state': 'KY', 'country': 'USA'}",5
2025-08-14,2025-08-18,401776264,2025-08-16T17:00Z,8,Detroit Lions,15,Miami Dolphins,8,Detroit Lions,4692025,Brian Branch,S,Alabama,"{'city': 'Fayetteville', 'state': 'GA', 'country': 'USA'}",3
2025-08-14,2025-08-18,401776264,2025-08-16T17:00Z,8,Detroit Lions,15,Miami Dolphins,8,Detroit Lions,4569465,Jack Campbell,LB,Iowa,"{'city': 'Cedar Falls', 'state': 'IA', 'country': 'USA'}",3
2025-08-14,2025-08-18,401776264,2025-08-16T17:00Z,8,Detroit Lions,15,Miami Dolphins,8,Detroit Lions,4712462,Keith Cooper Jr.,DE,Houston,"{'city': 'Dickinson', 'state': 'TX', 'country': 'USA'}",
2025-08-14,2025-08-18,401776264,2025-08-16T17:00Z,8,Detroit Lions,15,Miami Dolphins,8,Detroit Lions,3051750,Zach Cunningham,LB,Vanderbilt,"{'city': 'Pinson', 'state': 'AL', 'country': 'USA'}",9
2025-08-14,2025-08-18,401776264,2025-08-16T17:00Z,8,Detroit Lions,15,Miami Dolphins,8,Detroit Lions,3124058,Marcus Davenport,DE,UTSA,"{'city': 'San Antonio', 'state': 'TX', 'country': 'USA'}",8
2025-08-14,2025-08-18,401776264,2025-08-16T17:00Z,8,Detroit Lions,15,Miami Dolphins,8,Detroit Lions,4027919,Khalil Dorsey,CB,Northern Arizona,"{'city': 'Ontario', 'state': 'CA', 'country': 'USA'}",5
2025-08-14,2025-08-18,401776264,2025-08-16T17:00Z,8,Detroit Lions,15,Miami Dolphins,8,Detroit Lions,4242655,Allan George,CB,Vanderbilt,"{'city': 'Andalusia', 'state': 'AL', 'country': 'USA'}",1
2025-08-14,2025-08-18,401776264,2025-08-16T17:00Z,8,Detroit Lions,15,Miami Dolphins,8,Detroit Lions,4571826,DaRon Gilbert,LB,Northern Illinois,"{'city': 'Detroit', 'state': 'MI', 'country': 'USA'}",1
2025-08-14,2025-08-18,401776264,2025-08-16T17:00Z,8,Detroit Lions,15,Miami Dolphins,8,Detroit Lions,4373320,Erick Hallett,S,Pittsburgh,"{'city': 'Cypress', 'state': 'TX', 'country': 'USA'}",1
2025-08-14,2025-08-18,401776264,2025-08-16T17:00Z,8,Detroit Lions,15,Miami Dolphins,8,Detroit Lions,4710422,Ahmed Hassanein,DE,Boise State,"{'city': 'Cairo', 'country': 'Egypt'}",
2025-08-14,2025-08-18,401776264,2025-08-16T17:00Z,8,Detroit Lions,15,Miami Dolphins,8,Detroit Lions,4372099,Aidan Hutchinson,DE,Michigan,"{'city': 'Plymouth', 'state': 'MI', 'country': 'USA'}",4
2025-08-14,2025-08-18,401776264,2025-08-16T17:00Z,8,Detroit Lions,15,Miami Dolphins,8,Detroit Lions,4360383,Kerby Joseph,S,Illinois,"{'city': 'Orlando', 'state': 'FL', 'country': 'USA'}",4
2025-08-14,2025-08-18,401776264,2025-08-16T17:00Z,8,Detroit Lions,15,Miami Dolphins,8,Detroit Lions,5281603,Ian Kennelly,S,Grand Valley State,,
2025-08-14,2025-08-18,401776264,2025-08-16T17:00Z,8,Detroit Lions,15,Miami Dolphins,8,Detroit Lions,4040805,Roy Lopez,DT,Arizona,"{'city': 'Tempe', 'state': 'AZ', 'country': 'USA'}",5
2025-08-14,2025-08-18,401776264,2025-08-16T17:00Z,8,Detroit Lions,15,Miami Dolphins,8,Detroit Lions,4574142,Nate Lynn,DE,William & Mary,"{'city': 'Charlotte', 'state': 'NC', 'country': 'USA'}",2
2025-08-14,2025-08-18,401776264,2025-08-16T17:00Z,8,Detroit Lions,15,Miami Dolphins,8,Detroit Lions,3123938,Avonte Maddox,CB,Pittsburgh,"{'city': 'Detroit', 'state': 'MI', 'country': 'USA'}",8
2025-08-14,2025-08-18,401776264,2025-08-16T17:00Z,8,Detroit Lions,15,Miami Dolphins,8,Detroit Lions,4365457,Brodric Martin,DT,Western Kentucky,"{'city': 'Tuscaloosa', 'state': 'AL', 'country': 'USA'}",3
2025-08-14,2025-08-18,401776264,2025-08-16T17:00Z,8,Detroit Lions,15,Miami Dolphins,8,Detroit Lions,4361662,Alim McNeill,DT,NC State,"{'city': 'Raleigh', 'state': 'NC', 'country': 'USA'}",5
2025-08-14,2025-08-18,401776264,2025-08-16T17:00Z,8,Detroit Lions,15,Miami Dolphins,8,Detroit Lions,4569032,D.J. Miller Jr.,CB,Kent State,"{'city': ""O' Fallon"", 'state': 'MO', 'country': 'USA'}",1
2025-08-14,2025-08-18,401776264,2025-08-16T17:00Z,8,Detroit Lions,15,Miami Dolphins,8,Detroit Lions,3051942,Al-Quadin Muhammad,LB,Miami,"{'city': 'Irvington', 'state': 'NJ', 'country': 'USA'}",8
2025-08-14,2025-08-18,401776264,2025-08-16T17:00Z,8,Detroit Lions,15,Miami Dolphins,8,Detroit Lions,4880777,Morice Norris,S,Fresno State,"{'city': 'Fresno', 'state': 'CA', 'country': 'USA'}",1
2025-08-14,2025-08-18,401776264,2025-08-16T17:00Z,8,Detroit Lions,15,Miami Dolphins,8,Detroit Lions,5144894,Trevor Nowaske,LB,Saginaw Valley State,"{'city': 'Canton', 'state': 'MI', 'country': 'USA'}",3
2025-08-14,2025-08-18,401776264,2025-08-16T17:00Z,8,Detroit Lions,15,Miami Dolphins,8,Detroit Lions,2980206,Pat O'Connor,DE,Eastern Michigan,"{'city': 'Chicago', 'state': 'IL', 'country': 'USA'}",7
2025-08-14,2025-08-18,401776264,2025-08-16T17:00Z,8,Detroit Lions,15,Miami Dolphins,8,Detroit Lions,4039020,Levi Onwuzurike,DE,Washington,"{'city': 'Allen', 'state': 'TX', 'country': 'USA'}",5
2025-08-14,2025-08-18,401776264,2025-08-16T17:00Z,8,Detroit Lions,15,Miami Dolphins,8,Detroit Lions,4259994,Josh Paschal,DE,Kentucky,"{'city': 'Prince George County', 'state': 'MD', 'country': 'USA'}",4
2025-08-14,2025-08-18,401776264,2025-08-16T17:00Z,8,Detroit Lions,15,Miami Dolphins,8,Detroit Lions,4423367,Anthony Pittman,LB,Wayne State (MI),"{'city': 'Beverly Hills', 'state': 'CA', 'country': 'USA'}",4
2025-08-14,2025-08-18,401776264,2025-08-16T17:00Z,8,Detroit Lions,15,Miami Dolphins,8,Detroit Lions,2977670,DJ Reader,DT,Clemson,"{'city': 'Greensboro', 'state': 'NC', 'country': 'USA'}",10
2025-08-14,2025-08-18,401776264,2025-08-16T17:00Z,8,Detroit Lions,15,Miami Dolphins,8,Detroit Lions,3139387,D.J. Reed,CB,Kansas State,"{'city': 'Bakersfield', 'state': 'CA', 'country': 'USA'}",8
2025-08-14,2025-08-18,401776264,2025-08-16T17:00Z,8,Detroit Lions,15,Miami Dolphins,8,Detroit Lions,4239694,Amik Robertson,CB,Louisiana Tech,"{'city': 'Thibodaux', 'state': 'LA', 'country': 'USA'}",6
2025-08-14,2025-08-18,401776264,2025-08-16T17:00Z,8,Detroit Lions,15,Miami Dolphins,8,Detroit Lions,4241411,Malcolm Rodriguez,LB,Oklahoma State,"{'city': 'Wagoner', 'state': 'OK', 'country': 'USA'}",4
2025-08-14,2025-08-18,401776264,2025-08-16T17:00Z,8,Detroit Lions,15,Miami Dolphins,8,Detroit Lions,4572341,Tyson Russell,CB,Vanderbilt,"{'city': 'Plantation', 'state': 'FL', 'country': 'USA'}",
2025-08-14,2025-08-18,401776264,2025-08-16T17:00Z,8,Detroit Lions,15,Miami Dolphins,8,Detroit Lions,4367835,Chris Smith,DT,Notre Dame,"{'city': 'Detroit', 'state': 'MI', 'country': 'USA'}",2
2025-08-14,2025-08-18,401776264,2025-08-16T17:00Z,8,Detroit Lions,15,Miami Dolphins,8,Detroit Lions,4917439,Loren Strickland,S,Ball State,"{'city': 'Carpentersville', 'state': 'IL', 'country': 'USA'}",2
2025-08-14,2025-08-18,401776264,2025-08-16T17:00Z,8,Detroit Lions,15,Miami Dolphins,8,Detroit Lions,4240255,Grant Stuard,LB,Houston,"{'city': 'Conroe', 'state': 'TX', 'country': 'USA'}",5
2025-08-14,2025-08-18,401776264,2025-08-16T17:00Z,8,Detroit Lions,15,Miami Dolphins,8,Detroit Lions,3894901,Ezekiel Turner,LB,Washington,"{'city': 'Pasadena', 'state': 'MD', 'country': 'USA'}",8
2025-08-14,2025-08-18,401776264,2025-08-16T17:00Z,8,Detroit Lions,15,Miami Dolphins,8,Detroit Lions,4249608,Isaac Ukwu,DE,Ole Miss,"{'city': 'Upper Marlboro', 'state': 'MD', 'country': 'USA'}",1
2025-08-14,2025-08-18,401776264,2025-08-16T17:00Z,8,Detroit Lions,15,Miami Dolphins,8,Detroit Lions,5143915,Nick Whiteside,CB,Saginaw Valley State,,1
2025-08-14,2025-08-18,401776264,2025-08-16T17:00Z,8,Detroit Lions,15,Miami Dolphins,8,Detroit Lions,4431615,Tyleik Williams,DT,Ohio State,"{'city': 'Manassas', 'state': 'VA', 'country': 'USA'}",
2025-08-14,2025-08-18,401776264,2025-08-16T17:00Z,8,Detroit Lions,15,Miami Dolphins,8,Detroit Lions,4586333,Mekhi Wingo,DT,LSU,"{'city': 'St. Louis', 'state': 'MO', 'country': 'USA'}",2
2025-08-14,2025-08-18,401776264,2025-08-16T17:00Z,8,Detroit Lions,15,Miami Dolphins,8,Detroit Lions,3910229,Rock Ya-Sin,CB,Temple,"{'city': 'Decatur', 'state': 'GA', 'country': 'USA'}",7
2025-08-14,2025-08-18,401776264,2025-08-16T17:00Z,8,Detroit Lions,15,Miami Dolphins,8,Detroit Lions,4689936,Jake Bates,PK,Arkansas,"{'city': 'Tomball', 'state': 'TX', 'country': 'USA'}",2
2025-08-14,2025-08-18,401776264,2025-08-16T17:00Z,8,Detroit Lions,15,Miami Dolphins,8,Detroit Lions,3916370,Jack Fox,P,Rice,"{'city': 'St. Louis', 'state': 'MO', 'country': 'USA'}",6
2025-08-14,2025-08-18,401776264,2025-08-16T17:00Z,8,Detroit Lions,15,Miami Dolphins,8,Detroit Lions,4571755,Hogan Hatten,LS,Idaho,"{'city': 'Scottsdale', 'state': 'AZ', 'country': 'USA'}",2
2025-08-14,2025-08-18,401776264,2025-08-16T17:00Z,8,Detroit Lions,15,Miami Dolphins,8,Detroit Lions,4034835,Dicaprio Bootle,CB,Nebraska,"{'city': 'Miami', 'state': 'FL', 'country': 'USA'}",3
2025-08-14,2025-08-18,401776264,2025-08-16T17:00Z,8,Detroit Lions,15,Miami Dolphins,8,Detroit Lions,3124112,Justin Herron,OT,Wake Forest,"{'city': 'Silver Spring', 'state': 'MD', 'country': 'USA'}",6
2025-08-14,2025-08-18,401776264,2025-08-16T17:00Z,8,Detroit Lions,15,Miami Dolphins,8,Detroit Lions,4575115,Dan Jackson,S,Georgia,"{'city': 'Gainesville', 'state': 'GA', 'country': 'USA'}",
2025-08-14,2025-08-18,401776264,2025-08-16T17:00Z,8,Detroit Lions,15,Miami Dolphins,8,Detroit Lions,4566092,Ennis Rakestraw Jr.,CB,Missouri,"{'city': 'Dallas', 'state': 'TX', 'country': 'USA'}",2
2025-08-14,2025-08-18,401776264,2025-08-16T17:00Z,8,Detroit Lions,15,Miami Dolphins,8,Detroit Lions,4880638,Kye Robichaux,RB,Boston College,"{'city': 'Columbus', 'state': 'GA', 'country': 'USA'}",
2025-08-14,2025-08-18,401776264,2025-08-16T17:00Z,8,Detroit Lions,15,Miami Dolphins,8,Detroit Lions,4367775,Colby Sorsdal,OT,William & Mary,"{'city': 'Pittsburgh', 'state': 'PA', 'country': 'USA'}",3
2025-08-14,2025-08-18,401776264,2025-08-16T17:00Z,8,Detroit Lions,15,Miami Dolphins,8,Detroit Lions,4044144,Kenny Yeboah,TE,Ole Miss,"{'city': 'Allentown', 'state': 'PA', 'country': 'USA'}",5
2025-08-14,2025-08-18,401776264,2025-08-16T17:00Z,8,Detroit Lions,15,Miami Dolphins,15,Miami Dolphins,4429160,De'Von Achane,RB,Texas A&M,"{'city': 'Missouri City', 'state': 'TX', 'country': 'USA'}",3
2025-08-14,2025-08-18,401776264,2025-08-16T17:00Z,8,Detroit Lions,15,Miami Dolphins,15,Miami Dolphins,5093923,Andrew Armstrong,WR,Arkansas,"{'city': 'Dallas', 'state': 'TX', 'country': 'USA'}",
2025-08-14,2025-08-18,401776264,2025-08-16T17:00Z,8,Detroit Lions,15,Miami Dolphins,15,Miami Dolphins,3139033,Mike Boone,RB,Cincinnati,"{'city': 'Macclenny', 'state': 'FL', 'country': 'USA'}",8
2025-08-14,2025-08-18,401776264,2025-08-16T17:00Z,8,Detroit Lions,15,Miami Dolphins,15,Miami Dolphins,4241217,Larry Borom,OT,Missouri,"{'city': 'Detroit', 'state': 'MI', 'country': 'USA'}",5
2025-08-14,2025-08-18,401776264,2025-08-16T17:00Z,8,Detroit Lions,15,Miami Dolphins,15,Miami Dolphins,4040537,Aaron Brewer,G,Texas State,"{'city': 'Dallas', 'state': 'TX', 'country': 'USA'}",6
2025-08-14,2025-08-18,401776264,2025-08-16T17:00Z,8,Detroit Lions,15,Miami Dolphins,15,Miami Dolphins,4363055,Mason Brooks,G,Ole Miss,"{'city': 'Cedar Park', 'state': 'TX', 'country': 'USA'}",1
2025-08-14,2025-08-18,401776264,2025-08-16T17:00Z,8,Detroit Lions,15,Miami Dolphins,15,Miami Dolphins,2971281,Pharaoh Brown,TE,Oregon,"{'city': 'Lyndhurst', 'state': 'OH', 'country': 'USA'}",8
2025-08-14,2025-08-18,401776264,2025-08-16T17:00Z,8,Detroit Lions,15,Miami Dolphins,15,Miami Dolphins,2976117,Daniel Brunskill,OT,San Diego State,"{'city': 'Valley Center', 'state': 'CA', 'country': 'USA'}",7
2025-08-14,2025-08-18,401776264,2025-08-16T17:00Z,8,Detroit Lions,15,Miami Dolphins,15,Miami Dolphins,4360320,Jackson Carman,OT,Clemson,"{'city': 'Fairfield', 'state': 'OH', 'country': 'USA'}",5
2025-08-14,2025-08-18,401776264,2025-08-16T17:00Z,8,Detroit Lions,15,Miami Dolphins,15,Miami Dolphins,4047422,Tanner Conner,TE,Idaho State,"{'city': 'Kent', 'state': 'WA', 'country': 'USA'}",3
2025-08-14,2025-08-18,401776264,2025-08-16T17:00Z,8,Detroit Lions,15,Miami Dolphins,15,Miami Dolphins,4361003,Braeden Daniels,OT,Utah,"{'city': 'Carrollton', 'state': 'TX', 'country': 'USA'}",2
2025-08-14,2025-08-18,401776264,2025-08-16T17:00Z,8,Detroit Lions,15,Miami Dolphins,15,Miami Dolphins,3894849,James Daniels,G,Iowa,"{'city': 'Warren', 'state': 'OH', 'country': 'USA'}",8
2025-08-14,2025-08-18,401776264,2025-08-16T17:00Z,8,Detroit Lions,15,Miami Dolphins,15,Miami Dolphins,4046694,Liam Eichenberg,OT,Notre Dame,"{'city': 'Cleveland', 'state': 'OH', 'country': 'USA'}",5
2025-08-14,2025-08-18,401776264,2025-08-16T17:00Z,8,Detroit Lions,15,Miami Dolphins,15,Miami Dolphins,4043016,Dee Eskridge,WR,Western Michigan,"{'city': 'Bluffton', 'state': 'IN', 'country': 'USA'}",5
2025-08-14,2025-08-18,401776264,2025-08-16T17:00Z,8,Detroit Lions,15,Miami Dolphins,15,Miami Dolphins,4889929,Quinn Ewers,QB,Texas,"{'city': 'Southlake', 'state': 'TX', 'country': 'USA'}",
2025-08-14,2025-08-18,401776264,2025-08-16T17:00Z,8,Detroit Lions,15,Miami Dolphins,15,Miami Dolphins,4362186,Erik Ezukanma,WR,Texas Tech,"{'city': 'Fort Worth', 'state': 'TX', 'country': 'USA'}",3
2025-08-14,2025-08-18,401776264,2025-08-16T17:00Z,8,Detroit Lions,15,Miami Dolphins,15,Miami Dolphins,4711533,Ollie Gordon II,RB,Oklahoma State,"{'city': 'Fort Worth', 'state': 'TX', 'country': 'USA'}",
2025-08-14,2025-08-18,401776264,2025-08-16T17:00Z,8,Detroit Lions,15,Miami Dolphins,15,Miami Dolphins,4372091,Ryan Hayes,OT,Michigan,"{'city': 'Traverse City', 'state': 'MI', 'country': 'USA'}",1
2025-08-14,2025-08-18,401776264,2025-08-16T17:00Z,8,Detroit Lions,15,Miami Dolphins,15,Miami Dolphins,4429053,AJ Henning,WR,Northwestern,"{'city': 'Frankfort', 'state': 'IL', 'country': 'USA'}",
2025-08-14,2025-08-18,401776264,2025-08-16T17:00Z,8,Detroit Lions,15,Miami Dolphins,15,Miami Dolphins,4365395,Julian Hill,TE,Campbell,"{'city': 'Fayetteville', 'state': 'NC', 'country': 'USA'}",3
2025-08-14,2025-08-18,401776264,2025-08-16T17:00Z,8,Detroit Lions,15,Miami Dolphins,15,Miami Dolphins,3116406,Tyreek Hill,WR,West Alabama,"{'city': 'Pearson', 'state': 'GA', 'country': 'USA'}",10
2025-08-14,2025-08-18,401776264,2025-08-16T17:00Z,8,Detroit Lions,15,Miami Dolphins,15,Miami Dolphins,3917668,Alec Ingold,FB,Wisconsin,"{'city': 'Green Bay', 'state': 'WI', 'country': 'USA'}",7
2025-08-14,2025-08-18,401776264,2025-08-16T17:00Z,8,Detroit Lions,15,Miami Dolphins,15,Miami Dolphins,4271632,Austin Jackson,G,USC,"{'city': 'Phoenix', 'state': 'AZ', 'country': 'USA'}",6
2025-08-14,2025-08-18,401776264,2025-08-16T17:00Z,8,Detroit Lions,15,Miami Dolphins,15,Miami Dolphins,4612507,Bayron Matos,OT,South Florida,"{'city': 'Santo Domingo', 'country': 'Dominican Republic'}",1
2025-08-14,2025-08-18,401776264,2025-08-16T17:00Z,8,Detroit Lions,15,Miami Dolphins,15,Miami Dolphins,4259644,Jalen McKenzie,OT,USC,"{'city': 'Concord', 'state': 'CA', 'country': 'USA'}",1
2025-08-14,2025-08-18,401776264,2025-08-16T17:00Z,8,Detroit Lions,15,Miami Dolphins,15,Miami Dolphins,4362064,Andrew Meyer,C,UTEP,"{'city': 'San Marcos', 'state': 'CA', 'country': 'USA'}",2
2025-08-14,2025-08-18,401776264,2025-08-16T17:00Z,8,Detroit Lions,15,Miami Dolphins,15,Miami Dolphins,3138744,Chris Myarick,TE,Temple,"{'city': 'Elkins Park', 'state': 'PA', 'country': 'USA'}",4
2025-08-14,2025-08-18,401776264,2025-08-16T17:00Z,8,Detroit Lions,15,Miami Dolphins,15,Miami Dolphins,4567493,Patrick Paul,OT,Houston,"{'city': 'Houston', 'state': 'TX', 'country': 'USA'}",2
2025-08-14,2025-08-18,401776264,2025-08-16T17:00Z,8,Detroit Lions,15,Miami Dolphins,15,Miami Dolphins,4432503,Josh Priebe,G,Michigan,"{'city': 'Niles', 'state': 'MI', 'country': 'USA'}",
2025-08-14,2025-08-18,401776264,2025-08-16T17:00Z,8,Detroit Lions,15,Miami Dolphins,15,Miami Dolphins,4428396,Hayden Rucci,TE,Wisconsin,"{'city': 'Lititz', 'state': 'PA', 'country': 'USA'}",1
2025-08-14,2025-08-18,401776264,2025-08-16T17:00Z,8,Detroit Lions,15,Miami Dolphins,15,Miami Dolphins,4819257,Jonah Savaiinaea,G,Arizona,"{'city': 'Tafuna', 'country': 'American Samoa'}",
2025-08-14,2025-08-18,401776264,2025-08-16T17:00Z,8,Detroit Lions,15,Miami Dolphins,15,Miami Dolphins,4248068,Aaron Shampklin,RB,Harvard,"{'city': 'Paramount', 'state': 'CA', 'country': 'USA'}",1
2025-08-14,2025-08-18,401776264,2025-08-16T17:00Z,8,Detroit Lions,15,Miami Dolphins,15,Miami Dolphins,4058521,Kion Smith,OT,Fayetteville State,"{'city': 'Livermore Falls', 'state': 'ME', 'country': 'USA'}",3
2025-08-14,2025-08-18,401776264,2025-08-16T17:00Z,8,Detroit Lions,15,Miami Dolphins,15,Miami Dolphins,4241479,Tua Tagovailoa,QB,Alabama,"{'city': 'Ewa Beach', 'state': 'HI', 'country': 'USA'}",6
2025-08-14,2025-08-18,401776264,2025-08-16T17:00Z,8,Detroit Lions,15,Miami Dolphins,15,Miami Dolphins,4372016,Jaylen Waddle,WR,Alabama,"{'city': 'Houston', 'state': 'TX', 'country': 'USA'}",5
2025-08-14,2025-08-18,401776264,2025-08-16T17:00Z,8,Detroit Lions,15,Miami Dolphins,15,Miami Dolphins,2576925,Darren Waller,TE,Georgia Tech,"{'city': 'Acworth', 'state': 'GA', 'country': 'USA'}",8
2025-08-14,2025-08-18,401776264,2025-08-16T17:00Z,8,Detroit Lions,15,Miami Dolphins,15,Miami Dolphins,4569603,Malik Washington,WR,Virginia,"{'city': 'Lawrenceville', 'state': 'GA', 'country': 'USA'}",2
2025-08-14,2025-08-18,401776264,2025-08-16T17:00Z,8,Detroit Lions,15,Miami Dolphins,15,Miami Dolphins,4567506,Tahj Washington,WR,USC,"{'city': 'Marshall', 'state': 'TX', 'country': 'USA'}",2
2025-08-14,2025-08-18,401776264,2025-08-16T17:00Z,8,Detroit Lions,15,Miami Dolphins,15,Miami Dolphins,4426535,Theo Wease Jr.,WR,Missouri,"{'city': 'Allen', 'state': 'TX', 'country': 'USA'}",
2025-08-14,2025-08-18,401776264,2025-08-16T17:00Z,8,Detroit Lions,15,Miami Dolphins,15,Miami Dolphins,4428823,Addison West,G,Western Michigan,"{'city': 'Cary', 'state': 'IL', 'country': 'USA'}",
2025-08-14,2025-08-18,401776264,2025-08-16T17:00Z,8,Detroit Lions,15,Miami Dolphins,15,Miami Dolphins,3929785,Nick Westbrook-Ikhine,WR,Indiana,"{'city': 'Lake Mary', 'state': 'FL', 'country': 'USA'}",6
2025-08-14,2025-08-18,401776264,2025-08-16T17:00Z,8,Detroit Lions,15,Miami Dolphins,15,Miami Dolphins,4361259,Zach Wilson,QB,BYU,"{'city': 'Draper', 'state': 'UT', 'country': 'USA'}",5
2025-08-14,2025-08-18,401776264,2025-08-16T17:00Z,8,Detroit Lions,15,Miami Dolphins,15,Miami Dolphins,4682745,Jaylen Wright,RB,Tennessee,"{'city': 'Durham', 'state': 'NC', 'country': 'USA'}",2
2025-08-14,2025-08-18,401776264,2025-08-16T17:00Z,8,Detroit Lions,15,Miami Dolphins,15,Miami Dolphins,4685826,BJ Adams,CB,UCF,"{'city': 'Atlanta', 'state': 'GA', 'country': 'USA'}",
2025-08-14,2025-08-18,401776264,2025-08-16T17:00Z,8,Detroit Lions,15,Miami Dolphins,15,Miami Dolphins,3123963,Cornell Armstrong,CB,Southern Miss,"{'city': 'Bassfield', 'state': 'MS', 'country': 'USA'}",5
2025-08-14,2025-08-18,401776264,2025-08-16T17:00Z,8,Detroit Lions,15,Miami Dolphins,15,Miami Dolphins,4427532,Eugene Asante,LB,Auburn,"{'city': 'Alexandria', 'state': 'VA', 'country': 'USA'}",
2025-08-14,2025-08-18,401776264,2025-08-16T17:00Z,8,Detroit Lions,15,Miami Dolphins,15,Miami Dolphins,3933407,Quinton Bell,LB,Prairie View A&M,"{'city': 'Long Beach', 'state': 'CA', 'country': 'USA'}",4
2025-08-14,2025-08-18,401776264,2025-08-16T17:00Z,8,Detroit Lions,15,Miami Dolphins,15,Miami Dolphins,4683276,Zeek Biggers,DT,Georgia Tech,"{'city': 'Salisbury', 'state': 'NC', 'country': 'USA'}",
2025-08-14,2025-08-18,401776264,2025-08-16T17:00Z,8,Detroit Lions,15,Miami Dolphins,15,Miami Dolphins,4360746,Ethan Bonner,CB,Stanford,"{'city': 'The Woodlands', 'state': 'TX', 'country': 'USA'}",2
2025-08-14,2025-08-18,401776264,2025-08-16T17:00Z,8,Detroit Lions,15,Miami Dolphins,15,Miami Dolphins,4242521,K.J. Britt,LB,Auburn,"{'city': 'Oxford', 'state': 'AL', 'country': 'USA'}",5
2025-08-14,2025-08-18,401776264,2025-08-16T17:00Z,8,Detroit Lions,15,Miami Dolphins,15,Miami Dolphins,4043130,Jordyn Brooks,LB,Texas Tech,"{'city': 'Houston', 'state': 'TX', 'country': 'USA'}",6
2025-08-14,2025-08-18,401776264,2025-08-16T17:00Z,8,Detroit Lions,15,Miami Dolphins,15,Miami Dolphins,4242457,Matthew Butler,DT,Tennessee,"{'city': 'Raleigh', 'state': 'NC', 'country': 'USA'}",3
2025-08-14,2025-08-18,401776264,2025-08-16T17:00Z,8,Detroit Lions,15,Miami Dolphins,15,Miami Dolphins,3932901,Elijah Campbell,S,Northern Iowa,"{'city': 'Saint Paul', 'state': 'MN', 'country': 'USA'}",6
2025-08-14,2025-08-18,401776264,2025-08-16T17:00Z,8,Detroit Lions,15,Miami Dolphins,15,Miami Dolphins,3116733,Bradley Chubb,LB,NC State,"{'city': 'Marietta', 'state': 'GA', 'country': 'USA'}",8
2025-08-14,2025-08-18,401776264,2025-08-16T17:00Z,8,Detroit Lions,15,Miami Dolphins,15,Miami Dolphins,4367504,Jordan Colbert,S,Rhode Island,"{'city': 'Clinton', 'state': 'MD', 'country': 'USA'}",1
2025-08-14,2025-08-18,401776264,2025-08-16T17:00Z,8,Detroit Lions,15,Miami Dolphins,15,Miami Dolphins,4035385,Cameron Dantzler Sr.,CB,Mississippi State,"{'city': 'Hammond', 'state': 'LA', 'country': 'USA'}",5
2025-08-14,2025-08-18,401776264,2025-08-16T17:00Z,8,Detroit Lions,15,Miami Dolphins,15,Miami Dolphins,3858271,Ashtyn Davis,S,California,"{'city': 'Santa Cruz', 'state': 'CA', 'country': 'USA'}",6
2025-08-14,2025-08-18,401776264,2025-08-16T17:00Z,8,Detroit Lions,15,Miami Dolphins,15,Miami Dolphins,3134316,Matt Dickerson,DE,UCLA,"{'city': 'San Mateo', 'state': 'CA', 'country': 'USA'}",5
2025-08-14,2025-08-18,401776264,2025-08-16T17:00Z,8,Detroit Lions,15,Miami Dolphins,15,Miami Dolphins,4035232,Tyrel Dodson,LB,Texas A&M,"{'city': 'Franklin', 'state': 'TN', 'country': 'USA'}",6
2025-08-14,2025-08-18,401776264,2025-08-16T17:00Z,8,Detroit Lions,15,Miami Dolphins,15,Miami Dolphins,4427103,Storm Duck,CB,Louisville,"{'city': 'Boiling Springs', 'state': 'NC', 'country': 'USA'}",2
2025-08-14,2025-08-18,401776264,2025-08-16T17:00Z,8,Detroit Lions,15,Miami Dolphins,15,Miami Dolphins,3925345,Minkah Fitzpatrick,S,Alabama,"{'city': 'Old Bridge', 'state': 'NJ', 'country': 'USA'}",8
2025-08-14,2025-08-18,401776264,2025-08-16T17:00Z,8,Detroit Lions,15,Miami Dolphins,15,Miami Dolphins,4259804,Willie Gay Jr.,LB,Mississippi State,"{'city': 'Starkville', 'state': 'MS', 'country': 'USA'}",6
2025-08-14,2025-08-18,401776264,2025-08-16T17:00Z,8,Detroit Lions,15,Miami Dolphins,15,Miami Dolphins,4035857,Cameron Goode,LB,California,"{'city': 'Spring', 'state': 'TX', 'country': 'USA'}",3
2025-08-14,2025-08-18,401776264,2025-08-16T17:00Z,8,Detroit Lions,15,Miami Dolphins,15,Miami Dolphins,4894654,Kenneth Grant,DT,Michigan,"{'city': 'Merrillville', 'state': 'IN', 'country': 'USA'}",
2025-08-14,2025-08-18,401776264,2025-08-16T17:00Z,8,Detroit Lions,15,Miami Dolphins,15,Miami Dolphins,2980383,Mike Hilton,CB,Ole Miss,"{'city': 'Fayetteville', 'state': 'GA', 'country': 'USA'}",9
2025-08-14,2025-08-18,401776264,2025-08-16T17:00Z,8,Detroit Lions,15,Miami Dolphins,15,Miami Dolphins,4430877,Alex Huntley,DT,South Carolina,"{'city': 'Blythewood', 'state': 'SC', 'country': 'USA'}",
2025-08-14,2025-08-18,401776264,2025-08-16T17:00Z,8,Detroit Lions,15,Miami Dolphins,15,Miami Dolphins,4361282,Dequan Jackson,LB,Colorado State,"{'city': 'Jacksonville', 'state': 'FL', 'country': 'USA'}",1
2025-08-14,2025-08-18,401776264,2025-08-16T17:00Z,8,Detroit Lions,15,Miami Dolphins,15,Miami Dolphins,4367699,Isaiah Johnson,CB,Syracuse,"{'city': 'Beverly Hills', 'state': 'MI', 'country': 'USA'}",1
2025-08-14,2025-08-18,401776264,2025-08-16T17:00Z,8,Detroit Lions,15,Miami Dolphins,15,Miami Dolphins,4035299,Benito Jones,DT,Ole Miss,"{'city': 'Waynesboro', 'state': 'MS', 'country': 'USA'}",5
2025-08-14,2025-08-18,401776264,2025-08-16T17:00Z,8,Detroit Lions,15,Miami Dolphins,15,Miami Dolphins,4035686,Jack Jones,CB,Arizona State,"{'city': 'Long Beach', 'state': 'CA', 'country': 'USA'}",4
2025-08-14,2025-08-18,401776264,2025-08-16T17:00Z,8,Detroit Lions,15,Miami Dolphins,15,Miami Dolphins,3961466,Matthew Judon,LB,Grand Valley State,"{'city': 'West Bloomfield', 'state': 'MI', 'country': 'USA'}",10
2025-08-14,2025-08-18,401776264,2025-08-16T17:00Z,8,Detroit Lions,15,Miami Dolphins,15,Miami Dolphins,4427677,Mohamed Kamara,LB,Colorado State,"{'city': 'Newark', 'state': 'NJ', 'country': 'USA'}",2
2025-08-14,2025-08-18,401776264,2025-08-16T17:00Z,8,Detroit Lions,15,Miami Dolphins,15,Miami Dolphins,4432730,Jason Marshall Jr.,CB,Florida,"{'city': 'Miami', 'state': 'FL', 'country': 'USA'}",
2025-08-14,2025-08-18,401776264,2025-08-16T17:00Z,8,Detroit Lions,15,Miami Dolphins,15,Miami Dolphins,4430153,Derrick McLendon,LB,Colorado,"{'city': 'Decatur', 'state': 'GA', 'country': 'USA'}",1
2025-08-14,2025-08-18,401776264,2025-08-16T17:00Z,8,Detroit Lions,15,Miami Dolphins,15,Miami Dolphins,4430158,Patrick McMorris,S,California,"{'city': 'Santa Ana', 'state': 'CA', 'country': 'USA'}",2
2025-08-14,2025-08-18,401776264,2025-08-16T17:00Z,8,Detroit Lions,15,Miami Dolphins,15,Miami Dolphins,4240401,Ifeatu Melifonwu,S,Syracuse,"{'city': 'South Grafton', 'state': 'MA', 'country': 'USA'}",5
2025-08-14,2025-08-18,401776264,2025-08-16T17:00Z,8,Detroit Lions,15,Miami Dolphins,15,Miami Dolphins,4428077,Grayson Murphy,LB,UCLA,"{'city': 'Dallas', 'state': 'TX', 'country': 'USA'}",2
2025-08-14,2025-08-18,401776264,2025-08-16T17:00Z,8,Detroit Lions,15,Miami Dolphins,15,Miami Dolphins,4242975,Jaelan Phillips,LB,Miami,"{'city': 'Redlands', 'state': 'CA', 'country': 'USA'}",5
2025-08-14,2025-08-18,401776264,2025-08-16T17:00Z,8,Detroit Lions,15,Miami Dolphins,15,Miami Dolphins,4837188,Jordan Phillips,DT,Maryland,"{'city': 'Ocoee', 'state': 'FL', 'country': 'USA'}",
2025-08-14,2025-08-18,401776264,2025-08-16T17:00Z,8,Detroit Lions,15,Miami Dolphins,15,Miami Dolphins,4431586,Chop Robinson,LB,Penn State,"{'city': 'Gaithersburg', 'state': 'MD', 'country': 'USA'}",2
2025-08-14,2025-08-18,401776264,2025-08-16T17:00Z,8,Detroit Lions,15,Miami Dolphins,15,Miami Dolphins,4876614,Ethan Robinson,CB,Minnesota,"{'city': 'Montgomery', 'state': 'NY', 'country': 'USA'}",
2025-08-14,2025-08-18,401776264,2025-08-16T17:00Z,8,Detroit Lions,15,Miami Dolphins,15,Miami Dolphins,4608762,John Saunders Jr.,S,Ole Miss,"{'city': 'High Point', 'state': 'NC', 'country': 'USA'}",
2025-08-14,2025-08-18,401776264,2025-08-16T17:00Z,8,Detroit Lions,15,Miami Dolphins,15,Miami Dolphins,3925358,Kendall Sheffield,CB,Ohio State,"{'city': 'Missouri City', 'state': 'TX', 'country': 'USA'}",5
2025-08-14,2025-08-18,401776264,2025-08-16T17:00Z,8,Detroit Lions,15,Miami Dolphins,15,Miami Dolphins,3057956,Zach Sieler,DT,Ferris State,"{'city': 'Pinckney', 'state': 'MI', 'country': 'USA'}",8
2025-08-14,2025-08-18,401776264,2025-08-16T17:00Z,8,Detroit Lions,15,Miami Dolphins,15,Miami Dolphins,4570672,Cam Smith,CB,South Carolina,"{'city': 'Blythewood', 'state': 'SC', 'country': 'USA'}",3
2025-08-14,2025-08-18,401776264,2025-08-16T17:00Z,8,Detroit Lions,15,Miami Dolphins,15,Miami Dolphins,4034861,Ben Stille,DT,Nebraska,"{'city': 'Ashland', 'state': 'NE', 'country': 'USA'}",3
2025-08-14,2025-08-18,401776264,2025-08-16T17:00Z,8,Detroit Lions,15,Miami Dolphins,15,Miami Dolphins,4379414,Channing Tindall,LB,Georgia,"{'city': 'Columbia', 'state': 'SC', 'country': 'USA'}",4
2025-08-14,2025-08-18,401776264,2025-08-16T17:00Z,8,Detroit Lions,15,Miami Dolphins,15,Miami Dolphins,4431664,Dante Trader Jr.,S,Maryland,"{'city': 'Delmar', 'state': 'DE', 'country': 'USA'}",
2025-08-14,2025-08-18,401776264,2025-08-16T17:00Z,8,Detroit Lions,15,Miami Dolphins,15,Miami Dolphins,3931395,Jake Bailey,P,Stanford,"{'city': 'Solana Beach', 'state': 'CA', 'country': 'USA'}",7
2025-08-14,2025-08-18,401776264,2025-08-16T17:00Z,8,Detroit Lions,15,Miami Dolphins,15,Miami Dolphins,2575907,Joe Cardona,LS,Navy,"{'city': 'El Cajon', 'state': 'CA', 'country': 'USA'}",11
2025-08-14,2025-08-18,401776264,2025-08-16T17:00Z,8,Detroit Lions,15,Miami Dolphins,15,Miami Dolphins,3124679,Jason Sanders,PK,New Mexico,"{'city': 'Orange', 'state': 'CA', 'country': 'USA'}",8
2025-08-14,2025-08-18,401776264,2025-08-16T17:00Z,8,Detroit Lions,15,Miami Dolphins,15,Miami Dolphins,3051921,Artie Burns,CB,Miami,"{'city': 'Miami', 'state': 'FL', 'country': 'USA'}",10
2025-08-14,2025-08-18,401776264,2025-08-16T17:00Z,8,Detroit Lions,15,Miami Dolphins,15,Miami Dolphins,3116455,Yodny Cajuste,OT,West Virginia,"{'city': 'Miami', 'state': 'FL', 'country': 'USA'}",5
2025-08-14,2025-08-18,401776264,2025-08-16T17:00Z,8,Detroit Lions,15,Miami Dolphins,15,Miami Dolphins,4431044,Jalin Conyers,TE,Texas Tech,"{'city': 'Gruver', 'state': 'TX', 'country': 'USA'}",
2025-08-14,2025-08-18,401776264,2025-08-16T17:00Z,8,Detroit Lions,15,Miami Dolphins,15,Miami Dolphins,4243386,Obinna Eze,OT,TCU,"{'city': 'Nashville', 'state': 'TN', 'country': 'USA'}",1
2025-08-14,2025-08-18,401776264,2025-08-16T17:00Z,8,Detroit Lions,15,Miami Dolphins,15,Miami Dolphins,2972304,Germain Ifedi,G,Texas A&M,"{'city': 'Houston', 'state': 'TX', 'country': 'USA'}",10
2025-08-14,2025-08-18,401776264,2025-08-16T17:00Z,8,Detroit Lions,15,Miami Dolphins,15,Miami Dolphins,4291489,Kader Kohou,CB,East Texas A&M,"{'city': 'Euless', 'state': 'TX', 'country': 'USA'}",4
2025-08-14,2025-08-18,401776264,2025-08-16T17:00Z,8,Detroit Lions,15,Miami Dolphins,15,Miami Dolphins,4360213,Jason Maitre,CB,Wisconsin,"{'city': 'Everett', 'state': 'MA', 'country': 'USA'}",1
2025-08-14,2025-08-18,401776264,2025-08-16T17:00Z,8,Detroit Lions,15,Miami Dolphins,15,Miami Dolphins,4048244,Alexander Mattison,RB,Boise State,"{'city': 'San Bernardino', 'state': 'CA', 'country': 'USA'}",7
2025-08-14,2025-08-18,401773003,2025-08-16T17:00Z,11,Indianapolis Colts,9,Green Bay Packers,11,Indianapolis Colts,4429207,Ajou Ajou,WR,Garden City CC KS,"{'city': 'Brooks', 'state': 'AB', 'country': 'Canada'}",
2025-08-14,2025-08-18,401773003,2025-08-16T17:00Z,11,Indianapolis Colts,9,Green Bay Packers,11,Indianapolis Colts,2998565,Mo Alie-Cox,TE,VCU,"{'city': 'Alexandria', 'state': 'VA', 'country': 'USA'}",8
2025-08-14,2025-08-18,401773003,2025-08-16T17:00Z,11,Indianapolis Colts,9,Green Bay Packers,11,Indianapolis Colts,4360900,Jason Bean,QB,Kansas,"{'city': 'Mansfield', 'state': 'TX', 'country': 'USA'}",2
2025-08-14,2025-08-18,401773003,2025-08-16T17:00Z,11,Indianapolis Colts,9,Green Bay Packers,11,Indianapolis Colts,4426689,Ulysses Bentley IV,RB,Ole Miss,"{'city': 'Houston', 'state': 'TX', 'country': 'USA'}",
2025-08-14,2025-08-18,401773003,2025-08-16T17:00Z,11,Indianapolis Colts,9,Green Bay Packers,11,Indianapolis Colts,4430957,Tanor Bortolini,G,Wisconsin,"{'city': 'Kewaunee', 'state': 'WI', 'country': 'USA'}",2
2025-08-14,2025-08-18,401773003,2025-08-16T17:00Z,11,Indianapolis Colts,9,Green Bay Packers,11,Indianapolis Colts,4688813,Josh Downs,WR,North Carolina,"{'city': 'Suwanee', 'state': 'GA', 'country': 'USA'}",3
2025-08-14,2025-08-18,401773003,2025-08-16T17:00Z,11,Indianapolis Colts,9,Green Bay Packers,11,Indianapolis Colts,4061956,Ashton Dulin,WR,Malone,"{'city': 'Reynoldsburg', 'state': 'OH', 'country': 'USA'}",7
2025-08-14,2025-08-18,401773003,2025-08-16T17:00Z,11,Indianapolis Colts,9,Green Bay Packers,11,Indianapolis Colts,4608357,Marshall Foerner,OT,Minnesota State,"{'city': 'Plano', 'state': 'IL', 'country': 'USA'}",
2025-08-14,2025-08-18,401773003,2025-08-16T17:00Z,11,Indianapolis Colts,9,Green Bay Packers,11,Indianapolis Colts,3916746,Wesley French,C,Western Michigan,"{'city': 'Benton Harbor', 'state': 'MI', 'country': 'USA'}",4
2025-08-14,2025-08-18,401773003,2025-08-16T17:00Z,11,Indianapolis Colts,9,Green Bay Packers,11,Indianapolis Colts,4874509,DJ Giddens,RB,Kansas State,"{'city': 'Junction City', 'state': 'KS', 'country': 'USA'}",
2025-08-14,2025-08-18,401773003,2025-08-16T17:00Z,11,Indianapolis Colts,9,Green Bay Packers,11,Indianapolis Colts,4427298,Matt Goncalves,OT,Pittsburgh,"{'city': 'Manorville', 'state': 'NY', 'country': 'USA'}",2
2025-08-14,2025-08-18,401773003,2025-08-16T17:00Z,11,Indianapolis Colts,9,Green Bay Packers,11,Indianapolis Colts,4429676,Tyler Goodson,RB,Iowa,"{'city': 'Suwanee', 'state': 'GA', 'country': 'USA'}",3
2025-08-14,2025-08-18,401773003,2025-08-16T17:00Z,11,Indianapolis Colts,9,Green Bay Packers,11,Indianapolis Colts,4429684,Anthony Gould,WR,Oregon State,"{'city': 'Leavenworth', 'state': 'KS', 'country': 'USA'}",2
2025-08-14,2025-08-18,401773003,2025-08-16T17:00Z,11,Indianapolis Colts,9,Green Bay Packers,11,Indianapolis Colts,4035886,Khalil Herbert,RB,Virginia Tech,"{'city': 'Fort Lauderdale', 'state': 'FL', 'country': 'USA'}",5
2025-08-14,2025-08-18,401773003,2025-08-16T17:00Z,11,Indianapolis Colts,9,Green Bay Packers,11,Indianapolis Colts,4363547,Marcellus Johnson,OT,Missouri,"{'city': 'Normal', 'state': 'IL', 'country': 'USA'}",1
2025-08-14,2025-08-18,401773003,2025-08-16T17:00Z,11,Indianapolis Colts,9,Green Bay Packers,11,Indianapolis Colts,3917792,Daniel Jones,QB,Duke,"{'city': 'Charlotte', 'state': 'NC', 'country': 'USA'}",7
2025-08-14,2025-08-18,401773003,2025-08-16T17:00Z,11,Indianapolis Colts,9,Green Bay Packers,11,Indianapolis Colts,5279793,Tyler Kahmann,WR,Emporia State,"{'city': 'Haysville', 'state': 'KS', 'country': 'USA'}",
2025-08-14,2025-08-18,401773003,2025-08-16T17:00Z,11,Indianapolis Colts,9,Green Bay Packers,11,Indianapolis Colts,4683423,Riley Leonard,QB,Notre Dame,"{'city': 'Fairhope', 'state': 'AL', 'country': 'USA'}",
2025-08-14,2025-08-18,401773003,2025-08-16T17:00Z,11,Indianapolis Colts,9,Green Bay Packers,11,Indianapolis Colts,4362523,Will Mallory,TE,Miami,"{'city': 'Jacksonville', 'state': 'FL', 'country': 'USA'}",3
2025-08-14,2025-08-18,401773003,2025-08-16T17:00Z,11,Indianapolis Colts,9,Green Bay Packers,11,Indianapolis Colts,4608691,Maximilian Mang,TE,Syracuse,"{'city': 'Nuthetal', 'country': 'Germany'}",
2025-08-14,2025-08-18,401773003,2025-08-16T17:00Z,11,Indianapolis Colts,9,Green Bay Packers,11,Indianapolis Colts,4036275,Sean McKeon,TE,Michigan,"{'city': 'Dudley', 'state': 'MA', 'country': 'USA'}",5
2025-08-14,2025-08-18,401773003,2025-08-16T17:00Z,11,Indianapolis Colts,9,Green Bay Packers,11,Indianapolis Colts,4597500,Adonai Mitchell,WR,Texas,"{'city': 'Missouri City', 'state': 'TX', 'country': 'USA'}",2
2025-08-14,2025-08-18,401773003,2025-08-16T17:00Z,11,Indianapolis Colts,9,Green Bay Packers,11,Indianapolis Colts,3129308,Quenton Nelson,G,Notre Dame,"{'city': 'Holmdel', 'state': 'NJ', 'country': 'USA'}",8
2025-08-14,2025-08-18,401773003,2025-08-16T17:00Z,11,Indianapolis Colts,9,Green Bay Packers,11,Indianapolis Colts,4613032,Nate Noel,RB,Missouri,"{'city': 'Miami', 'state': 'FL', 'country': 'USA'}",
2025-08-14,2025-08-18,401773003,2025-08-16T17:00Z,11,Indianapolis Colts,9,Green Bay Packers,11,Indianapolis Colts,4722908,Drew Ogletree,TE,Youngstown State,"{'city': 'Dayton', 'state': 'OH', 'country': 'USA'}",4
2025-08-14,2025-08-18,401773003,2025-08-16T17:00Z,11,Indianapolis Colts,9,Green Bay Packers,11,Indianapolis Colts,4578436,Coleman Owen,WR,Ohio,"{'city': 'Gilbert', 'state': 'AZ', 'country': 'USA'}",
2025-08-14,2025-08-18,401773003,2025-08-16T17:00Z,11,Indianapolis Colts,9,Green Bay Packers,11,Indianapolis Colts,4370170,Landon Parker,WR,Troy,"{'city': 'Concord', 'state': 'NC', 'country': 'USA'}",
2025-08-14,2025-08-18,401773003,2025-08-16T17:00Z,11,Indianapolis Colts,9,Green Bay Packers,11,Indianapolis Colts,4360078,Alec Pierce,WR,Cincinnati,"{'city': 'Glen Ellyn', 'state': 'IL', 'country': 'USA'}",4
2025-08-14,2025-08-18,401773003,2025-08-16T17:00Z,11,Indianapolis Colts,9,Green Bay Packers,11,Indianapolis Colts,3915470,Danny Pinter,C,Ball State,"{'city': 'South Bend', 'state': 'IN', 'country': 'USA'}",6
2025-08-14,2025-08-18,401773003,2025-08-16T17:00Z,11,Indianapolis Colts,9,Green Bay Packers,11,Indianapolis Colts,4035687,Michael Pittman Jr.,WR,USC,"{'city': 'Woodland Hills', 'state': 'CA', 'country': 'USA'}",6
2025-08-14,2025-08-18,401773003,2025-08-16T17:00Z,11,Indianapolis Colts,9,Green Bay Packers,11,Indianapolis Colts,4362580,Bernhard Raimann,OT,Central Michigan,"{'city': 'Steinbrunn', 'country': 'Austria'}",4
2025-08-14,2025-08-18,401773003,2025-08-16T17:00Z,11,Indianapolis Colts,9,Green Bay Packers,11,Indianapolis Colts,4429084,Anthony Richardson Sr.,QB,Florida,"{'city': 'Gainesville', 'state': 'FL', 'country': 'USA'}",3
2025-08-14,2025-08-18,401773003,2025-08-16T17:00Z,11,Indianapolis Colts,9,Green Bay Packers,11,Indianapolis Colts,4039243,Josh Sills,G,Oklahoma State,"{'city': 'Sarahsville', 'state': 'OH', 'country': 'USA'}",3
2025-08-14,2025-08-18,401773003,2025-08-16T17:00Z,11,Indianapolis Colts,9,Green Bay Packers,11,Indianapolis Colts,3121595,Braden Smith,OT,Auburn,"{'city': 'Olathe', 'state': 'KS', 'country': 'USA'}",8
2025-08-14,2025-08-18,401773003,2025-08-16T17:00Z,11,Indianapolis Colts,9,Green Bay Packers,11,Indianapolis Colts,5083552,Blayne Taylor,WR,Abilene Christian,"{'city': 'Saginaw', 'state': 'TX', 'country': 'USA'}",
2025-08-14,2025-08-18,401773003,2025-08-16T17:00Z,11,Indianapolis Colts,9,Green Bay Packers,11,Indianapolis Colts,4242335,Jonathan Taylor,RB,Wisconsin,"{'city': 'Salem', 'state': 'NJ', 'country': 'USA'}",6
2025-08-14,2025-08-18,401773003,2025-08-16T17:00Z,11,Indianapolis Colts,9,Green Bay Packers,11,Indianapolis Colts,4361979,Luke Tenuta,OT,Virginia Tech,"{'city': 'Crozet', 'state': 'VA', 'country': 'USA'}",3
2025-08-14,2025-08-18,401773003,2025-08-16T17:00Z,11,Indianapolis Colts,9,Green Bay Packers,11,Indianapolis Colts,4892240,Jalen Travis,OT,Iowa State,"{'city': 'Minneapolis', 'state': 'MN', 'country': 'USA'}",
2025-08-14,2025-08-18,401773003,2025-08-16T17:00Z,11,Indianapolis Colts,9,Green Bay Packers,11,Indianapolis Colts,3051889,Laquon Treadwell,WR,Ole Miss,"{'city': 'Crete', 'state': 'IL', 'country': 'USA'}",9
2025-08-14,2025-08-18,401773003,2025-08-16T17:00Z,11,Indianapolis Colts,9,Green Bay Packers,11,Indianapolis Colts,4370363,Dalton Tucker,G,Marshall,"{'city': 'Paris', 'state': 'KY', 'country': 'USA'}",2
2025-08-14,2025-08-18,401773003,2025-08-16T17:00Z,11,Indianapolis Colts,9,Green Bay Packers,11,Indianapolis Colts,4609783,Mose Vavao,C,Fresno State,"{'city': 'Newark', 'state': 'CA', 'country': 'USA'}",
2025-08-14,2025-08-18,401773003,2025-08-16T17:00Z,11,Indianapolis Colts,9,Green Bay Packers,11,Indianapolis Colts,4431459,Tyler Warren,TE,Penn State,"{'city': 'Mechanicsville', 'state': 'VA', 'country': 'USA'}",
2025-08-14,2025-08-18,401773003,2025-08-16T17:00Z,11,Indianapolis Colts,9,Green Bay Packers,11,Indianapolis Colts,4241410,Jelani Woods,TE,Virginia,"{'city': 'Ellenwood', 'state': 'GA', 'country': 'USA'}",4
2025-08-14,2025-08-18,401773003,2025-08-16T17:00Z,11,Indianapolis Colts,9,Green Bay Packers,11,Indianapolis Colts,4567400,Nay'Quan Wright,RB,South Florida,"{'city': 'Opa Locka', 'state': 'FL', 'country': 'USA'}",
2025-08-14,2025-08-18,401773003,2025-08-16T17:00Z,11,Indianapolis Colts,9,Green Bay Packers,11,Indianapolis Colts,4427635,Adetomiwa Adebawore,DT,Northwestern,"{'city': 'Kansas City', 'state': 'MO', 'country': 'USA'}",3
2025-08-14,2025-08-18,401773003,2025-08-16T17:00Z,11,Indianapolis Colts,9,Green Bay Packers,11,Indianapolis Colts,4374171,Austin Ajiake,LB,UNLV,"{'city': 'Fremont', 'state': 'CA', 'country': 'USA'}",1
2025-08-14,2025-08-18,401773003,2025-08-16T17:00Z,11,Indianapolis Colts,9,Green Bay Packers,11,Indianapolis Colts,4036507,Joe Bachie,LB,Michigan State,"{'city': 'Brook Park', 'state': 'OH', 'country': 'USA'}",6
2025-08-14,2025-08-18,401773003,2025-08-16T17:00Z,11,Indianapolis Colts,9,Green Bay Packers,11,Indianapolis Colts,4360488,JuJu Brents,CB,Kansas State,"{'city': 'Indianapolis', 'state': 'IN', 'country': 'USA'}",3
2025-08-14,2025-08-18,401773003,2025-08-16T17:00Z,11,Indianapolis Colts,9,Green Bay Packers,11,Indianapolis Colts,2971282,DeForest Buckner,DT,Oregon,"{'city': 'Waianae', 'state': 'HI', 'country': 'USA'}",10
2025-08-14,2025-08-18,401773003,2025-08-16T17:00Z,11,Indianapolis Colts,9,Green Bay Packers,11,Indianapolis Colts,4035861,Cam Bynum,S,California,"{'city': 'Corona', 'state': 'CA', 'country': 'USA'}",5
2025-08-14,2025-08-18,401773003,2025-08-16T17:00Z,11,Indianapolis Colts,9,Green Bay Packers,11,Indianapolis Colts,4601021,Jaylon Carlies,LB,Missouri,"{'city': 'Orlando', 'state': 'FL', 'country': 'USA'}",2
2025-08-14,2025-08-18,401773003,2025-08-16T17:00Z,11,Indianapolis Colts,9,Green Bay Packers,11,Indianapolis Colts,4682568,Jake Chaney,LB,Wisconsin,"{'city': 'Cape Coral', 'state': 'FL', 'country': 'USA'}",
2025-08-14,2025-08-18,401773003,2025-08-16T17:00Z,11,Indianapolis Colts,9,Green Bay Packers,11,Indianapolis Colts,4426403,Nick Cross,S,Maryland,"{'city': 'Bowie', 'state': 'MD', 'country': 'USA'}",4
2025-08-14,2025-08-18,401773003,2025-08-16T17:00Z,11,Indianapolis Colts,9,Green Bay Packers,11,Indianapolis Colts,4574833,Devonta Davis,DT,Florida Atlantic,"{'city': 'Union Springs', 'state': 'AL', 'country': 'USA'}",
2025-08-14,2025-08-18,401773003,2025-08-16T17:00Z,11,Indianapolis Colts,9,Green Bay Packers,11,Indianapolis Colts,4431065,Solomon DeShields,LB,Texas A&M,"{'city': 'Millville', 'state': 'NJ', 'country': 'USA'}",
2025-08-14,2025-08-18,401773003,2025-08-16T17:00Z,11,Indianapolis Colts,9,Green Bay Packers,11,Indianapolis Colts,3045527,Samson Ebukam,DE,Eastern Washington,"{'city': 'Portland', 'state': 'OR', 'country': 'USA'}",9
2025-08-14,2025-08-18,401773003,2025-08-16T17:00Z,11,Indianapolis Colts,9,Green Bay Packers,11,Indianapolis Colts,4695991,Johnathan Edwards,CB,Tulane,"{'city': 'St. Louis', 'state': 'MO', 'country': 'USA'}",
2025-08-14,2025-08-18,401773003,2025-08-16T17:00Z,11,Indianapolis Colts,9,Green Bay Packers,11,Indianapolis Colts,3124005,Zaire Franklin,LB,Syracuse,"{'city': 'Philadelphia', 'state': 'PA', 'country': 'USA'}",8
2025-08-14,2025-08-18,401773003,2025-08-16T17:00Z,11,Indianapolis Colts,9,Green Bay Packers,11,Indianapolis Colts,3892883,Neville Gallimore,DT,Oklahoma,"{'city': 'St. Catharines', 'state': 'ON', 'country': 'Canada'}",6
2025-08-14,2025-08-18,401773003,2025-08-16T17:00Z,11,Indianapolis Colts,9,Green Bay Packers,11,Indianapolis Colts,4243507,Marcus Haynes,DE,Old Dominion,"{'city': 'Bowie', 'state': 'MD', 'country': 'USA'}",1
2025-08-14,2025-08-18,401773003,2025-08-16T17:00Z,11,Indianapolis Colts,9,Green Bay Packers,11,Indianapolis Colts,2978935,Xavien Howard,CB,Baylor,"{'city': 'Houston', 'state': 'TX', 'country': 'USA'}",9
2025-08-14,2025-08-18,401773003,2025-08-16T17:00Z,11,Indianapolis Colts,9,Green Bay Packers,11,Indianapolis Colts,4367181,Alex Johnson,CB,UCLA,"{'city': 'Carson', 'state': 'CA', 'country': 'USA'}",1
2025-08-14,2025-08-18,401773003,2025-08-16T17:00Z,11,Indianapolis Colts,9,Green Bay Packers,11,Indianapolis Colts,4050971,Eric Johnson II,DT,Missouri State,"{'city': 'Plainfield', 'state': 'IL', 'country': 'USA'}",4
2025-08-14,2025-08-18,401773003,2025-08-16T17:00Z,11,Indianapolis Colts,9,Green Bay Packers,11,Indianapolis Colts,4685145,Jaylon Jones,CB,Texas A&M,"{'city': 'Cibolo', 'state': 'TX', 'country': 'USA'}",3
2025-08-14,2025-08-18,401773003,2025-08-16T17:00Z,11,Indianapolis Colts,9,Green Bay Packers,11,Indianapolis Colts,3128630,Chris Lammons,CB,South Carolina,"{'city': 'Lauderhill', 'state': 'FL', 'country': 'USA'}",5
2025-08-14,2025-08-18,401773003,2025-08-16T17:00Z,11,Indianapolis Colts,9,Green Bay Packers,11,Indianapolis Colts,4574551,Isaiah Land,DE,Florida A&M,"{'city': 'Buffalo', 'state': 'NY', 'country': 'USA'}",3
2025-08-14,2025-08-18,401773003,2025-08-16T17:00Z,11,Indianapolis Colts,9,Green Bay Packers,11,Indianapolis Colts,4426473,Laiatu Latu,DE,UCLA,"{'city': 'Sacramento', 'state': 'CA', 'country': 'USA'}",2
2025-08-14,2025-08-18,401773003,2025-08-16T17:00Z,11,Indianapolis Colts,9,Green Bay Packers,11,Indianapolis Colts,3040513,Tyquan Lewis,DE,Ohio State,"{'city': 'Tarboro', 'state': 'NC', 'country': 'USA'}",8
2025-08-14,2025-08-18,401773003,2025-08-16T17:00Z,11,Indianapolis Colts,9,Green Bay Packers,11,Indianapolis Colts,4427813,Desmond Little,DE,UAB,"{'city': 'Prichard', 'state': 'AL', 'country': 'USA'}",
2025-08-14,2025-08-18,401773003,2025-08-16T17:00Z,11,Indianapolis Colts,9,Green Bay Packers,11,Indianapolis Colts,4683044,BJ Mayes,CB,Texas A&M,"{'city': 'Houston', 'state': 'TX', 'country': 'USA'}",
2025-08-14,2025-08-18,401773003,2025-08-16T17:00Z,11,Indianapolis Colts,9,Green Bay Packers,11,Indianapolis Colts,4372085,Cameron McGrone,LB,Michigan,"{'city': 'Indianapolis', 'state': 'IN', 'country': 'USA'}",3
2025-08-14,2025-08-18,401773003,2025-08-16T17:00Z,11,Indianapolis Colts,9,Green Bay Packers,11,Indianapolis Colts,4218312,Kenny Moore II,CB,Valdosta State,"{'city': 'Valdosta', 'state': 'GA', 'country': 'USA'}",9
2025-08-14,2025-08-18,401773003,2025-08-16T17:00Z,11,Indianapolis Colts,9,Green Bay Packers,11,Indianapolis Colts,4360638,Durell Nchami,DE,Maryland,"{'city': 'Silver Spring', 'state': 'MD', 'country': 'USA'}",1
2025-08-14,2025-08-18,401773003,2025-08-16T17:00Z,11,Indianapolis Colts,9,Green Bay Packers,11,Indianapolis Colts,4260703,Segun Olubi,LB,San Diego State,"{'city': 'Corona', 'state': 'CA', 'country': 'USA'}",3
2025-08-14,2025-08-18,401773003,2025-08-16T17:00Z,11,Indianapolis Colts,9,Green Bay Packers,11,Indianapolis Colts,4258194,Kwity Paye,DE,Michigan,"{'city': 'Conakry', 'country': 'Guinea'}",5
2025-08-14,2025-08-18,401773003,2025-08-16T17:00Z,11,Indianapolis Colts,9,Green Bay Packers,11,Indianapolis Colts,4242415,Daniel Scott,S,California,"{'city': 'Pasadena', 'state': 'CA', 'country': 'USA'}",3
2025-08-14,2025-08-18,401773003,2025-08-16T17:00Z,11,Indianapolis Colts,9,Green Bay Packers,11,Indianapolis Colts,3916126,Duke Shelley,CB,Kansas State,"{'city': 'Tucker', 'state': 'GA', 'country': 'USA'}",6
2025-08-14,2025-08-18,401773003,2025-08-16T17:00Z,11,Indianapolis Colts,9,Green Bay Packers,11,Indianapolis Colts,4692033,Tim Smith,DT,Alabama,"{'city': 'Gifford', 'state': 'FL', 'country': 'USA'}",
2025-08-14,2025-08-18,401773003,2025-08-16T17:00Z,11,Indianapolis Colts,9,Green Bay Packers,11,Indianapolis Colts,4058825,Grover Stewart,DT,Albany State,"{'city': 'Camilla', 'state': 'GA', 'country': 'USA'}",9
2025-08-14,2025-08-18,401773003,2025-08-16T17:00Z,11,Indianapolis Colts,9,Green Bay Packers,11,Indianapolis Colts,4433922,Ladarius Tennison,S,UCF,"{'city': 'Rockledge', 'state': 'FL', 'country': 'USA'}",
2025-08-14,2025-08-18,401773003,2025-08-16T17:00Z,11,Indianapolis Colts,9,Green Bay Packers,11,Indianapolis Colts,4248455,Rodney Thomas II,S,Yale,"{'city': 'Pittsburgh', 'state': 'PA', 'country': 'USA'}",4
2025-08-14,2025-08-18,401773003,2025-08-16T17:00Z,11,Indianapolis Colts,9,Green Bay Packers,11,Indianapolis Colts,4566154,JT Tuimoloau,DE,Ohio State,"{'city': 'Edgewood', 'state': 'WA', 'country': 'USA'}",
2025-08-14,2025-08-18,401773003,2025-08-16T17:00Z,11,Indianapolis Colts,9,Green Bay Packers,11,Indianapolis Colts,2979632,Josh Tupou,DT,Colorado,"{'city': 'Buena Park', 'state': 'CA', 'country': 'USA'}",7
2025-08-14,2025-08-18,401773003,2025-08-16T17:00Z,11,Indianapolis Colts,9,Green Bay Packers,11,Indianapolis Colts,4430632,Joseph Vaughn,LB,UCLA,"{'city': 'San Jose', 'state': 'CA', 'country': 'USA'}",
2025-08-14,2025-08-18,401773003,2025-08-16T17:00Z,11,Indianapolis Colts,9,Green Bay Packers,11,Indianapolis Colts,4037361,Charvarius Ward,CB,Middle Tennessee,"{'city': 'Mccomb', 'state': 'MS', 'country': 'USA'}",8
2025-08-14,2025-08-18,401773003,2025-08-16T17:00Z,11,Indianapolis Colts,9,Green Bay Packers,11,Indianapolis Colts,4599160,Trey Washington,S,Ole Miss,"{'city': 'Trussville', 'state': 'AL', 'country': 'USA'}",
2025-08-14,2025-08-18,401773003,2025-08-16T17:00Z,11,Indianapolis Colts,9,Green Bay Packers,11,Indianapolis Colts,4280416,Samuel Womack III,CB,Toledo,"{'city': 'Detroit', 'state': 'MI', 'country': 'USA'}",4
2025-08-14,2025-08-18,401773003,2025-08-16T17:00Z,11,Indianapolis Colts,9,Green Bay Packers,11,Indianapolis Colts,2566045,Luke Rhodes,LS,William & Mary,"{'city': 'Hollidaysburg', 'state': 'PA', 'country': 'USA'}",9
2025-08-14,2025-08-18,401773003,2025-08-16T17:00Z,11,Indianapolis Colts,9,Green Bay Packers,11,Indianapolis Colts,3914922,Rigoberto Sanchez,P,Hawai'i,"{'city': 'Hamilton City', 'state': 'CA', 'country': 'USA'}",9
2025-08-14,2025-08-18,401773003,2025-08-16T17:00Z,11,Indianapolis Colts,9,Green Bay Packers,11,Indianapolis Colts,4571557,Spencer Shrader,PK,Notre Dame,"{'city': 'Lithia', 'state': 'FL', 'country': 'USA'}",2
2025-08-14,2025-08-18,401773003,2025-08-16T17:00Z,11,Indianapolis Colts,9,Green Bay Packers,11,Indianapolis Colts,4879326,Maddux Trujillo,PK,Temple,"{'city': 'Flowery Branch', 'state': 'GA', 'country': 'USA'}",
2025-08-14,2025-08-18,401773003,2025-08-16T17:00Z,11,Indianapolis Colts,9,Green Bay Packers,11,Indianapolis Colts,4243315,Salvon Ahmed,RB,Washington,"{'city': 'Kirkland', 'state': 'WA', 'country': 'USA'}",5
2025-08-14,2025-08-18,401773003,2025-08-16T17:00Z,11,Indianapolis Colts,9,Green Bay Packers,11,Indianapolis Colts,4429636,Blake Freeland,OT,BYU,"{'city': 'Herriman', 'state': 'UT', 'country': 'USA'}",3
2025-08-14,2025-08-18,401773003,2025-08-16T17:00Z,11,Indianapolis Colts,9,Green Bay Packers,11,Indianapolis Colts,4249030,D.J. Montgomery,WR,Austin Peay,"{'city': 'Durant', 'state': 'MS', 'country': 'USA'}",4
2025-08-14,2025-08-18,401773003,2025-08-16T17:00Z,11,Indianapolis Colts,9,Green Bay Packers,11,Indianapolis Colts,4242206,Jacob Phillips,LB,LSU,"{'city': 'Nashville', 'state': 'TN', 'country': 'USA'}",5
2025-08-14,2025-08-18,401773003,2025-08-16T17:00Z,11,Indianapolis Colts,9,Green Bay Packers,11,Indianapolis Colts,4682909,Justin Walley,CB,Minnesota,"{'city': ""D'lberville"", 'state': 'MS', 'country': 'USA'}",
2025-08-14,2025-08-18,401773003,2025-08-16T17:00Z,11,Indianapolis Colts,9,Green Bay Packers,11,Indianapolis Colts,2517081,Jack Wilson,OT,Minnesota,"{'city': 'Montara', 'state': 'CA', 'country': 'USA'}",1
2025-08-14,2025-08-18,401773003,2025-08-16T17:00Z,11,Indianapolis Colts,9,Green Bay Packers,11,Indianapolis Colts,4432789,Hunter Wohler,S,Wisconsin,"{'city': 'Muskego', 'state': 'WI', 'country': 'USA'}",
2025-08-14,2025-08-18,401773003,2025-08-16T17:00Z,11,Indianapolis Colts,9,Green Bay Packers,9,Green Bay Packers,4429202,Israel Abanikanda,RB,Pittsburgh,"{'city': 'Brooklyn', 'state': 'NY', 'country': 'USA'}",3
2025-08-14,2025-08-18,401773003,2025-08-16T17:00Z,11,Indianapolis Colts,9,Green Bay Packers,9,Green Bay Packers,4068152,Kawaan Baker,WR,South Alabama,"{'city': 'Atlanta', 'state': 'GA', 'country': 'USA'}",1
2025-08-14,2025-08-18,401773003,2025-08-16T17:00Z,11,Indianapolis Colts,9,Green Bay Packers,9,Green Bay Packers,4242390,Aaron Banks,G,Notre Dame,"{'city': 'Alameda', 'state': 'CA', 'country': 'USA'}",5
2025-08-14,2025-08-18,401773003,2025-08-16T17:00Z,11,Indianapolis Colts,9,Green Bay Packers,9,Green Bay Packers,4426623,Brant Banks,OT,Rice,"{'city': 'Houston', 'state': 'TX', 'country': 'USA'}",
2025-08-14,2025-08-18,401773003,2025-08-16T17:00Z,11,Indianapolis Colts,9,Green Bay Packers,9,Green Bay Packers,4873706,Anthony Belton,OT,NC State,"{'city': 'Tallahassee', 'state': 'FL', 'country': 'USA'}",
2025-08-14,2025-08-18,401773003,2025-08-16T17:00Z,11,Indianapolis Colts,9,Green Bay Packers,9,Green Bay Packers,3149687,Chris Brooks,RB,BYU,"{'city': 'Oceanside', 'state': 'CA', 'country': 'USA'}",3
2025-08-14,2025-08-18,401773003,2025-08-16T17:00Z,11,Indianapolis Colts,9,Green Bay Packers,9,Green Bay Packers,4259592,Sean Clifford,QB,Penn State,"{'city': 'Cincinnati', 'state': 'OH', 'country': 'USA'}",2
2025-08-14,2025-08-18,401773003,2025-08-16T17:00Z,11,Indianapolis Colts,9,Green Bay Packers,9,Green Bay Packers,4429456,Tyler Cooper,G,Minnesota,"{'city': 'Saint Croix Falls', 'state': 'WI', 'country': 'USA'}",
2025-08-14,2025-08-18,401773003,2025-08-16T17:00Z,11,Indianapolis Colts,9,Green Bay Packers,9,Green Bay Packers,4426475,Tyrion Davis-Price,RB,LSU,"{'city': 'Baton Rouge', 'state': 'LA', 'country': 'USA'}",3
2025-08-14,2025-08-18,401773003,2025-08-16T17:00Z,11,Indianapolis Colts,9,Green Bay Packers,9,Green Bay Packers,4361432,Romeo Doubs,WR,Nevada,"{'city': 'Los Angeles', 'state': 'CA', 'country': 'USA'}",4
2025-08-14,2025-08-18,401773003,2025-08-16T17:00Z,11,Indianapolis Colts,9,Green Bay Packers,9,Green Bay Packers,5278103,Taylor Elgersma,QB,Wilfred Laurier,"{'city': 'London', 'state': 'ON', 'country': 'Canada'}",
2025-08-14,2025-08-18,401773003,2025-08-16T17:00Z,11,Indianapolis Colts,9,Green Bay Packers,9,Green Bay Packers,4379401,John FitzPatrick,TE,Georgia,"{'city': 'Atlanta', 'state': 'GA', 'country': 'USA'}",4
2025-08-14,2025-08-18,401773003,2025-08-16T17:00Z,11,Indianapolis Colts,9,Green Bay Packers,9,Green Bay Packers,4701936,Matthew Golden,WR,Texas,"{'city': 'Houston', 'state': 'TX', 'country': 'USA'}",
2025-08-14,2025-08-18,401773003,2025-08-16T17:00Z,11,Indianapolis Colts,9,Green Bay Packers,9,Green Bay Packers,4035004,Mecole Hardman,WR,Georgia,"{'city': 'Bowman', 'state': 'GA', 'country': 'USA'}",7
2025-08-14,2025-08-18,401773003,2025-08-16T17:00Z,11,Indianapolis Colts,9,Green Bay Packers,9,Green Bay Packers,4689334,Malik Heath,WR,Ole Miss,"{'city': 'Jackson', 'state': 'MS', 'country': 'USA'}",3
2025-08-14,2025-08-18,401773003,2025-08-16T17:00Z,11,Indianapolis Colts,9,Green Bay Packers,9,Green Bay Packers,4244768,Julian Hicks,WR,UAlbany,"{'city': 'Cleveland', 'state': 'OH', 'country': 'USA'}",1
2025-08-14,2025-08-18,401773003,2025-08-16T17:00Z,11,Indianapolis Colts,9,Green Bay Packers,9,Green Bay Packers,4361787,Trey Hill,C,Georgia,"{'city': 'Warner Robins', 'state': 'GA', 'country': 'USA'}",4
2025-08-14,2025-08-18,401773003,2025-08-16T17:00Z,11,Indianapolis Colts,9,Green Bay Packers,9,Green Bay Packers,4047365,Josh Jacobs,RB,Alabama,"{'city': 'Tulsa', 'state': 'OK', 'country': 'USA'}",7
2025-08-14,2025-08-18,401773003,2025-08-16T17:00Z,11,Indianapolis Colts,9,Green Bay Packers,9,Green Bay Packers,3115485,Elgton Jenkins,G,Mississippi State,"{'city': 'Clarksdale', 'state': 'MS', 'country': 'USA'}",7
2025-08-14,2025-08-18,401773003,2025-08-16T17:00Z,11,Indianapolis Colts,9,Green Bay Packers,9,Green Bay Packers,4360887,Donovan Jennings,G,South Florida,"{'city': 'Tampa', 'state': 'FL', 'country': 'USA'}",1
2025-08-14,2025-08-18,401773003,2025-08-16T17:00Z,11,Indianapolis Colts,9,Green Bay Packers,9,Green Bay Packers,4878878,Amar Johnson,RB,South Dakota State,"{'city': ""O' Fallon"", 'state': 'MO', 'country': 'USA'}",
2025-08-14,2025-08-18,401773003,2025-08-16T17:00Z,11,Indianapolis Colts,9,Green Bay Packers,9,Green Bay Packers,4426479,Cornelius Johnson,WR,Michigan,"{'city': 'Greenwich', 'state': 'CT', 'country': 'USA'}",1
2025-08-14,2025-08-18,401773003,2025-08-16T17:00Z,11,Indianapolis Colts,9,Green Bay Packers,9,Green Bay Packers,4572680,Tucker Kraft,TE,South Dakota State,"{'city': 'Timber Lake', 'state': 'SD', 'country': 'USA'}",3
2025-08-14,2025-08-18,401773003,2025-08-16T17:00Z,11,Indianapolis Colts,9,Green Bay Packers,9,Green Bay Packers,4427812,J.J. Lippe,G,Northern Illinois,"{'city': 'Milwaukee', 'state': 'WI', 'country': 'USA'}",
2025-08-14,2025-08-18,401773003,2025-08-16T17:00Z,11,Indianapolis Colts,9,Green Bay Packers,9,Green Bay Packers,4429023,MarShawn Lloyd,RB,USC,"{'city': 'Wilmington', 'state': 'DE', 'country': 'USA'}",2
2025-08-14,2025-08-18,401773003,2025-08-16T17:00Z,11,Indianapolis Colts,9,Green Bay Packers,9,Green Bay Packers,4036378,Jordan Love,QB,Utah State,"{'city': 'Bakersfield', 'state': 'CA', 'country': 'USA'}",6
2025-08-14,2025-08-18,401773003,2025-08-16T17:00Z,11,Indianapolis Colts,9,Green Bay Packers,9,Green Bay Packers,4363098,Johnny Lumpkin,TE,Louisiana,"{'city': 'Atlanta', 'state': 'GA', 'country': 'USA'}",1
2025-08-14,2025-08-18,401773003,2025-08-16T17:00Z,11,Indianapolis Colts,9,Green Bay Packers,9,Green Bay Packers,4428037,Jacob Monk,C,Duke,"{'city': 'Clayton', 'state': 'NC', 'country': 'USA'}",2
2025-08-14,2025-08-18,401773003,2025-08-16T17:00Z,11,Indianapolis Colts,9,Green Bay Packers,9,Green Bay Packers,3821571,Jordan Morgan,OT,Arizona,"{'city': 'Marana', 'state': 'AZ', 'country': 'USA'}",2
2025-08-14,2025-08-18,401773003,2025-08-16T17:00Z,11,Indianapolis Colts,9,Green Bay Packers,9,Green Bay Packers,4428085,Luke Musgrave,TE,Oregon State,"{'city': 'Bend', 'state': 'OR', 'country': 'USA'}",3
2025-08-14,2025-08-18,401773003,2025-08-16T17:00Z,11,Indianapolis Colts,9,Green Bay Packers,9,Green Bay Packers,4428116,Isaiah Neyor,WR,Nebraska,"{'city': 'Fort Worth', 'state': 'TX', 'country': 'USA'}",
2025-08-14,2025-08-18,401773003,2025-08-16T17:00Z,11,Indianapolis Colts,9,Green Bay Packers,9,Green Bay Packers,4362249,Jayden Reed,WR,Michigan State,"{'city': 'Naperville', 'state': 'IL', 'country': 'USA'}",3
2025-08-14,2025-08-18,401773003,2025-08-16T17:00Z,11,Indianapolis Colts,9,Green Bay Packers,9,Green Bay Packers,4426411,Sean Rhyan,G,UCLA,"{'city': 'Ladera Ranch', 'state': 'CA', 'country': 'USA'}",4
2025-08-14,2025-08-18,401773003,2025-08-16T17:00Z,11,Indianapolis Colts,9,Green Bay Packers,9,Green Bay Packers,4608679,Will Sheppard,WR,Colorado,"{'city': 'Madisonville', 'state': 'LA', 'country': 'USA'}",
2025-08-14,2025-08-18,401773003,2025-08-16T17:00Z,11,Indianapolis Colts,9,Green Bay Packers,9,Green Bay Packers,4373030,Ben Sims,TE,Baylor,"{'city': 'San Antonio', 'state': 'TX', 'country': 'USA'}",3
2025-08-14,2025-08-18,401773003,2025-08-16T17:00Z,11,Indianapolis Colts,9,Green Bay Packers,9,Green Bay Packers,4260223,Lecitus Smith,G,Virginia Tech,"{'city': 'Fitzgerald', 'state': 'GA', 'country': 'USA'}",3
2025-08-14,2025-08-18,401773003,2025-08-16T17:00Z,11,Indianapolis Colts,9,Green Bay Packers,9,Green Bay Packers,4362770,Messiah Swinson,TE,Arizona State,"{'city': 'Bay Shore', 'state': 'NY', 'country': 'USA'}",1
2025-08-14,2025-08-18,401773003,2025-08-16T17:00Z,11,Indianapolis Colts,9,Green Bay Packers,9,Green Bay Packers,4240615,Kadeem Telfort,OT,UAB,"{'city': 'Miami', 'state': 'FL', 'country': 'USA'}",2
2025-08-14,2025-08-18,401773003,2025-08-16T17:00Z,11,Indianapolis Colts,9,Green Bay Packers,9,Green Bay Packers,4240435,Zach Tom,OT,Wake Forest,"{'city': 'Prairieville', 'state': 'LA', 'country': 'USA'}",4
2025-08-14,2025-08-18,401773003,2025-08-16T17:00Z,11,Indianapolis Colts,9,Green Bay Packers,9,Green Bay Packers,4361429,Rasheed Walker,OT,Penn State,"{'city': 'Waldorf', 'state': 'MD', 'country': 'USA'}",4
2025-08-14,2025-08-18,401773003,2025-08-16T17:00Z,11,Indianapolis Colts,9,Green Bay Packers,9,Green Bay Packers,4248528,Christian Watson,WR,North Dakota State,"{'city': 'Tampa', 'state': 'FL', 'country': 'USA'}",4
2025-08-14,2025-08-18,401773003,2025-08-16T17:00Z,11,Indianapolis Colts,9,Green Bay Packers,9,Green Bay Packers,4428850,Dontayvion Wicks,WR,Virginia,"{'city': 'Plaquemine', 'state': 'LA', 'country': 'USA'}",3
2025-08-14,2025-08-18,401773003,2025-08-16T17:00Z,11,Indianapolis Colts,9,Green Bay Packers,9,Green Bay Packers,2312707,John Williams,G,Cincinnati,"{'city': 'Bolingbrook', 'state': 'IL', 'country': 'USA'}",
2025-08-14,2025-08-18,401773003,2025-08-16T17:00Z,11,Indianapolis Colts,9,Green Bay Packers,9,Green Bay Packers,4431487,Savion Williams,WR,TCU,"{'city': 'Marshall', 'state': 'TX', 'country': 'USA'}",
2025-08-14,2025-08-18,401773003,2025-08-16T17:00Z,11,Indianapolis Colts,9,Green Bay Packers,9,Green Bay Packers,4242512,Malik Willis,QB,Liberty,"{'city': 'Atlanta', 'state': 'GA', 'country': 'USA'}",4
2025-08-14,2025-08-18,401773003,2025-08-16T17:00Z,11,Indianapolis Colts,9,Green Bay Packers,9,Green Bay Packers,4887558,Emanuel Wilson,RB,Fort Valley State,"{'city': 'Charlotte', 'state': 'NC', 'country': 'USA'}",3
2025-08-14,2025-08-18,401773003,2025-08-16T17:00Z,11,Indianapolis Colts,9,Green Bay Packers,9,Green Bay Packers,4240728,Deslin Alexandre,DE,Pittsburgh,"{'city': 'Pompano Beach', 'state': 'FL', 'country': 'USA'}",1
2025-08-14,2025-08-18,401773003,2025-08-16T17:00Z,11,Indianapolis Colts,9,Green Bay Packers,9,Green Bay Packers,3932335,Zayne Anderson,S,BYU,"{'city': 'Stansbury Park', 'state': 'UT', 'country': 'USA'}",3
2025-08-14,2025-08-18,401773003,2025-08-16T17:00Z,11,Indianapolis Colts,9,Green Bay Packers,9,Green Bay Packers,4709980,Johnathan Baldwin,CB,UNLV,"{'city': 'Houston', 'state': 'TX', 'country': 'USA'}",
2025-08-14,2025-08-18,401773003,2025-08-16T17:00Z,11,Indianapolis Colts,9,Green Bay Packers,9,Green Bay Packers,4411769,Corey Ballentine,CB,Washburn,"{'city': 'Montego Bay', 'country': 'Jamaica'}",7
2025-08-14,2025-08-18,401773003,2025-08-16T17:00Z,11,Indianapolis Colts,9,Green Bay Packers,9,Green Bay Packers,4426646,Jared Bartlett,LB,Cincinnati,"{'city': 'Miami', 'state': 'FL', 'country': 'USA'}",
2025-08-14,2025-08-18,401773003,2025-08-16T17:00Z,11,Indianapolis Colts,9,Green Bay Packers,9,Green Bay Packers,4429136,Warren Brinson,DT,Georgia,"{'city': 'Savannah', 'state': 'GA', 'country': 'USA'}",
2025-08-14,2025-08-18,401773003,2025-08-16T17:00Z,11,Indianapolis Colts,9,Green Bay Packers,9,Green Bay Packers,4373423,Karl Brooks,DE,Bowling Green,"{'city': 'Lansing', 'state': 'MI', 'country': 'USA'}",3
2025-08-14,2025-08-18,401773003,2025-08-16T17:00Z,11,Indianapolis Colts,9,Green Bay Packers,9,Green Bay Packers,4426794,Omar Brown,S,Nebraska,"{'city': 'Minneapolis', 'state': 'MN', 'country': 'USA'}",1
2025-08-14,2025-08-18,401773003,2025-08-16T17:00Z,11,Indianapolis Colts,9,Green Bay Packers,9,Green Bay Packers,4688930,Javon Bullard,S,Georgia,"{'city': 'Milledgeville', 'state': 'GA', 'country': 'USA'}",2
2025-08-14,2025-08-18,401773003,2025-08-16T17:00Z,11,Indianapolis Colts,9,Green Bay Packers,9,Green Bay Packers,3122752,Kenny Clark,DT,UCLA,"{'city': 'San Bernardino', 'state': 'CA', 'country': 'USA'}",10
2025-08-14,2025-08-18,401773003,2025-08-16T17:00Z,11,Indianapolis Colts,9,Green Bay Packers,9,Green Bay Packers,4430438,Edgerrin Cooper,LB,Texas A&M,"{'city': 'Covington', 'state': 'LA', 'country': 'USA'}",2
2025-08-14,2025-08-18,401773003,2025-08-16T17:00Z,11,Indianapolis Colts,9,Green Bay Packers,9,Green Bay Packers,4361776,Brenton Cox Jr.,DE,Florida,"{'city': 'Stockbridge', 'state': 'GA', 'country': 'USA'}",3
2025-08-14,2025-08-18,401773003,2025-08-16T17:00Z,11,Indianapolis Colts,9,Green Bay Packers,9,Green Bay Packers,4362840,Kingsley Enagbare,DE,South Carolina,"{'city': 'Atlanta', 'state': 'GA', 'country': 'USA'}",4
2025-08-14,2025-08-18,401773003,2025-08-16T17:00Z,11,Indianapolis Colts,9,Green Bay Packers,9,Green Bay Packers,4429576,James Ester,DT,Northern Illinois,"{'city': 'Detroit', 'state': 'MI', 'country': 'USA'}",1
2025-08-14,2025-08-18,401773003,2025-08-16T17:00Z,11,Indianapolis Colts,9,Green Bay Packers,9,Green Bay Packers,4046523,Rashan Gary,DE,Michigan,"{'city': 'Plainfield', 'state': 'NJ', 'country': 'USA'}",7
2025-08-14,2025-08-18,401773003,2025-08-16T17:00Z,11,Indianapolis Colts,9,Green Bay Packers,9,Green Bay Packers,4427356,Kamal Hadden,CB,Tennessee,"{'city': 'River Rouge', 'state': 'MI', 'country': 'USA'}",1
2025-08-14,2025-08-18,401773003,2025-08-16T17:00Z,11,Indianapolis Colts,9,Green Bay Packers,9,Green Bay Packers,4427461,Tyron Herring,CB,Delaware,"{'city': 'Delray Beach', 'state': 'FL', 'country': 'USA'}",
2025-08-14,2025-08-18,401773003,2025-08-16T17:00Z,11,Indianapolis Colts,9,Green Bay Packers,9,Green Bay Packers,4240542,Nate Hobbs,CB,Illinois,"{'city': 'Louisville', 'state': 'KY', 'country': 'USA'}",5
2025-08-14,2025-08-18,401773003,2025-08-16T17:00Z,11,Indianapolis Colts,9,Green Bay Packers,9,Green Bay Packers,4567406,Ty'Ron Hopper,LB,Missouri,"{'city': 'Shelby', 'state': 'NC', 'country': 'USA'}",2
2025-08-14,2025-08-18,401773003,2025-08-16T17:00Z,11,Indianapolis Colts,9,Green Bay Packers,9,Green Bay Packers,4569680,Jamon Johnson,LB,Kentucky,"{'city': 'Hyattsville', 'state': 'MD', 'country': 'USA'}",
2025-08-14,2025-08-18,401773003,2025-08-16T17:00Z,11,Indianapolis Colts,9,Green Bay Packers,9,Green Bay Packers,4431433,Kalen King,CB,Penn State,"{'city': 'Detroit', 'state': 'MI', 'country': 'USA'}",1
2025-08-14,2025-08-18,401773003,2025-08-16T17:00Z,11,Indianapolis Colts,9,Green Bay Packers,9,Green Bay Packers,4239947,Isaiah McDuffie,LB,Boston College,"{'city': 'Buffalo', 'state': 'NY', 'country': 'USA'}",5
2025-08-14,2025-08-18,401773003,2025-08-16T17:00Z,11,Indianapolis Colts,9,Green Bay Packers,9,Green Bay Packers,4241470,Xavier McKinney,S,Alabama,"{'city': 'Roswell', 'state': 'GA', 'country': 'USA'}",6
2025-08-14,2025-08-18,401773003,2025-08-16T17:00Z,11,Indianapolis Colts,9,Green Bay Packers,9,Green Bay Packers,4259305,Bo Melton,CB,Rutgers,"{'city': 'Mays Landing', 'state': 'NJ', 'country': 'USA'}",2
2025-08-14,2025-08-18,401773003,2025-08-16T17:00Z,11,Indianapolis Colts,9,Green Bay Packers,9,Green Bay Packers,4242996,Arron Mosby,DE,Fresno State,"{'city': 'Sanger', 'state': 'CA', 'country': 'USA'}",3
2025-08-14,2025-08-18,401773003,2025-08-16T17:00Z,11,Indianapolis Colts,9,Green Bay Packers,9,Green Bay Packers,4259493,Keisean Nixon,CB,South Carolina,"{'city': 'Compton', 'state': 'CA', 'country': 'USA'}",7
2025-08-14,2025-08-18,401773003,2025-08-16T17:00Z,11,Indianapolis Colts,9,Green Bay Packers,9,Green Bay Packers,4686830,Devonte O'Malley,DT,Northern Illinois,"{'city': 'Midlothian', 'state': 'IL', 'country': 'USA'}",
2025-08-14,2025-08-18,401773003,2025-08-16T17:00Z,11,Indianapolis Colts,9,Green Bay Packers,9,Green Bay Packers,4374037,Kitan Oladapo,S,Oregon State,"{'city': 'Happy Valley', 'state': 'OR', 'country': 'USA'}",2
2025-08-14,2025-08-18,401773003,2025-08-16T17:00Z,11,Indianapolis Colts,9,Green Bay Packers,9,Green Bay Packers,4683059,Collin Oliver,DE,Oklahoma State,"{'city': 'Oklahoma City', 'state': 'OK', 'country': 'USA'}",
2025-08-14,2025-08-18,401773003,2025-08-16T17:00Z,11,Indianapolis Colts,9,Green Bay Packers,9,Green Bay Packers,4695280,Micah Robinson,CB,Tulane,"{'city': 'Atlanta', 'state': 'GA', 'country': 'USA'}",
2025-08-14,2025-08-18,401773003,2025-08-16T17:00Z,11,Indianapolis Colts,9,Green Bay Packers,9,Green Bay Packers,4035462,Isaiah Simmons,LB,Clemson,"{'city': 'Olathe', 'state': 'KS', 'country': 'USA'}",6
2025-08-14,2025-08-18,401773003,2025-08-16T17:00Z,11,Indianapolis Colts,9,Green Bay Packers,9,Green Bay Packers,4567225,Jaylin Simpson,S,Auburn,"{'city': 'Brunswick', 'state': 'GA', 'country': 'USA'}",1
2025-08-14,2025-08-18,401773003,2025-08-16T17:00Z,11,Indianapolis Colts,9,Green Bay Packers,9,Green Bay Packers,4683643,Barryn Sorrell,DE,Texas,"{'city': 'New Orleans', 'state': 'LA', 'country': 'USA'}",
2025-08-14,2025-08-18,401773003,2025-08-16T17:00Z,11,Indianapolis Colts,9,Green Bay Packers,9,Green Bay Packers,4429142,Nazir Stackhouse,DT,Georgia,"{'city': 'Stone Mountain', 'state': 'GA', 'country': 'USA'}",
2025-08-14,2025-08-18,401773003,2025-08-16T17:00Z,11,Indianapolis Colts,9,Green Bay Packers,9,Green Bay Packers,4430965,Carrington Valentine,CB,Kentucky,"{'city': 'Cincinnati', 'state': 'OH', 'country': 'USA'}",3
2025-08-14,2025-08-18,401773003,2025-08-16T17:00Z,11,Indianapolis Colts,9,Green Bay Packers,9,Green Bay Packers,4686906,Lukas Van Ness,DE,Iowa,"{'city': 'Barrington', 'state': 'IL', 'country': 'USA'}",3
2025-08-14,2025-08-18,401773003,2025-08-16T17:00Z,11,Indianapolis Colts,9,Green Bay Packers,9,Green Bay Packers,4379416,Quay Walker,LB,Georgia,"{'city': 'Cordele', 'state': 'GA', 'country': 'USA'}",4
2025-08-14,2025-08-18,401773003,2025-08-16T17:00Z,11,Indianapolis Colts,9,Green Bay Packers,9,Green Bay Packers,4036153,Kristian Welch,LB,Iowa,"{'city': 'Iola', 'state': 'WI', 'country': 'USA'}",6
2025-08-14,2025-08-18,401773003,2025-08-16T17:00Z,11,Indianapolis Colts,9,Green Bay Packers,9,Green Bay Packers,4428863,Evan Williams,S,Oregon,"{'city': 'Campbell', 'state': 'CA', 'country': 'USA'}",2
2025-08-14,2025-08-18,401773003,2025-08-16T17:00Z,11,Indianapolis Colts,9,Green Bay Packers,9,Green Bay Packers,4567224,Colby Wooden,DT,Auburn,"{'city': 'Lawrenceville', 'state': 'GA', 'country': 'USA'}",3
2025-08-14,2025-08-18,401773003,2025-08-16T17:00Z,11,Indianapolis Colts,9,Green Bay Packers,9,Green Bay Packers,4361791,Devonte Wyatt,DT,Georgia,"{'city': 'Decatur', 'state': 'GA', 'country': 'USA'}",4
2025-08-14,2025-08-18,401773003,2025-08-16T17:00Z,11,Indianapolis Colts,9,Green Bay Packers,9,Green Bay Packers,16339,Brandon McManus,PK,Temple,"{'city': 'Hatfield', 'state': 'PA', 'country': 'USA'}",12
2025-08-14,2025-08-18,401773003,2025-08-16T17:00Z,11,Indianapolis Colts,9,Green Bay Packers,9,Green Bay Packers,5294310,Mark McNamee,PK,,"{'city': 'Dublin', 'country': 'Ireland'}",
2025-08-14,2025-08-18,401773003,2025-08-16T17:00Z,11,Indianapolis Colts,9,Green Bay Packers,9,Green Bay Packers,4422336,Matt Orzech,LS,Azusa Pacific,"{'city': 'San Diego', 'state': 'CA', 'country': 'USA'}",6
2025-08-14,2025-08-18,401773003,2025-08-16T17:00Z,11,Indianapolis Colts,9,Green Bay Packers,9,Green Bay Packers,4248789,Daniel Whelan,P,UC Davis,"{'city': 'Rancho Mirage', 'state': 'CA', 'country': 'USA'}",3
2025-08-14,2025-08-18,401773003,2025-08-16T17:00Z,11,Indianapolis Colts,9,Green Bay Packers,9,Green Bay Packers,4361904,Travis Glover,OT,Georgia State,"{'city': 'Vienna', 'state': 'GA', 'country': 'USA'}",2
2025-08-14,2025-08-18,401773003,2025-08-16T17:00Z,11,Indianapolis Colts,9,Green Bay Packers,9,Green Bay Packers,4430349,Keith Randolph,DT,Illinois,"{'city': 'Belleville', 'state': 'IL', 'country': 'USA'}",1
2025-08-14,2025-08-18,401773013,2025-08-16T17:00Z,16,Minnesota Vikings,17,New England Patriots,16,Minnesota Vikings,4429205,Jordan Addison,WR,USC,"{'city': 'Frederick', 'state': 'MD', 'country': 'USA'}",3
2025-08-14,2025-08-18,401773013,2025-08-16T17:00Z,16,Minnesota Vikings,17,New England Patriots,16,Minnesota Vikings,3924352,Zack Bailey,G,South Carolina,"{'city': 'Summerville', 'state': 'SC', 'country': 'USA'}",3
2025-08-14,2025-08-18,401773013,2025-08-16T17:00Z,16,Minnesota Vikings,17,New England Patriots,16,Minnesota Vikings,4708049,Gavin Bartholomew,TE,Pittsburgh,"{'city': 'Schuylkill Haven', 'state': 'PA', 'country': 'USA'}",
2025-08-14,2025-08-18,401773013,2025-08-16T17:00Z,16,Minnesota Vikings,17,New England Patriots,16,Minnesota Vikings,4590532,Silas Bolden,WR,Texas,"{'city': 'Rancho Cucamonga', 'state': 'CA', 'country': 'USA'}",
2025-08-14,2025-08-18,401773013,2025-08-16T17:00Z,16,Minnesota Vikings,17,New England Patriots,16,Minnesota Vikings,3930270,Blake Brandel,G,Oregon State,"{'city': 'Milwaukie', 'state': 'OR', 'country': 'USA'}",5
2025-08-14,2025-08-18,401773013,2025-08-16T17:00Z,16,Minnesota Vikings,17,New England Patriots,16,Minnesota Vikings,4573398,Max Brosmer,QB,Minnesota,"{'city': 'Roswell', 'state': 'GA', 'country': 'USA'}",
2025-08-14,2025-08-18,401773013,2025-08-16T17:00Z,16,Minnesota Vikings,17,New England Patriots,16,Minnesota Vikings,4570075,Logan Brown,OT,Kansas,"{'city': 'Grand Rapids', 'state': 'MI', 'country': 'USA'}",
2025-08-14,2025-08-18,401773013,2025-08-16T17:00Z,16,Minnesota Vikings,17,New England Patriots,16,Minnesota Vikings,4367995,Henry Byrd,G,Princeton,"{'city': 'Nashville', 'state': 'TN', 'country': 'USA'}",1
2025-08-14,2025-08-18,401773013,2025-08-16T17:00Z,16,Minnesota Vikings,17,New England Patriots,16,Minnesota Vikings,4242431,Ty Chandler,RB,North Carolina,"{'city': 'Nashville', 'state': 'TN', 'country': 'USA'}",4
2025-08-14,2025-08-18,401773013,2025-08-16T17:00Z,16,Minnesota Vikings,17,New England Patriots,16,Minnesota Vikings,4361985,Christian Darrisaw,OT,Virginia Tech,"{'city': 'Upper Marlboro', 'state': 'MD', 'country': 'USA'}",5
2025-08-14,2025-08-18,401773013,2025-08-16T17:00Z,16,Minnesota Vikings,17,New England Patriots,16,Minnesota Vikings,4565185,Tai Felton,WR,Maryland,"{'city': 'Ashburn', 'state': 'VA', 'country': 'USA'}",
2025-08-14,2025-08-18,401773013,2025-08-16T17:00Z,16,Minnesota Vikings,17,New England Patriots,16,Minnesota Vikings,4565297,Dontae Fleming,WR,Tulane,"{'city': 'Laplace', 'state': 'LA', 'country': 'USA'}",
2025-08-14,2025-08-18,401773013,2025-08-16T17:00Z,16,Minnesota Vikings,17,New England Patriots,16,Minnesota Vikings,4045176,Will Fries,G,Penn State,"{'city': 'Cranford', 'state': 'NJ', 'country': 'USA'}",5
2025-08-14,2025-08-18,401773013,2025-08-16T17:00Z,16,Minnesota Vikings,17,New England Patriots,16,Minnesota Vikings,4431548,Michael Gonzalez,G,Louisville,"{'city': 'Indian Trail', 'state': 'NC', 'country': 'USA'}",
2025-08-14,2025-08-18,401773013,2025-08-16T17:00Z,16,Minnesota Vikings,17,New England Patriots,16,Minnesota Vikings,4012556,C.J. Ham,FB,Augustana University (SD),"{'city': 'Duluth', 'state': 'MN', 'country': 'USA'}",9
2025-08-14,2025-08-18,401773013,2025-08-16T17:00Z,16,Minnesota Vikings,17,New England Patriots,16,Minnesota Vikings,4036133,T.J. Hockenson,TE,Iowa,"{'city': 'Chariton', 'state': 'IA', 'country': 'USA'}",7
2025-08-14,2025-08-18,401773013,2025-08-16T17:00Z,16,Minnesota Vikings,17,New England Patriots,16,Minnesota Vikings,4426875,Sam Howell,QB,North Carolina,"{'city': 'Indian Trail', 'state': 'NC', 'country': 'USA'}",4
2025-08-14,2025-08-18,401773013,2025-08-16T17:00Z,16,Minnesota Vikings,17,New England Patriots,16,Minnesota Vikings,4690210,Joe Huber,G,Wisconsin,"{'city': 'Dublin', 'state': 'OH', 'country': 'USA'}",
2025-08-14,2025-08-18,401773013,2025-08-16T17:00Z,16,Minnesota Vikings,17,New England Patriots,16,Minnesota Vikings,4431553,Donovan Jackson,G,Ohio State,"{'city': 'Cypress', 'state': 'TX', 'country': 'USA'}",
2025-08-14,2025-08-18,401773013,2025-08-16T17:00Z,16,Minnesota Vikings,17,New England Patriots,16,Minnesota Vikings,3915802,Lucky Jackson,WR,Western Kentucky,,1
2025-08-14,2025-08-18,401773013,2025-08-16T17:00Z,16,Minnesota Vikings,17,New England Patriots,16,Minnesota Vikings,4262921,Justin Jefferson,WR,LSU,"{'city': 'Saint Rose', 'state': 'LA', 'country': 'USA'}",6
2025-08-14,2025-08-18,401773013,2025-08-16T17:00Z,16,Minnesota Vikings,17,New England Patriots,16,Minnesota Vikings,4360637,Jeshaun Jones,WR,Maryland,"{'city': 'Fort Myers', 'state': 'FL', 'country': 'USA'}",1
2025-08-14,2025-08-18,401773013,2025-08-16T17:00Z,16,Minnesota Vikings,17,New England Patriots,16,Minnesota Vikings,4245131,Tim Jones,WR,Southern Miss,"{'city': 'Biloxi', 'state': 'MS', 'country': 'USA'}",4
2025-08-14,2025-08-18,401773013,2025-08-16T17:00Z,16,Minnesota Vikings,17,New England Patriots,16,Minnesota Vikings,3042519,Aaron Jones Sr.,RB,UTEP,"{'city': 'El Paso', 'state': 'TX', 'country': 'USA'}",9
2025-08-14,2025-08-18,401773013,2025-08-16T17:00Z,16,Minnesota Vikings,17,New England Patriots,16,Minnesota Vikings,4362010,Michael Jurgens,G,Wake Forest,"{'city': 'Damascus', 'state': 'MD', 'country': 'USA'}",2
2025-08-14,2025-08-18,401773013,2025-08-16T17:00Z,16,Minnesota Vikings,17,New England Patriots,16,Minnesota Vikings,2578475,Ryan Kelly,C,Alabama,"{'city': 'West Chester', 'state': 'OH', 'country': 'USA'}",10
2025-08-14,2025-08-18,401773013,2025-08-16T17:00Z,16,Minnesota Vikings,17,New England Patriots,16,Minnesota Vikings,4430218,Vershon Lee,G,South Carolina,"{'city': 'Woodbridge', 'state': 'VA', 'country': 'USA'}",
2025-08-14,2025-08-18,401773013,2025-08-16T17:00Z,16,Minnesota Vikings,17,New England Patriots,16,Minnesota Vikings,4686271,Robert Lewis,WR,Auburn,"{'city': 'Covington', 'state': 'GA', 'country': 'USA'}",
2025-08-14,2025-08-18,401773013,2025-08-16T17:00Z,16,Minnesota Vikings,17,New England Patriots,16,Minnesota Vikings,4360569,Jordan Mason,RB,Georgia Tech,"{'city': 'Gallatin', 'state': 'TN', 'country': 'USA'}",4
2025-08-14,2025-08-18,401773013,2025-08-16T17:00Z,16,Minnesota Vikings,17,New England Patriots,16,Minnesota Vikings,4433970,J.J. McCarthy,QB,Michigan,"{'city': 'La Grange Park', 'state': 'IL', 'country': 'USA'}",2
2025-08-14,2025-08-18,401773013,2025-08-16T17:00Z,16,Minnesota Vikings,17,New England Patriots,16,Minnesota Vikings,4382466,Jalen Nailor,WR,Michigan State,"{'city': 'Palmdale', 'state': 'CA', 'country': 'USA'}",4
2025-08-14,2025-08-18,401773013,2025-08-16T17:00Z,16,Minnesota Vikings,17,New England Patriots,16,Minnesota Vikings,4602969,Bryson Nesbit,TE,North Carolina,"{'city': 'Charlotte', 'state': 'NC', 'country': 'USA'}",
2025-08-14,2025-08-18,401773013,2025-08-16T17:00Z,16,Minnesota Vikings,17,New England Patriots,16,Minnesota Vikings,3123954,Brian O'Neill,OT,Pittsburgh,"{'city': 'Wilmington', 'state': 'DE', 'country': 'USA'}",8
2025-08-14,2025-08-18,401773013,2025-08-16T17:00Z,16,Minnesota Vikings,17,New England Patriots,16,Minnesota Vikings,3921690,Josh Oliver,TE,San José State,"{'city': 'Paso Robles', 'state': 'CA', 'country': 'USA'}",7
2025-08-14,2025-08-18,401773013,2025-08-16T17:00Z,16,Minnesota Vikings,17,New England Patriots,16,Minnesota Vikings,4430656,Myles Price,WR,Indiana,"{'city': 'Dallas', 'state': 'TX', 'country': 'USA'}",
2025-08-14,2025-08-18,401773013,2025-08-16T17:00Z,16,Minnesota Vikings,17,New England Patriots,16,Minnesota Vikings,3916749,Giovanni Ricci,TE,Western Michigan,"{'city': 'Loveland', 'state': 'OH', 'country': 'USA'}",3
2025-08-14,2025-08-18,401773013,2025-08-16T17:00Z,16,Minnesota Vikings,17,New England Patriots,16,Minnesota Vikings,4428394,Walter Rouse,OT,Oklahoma,"{'city': 'Silver Spring', 'state': 'MD', 'country': 'USA'}",2
2025-08-14,2025-08-18,401773013,2025-08-16T17:00Z,16,Minnesota Vikings,17,New England Patriots,16,Minnesota Vikings,3722362,Brett Rypien,QB,Boise State,"{'city': 'Spokane', 'state': 'WA', 'country': 'USA'}",7
2025-08-14,2025-08-18,401773013,2025-08-16T17:00Z,16,Minnesota Vikings,17,New England Patriots,16,Minnesota Vikings,4257364,Zavier Scott,RB,Maine,"{'city': 'Fort Hood', 'state': 'TX', 'country': 'USA'}",1
2025-08-14,2025-08-18,401773013,2025-08-16T17:00Z,16,Minnesota Vikings,17,New England Patriots,16,Minnesota Vikings,3915777,Justin Skule,OT,Vanderbilt,"{'city': 'Clifton', 'state': 'VA', 'country': 'USA'}",6
2025-08-14,2025-08-18,401773013,2025-08-16T17:00Z,16,Minnesota Vikings,17,New England Patriots,16,Minnesota Vikings,5093062,Tre Stewart,RB,Jacksonville State,"{'city': 'Winston-Salem', 'state': 'NC', 'country': 'USA'}",
2025-08-14,2025-08-18,401773013,2025-08-16T17:00Z,16,Minnesota Vikings,17,New England Patriots,16,Minnesota Vikings,4240121,Thayer Thomas,WR,NC State,"{'city': 'Wake Forest', 'state': 'NC', 'country': 'USA'}",1
2025-08-14,2025-08-18,401773013,2025-08-16T17:00Z,16,Minnesota Vikings,17,New England Patriots,16,Minnesota Vikings,4240350,Xazavian Valladay,RB,Arizona State,"{'city': 'Chicago', 'state': 'IL', 'country': 'USA'}",1
2025-08-14,2025-08-18,401773013,2025-08-16T17:00Z,16,Minnesota Vikings,17,New England Patriots,16,Minnesota Vikings,2576399,Nick Vannett,TE,Ohio State,"{'city': 'Westerville', 'state': 'OH', 'country': 'USA'}",10
2025-08-14,2025-08-18,401773013,2025-08-16T17:00Z,16,Minnesota Vikings,17,New England Patriots,16,Minnesota Vikings,4570018,Leroy Watson IV,OT,UTSA,"{'city': 'Snellville', 'state': 'GA', 'country': 'USA'}",3
2025-08-14,2025-08-18,401773013,2025-08-16T17:00Z,16,Minnesota Vikings,17,New England Patriots,16,Minnesota Vikings,4433959,Ben Yurosek,TE,Georgia,"{'city': 'Bakersfield', 'state': 'CA', 'country': 'USA'}",
2025-08-14,2025-08-18,401773013,2025-08-16T17:00Z,16,Minnesota Vikings,17,New England Patriots,16,Minnesota Vikings,3054840,Jonathan Allen,DT,Alabama,"{'city': 'Leesburg', 'state': 'VA', 'country': 'USA'}",9
2025-08-14,2025-08-18,401773013,2025-08-16T17:00Z,16,Minnesota Vikings,17,New England Patriots,16,Minnesota Vikings,4608794,Tyler Batty,LB,BYU,"{'city': 'Payson', 'state': 'UT', 'country': 'USA'}",
2025-08-14,2025-08-18,401773013,2025-08-16T17:00Z,16,Minnesota Vikings,17,New England Patriots,16,Minnesota Vikings,4246741,Travis Bell,DT,Kennesaw State,"{'city': 'Montgomery', 'state': 'AL', 'country': 'USA'}",2
2025-08-14,2025-08-18,401773013,2025-08-16T17:00Z,16,Minnesota Vikings,17,New England Patriots,16,Minnesota Vikings,4360677,Mekhi Blackmon,CB,USC,"{'city': 'East Palo Alto', 'state': 'CA', 'country': 'USA'}",3
2025-08-14,2025-08-18,401773013,2025-08-16T17:00Z,16,Minnesota Vikings,17,New England Patriots,16,Minnesota Vikings,3728281,Blake Cashman,LB,Minnesota,"{'city': 'Eden Prairie', 'state': 'MN', 'country': 'USA'}",7
2025-08-14,2025-08-18,401773013,2025-08-16T17:00Z,16,Minnesota Vikings,17,New England Patriots,16,Minnesota Vikings,4431520,Chaz Chambliss,LB,Georgia,"{'city': 'Carrollton', 'state': 'GA', 'country': 'USA'}",
2025-08-14,2025-08-18,401773013,2025-08-16T17:00Z,16,Minnesota Vikings,17,New England Patriots,16,Minnesota Vikings,4426517,Keenan Garber,CB,Kansas State,"{'city': 'Lawrence', 'state': 'KS', 'country': 'USA'}",
2025-08-14,2025-08-18,401773013,2025-08-16T17:00Z,16,Minnesota Vikings,17,New England Patriots,16,Minnesota Vikings,4034496,Cam Gill,LB,Wagner,"{'city': 'Douglasville', 'state': 'GA', 'country': 'USA'}",6
2025-08-14,2025-08-18,401773013,2025-08-16T17:00Z,16,Minnesota Vikings,17,New England Patriots,16,Minnesota Vikings,3916409,Jonathan Greenard,LB,Florida,"{'city': 'Hiram', 'state': 'GA', 'country': 'USA'}",6
2025-08-14,2025-08-18,401773013,2025-08-16T17:00Z,16,Minnesota Vikings,17,New England Patriots,16,Minnesota Vikings,4373814,Kahlef Hailassie,CB,Western Kentucky,"{'city': 'Elk Grove', 'state': 'CA', 'country': 'USA'}",3
2025-08-14,2025-08-18,401773013,2025-08-16T17:00Z,16,Minnesota Vikings,17,New England Patriots,16,Minnesota Vikings,2983055,Javon Hargrave,DT,South Carolina State,"{'city': 'Salisbury', 'state': 'NC', 'country': 'USA'}",10
2025-08-14,2025-08-18,401773013,2025-08-16T17:00Z,16,Minnesota Vikings,17,New England Patriots,16,Minnesota Vikings,4422407,Jonathan Harris,DE,Lindenwood,"{'city': 'Aurora', 'state': 'IL', 'country': 'USA'}",5
2025-08-14,2025-08-18,401773013,2025-08-16T17:00Z,16,Minnesota Vikings,17,New England Patriots,16,Minnesota Vikings,4629149,Tyrion Ingram-Dawkins,DE,Georgia,"{'city': 'Gaffney', 'state': 'SC', 'country': 'USA'}",
2025-08-14,2025-08-18,401773013,2025-08-16T17:00Z,16,Minnesota Vikings,17,New England Patriots,16,Minnesota Vikings,4242436,Theo Jackson,S,Tennessee,"{'city': 'Nashville', 'state': 'TN', 'country': 'USA'}",4
2025-08-14,2025-08-18,401773013,2025-08-16T17:00Z,16,Minnesota Vikings,17,New England Patriots,16,Minnesota Vikings,4429185,Austin Keys,LB,Auburn,"{'city': 'Taylorsville', 'state': 'MS', 'country': 'USA'}",
2025-08-14,2025-08-18,401773013,2025-08-16T17:00Z,16,Minnesota Vikings,17,New England Patriots,16,Minnesota Vikings,4588300,Kobe King,LB,Penn State,"{'city': 'Detroit', 'state': 'MI', 'country': 'USA'}",
2025-08-14,2025-08-18,401773013,2025-08-16T17:00Z,16,Minnesota Vikings,17,New England Patriots,16,Minnesota Vikings,4573318,Dorian Mausi,LB,Auburn,"{'city': 'Detroit', 'state': 'MI', 'country': 'USA'}",
2025-08-14,2025-08-18,401773013,2025-08-16T17:00Z,16,Minnesota Vikings,17,New England Patriots,16,Minnesota Vikings,4429128,Dwight McGlothern,CB,Arkansas,"{'city': 'Houston', 'state': 'TX', 'country': 'USA'}",2
2025-08-14,2025-08-18,401773013,2025-08-16T17:00Z,16,Minnesota Vikings,17,New England Patriots,16,Minnesota Vikings,4046537,Joshua Metellus,S,Michigan,"{'city': 'Pembroke Pines', 'state': 'FL', 'country': 'USA'}",6
2025-08-14,2025-08-18,401773013,2025-08-16T17:00Z,16,Minnesota Vikings,17,New England Patriots,16,Minnesota Vikings,4428080,Gabriel Murphy,LB,UCLA,"{'city': 'Dallas', 'state': 'TX', 'country': 'USA'}",2
2025-08-14,2025-08-18,401773013,2025-08-16T17:00Z,16,Minnesota Vikings,17,New England Patriots,16,Minnesota Vikings,4038999,Byron Murphy Jr.,CB,Washington,"{'city': 'Scottsdale', 'state': 'AZ', 'country': 'USA'}",7
2025-08-14,2025-08-18,401773013,2025-08-16T17:00Z,16,Minnesota Vikings,17,New England Patriots,16,Minnesota Vikings,4241984,Jeff Okudah,CB,Ohio State,"{'city': 'Grand Prairie', 'state': 'TX', 'country': 'USA'}",6
2025-08-14,2025-08-18,401773013,2025-08-16T17:00Z,16,Minnesota Vikings,17,New England Patriots,16,Minnesota Vikings,4567482,Gervarrius Owens,S,Houston,"{'city': 'Moore', 'state': 'OK', 'country': 'USA'}",2
2025-08-14,2025-08-18,401773013,2025-08-16T17:00Z,16,Minnesota Vikings,17,New England Patriots,16,Minnesota Vikings,4430280,Ivan Pace Jr.,LB,Cincinnati,"{'city': 'Cincinnati', 'state': 'OH', 'country': 'USA'}",3
2025-08-14,2025-08-18,401773013,2025-08-16T17:00Z,16,Minnesota Vikings,17,New England Patriots,16,Minnesota Vikings,4569600,Mishael Powell,S,Miami,"{'city': 'Seattle', 'state': 'WA', 'country': 'USA'}",
2025-08-14,2025-08-18,401773013,2025-08-16T17:00Z,16,Minnesota Vikings,17,New England Patriots,16,Minnesota Vikings,4360277,Jalen Redmond,DT,Oklahoma,"{'city': 'Midwest City', 'state': 'OK', 'country': 'USA'}",2
2025-08-14,2025-08-18,401773013,2025-08-16T17:00Z,16,Minnesota Vikings,17,New England Patriots,16,Minnesota Vikings,4875564,Bo Richter,LB,Air Force,"{'city': 'Naperville', 'state': 'IL', 'country': 'USA'}",2
2025-08-14,2025-08-18,401773013,2025-08-16T17:00Z,16,Minnesota Vikings,17,New England Patriots,16,Minnesota Vikings,4044540,Isaiah Rodgers,CB,Massachusetts,"{'city': 'Tampa', 'state': 'FL', 'country': 'USA'}",5
2025-08-14,2025-08-18,401773013,2025-08-16T17:00Z,16,Minnesota Vikings,17,New England Patriots,16,Minnesota Vikings,5093973,Levi Drake Rodriguez,DT,East Texas A&M,"{'city': 'Georgetown', 'state': 'TX', 'country': 'USA'}",2
2025-08-14,2025-08-18,401773013,2025-08-16T17:00Z,16,Minnesota Vikings,17,New England Patriots,16,Minnesota Vikings,14945,Harrison Smith,S,Notre Dame,"{'city': 'Knoxville', 'state': 'TN', 'country': 'USA'}",14
2025-08-14,2025-08-18,401773013,2025-08-16T17:00Z,16,Minnesota Vikings,17,New England Patriots,16,Minnesota Vikings,4428584,Reddy Steward,CB,Troy,"{'city': 'Decatur', 'state': 'AL', 'country': 'USA'}",1
2025-08-14,2025-08-18,401773013,2025-08-16T17:00Z,16,Minnesota Vikings,17,New England Patriots,16,Minnesota Vikings,4361114,Taki Taimani,DT,Oregon,"{'city': 'Salt Lake City', 'state': 'UT', 'country': 'USA'}",2
2025-08-14,2025-08-18,401773013,2025-08-16T17:00Z,16,Minnesota Vikings,17,New England Patriots,16,Minnesota Vikings,4258209,Ambry Thomas,CB,Michigan,"{'city': 'Detroit', 'state': 'MI', 'country': 'USA'}",5
2025-08-14,2025-08-18,401773013,2025-08-16T17:00Z,16,Minnesota Vikings,17,New England Patriots,16,Minnesota Vikings,4334405,Tavierre Thomas,CB,Ferris State,"{'city': 'Detroit', 'state': 'MI', 'country': 'USA'}",8
2025-08-14,2025-08-18,401773013,2025-08-16T17:00Z,16,Minnesota Vikings,17,New England Patriots,16,Minnesota Vikings,4565190,Dallas Turner,LB,Alabama,"{'city': 'Fort Lauderdale', 'state': 'FL', 'country': 'USA'}",2
2025-08-14,2025-08-18,401773013,2025-08-16T17:00Z,16,Minnesota Vikings,17,New England Patriots,16,Minnesota Vikings,3133487,Andrew Van Ginkel,LB,Wisconsin,"{'city': 'Rock Valley', 'state': 'IA', 'country': 'USA'}",7
2025-08-14,2025-08-18,401773013,2025-08-16T17:00Z,16,Minnesota Vikings,17,New England Patriots,16,Minnesota Vikings,4695609,Zemaiah Vaughn,CB,Utah,"{'city': 'Beaumont', 'state': 'TX', 'country': 'USA'}",
2025-08-14,2025-08-18,401773013,2025-08-16T17:00Z,16,Minnesota Vikings,17,New England Patriots,16,Minnesota Vikings,4568007,Jay Ward,S,LSU,"{'city': 'Moultrie', 'state': 'GA', 'country': 'USA'}",3
2025-08-14,2025-08-18,401773013,2025-08-16T17:00Z,16,Minnesota Vikings,17,New England Patriots,16,Minnesota Vikings,4696782,Elijah Williams,DE,Morgan State,"{'city': 'Jersey City', 'state': 'NJ', 'country': 'USA'}",
2025-08-14,2025-08-18,401773013,2025-08-16T17:00Z,16,Minnesota Vikings,17,New England Patriots,16,Minnesota Vikings,3056916,Eric Wilson,LB,Cincinnati,"{'city': 'Redford', 'state': 'MI', 'country': 'USA'}",9
2025-08-14,2025-08-18,401773013,2025-08-16T17:00Z,16,Minnesota Vikings,17,New England Patriots,16,Minnesota Vikings,4695231,Oscar Chapman,P,Auburn,"{'city': 'Adelaide', 'state': 'SA', 'country': 'Australia'}",
2025-08-14,2025-08-18,401773013,2025-08-16T17:00Z,16,Minnesota Vikings,17,New England Patriots,16,Minnesota Vikings,15726,Andrew DePaola,LS,Rutgers,"{'city': 'Parkton', 'state': 'MD', 'country': 'USA'}",11
2025-08-14,2025-08-18,401773013,2025-08-16T17:00Z,16,Minnesota Vikings,17,New England Patriots,16,Minnesota Vikings,4567104,Will Reichard,PK,Alabama,"{'city': 'Hoover', 'state': 'AL', 'country': 'USA'}",2
2025-08-14,2025-08-18,401773013,2025-08-16T17:00Z,16,Minnesota Vikings,17,New England Patriots,16,Minnesota Vikings,4361823,Ryan Wright,P,Tulane,"{'city': 'San Ramon', 'state': 'CA', 'country': 'USA'}",4
2025-08-14,2025-08-18,401773013,2025-08-16T17:00Z,16,Minnesota Vikings,17,New England Patriots,16,Minnesota Vikings,4426414,Zeke Correll,C,NC State,"{'city': 'Cincinnati', 'state': 'OH', 'country': 'USA'}",
2025-08-14,2025-08-18,401773013,2025-08-16T17:00Z,16,Minnesota Vikings,17,New England Patriots,16,Minnesota Vikings,4372485,Rondale Moore,WR,Purdue,"{'city': 'New Albany', 'state': 'IN', 'country': 'USA'}",5
2025-08-14,2025-08-18,401773013,2025-08-16T17:00Z,16,Minnesota Vikings,17,New England Patriots,16,Minnesota Vikings,3145005,Matt Nelson,OT,Iowa,"{'city': 'Cedar Rapids', 'state': 'IA', 'country': 'USA'}",5
2025-08-14,2025-08-18,401773013,2025-08-16T17:00Z,16,Minnesota Vikings,17,New England Patriots,16,Minnesota Vikings,4361346,Alex Williams,DE,Middle Tennessee,"{'city': 'Akron', 'state': 'OH', 'country': 'USA'}",
2025-08-14,2025-08-18,401773013,2025-08-16T17:00Z,16,Minnesota Vikings,17,New England Patriots,17,New England Patriots,4692022,Javon Baker,WR,UCF,"{'city': 'Atlanta', 'state': 'GA', 'country': 'USA'}",2
2025-08-14,2025-08-18,401773013,2025-08-16T17:00Z,16,Minnesota Vikings,17,New England Patriots,17,New England Patriots,3045523,Kendrick Bourne,WR,Eastern Washington,"{'city': 'Portland', 'state': 'OR', 'country': 'USA'}",9
2025-08-14,2025-08-18,401773013,2025-08-16T17:00Z,16,Minnesota Vikings,17,New England Patriots,17,New England Patriots,4429022,Kayshon Boutte,WR,LSU,"{'city': 'New Iberia', 'state': 'LA', 'country': 'USA'}",3
2025-08-14,2025-08-18,401773013,2025-08-16T17:00Z,16,Minnesota Vikings,17,New England Patriots,17,New England Patriots,3116729,Garrett Bradbury,C,NC State,"{'city': 'Charlotte', 'state': 'NC', 'country': 'USA'}",7
2025-08-14,2025-08-18,401773013,2025-08-16T17:00Z,16,Minnesota Vikings,17,New England Patriots,17,New England Patriots,4362890,Ben Brown,C,Ole Miss,"{'city': 'Vicksburg', 'state': 'MS', 'country': 'USA'}",3
2025-08-14,2025-08-18,401773013,2025-08-16T17:00Z,16,Minnesota Vikings,17,New England Patriots,17,New England Patriots,4565293,Marcus Bryant,OT,Missouri,"{'city': 'Round Rock', 'state': 'TX', 'country': 'USA'}",
2025-08-14,2025-08-18,401773013,2025-08-16T17:00Z,16,Minnesota Vikings,17,New England Patriots,17,New England Patriots,4880087,Mehki Butler,G,Arkansas State,"{'city': 'Omaha', 'state': 'NE', 'country': 'USA'}",
2025-08-14,2025-08-18,401773013,2025-08-16T17:00Z,16,Minnesota Vikings,17,New England Patriots,17,New England Patriots,4685298,Will Campbell,OT,LSU,"{'city': 'Monroe', 'state': 'LA', 'country': 'USA'}",
2025-08-14,2025-08-18,401773013,2025-08-16T17:00Z,16,Minnesota Vikings,17,New England Patriots,17,New England Patriots,4695193,Efton Chism III,WR,Eastern Washington,"{'city': 'Monroe', 'state': 'WA', 'country': 'USA'}",
2025-08-14,2025-08-18,401773013,2025-08-16T17:00Z,16,Minnesota Vikings,17,New England Patriots,17,New England Patriots,4426955,Jack Conley,G,Boston College,"{'city': 'New Canaan', 'state': 'CT', 'country': 'USA'}",
2025-08-14,2025-08-18,401773013,2025-08-16T17:00Z,16,Minnesota Vikings,17,New England Patriots,17,New England Patriots,2976212,Stefon Diggs,WR,Maryland,"{'city': 'Gaithersburg', 'state': 'MD', 'country': 'USA'}",11
2025-08-14,2025-08-18,401773013,2025-08-16T17:00Z,16,Minnesota Vikings,17,New England Patriots,17,New England Patriots,4596545,CJ Dippre,TE,Alabama,"{'city': 'Scranton', 'state': 'PA', 'country': 'USA'}",
2025-08-14,2025-08-18,401773013,2025-08-16T17:00Z,16,Minnesota Vikings,17,New England Patriots,17,New England Patriots,3044720,Joshua Dobbs,QB,Tennessee,"{'city': 'Alpharetta', 'state': 'GA', 'country': 'USA'}",9
2025-08-14,2025-08-18,401773013,2025-08-16T17:00Z,16,Minnesota Vikings,17,New England Patriots,17,New England Patriots,4427095,DeMario Douglas,WR,Liberty,"{'city': 'Jacksonville', 'state': 'FL', 'country': 'USA'}",3
2025-08-14,2025-08-18,401773013,2025-08-16T17:00Z,16,Minnesota Vikings,17,New England Patriots,17,New England Patriots,4360294,Antonio Gibson,RB,Memphis,"{'city': 'Stockbridge', 'state': 'GA', 'country': 'USA'}",6
2025-08-14,2025-08-18,401773013,2025-08-16T17:00Z,16,Minnesota Vikings,17,New England Patriots,17,New England Patriots,3928925,JaMycal Hasty,RB,Baylor,"{'city': 'Longview', 'state': 'TX', 'country': 'USA'}",6
2025-08-14,2025-08-18,401773013,2025-08-16T17:00Z,16,Minnesota Vikings,17,New England Patriots,17,New England Patriots,4432710,TreVeyon Henderson,RB,Ohio State,"{'city': 'Hopewell', 'state': 'VA', 'country': 'USA'}",
2025-08-14,2025-08-18,401773013,2025-08-16T17:00Z,16,Minnesota Vikings,17,New England Patriots,17,New England Patriots,3046439,Hunter Henry,TE,Arkansas,"{'city': 'Little Rock', 'state': 'AR', 'country': 'USA'}",10
2025-08-14,2025-08-18,401773013,2025-08-16T17:00Z,16,Minnesota Vikings,17,New England Patriots,17,New England Patriots,2991662,Mack Hollins,WR,North Carolina,"{'city': 'Rockville', 'state': 'MD', 'country': 'USA'}",9
2025-08-14,2025-08-18,401773013,2025-08-16T17:00Z,16,Minnesota Vikings,17,New England Patriots,17,New England Patriots,3043275,Austin Hooper,TE,Stanford,"{'city': 'San Ramon', 'state': 'CA', 'country': 'USA'}",10
2025-08-14,2025-08-18,401773013,2025-08-16T17:00Z,16,Minnesota Vikings,17,New England Patriots,17,New England Patriots,3115328,Jalen Hurd,WR,Baylor,"{'city': 'Hendersonville', 'state': 'TN', 'country': 'USA'}",4
2025-08-14,2025-08-18,401773013,2025-08-16T17:00Z,16,Minnesota Vikings,17,New England Patriots,17,New England Patriots,4250935,Demontrey Jacobs,OT,South Florida,"{'city': 'Gonzales', 'state': 'LA', 'country': 'USA'}",2
2025-08-14,2025-08-18,401773013,2025-08-16T17:00Z,16,Minnesota Vikings,17,New England Patriots,17,New England Patriots,4427600,Terrell Jennings,RB,Florida A&M,"{'city': 'Jacksonville', 'state': 'FL', 'country': 'USA'}",1
2025-08-14,2025-08-18,401773013,2025-08-16T17:00Z,16,Minnesota Vikings,17,New England Patriots,17,New England Patriots,4887705,John Jiles,WR,West Florida,"{'city': 'Wake Forest', 'state': 'NC', 'country': 'USA'}",1
2025-08-14,2025-08-18,401773013,2025-08-16T17:00Z,16,Minnesota Vikings,17,New England Patriots,17,New England Patriots,4239950,Alec Lindstrom,C,Boston College,"{'city': 'Dudley', 'state': 'MA', 'country': 'USA'}",1
2025-08-14,2025-08-18,401773013,2025-08-16T17:00Z,16,Minnesota Vikings,17,New England Patriots,17,New England Patriots,4240554,Vederian Lowe,OT,Illinois,"{'city': 'Rockford', 'state': 'IL', 'country': 'USA'}",4
2025-08-14,2025-08-18,401773013,2025-08-16T17:00Z,16,Minnesota Vikings,17,New England Patriots,17,New England Patriots,4431452,Drake Maye,QB,North Carolina,"{'city': 'Huntersville', 'state': 'NC', 'country': 'USA'}",2
2025-08-14,2025-08-18,401773013,2025-08-16T17:00Z,16,Minnesota Vikings,17,New England Patriots,17,New England Patriots,16771,Morgan Moses,OT,Virginia,"{'city': 'Richmond', 'state': 'VA', 'country': 'USA'}",12
2025-08-14,2025-08-18,401773013,2025-08-16T17:00Z,16,Minnesota Vikings,17,New England Patriots,17,New England Patriots,4046545,Mike Onwenu,OT,Michigan,"{'city': 'Detroit', 'state': 'MI', 'country': 'USA'}",6
2025-08-14,2025-08-18,401773013,2025-08-16T17:00Z,16,Minnesota Vikings,17,New England Patriots,17,New England Patriots,4430637,Ja'Lynn Polk,WR,Washington,"{'city': 'Lufkin', 'state': 'TX', 'country': 'USA'}",2
2025-08-14,2025-08-18,401773013,2025-08-16T17:00Z,16,Minnesota Vikings,17,New England Patriots,17,New England Patriots,4428368,Layden Robinson,G,Texas A&M,"{'city': 'Manvel', 'state': 'TX', 'country': 'USA'}",2
2025-08-14,2025-08-18,401773013,2025-08-16T17:00Z,16,Minnesota Vikings,17,New England Patriots,17,New England Patriots,4429115,Gee Scott Jr.,TE,Ohio State,"{'city': 'Seattle', 'state': 'WA', 'country': 'USA'}",
2025-08-14,2025-08-18,401773013,2025-08-16T17:00Z,16,Minnesota Vikings,17,New England Patriots,17,New England Patriots,4569173,Rhamondre Stevenson,RB,Oklahoma,"{'city': 'Las Vegas', 'state': 'NV', 'country': 'USA'}",5
2025-08-14,2025-08-18,401773013,2025-08-16T17:00Z,16,Minnesota Vikings,17,New England Patriots,17,New England Patriots,4051001,Cole Strange,G,Chattanooga,"{'city': 'Knoxville', 'state': 'TN', 'country': 'USA'}",4
2025-08-14,2025-08-18,401773013,2025-08-16T17:00Z,16,Minnesota Vikings,17,New England Patriots,17,New England Patriots,4426446,Caedan Wallace,OT,Penn State,"{'city': 'Robbinsville', 'state': 'NJ', 'country': 'USA'}",2
2025-08-14,2025-08-18,401773013,2025-08-16T17:00Z,16,Minnesota Vikings,17,New England Patriots,17,New England Patriots,4572655,Jeremiah Webb,WR,South Alabama,"{'city': 'Chicago', 'state': 'IL', 'country': 'USA'}",
2025-08-14,2025-08-18,401773013,2025-08-16T17:00Z,16,Minnesota Vikings,17,New England Patriots,17,New England Patriots,4361100,Jack Westover,TE,Washington,"{'city': 'Bellevue', 'state': 'WA', 'country': 'USA'}",1
2025-08-14,2025-08-18,401773013,2025-08-16T17:00Z,16,Minnesota Vikings,17,New England Patriots,17,New England Patriots,4613202,Kyle Williams,WR,Washington State,"{'city': 'Inglewood', 'state': 'CA', 'country': 'USA'}",
2025-08-14,2025-08-18,401773013,2025-08-16T17:00Z,16,Minnesota Vikings,17,New England Patriots,17,New England Patriots,4599198,Jared Wilson,C,Georgia,"{'city': 'Winston-Salem', 'state': 'NC', 'country': 'USA'}",
2025-08-14,2025-08-18,401773013,2025-08-16T17:00Z,16,Minnesota Vikings,17,New England Patriots,17,New England Patriots,4426599,Alex Austin,CB,Oregon State,"{'city': 'Long Beach', 'state': 'CA', 'country': 'USA'}",3
2025-08-14,2025-08-18,401773013,2025-08-16T17:00Z,16,Minnesota Vikings,17,New England Patriots,17,New England Patriots,4372030,Christian Barmore,DT,Alabama,"{'city': 'Philadelphia', 'state': 'PA', 'country': 'USA'}",5
2025-08-14,2025-08-18,401773013,2025-08-16T17:00Z,16,Minnesota Vikings,17,New England Patriots,17,New England Patriots,4372413,Miles Battle,CB,Utah,"{'city': 'Houston', 'state': 'TX', 'country': 'USA'}",1
2025-08-14,2025-08-18,401773013,2025-08-16T17:00Z,16,Minnesota Vikings,17,New England Patriots,17,New England Patriots,4242205,K'Lavon Chaisson,LB,LSU,"{'city': 'Houston', 'state': 'TX', 'country': 'USA'}",6
2025-08-14,2025-08-18,401773013,2025-08-16T17:00Z,16,Minnesota Vikings,17,New England Patriots,17,New England Patriots,4429480,Brandon Crossley,CB,SMU,"{'city': 'Dallas', 'state': 'TX', 'country': 'USA'}",
2025-08-14,2025-08-18,401773013,2025-08-16T17:00Z,16,Minnesota Vikings,17,New England Patriots,17,New England Patriots,3916923,Carlton Davis III,CB,Auburn,"{'city': 'Miami', 'state': 'FL', 'country': 'USA'}",7
2025-08-14,2025-08-18,401773013,2025-08-16T17:00Z,16,Minnesota Vikings,17,New England Patriots,17,New England Patriots,4401811,Kyle Dugger,S,Lenoir-Rhyne,"{'city': 'Decatur', 'state': 'GA', 'country': 'USA'}",6
2025-08-14,2025-08-18,401773013,2025-08-16T17:00Z,16,Minnesota Vikings,17,New England Patriots,17,New England Patriots,4245273,Christian Elliss,LB,Idaho,"{'city': 'Highlands Ranch', 'state': 'CO', 'country': 'USA'}",4
2025-08-14,2025-08-18,401773013,2025-08-16T17:00Z,16,Minnesota Vikings,17,New England Patriots,17,New England Patriots,3139368,Marcus Epps,S,Wyoming,"{'city': 'Los Angeles', 'state': 'CA', 'country': 'USA'}",7
2025-08-14,2025-08-18,401773013,2025-08-16T17:00Z,16,Minnesota Vikings,17,New England Patriots,17,New England Patriots,4611993,Joshua Farmer,DT,Florida State,"{'city': 'Port Saint Joe', 'state': 'FL', 'country': 'USA'}",
2025-08-14,2025-08-18,401773013,2025-08-16T17:00Z,16,Minnesota Vikings,17,New England Patriots,17,New England Patriots,4249739,Jack Gibbens,LB,Minnesota,"{'city': 'Bulverde', 'state': 'TX', 'country': 'USA'}",3
2025-08-14,2025-08-18,401773013,2025-08-16T17:00Z,16,Minnesota Vikings,17,New England Patriots,17,New England Patriots,4686772,Christian Gonzalez,CB,Oregon,"{'city': 'The Colony', 'state': 'TX', 'country': 'USA'}",3
2025-08-14,2025-08-18,401773013,2025-08-16T17:00Z,16,Minnesota Vikings,17,New England Patriots,17,New England Patriots,3858276,Jaylinn Hawkins,S,California,"{'city': 'Buena Park', 'state': 'CA', 'country': 'USA'}",6
2025-08-14,2025-08-18,401773013,2025-08-16T17:00Z,16,Minnesota Vikings,17,New England Patriots,17,New England Patriots,4429891,DJ James,CB,Auburn,"{'city': 'Mobile', 'state': 'AL', 'country': 'USA'}",1
2025-08-14,2025-08-18,401773013,2025-08-16T17:00Z,16,Minnesota Vikings,17,New England Patriots,17,New England Patriots,3925350,Anfernee Jennings,LB,Alabama,"{'city': 'Dadeville', 'state': 'AL', 'country': 'USA'}",6
2025-08-14,2025-08-18,401773013,2025-08-16T17:00Z,16,Minnesota Vikings,17,New England Patriots,17,New England Patriots,4241720,Marcus Jones,CB,Houston,"{'city': 'Enterprise', 'state': 'AL', 'country': 'USA'}",4
2025-08-14,2025-08-18,401773013,2025-08-16T17:00Z,16,Minnesota Vikings,17,New England Patriots,17,New England Patriots,4367828,Truman Jones,DE,Harvard,"{'city': 'Atlanta', 'state': 'GA', 'country': 'USA'}",1
2025-08-14,2025-08-18,401773013,2025-08-16T17:00Z,16,Minnesota Vikings,17,New England Patriots,17,New England Patriots,3122793,Harold Landry III,LB,Boston College,"{'city': 'Spring Lake', 'state': 'NC', 'country': 'USA'}",8
2025-08-14,2025-08-18,401773013,2025-08-16T17:00Z,16,Minnesota Vikings,17,New England Patriots,17,New England Patriots,4248899,Marte Mapu,LB,Sacramento State,"{'city': 'Hawthorne', 'state': 'CA', 'country': 'USA'}",3
2025-08-14,2025-08-18,401773013,2025-08-16T17:00Z,16,Minnesota Vikings,17,New England Patriots,17,New England Patriots,4566100,Kobee Minor,CB,Memphis,"{'city': 'Dallas', 'state': 'TX', 'country': 'USA'}",
2025-08-14,2025-08-18,401773013,2025-08-16T17:00Z,16,Minnesota Vikings,17,New England Patriots,17,New England Patriots,5211114,David Olajiga,DT,Central Missouri State,"{'city': 'London', 'country': 'England'}",1
2025-08-14,2025-08-18,401773013,2025-08-16T17:00Z,16,Minnesota Vikings,17,New England Patriots,17,New England Patriots,3115962,Jabrill Peppers,S,Michigan,"{'city': 'East Orange', 'state': 'NJ', 'country': 'USA'}",9
2025-08-14,2025-08-18,401773013,2025-08-16T17:00Z,16,Minnesota Vikings,17,New England Patriots,17,New England Patriots,4428232,Dell Pettus,S,Troy,"{'city': 'Harvest', 'state': 'AL', 'country': 'USA'}",2
2025-08-14,2025-08-18,401773013,2025-08-16T17:00Z,16,Minnesota Vikings,17,New England Patriots,17,New England Patriots,5081728,Jeremiah Pharms Jr.,DT,Friends University,"{'city': 'Stockton', 'state': 'CA', 'country': 'USA'}",3
2025-08-14,2025-08-18,401773013,2025-08-16T17:00Z,16,Minnesota Vikings,17,New England Patriots,17,New England Patriots,4688432,Elijah Ponder,LB,Cal Poly,"{'city': 'Pomona', 'state': 'CA', 'country': 'USA'}",
2025-08-14,2025-08-18,401773013,2025-08-16T17:00Z,16,Minnesota Vikings,17,New England Patriots,17,New England Patriots,4431360,Cam Riley,LB,Florida State,"{'city': 'Evergreen', 'state': 'AL', 'country': 'USA'}",
2025-08-14,2025-08-18,401773013,2025-08-16T17:00Z,16,Minnesota Vikings,17,New England Patriots,17,New England Patriots,4431584,Jahvaree Ritzie,DT,North Carolina,"{'city': 'Kernersville', 'state': 'NC', 'country': 'USA'}",
2025-08-14,2025-08-18,401773013,2025-08-16T17:00Z,16,Minnesota Vikings,17,New England Patriots,17,New England Patriots,4047941,Brenden Schooler,S,Texas,"{'city': 'Dana Point', 'state': 'CA', 'country': 'USA'}",4
2025-08-14,2025-08-18,401773013,2025-08-16T17:00Z,16,Minnesota Vikings,17,New England Patriots,17,New England Patriots,3129446,Robert Spillane,LB,Western Michigan,"{'city': 'Oak Park', 'state': 'IL', 'country': 'USA'}",7
2025-08-14,2025-08-18,401773013,2025-08-16T17:00Z,16,Minnesota Vikings,17,New England Patriots,17,New England Patriots,4431424,Bradyn Swinson,LB,LSU,"{'city': 'Douglasville', 'state': 'GA', 'country': 'USA'}",
2025-08-14,2025-08-18,401773013,2025-08-16T17:00Z,16,Minnesota Vikings,17,New England Patriots,17,New England Patriots,3124587,Jahlani Tavai,LB,Hawai'i,"{'city': 'Inglewood', 'state': 'CA', 'country': 'USA'}",7
2025-08-14,2025-08-18,401773013,2025-08-16T17:00Z,16,Minnesota Vikings,17,New England Patriots,17,New England Patriots,4256074,Khyiris Tonga,DT,BYU,"{'city': 'West Valley', 'state': 'UT', 'country': 'USA'}",5
2025-08-14,2025-08-18,401773013,2025-08-16T17:00Z,16,Minnesota Vikings,17,New England Patriots,17,New England Patriots,4243493,Keion White,DE,Georgia Tech,"{'city': 'Garner', 'state': 'NC', 'country': 'USA'}",3
2025-08-14,2025-08-18,401773013,2025-08-16T17:00Z,16,Minnesota Vikings,17,New England Patriots,17,New England Patriots,4239699,Milton Williams,DE,Louisiana Tech,"{'city': 'Crowley', 'state': 'TX', 'country': 'USA'}",5
2025-08-14,2025-08-18,401773013,2025-08-16T17:00Z,16,Minnesota Vikings,17,New England Patriots,17,New England Patriots,4428930,Craig Woodson,S,California,"{'city': 'Grand Prairie', 'state': 'TX', 'country': 'USA'}",
2025-08-14,2025-08-18,401773013,2025-08-16T17:00Z,16,Minnesota Vikings,17,New England Patriots,17,New England Patriots,4695254,Julian Ashby,LS,Vanderbilt,"{'city': 'Lilburn', 'state': 'GA', 'country': 'USA'}",
2025-08-14,2025-08-18,401773013,2025-08-16T17:00Z,16,Minnesota Vikings,17,New England Patriots,17,New England Patriots,4240545,Bryce Baringer,P,Michigan State,"{'city': 'Waterford', 'state': 'MI', 'country': 'USA'}",3
2025-08-14,2025-08-18,401773013,2025-08-16T17:00Z,16,Minnesota Vikings,17,New England Patriots,17,New England Patriots,4569923,Andy Borregales,PK,Miami,"{'city': 'Miami', 'state': 'FL', 'country': 'USA'}",
2025-08-14,2025-08-18,401773013,2025-08-16T17:00Z,16,Minnesota Vikings,17,New England Patriots,17,New England Patriots,4051167,Parker Romo,PK,Virginia Tech,"{'city': 'Peachtree City', 'state': 'GA', 'country': 'USA'}",1
2025-08-14,2025-08-18,401773013,2025-08-16T17:00Z,16,Minnesota Vikings,17,New England Patriots,17,New England Patriots,4875079,Marcellas Dial Jr.,CB,South Carolina,"{'city': 'Woodruff', 'state': 'SC', 'country': 'USA'}",2
2025-08-14,2025-08-18,401773013,2025-08-16T17:00Z,16,Minnesota Vikings,17,New England Patriots,17,New England Patriots,4241213,Yasir Durant,OT,Missouri,"{'city': 'Philadelphia', 'state': 'PA', 'country': 'USA'}",3
2025-08-14,2025-08-18,401773013,2025-08-16T17:00Z,16,Minnesota Vikings,17,New England Patriots,17,New England Patriots,4570970,Isaiah Iton,DT,Rutgers,"{'city': 'Houston', 'state': 'TX', 'country': 'USA'}",1
2025-08-14,2025-08-18,401773013,2025-08-16T17:00Z,16,Minnesota Vikings,17,New England Patriots,17,New England Patriots,4875767,Brock Lampe,FB,Northern Illinois,"{'city': 'Kenosha', 'state': 'WI', 'country': 'USA'}",
2025-08-14,2025-08-18,401773013,2025-08-16T17:00Z,16,Minnesota Vikings,17,New England Patriots,17,New England Patriots,4698253,Lan Larison,RB,UC Davis,"{'city': 'Caldwell', 'state': 'ID', 'country': 'USA'}",
2025-08-14,2025-08-18,401773013,2025-08-16T17:00Z,16,Minnesota Vikings,17,New England Patriots,17,New England Patriots,4372526,Deneric Prince,RB,Tulsa,"{'city': 'Manvel', 'state': 'TX', 'country': 'USA'}",1
2025-08-14,2025-08-18,401773013,2025-08-16T17:00Z,16,Minnesota Vikings,17,New England Patriots,17,New England Patriots,4429034,Jaquelin Roy,DT,LSU,"{'city': 'Baton Rouge', 'state': 'LA', 'country': 'USA'}",3
2025-08-14,2025-08-18,401773006,2025-08-16T17:00Z,21,Philadelphia Eagles,5,Cleveland Browns,21,Philadelphia Eagles,4426528,Ife Adeyi,WR,Sam Houston,"{'city': 'Mansfield', 'state': 'TX', 'country': 'USA'}",
2025-08-14,2025-08-18,401773006,2025-08-16T17:00Z,21,Philadelphia Eagles,5,Cleveland Browns,21,Philadelphia Eagles,3929630,Saquon Barkley,RB,Penn State,"{'city': 'Coplay', 'state': 'PA', 'country': 'USA'}",8
2025-08-14,2025-08-18,401773006,2025-08-16T17:00Z,21,Philadelphia Eagles,5,Cleveland Browns,21,Philadelphia Eagles,4047646,A.J. Brown,WR,Ole Miss,"{'city': 'Starkville', 'state': 'MS', 'country': 'USA'}",7
2025-08-14,2025-08-18,401773006,2025-08-16T17:00Z,21,Philadelphia Eagles,5,Cleveland Browns,21,Philadelphia Eagles,4241374,Grant Calcaterra,TE,SMU,"{'city': 'Rancho Santa Margarita', 'state': 'CA', 'country': 'USA'}",4
2025-08-14,2025-08-18,401773006,2025-08-16T17:00Z,21,Philadelphia Eagles,5,Cleveland Browns,21,Philadelphia Eagles,4241588,Elijah Cooks,WR,San José State,"{'city': 'Atascadero', 'state': 'CA', 'country': 'USA'}",2
2025-08-14,2025-08-18,401773006,2025-08-16T17:00Z,21,Philadelphia Eagles,5,Cleveland Browns,21,Philadelphia Eagles,4715355,Darius Cooper,WR,Tarleton State,"{'city': 'St. Louis', 'state': 'MO', 'country': 'USA'}",
2025-08-14,2025-08-18,401773006,2025-08-16T17:00Z,21,Philadelphia Eagles,5,Cleveland Browns,21,Philadelphia Eagles,4035624,Landon Dickerson,G,Alabama,"{'city': 'Hickory', 'state': 'NC', 'country': 'USA'}",5
2025-08-14,2025-08-18,401773006,2025-08-16T17:00Z,21,Philadelphia Eagles,5,Cleveland Browns,21,Philadelphia Eagles,4239934,AJ Dillon,RB,Boston College,"{'city': 'New London', 'state': 'CT', 'country': 'USA'}",6
2025-08-14,2025-08-18,401773006,2025-08-16T17:00Z,21,Philadelphia Eagles,5,Cleveland Browns,21,Philadelphia Eagles,4361409,Jahan Dotson,WR,Penn State,"{'city': 'Nazareth', 'state': 'PA', 'country': 'USA'}",4
2025-08-14,2025-08-18,401773006,2025-08-16T17:00Z,21,Philadelphia Eagles,5,Cleveland Browns,21,Philadelphia Eagles,3121023,Dallas Goedert,TE,South Dakota State,"{'city': 'Britton', 'state': 'SD', 'country': 'USA'}",8
2025-08-14,2025-08-18,401773006,2025-08-16T17:00Z,21,Philadelphia Eagles,5,Cleveland Browns,21,Philadelphia Eagles,4039160,Kylen Granson,TE,SMU,"{'city': 'Austin', 'state': 'TX', 'country': 'USA'}",5
2025-08-14,2025-08-18,401773006,2025-08-16T17:00Z,21,Philadelphia Eagles,5,Cleveland Browns,21,Philadelphia Eagles,4426327,Kenyon Green,G,Texas A&M,"{'city': 'Humble', 'state': 'TX', 'country': 'USA'}",4
2025-08-14,2025-08-18,401773006,2025-08-16T17:00Z,21,Philadelphia Eagles,5,Cleveland Browns,21,Philadelphia Eagles,4429000,Myles Hinton,OT,Michigan,"{'city': 'Johns Creek', 'state': 'GA', 'country': 'USA'}",
2025-08-14,2025-08-18,401773006,2025-08-16T17:00Z,21,Philadelphia Eagles,5,Cleveland Browns,21,Philadelphia Eagles,4040715,Jalen Hurts,QB,Oklahoma,"{'city': 'Houston', 'state': 'TX', 'country': 'USA'}",6
2025-08-14,2025-08-18,401773006,2025-08-16T17:00Z,21,Philadelphia Eagles,5,Cleveland Browns,21,Philadelphia Eagles,4248557,E.J. Jenkins,TE,Georgia Tech,"{'city': 'Fredericksburg', 'state': 'VA', 'country': 'USA'}",2
2025-08-14,2025-08-18,401773006,2025-08-16T17:00Z,21,Philadelphia Eagles,5,Cleveland Browns,21,Philadelphia Eagles,15797,Lane Johnson,OT,Oklahoma,"{'city': 'Groveton', 'state': 'TX', 'country': 'USA'}",13
2025-08-14,2025-08-18,401773006,2025-08-16T17:00Z,21,Philadelphia Eagles,5,Cleveland Browns,21,Philadelphia Eagles,4684625,Montrell Johnson Jr.,RB,Florida,"{'city': 'New Orleans', 'state': 'LA', 'country': 'USA'}",
2025-08-14,2025-08-18,401773006,2025-08-16T17:00Z,21,Philadelphia Eagles,5,Cleveland Browns,21,Philadelphia Eagles,4361178,Cam Jurgens,C,Nebraska,"{'city': 'Beatrice', 'state': 'NE', 'country': 'USA'}",4
2025-08-14,2025-08-18,401773006,2025-08-16T17:00Z,21,Philadelphia Eagles,5,Cleveland Browns,21,Philadelphia Eagles,4427140,Trevor Keegan,G,Michigan,"{'city': 'Crystal Lake', 'state': 'IL', 'country': 'USA'}",2
2025-08-14,2025-08-18,401773006,2025-08-16T17:00Z,21,Philadelphia Eagles,5,Cleveland Browns,21,Philadelphia Eagles,4567802,Drew Kendall,C,Boston College,"{'city': 'Norwell', 'state': 'MA', 'country': 'USA'}",
2025-08-14,2025-08-18,401773006,2025-08-16T17:00Z,21,Philadelphia Eagles,5,Cleveland Browns,21,Philadelphia Eagles,4362611,Darian Kinnard,OT,Kentucky,"{'city': 'Knoxville', 'state': 'TN', 'country': 'USA'}",3
2025-08-14,2025-08-18,401773006,2025-08-16T17:00Z,21,Philadelphia Eagles,5,Cleveland Browns,21,Philadelphia Eagles,2509370,Kendall Lamm,OT,App State,"{'city': 'Charlotte', 'state': 'NC', 'country': 'USA'}",10
2025-08-14,2025-08-18,401773006,2025-08-16T17:00Z,21,Philadelphia Eagles,5,Cleveland Browns,21,Philadelphia Eagles,4372026,Cameron Latu,TE,Alabama,"{'city': 'Salt Lake City', 'state': 'UT', 'country': 'USA'}",2
2025-08-14,2025-08-18,401773006,2025-08-16T17:00Z,21,Philadelphia Eagles,5,Cleveland Browns,21,Philadelphia Eagles,4334215,Jordan Mailata,OT,,"{'city': 'Sydney', 'state': 'NSW', 'country': 'Australia'}",8
2025-08-14,2025-08-18,401773006,2025-08-16T17:00Z,21,Philadelphia Eagles,5,Cleveland Browns,21,Philadelphia Eagles,4362630,Terrace Marshall Jr.,WR,LSU,"{'city': 'Bossier City', 'state': 'LA', 'country': 'USA'}",5
2025-08-14,2025-08-18,401773006,2025-08-16T17:00Z,21,Philadelphia Eagles,5,Cleveland Browns,21,Philadelphia Eagles,4433971,Kyle McCord,QB,Syracuse,"{'city': 'Mount Laurel', 'state': 'NJ', 'country': 'USA'}",
2025-08-14,2025-08-18,401773006,2025-08-16T17:00Z,21,Philadelphia Eagles,5,Cleveland Browns,21,Philadelphia Eagles,4685201,Tanner McKee,QB,Stanford,"{'city': 'Corona', 'state': 'CA', 'country': 'USA'}",3
2025-08-14,2025-08-18,401773006,2025-08-16T17:00Z,21,Philadelphia Eagles,5,Cleveland Browns,21,Philadelphia Eagles,4567096,John Metchie III,WR,Alabama,"{'city': 'Brampton', 'state': 'ON', 'country': 'Canada'}",3
2025-08-14,2025-08-18,401773006,2025-08-16T17:00Z,21,Philadelphia Eagles,5,Cleveland Browns,21,Philadelphia Eagles,4567044,Taylor Morin,WR,Wake Forest,"{'city': 'Centreville', 'state': 'VA', 'country': 'USA'}",
2025-08-14,2025-08-18,401773006,2025-08-16T17:00Z,21,Philadelphia Eagles,5,Cleveland Browns,21,Philadelphia Eagles,4249624,Nick Muse,TE,South Carolina,"{'city': 'Belmont', 'state': 'NC', 'country': 'USA'}",4
2025-08-14,2025-08-18,401773006,2025-08-16T17:00Z,21,Philadelphia Eagles,5,Cleveland Browns,21,Philadelphia Eagles,4698119,Hollin Pierce,OT,Rutgers,"{'city': 'Trenton', 'state': 'NJ', 'country': 'USA'}",
2025-08-14,2025-08-18,401773006,2025-08-16T17:00Z,21,Philadelphia Eagles,5,Cleveland Browns,21,Philadelphia Eagles,4876907,ShunDerrick Powell,RB,Central Arkansas,"{'city': 'Hoxie', 'state': 'AR', 'country': 'USA'}",
2025-08-14,2025-08-18,401773006,2025-08-16T17:00Z,21,Philadelphia Eagles,5,Cleveland Browns,21,Philadelphia Eagles,3055886,Matt Pryor,OT,TCU,"{'city': 'Long Beach', 'state': 'CA', 'country': 'USA'}",8
2025-08-14,2025-08-18,401773006,2025-08-16T17:00Z,21,Philadelphia Eagles,5,Cleveland Browns,21,Philadelphia Eagles,4567095,Keilan Robinson,RB,Texas,"{'city': 'Washington', 'state': 'DC', 'country': 'USA'}",2
2025-08-14,2025-08-18,401773006,2025-08-16T17:00Z,21,Philadelphia Eagles,5,Cleveland Browns,21,Philadelphia Eagles,4431545,Will Shipley,RB,Clemson,"{'city': 'Weddington', 'state': 'NC', 'country': 'USA'}",2
2025-08-14,2025-08-18,401773006,2025-08-16T17:00Z,21,Philadelphia Eagles,5,Cleveland Browns,21,Philadelphia Eagles,4428532,Ainias Smith,WR,Texas A&M,"{'city': 'Missouri City', 'state': 'TX', 'country': 'USA'}",2
2025-08-14,2025-08-18,401773006,2025-08-16T17:00Z,21,Philadelphia Eagles,5,Cleveland Browns,21,Philadelphia Eagles,4241478,DeVonta Smith,WR,Alabama,"{'city': 'Amite', 'state': 'LA', 'country': 'USA'}",5
2025-08-14,2025-08-18,401773006,2025-08-16T17:00Z,21,Philadelphia Eagles,5,Cleveland Browns,21,Philadelphia Eagles,4362805,Tyler Steen,G,Alabama,"{'city': 'Miami', 'state': 'FL', 'country': 'USA'}",3
2025-08-14,2025-08-18,401773006,2025-08-16T17:00Z,21,Philadelphia Eagles,5,Cleveland Browns,21,Philadelphia Eagles,4367178,Dorian Thompson-Robinson,QB,UCLA,"{'city': 'Las Vegas', 'state': 'NV', 'country': 'USA'}",3
2025-08-14,2025-08-18,401773006,2025-08-16T17:00Z,21,Philadelphia Eagles,5,Cleveland Browns,21,Philadelphia Eagles,3129116,Brett Toth,OT,Army,"{'city': 'Charleston', 'state': 'SC', 'country': 'USA'}",6
2025-08-14,2025-08-18,401773006,2025-08-16T17:00Z,21,Philadelphia Eagles,5,Cleveland Browns,21,Philadelphia Eagles,5211218,Laekin Vakalahi,OT,,"{'city': 'Brisbane', 'state': 'ACT', 'country': 'Australia'}",1
2025-08-14,2025-08-18,401773006,2025-08-16T17:00Z,21,Philadelphia Eagles,5,Cleveland Browns,21,Philadelphia Eagles,4372070,Ben VanSumeren,FB,Michigan State,"{'city': 'Bay City', 'state': 'MI', 'country': 'USA'}",3
2025-08-14,2025-08-18,401773006,2025-08-16T17:00Z,21,Philadelphia Eagles,5,Cleveland Browns,21,Philadelphia Eagles,4048259,Avery Williams,WR,Boise State,"{'city': 'Pasadena', 'state': 'CA', 'country': 'USA'}",5
2025-08-14,2025-08-18,401773006,2025-08-16T17:00Z,21,Philadelphia Eagles,5,Cleveland Browns,21,Philadelphia Eagles,4685590,Cameron Williams,OT,Texas,"{'city': 'Duncanville', 'state': 'TX', 'country': 'USA'}",
2025-08-14,2025-08-18,401773006,2025-08-16T17:00Z,21,Philadelphia Eagles,5,Cleveland Browns,21,Philadelphia Eagles,3917657,Zack Baun,LB,Wisconsin,"{'city': 'Brown Deer', 'state': 'WI', 'country': 'USA'}",6
2025-08-14,2025-08-18,401773006,2025-08-16T17:00Z,21,Philadelphia Eagles,5,Cleveland Browns,21,Philadelphia Eagles,4686911,Jakorian Bennett,CB,Maryland,"{'city': 'Mobile', 'state': 'AL', 'country': 'USA'}",3
2025-08-14,2025-08-18,401773006,2025-08-16T17:00Z,21,Philadelphia Eagles,5,Cleveland Browns,21,Philadelphia Eagles,4243956,Reed Blankenship,S,Middle Tennessee,"{'city': 'Athens', 'state': 'AL', 'country': 'USA'}",4
2025-08-14,2025-08-18,401773006,2025-08-16T17:00Z,21,Philadelphia Eagles,5,Cleveland Browns,21,Philadelphia Eagles,4360386,Sydney Brown,S,Illinois,"{'city': 'London', 'state': 'ON', 'country': 'Canada'}",3
2025-08-14,2025-08-18,401773006,2025-08-16T17:00Z,21,Philadelphia Eagles,5,Cleveland Browns,21,Philadelphia Eagles,4372051,Chance Campbell,LB,Ole Miss,"{'city': 'Ellicott City', 'state': 'MD', 'country': 'USA'}",4
2025-08-14,2025-08-18,401773006,2025-08-16T17:00Z,21,Philadelphia Eagles,5,Cleveland Browns,21,Philadelphia Eagles,4685287,Jihaad Campbell,LB,Alabama,"{'city': 'Erial', 'state': 'NJ', 'country': 'USA'}",
2025-08-14,2025-08-18,401773006,2025-08-16T17:00Z,21,Philadelphia Eagles,5,Cleveland Browns,21,Philadelphia Eagles,4685759,Jalen Carter,DT,Georgia,"{'city': 'Apopka', 'state': 'FL', 'country': 'USA'}",3
2025-08-14,2025-08-18,401773006,2025-08-16T17:00Z,21,Philadelphia Eagles,5,Cleveland Browns,21,Philadelphia Eagles,4259590,Tariq Castro-Fields,CB,Penn State,"{'city': 'Upper Marlboro', 'state': 'MD', 'country': 'USA'}",3
2025-08-14,2025-08-18,401773006,2025-08-16T17:00Z,21,Philadelphia Eagles,5,Cleveland Browns,21,Philadelphia Eagles,4426536,Lewis Cine,S,Georgia,"{'city': 'Cedar Hill', 'state': 'TX', 'country': 'USA'}",3
2025-08-14,2025-08-18,401773006,2025-08-16T17:00Z,21,Philadelphia Eagles,5,Cleveland Browns,21,Philadelphia Eagles,4381558,Jordan Davis,DT,Georgia,"{'city': 'Charlotte', 'state': 'NC', 'country': 'USA'}",4
2025-08-14,2025-08-18,401773006,2025-08-16T17:00Z,21,Philadelphia Eagles,5,Cleveland Browns,21,Philadelphia Eagles,4426340,Nakobe Dean,LB,Georgia,"{'city': 'Horn Lake', 'state': 'MS', 'country': 'USA'}",4
2025-08-14,2025-08-18,401773006,2025-08-16T17:00Z,21,Philadelphia Eagles,5,Cleveland Browns,21,Philadelphia Eagles,4682618,Cooper DeJean,CB,Iowa,"{'city': 'Odebolt', 'state': 'IA', 'country': 'USA'}",2
2025-08-14,2025-08-18,401773006,2025-08-16T17:00Z,21,Philadelphia Eagles,5,Cleveland Browns,21,Philadelphia Eagles,4427079,Lance Dixon,LB,Toledo,"{'city': 'Oak Park', 'state': 'MI', 'country': 'USA'}",
2025-08-14,2025-08-18,401773006,2025-08-16T17:00Z,21,Philadelphia Eagles,5,Cleveland Browns,21,Philadelphia Eagles,4568016,Joe Evans,DT,UTSA,"{'city': 'Haynesville', 'state': 'LA', 'country': 'USA'}",
2025-08-14,2025-08-18,401773006,2025-08-16T17:00Z,21,Philadelphia Eagles,5,Cleveland Browns,21,Philadelphia Eagles,4361348,Dallas Gant,LB,Toledo,"{'city': 'Toledo', 'state': 'OH', 'country': 'USA'}",1
2025-08-14,2025-08-18,401773006,2025-08-16T17:00Z,21,Philadelphia Eagles,5,Cleveland Browns,21,Philadelphia Eagles,4429731,Gabe Hall,DT,Baylor,"{'city': 'Waller', 'state': 'TX', 'country': 'USA'}",1
2025-08-14,2025-08-18,401773006,2025-08-16T17:00Z,21,Philadelphia Eagles,5,Cleveland Browns,21,Philadelphia Eagles,4431145,Maxen Hook,S,Toledo,"{'city': 'New Palestine', 'state': 'IN', 'country': 'USA'}",
2025-08-14,2025-08-18,401773006,2025-08-16T17:00Z,21,Philadelphia Eagles,5,Cleveland Browns,21,Philadelphia Eagles,4571162,Jalyx Hunt,LB,Houston Christian,"{'city': 'Debary', 'state': 'FL', 'country': 'USA'}",2
2025-08-14,2025-08-18,401773006,2025-08-16T17:00Z,21,Philadelphia Eagles,5,Cleveland Browns,21,Philadelphia Eagles,3120347,Adoree' Jackson,CB,USC,"{'city': 'Belleville', 'state': 'IL', 'country': 'USA'}",9
2025-08-14,2025-08-18,401773006,2025-08-16T17:00Z,21,Philadelphia Eagles,5,Cleveland Browns,21,Philadelphia Eagles,4594338,Brandon Johnson,S,Oregon,"{'city': 'Newton', 'state': 'NC', 'country': 'USA'}",
2025-08-14,2025-08-18,401773006,2025-08-16T17:00Z,21,Philadelphia Eagles,5,Cleveland Browns,21,Philadelphia Eagles,4243916,Patrick Johnson,LB,Tulane,"{'city': 'Chattanooga', 'state': 'TN', 'country': 'USA'}",5
2025-08-14,2025-08-18,401773006,2025-08-16T17:00Z,21,Philadelphia Eagles,5,Cleveland Browns,21,Philadelphia Eagles,4362486,Ochaun Mathis,LB,Nebraska,"{'city': 'Manor', 'state': 'TX', 'country': 'USA'}",3
2025-08-14,2025-08-18,401773006,2025-08-16T17:00Z,21,Philadelphia Eagles,5,Cleveland Browns,21,Philadelphia Eagles,4250393,Tristin McCollum,S,Sam Houston,"{'city': 'Galveston', 'state': 'TX', 'country': 'USA'}",2
2025-08-14,2025-08-18,401773006,2025-08-16T17:00Z,21,Philadelphia Eagles,5,Cleveland Browns,21,Philadelphia Eagles,4689651,Mac McWilliams,CB,UCF,"{'city': 'Pensacola', 'state': 'FL', 'country': 'USA'}",
2025-08-14,2025-08-18,401773006,2025-08-16T17:00Z,21,Philadelphia Eagles,5,Cleveland Browns,21,Philadelphia Eagles,4686273,Quinyon Mitchell,CB,Toledo,"{'city': 'Williston', 'state': 'FL', 'country': 'USA'}",2
2025-08-14,2025-08-18,401773006,2025-08-16T17:00Z,21,Philadelphia Eagles,5,Cleveland Browns,21,Philadelphia Eagles,4431573,Smael Mondon Jr.,LB,Georgia,"{'city': 'Dallas', 'state': 'GA', 'country': 'USA'}",
2025-08-14,2025-08-18,401773006,2025-08-16T17:00Z,21,Philadelphia Eagles,5,Cleveland Browns,21,Philadelphia Eagles,4602197,Andrew Mukuba,S,Texas,"{'city': 'Harare', 'country': 'Zimbabwe'}",
2025-08-14,2025-08-18,401773006,2025-08-16T17:00Z,21,Philadelphia Eagles,5,Cleveland Browns,21,Philadelphia Eagles,3041098,Parry Nickerson,CB,Tulane,"{'city': 'Algiers', 'state': 'LA', 'country': 'USA'}",5
2025-08-14,2025-08-18,401773006,2025-08-16T17:00Z,21,Philadelphia Eagles,5,Cleveland Browns,21,Philadelphia Eagles,4362116,Moro Ojomo,DT,Texas,"{'city': 'Katy', 'state': 'TX', 'country': 'USA'}",3
2025-08-14,2025-08-18,401773006,2025-08-16T17:00Z,21,Philadelphia Eagles,5,Cleveland Browns,21,Philadelphia Eagles,4379409,Azeez Ojulari,LB,Georgia,"{'city': 'Marietta', 'state': 'GA', 'country': 'USA'}",5
2025-08-14,2025-08-18,401773006,2025-08-16T17:00Z,21,Philadelphia Eagles,5,Cleveland Browns,21,Philadelphia Eagles,3052667,Ogbo Okoronkwo,DE,Oklahoma,"{'city': 'Houston', 'state': 'TX', 'country': 'USA'}",8
2025-08-14,2025-08-18,401773006,2025-08-16T17:00Z,21,Philadelphia Eagles,5,Cleveland Browns,21,Philadelphia Eagles,4429009,Antwaun Powell-Ryland Jr.,LB,Virginia Tech,"{'city': 'Portsmouth', 'state': 'VA', 'country': 'USA'}",
2025-08-14,2025-08-18,401773006,2025-08-16T17:00Z,21,Philadelphia Eagles,5,Cleveland Browns,21,Philadelphia Eagles,4429011,Eli Ricks,CB,Alabama,"{'city': 'Rancho Cucamonga', 'state': 'CA', 'country': 'USA'}",3
2025-08-14,2025-08-18,401773006,2025-08-16T17:00Z,21,Philadelphia Eagles,5,Cleveland Browns,21,Philadelphia Eagles,4428992,Kelee Ringo,CB,Georgia,"{'city': 'Tacoma', 'state': 'WA', 'country': 'USA'}",3
2025-08-14,2025-08-18,401773006,2025-08-16T17:00Z,21,Philadelphia Eagles,5,Cleveland Browns,21,Philadelphia Eagles,4686388,Jereme Robinson,DE,Kansas,"{'city': 'Montgomery', 'state': 'AL', 'country': 'USA'}",
2025-08-14,2025-08-18,401773006,2025-08-16T17:00Z,21,Philadelphia Eagles,5,Cleveland Browns,21,Philadelphia Eagles,4569586,Ty Robinson,DT,Nebraska,"{'city': 'Gilbert', 'state': 'AZ', 'country': 'USA'}",
2025-08-14,2025-08-18,401773006,2025-08-16T17:00Z,21,Philadelphia Eagles,5,Cleveland Browns,21,Philadelphia Eagles,4692185,Justin Rogers,DT,Auburn,"{'city': 'Detroit', 'state': 'MI', 'country': 'USA'}",1
2025-08-14,2025-08-18,401773006,2025-08-16T17:00Z,21,Philadelphia Eagles,5,Cleveland Browns,21,Philadelphia Eagles,4250510,Andre' Sam,S,LSU,"{'city': 'Iowa', 'state': 'LA', 'country': 'USA'}",1
2025-08-14,2025-08-18,401773006,2025-08-16T17:00Z,21,Philadelphia Eagles,5,Cleveland Browns,21,Philadelphia Eagles,4426331,Nolan Smith Jr.,LB,Georgia,"{'city': 'Savannah', 'state': 'GA', 'country': 'USA'}",3
2025-08-14,2025-08-18,401773006,2025-08-16T17:00Z,21,Philadelphia Eagles,5,Cleveland Browns,21,Philadelphia Eagles,4367843,Jacob Sykes,DT,UCLA,"{'city': 'Kansas City', 'state': 'MO', 'country': 'USA'}",1
2025-08-14,2025-08-18,401773006,2025-08-16T17:00Z,21,Philadelphia Eagles,5,Cleveland Browns,21,Philadelphia Eagles,4432777,Jeremiah Trotter Jr.,LB,Clemson,"{'city': 'Hainesport', 'state': 'NJ', 'country': 'USA'}",2
2025-08-14,2025-08-18,401773006,2025-08-16T17:00Z,21,Philadelphia Eagles,5,Cleveland Browns,21,Philadelphia Eagles,4046528,Joshua Uche,LB,Michigan,"{'city': 'Miami', 'state': 'FL', 'country': 'USA'}",6
2025-08-14,2025-08-18,401773006,2025-08-16T17:00Z,21,Philadelphia Eagles,5,Cleveland Browns,21,Philadelphia Eagles,4428932,A.J. Woods,CB,Pittsburgh,"{'city': 'Germantown', 'state': 'MD', 'country': 'USA'}",1
2025-08-14,2025-08-18,401773006,2025-08-16T17:00Z,21,Philadelphia Eagles,5,Cleveland Browns,21,Philadelphia Eagles,4567123,Byron Young,DT,Alabama,"{'city': 'Laurel', 'state': 'MS', 'country': 'USA'}",3
2025-08-14,2025-08-18,401773006,2025-08-16T17:00Z,21,Philadelphia Eagles,5,Cleveland Browns,21,Philadelphia Eagles,3050478,Jake Elliott,PK,Memphis,"{'city': 'Western Springs', 'state': 'IL', 'country': 'USA'}",9
2025-08-14,2025-08-18,401773006,2025-08-16T17:00Z,21,Philadelphia Eagles,5,Cleveland Browns,21,Philadelphia Eagles,15379,Charley Hughlett,LS,UCF,"{'city': 'Tampa', 'state': 'FL', 'country': 'USA'}",11
2025-08-14,2025-08-18,401773006,2025-08-16T17:00Z,21,Philadelphia Eagles,5,Cleveland Browns,21,Philadelphia Eagles,4035239,Braden Mann,P,Texas A&M,"{'city': 'Houston', 'state': 'TX', 'country': 'USA'}",6
2025-08-14,2025-08-18,401773006,2025-08-16T17:00Z,21,Philadelphia Eagles,5,Cleveland Browns,21,Philadelphia Eagles,4686104,Johnny Wilson,WR,Florida State,"{'city': 'Pacoima', 'state': 'CA', 'country': 'USA'}",2
2025-08-14,2025-08-18,401773006,2025-08-16T17:00Z,21,Philadelphia Eagles,5,Cleveland Browns,5,Cleveland Browns,3122865,Jackson Barton,OT,Utah,"{'city': 'Salt Lake City', 'state': 'UT', 'country': 'USA'}",5
2025-08-14,2025-08-18,401773006,2025-08-16T17:00Z,21,Philadelphia Eagles,5,Cleveland Browns,5,Cleveland Browns,4362603,Brenden Bates,TE,Kentucky,"{'city': 'Cincinnati', 'state': 'OH', 'country': 'USA'}",6
2025-08-14,2025-08-18,401773006,2025-08-16T17:00Z,21,Philadelphia Eagles,5,Cleveland Browns,5,Cleveland Browns,4570409,David Bell,WR,Purdue,"{'city': 'Indianapolis', 'state': 'IN', 'country': 'USA'}",4
2025-08-14,2025-08-18,401773006,2025-08-16T17:00Z,21,Philadelphia Eagles,5,Cleveland Browns,5,Cleveland Browns,16740,Joel Bitonio,G,Nevada,"{'city': 'Long Beach', 'state': 'CA', 'country': 'USA'}",12
2025-08-14,2025-08-18,401773006,2025-08-16T17:00Z,21,Philadelphia Eagles,5,Cleveland Browns,5,Cleveland Browns,4808839,Isaiah Bond,WR,Texas,"{'city': 'Buford', 'state': 'GA', 'country': 'USA'}",
2025-08-14,2025-08-18,401773006,2025-08-16T17:00Z,21,Philadelphia Eagles,5,Cleveland Browns,5,Cleveland Browns,4242536,Sal Cannella,TE,Auburn,"{'city': 'Schaumburg', 'state': 'IL', 'country': 'USA'}",1
2025-08-14,2025-08-18,401773006,2025-08-16T17:00Z,21,Philadelphia Eagles,5,Cleveland Browns,5,Cleveland Browns,2580216,DeAndre Carter,WR,Sacramento State,"{'city': 'San Jose', 'state': 'CA', 'country': 'USA'}",8
2025-08-14,2025-08-18,401773006,2025-08-16T17:00Z,21,Philadelphia Eagles,5,Cleveland Browns,5,Cleveland Browns,4692037,Javion Cohen,G,Miami,"{'city': 'Phenix City', 'state': 'AL', 'country': 'USA'}",1
2025-08-14,2025-08-18,401773006,2025-08-16T17:00Z,21,Philadelphia Eagles,5,Cleveland Browns,5,Cleveland Browns,2979534,Jack Conklin,OT,Michigan State,"{'city': 'Plainwell', 'state': 'MI', 'country': 'USA'}",10
2025-08-14,2025-08-18,401773006,2025-08-16T17:00Z,21,Philadelphia Eagles,5,Cleveland Browns,5,Cleveland Browns,4367186,Chase Cota,WR,Oregon,"{'city': 'Medford', 'state': 'OR', 'country': 'USA'}",1
2025-08-14,2025-08-18,401773006,2025-08-16T17:00Z,21,Philadelphia Eagles,5,Cleveland Browns,5,Cleveland Browns,5065495,Kaden Davis,WR,,,1
2025-08-14,2025-08-18,401773006,2025-08-16T17:00Z,21,Philadelphia Eagles,5,Cleveland Browns,5,Cleveland Browns,5083076,Harold Fannin Jr.,TE,Bowling Green,"{'city': 'Canton', 'state': 'OH', 'country': 'USA'}",
2025-08-14,2025-08-18,401773006,2025-08-16T17:00Z,21,Philadelphia Eagles,5,Cleveland Browns,5,Cleveland Browns,11252,Joe Flacco,QB,Delaware,"{'city': 'Audubon', 'state': 'NJ', 'country': 'USA'}",19
2025-08-14,2025-08-18,401773006,2025-08-16T17:00Z,21,Philadelphia Eagles,5,Cleveland Browns,5,Cleveland Browns,4372019,Jerome Ford,RB,Cincinnati,"{'city': 'Tampa', 'state': 'FL', 'country': 'USA'}",4
2025-08-14,2025-08-18,401773006,2025-08-16T17:00Z,21,Philadelphia Eagles,5,Cleveland Browns,5,Cleveland Browns,4427238,Dillon Gabriel,QB,Oregon,"{'city': 'Mililani', 'state': 'HI', 'country': 'USA'}",
2025-08-14,2025-08-18,401773006,2025-08-16T17:00Z,21,Philadelphia Eagles,5,Cleveland Browns,5,Cleveland Browns,5041985,Sebastian Gutierrez,OT,Minot State Universi,,1
2025-08-14,2025-08-18,401773006,2025-08-16T17:00Z,21,Philadelphia Eagles,5,Cleveland Browns,5,Cleveland Browns,4035671,Tyler Huntley,QB,Utah,"{'city': 'Dania', 'state': 'FL', 'country': 'USA'}",6
2025-08-14,2025-08-18,401773006,2025-08-16T17:00Z,21,Philadelphia Eagles,5,Cleveland Browns,5,Cleveland Browns,4882116,Jason Ivey,OT,North Carolina A&T,"{'city': 'Charlotte', 'state': 'NC', 'country': 'USA'}",
2025-08-14,2025-08-18,401773006,2025-08-16T17:00Z,21,Philadelphia Eagles,5,Cleveland Browns,5,Cleveland Browns,4038457,Teven Jenkins,G,Oklahoma State,"{'city': 'Topeka', 'state': 'KS', 'country': 'USA'}",5
2025-08-14,2025-08-18,401773006,2025-08-16T17:00Z,21,Philadelphia Eagles,5,Cleveland Browns,5,Cleveland Browns,4241463,Jerry Jeudy,WR,Alabama,"{'city': 'Deerfield Beach', 'state': 'FL', 'country': 'USA'}",6
2025-08-14,2025-08-18,401773006,2025-08-16T17:00Z,21,Philadelphia Eagles,5,Cleveland Browns,5,Cleveland Browns,3932905,Diontae Johnson,WR,Toledo,"{'city': 'Ruskin', 'state': 'FL', 'country': 'USA'}",7
2025-08-14,2025-08-18,401773006,2025-08-16T17:00Z,21,Philadelphia Eagles,5,Cleveland Browns,5,Cleveland Browns,4693881,Kisean Johnson,WR,Western Kentucky,"{'city': 'Birmingham', 'state': 'AL', 'country': 'USA'}",
2025-08-14,2025-08-18,401773006,2025-08-16T17:00Z,21,Philadelphia Eagles,5,Cleveland Browns,5,Cleveland Browns,4427637,Dawand Jones,OT,Ohio State,"{'city': 'Indianapolis', 'state': 'IN', 'country': 'USA'}",3
2025-08-14,2025-08-18,401773006,2025-08-16T17:00Z,21,Philadelphia Eagles,5,Cleveland Browns,5,Cleveland Browns,4685702,Quinshon Judkins,RB,Ohio State,"{'city': 'Pike Road', 'state': 'AL', 'country': 'USA'}",
2025-08-14,2025-08-18,401773006,2025-08-16T17:00Z,21,Philadelphia Eagles,5,Cleveland Browns,5,Cleveland Browns,4877203,Gage Larvadain,WR,South Carolina,"{'city': 'Donaldsonville', 'state': 'LA', 'country': 'USA'}",
2025-08-14,2025-08-18,401773006,2025-08-16T17:00Z,21,Philadelphia Eagles,5,Cleveland Browns,5,Cleveland Browns,17202,Cornelius Lucas,OT,Kansas State,"{'city': 'New Orleans', 'state': 'LA', 'country': 'USA'}",11
2025-08-14,2025-08-18,401773006,2025-08-16T17:00Z,21,Philadelphia Eagles,5,Cleveland Browns,5,Cleveland Browns,4432374,Ahmani Marshall,RB,App State,"{'city': 'Winston-Salem', 'state': 'NC', 'country': 'USA'}",
2025-08-14,2025-08-18,401773006,2025-08-16T17:00Z,21,Philadelphia Eagles,5,Cleveland Browns,5,Cleveland Browns,4569507,Cade McDonald,WR,Miami (OH),"{'city': 'Naperville', 'state': 'IL', 'country': 'USA'}",
2025-08-14,2025-08-18,401773006,2025-08-16T17:00Z,21,Philadelphia Eagles,5,Cleveland Browns,5,Cleveland Browns,3123076,David Njoku,TE,Miami,"{'city': 'Cedar Grove', 'state': 'NJ', 'country': 'USA'}",9
2025-08-14,2025-08-18,401773006,2025-08-16T17:00Z,21,Philadelphia Eagles,5,Cleveland Browns,5,Cleveland Browns,4240703,Kenny Pickett,QB,Pittsburgh,"{'city': 'Oakhurst', 'state': 'NJ', 'country': 'USA'}",4
2025-08-14,2025-08-18,401773006,2025-08-16T17:00Z,21,Philadelphia Eagles,5,Cleveland Browns,5,Cleveland Browns,3042738,Ethan Pocic,C,LSU,"{'city': 'Lemont', 'state': 'IL', 'country': 'USA'}",9
2025-08-14,2025-08-18,401773006,2025-08-16T17:00Z,21,Philadelphia Eagles,5,Cleveland Browns,5,Cleveland Browns,5081397,Dylan Sampson,RB,Tennessee,"{'city': 'Baton Rouge', 'state': 'LA', 'country': 'USA'}",
2025-08-14,2025-08-18,401773006,2025-08-16T17:00Z,21,Philadelphia Eagles,5,Cleveland Browns,5,Cleveland Browns,4432762,Shedeur Sanders,QB,Colorado,"{'city': 'Dallas', 'state': 'TX', 'country': 'USA'}",
2025-08-14,2025-08-18,401773006,2025-08-16T17:00Z,21,Philadelphia Eagles,5,Cleveland Browns,5,Cleveland Browns,4249836,Pierre Strong Jr.,RB,South Dakota State,"{'city': 'Little Rock', 'state': 'AR', 'country': 'USA'}",4
2025-08-14,2025-08-18,401773006,2025-08-16T17:00Z,21,Philadelphia Eagles,5,Cleveland Browns,5,Cleveland Browns,3045474,Wyatt Teller,G,Virginia Tech,"{'city': 'Bealeton', 'state': 'VA', 'country': 'USA'}",8
2025-08-14,2025-08-18,401773006,2025-08-16T17:00Z,21,Philadelphia Eagles,5,Cleveland Browns,5,Cleveland Browns,4367040,Lorenzo Thompson,OT,Rhode Island,"{'city': 'Syracuse', 'state': 'NY', 'country': 'USA'}",1
2025-08-14,2025-08-18,401773006,2025-08-16T17:00Z,21,Philadelphia Eagles,5,Cleveland Browns,5,Cleveland Browns,4428678,Jamari Thrash,WR,Louisville,"{'city': 'LaGrange', 'state': 'GA', 'country': 'USA'}",2
2025-08-14,2025-08-18,401773006,2025-08-16T17:00Z,21,Philadelphia Eagles,5,Cleveland Browns,5,Cleveland Browns,4369863,Cedric Tillman,WR,Tennessee,"{'city': 'Las Vegas', 'state': 'NV', 'country': 'USA'}",3
2025-08-14,2025-08-18,401773006,2025-08-16T17:00Z,21,Philadelphia Eagles,5,Cleveland Browns,5,Cleveland Browns,4585283,Dartanyan Tinsley,G,Cincinnati,"{'city': 'Owensboro', 'state': 'KY', 'country': 'USA'}",
2025-08-14,2025-08-18,401773006,2025-08-16T17:00Z,21,Philadelphia Eagles,5,Cleveland Browns,5,Cleveland Browns,5289897,Mitch Van Vooren,TE,,"{'city': 'Marinette', 'state': 'WI', 'country': 'USA'}",
2025-08-14,2025-08-18,401773006,2025-08-16T17:00Z,21,Philadelphia Eagles,5,Cleveland Browns,5,Cleveland Browns,3122840,Deshaun Watson,QB,Clemson,"{'city': 'Gainesville', 'state': 'GA', 'country': 'USA'}",9
2025-08-14,2025-08-18,401773006,2025-08-16T17:00Z,21,Philadelphia Eagles,5,Cleveland Browns,5,Cleveland Browns,4362018,Blake Whiteheart,TE,Wake Forest,"{'city': 'Winston-Salem', 'state': 'NC', 'country': 'USA'}",3
2025-08-14,2025-08-18,401773006,2025-08-16T17:00Z,21,Philadelphia Eagles,5,Cleveland Browns,5,Cleveland Browns,4368630,Bucky Williams,C,App State,"{'city': 'Ringgold', 'state': 'GA', 'country': 'USA'}",2
2025-08-14,2025-08-18,401773006,2025-08-16T17:00Z,21,Philadelphia Eagles,5,Cleveland Browns,5,Cleveland Browns,4035222,Trayveon Williams,RB,Texas A&M,"{'city': 'Houston', 'state': 'TX', 'country': 'USA'}",7
2025-08-14,2025-08-18,401773006,2025-08-16T17:00Z,21,Philadelphia Eagles,5,Cleveland Browns,5,Cleveland Browns,4430806,Luke Wypler,C,Ohio State,"{'city': 'Montvale', 'state': 'NJ', 'country': 'USA'}",3
2025-08-14,2025-08-18,401773006,2025-08-16T17:00Z,21,Philadelphia Eagles,5,Cleveland Browns,5,Cleveland Browns,4689088,Kilian Zierer,OT,Auburn,"{'city': 'Munich', 'country': 'Germany'}",2
2025-08-14,2025-08-18,401773006,2025-08-16T17:00Z,21,Philadelphia Eagles,5,Cleveland Browns,5,Cleveland Browns,4433963,Zak Zinter,G,Michigan,"{'city': 'North Andover', 'state': 'MA', 'country': 'USA'}",2
2025-08-14,2025-08-18,401773006,2025-08-16T17:00Z,21,Philadelphia Eagles,5,Cleveland Browns,5,Cleveland Browns,4360475,Chigozie Anusiem,CB,Colorado State,"{'city': 'La Habra', 'state': 'CA', 'country': 'USA'}",2
2025-08-14,2025-08-18,401773006,2025-08-16T17:00Z,21,Philadelphia Eagles,5,Cleveland Browns,5,Cleveland Browns,3915507,Jerome Baker,LB,Ohio State,"{'city': 'Cleveland', 'state': 'OH', 'country': 'USA'}",8
2025-08-14,2025-08-18,401773006,2025-08-16T17:00Z,21,Philadelphia Eagles,5,Cleveland Browns,5,Cleveland Browns,3115308,Tony Brown II,CB,Alabama,"{'city': 'Beaumont', 'state': 'TX', 'country': 'USA'}",7
2025-08-14,2025-08-18,401773006,2025-08-16T17:00Z,21,Philadelphia Eagles,5,Cleveland Browns,5,Cleveland Browns,4036261,Devin Bush,LB,Michigan,"{'city': 'Pembroke Pines', 'state': 'FL', 'country': 'USA'}",7
2025-08-14,2025-08-18,401773006,2025-08-16T17:00Z,21,Philadelphia Eagles,5,Cleveland Browns,5,Cleveland Browns,3040471,Maliek Collins,DT,Nebraska,"{'city': 'Kansas City', 'state': 'MO', 'country': 'USA'}",10
2025-08-14,2025-08-18,401773006,2025-08-16T17:00Z,21,Philadelphia Eagles,5,Cleveland Browns,5,Cleveland Browns,4242208,Grant Delpit,S,LSU,"{'city': 'Houston', 'state': 'TX', 'country': 'USA'}",6
2025-08-14,2025-08-18,401773006,2025-08-16T17:00Z,21,Philadelphia Eagles,5,Cleveland Browns,5,Cleveland Browns,4567403,Mohamoud Diabate,LB,Utah,"{'city': 'Auburn', 'state': 'AL', 'country': 'USA'}",3
2025-08-14,2025-08-18,401773006,2025-08-16T17:00Z,21,Philadelphia Eagles,5,Cleveland Browns,5,Cleveland Browns,4572922,Christopher Edmonds,S,Arizona State,"{'city': 'Phenix City', 'state': 'AL', 'country': 'USA'}",1
2025-08-14,2025-08-18,401773006,2025-08-16T17:00Z,21,Philadelphia Eagles,5,Cleveland Browns,5,Cleveland Browns,3122132,Myles Garrett,DE,Texas A&M,"{'city': 'Arlington', 'state': 'TX', 'country': 'USA'}",9
2025-08-14,2025-08-18,401773006,2025-08-16T17:00Z,21,Philadelphia Eagles,5,Cleveland Browns,5,Cleveland Browns,4873232,Mason Graham,DT,Michigan,"{'city': 'Anaheim', 'state': 'CA', 'country': 'USA'}",
2025-08-14,2025-08-18,401773006,2025-08-16T17:00Z,21,Philadelphia Eagles,5,Cleveland Browns,5,Cleveland Browns,4600415,Mike Hall Jr.,DT,Ohio State,"{'city': 'Streetsboro', 'state': 'OH', 'country': 'USA'}",2
2025-08-14,2025-08-18,401773006,2025-08-16T17:00Z,21,Philadelphia Eagles,5,Cleveland Browns,5,Cleveland Browns,4695783,Myles Harden,CB,South Dakota,"{'city': 'Miami Gardens', 'state': 'FL', 'country': 'USA'}",2
2025-08-14,2025-08-18,401773006,2025-08-16T17:00Z,21,Philadelphia Eagles,5,Cleveland Browns,5,Cleveland Browns,16837,Shelby Harris,DT,Illinois State,"{'city': 'Milwaukee', 'state': 'WI', 'country': 'USA'}",11
2025-08-14,2025-08-18,401773006,2025-08-16T17:00Z,21,Philadelphia Eagles,5,Cleveland Browns,5,Cleveland Browns,4360308,KJ Henry,DE,Clemson,"{'city': 'Winston-Salem', 'state': 'NC', 'country': 'USA'}",3
2025-08-14,2025-08-18,401773006,2025-08-16T17:00Z,21,Philadelphia Eagles,5,Cleveland Browns,5,Cleveland Browns,4569620,Ronnie Hickman,S,Ohio State,"{'city': 'South Orange', 'state': 'NJ', 'country': 'USA'}",3
2025-08-14,2025-08-18,401773006,2025-08-16T17:00Z,21,Philadelphia Eagles,5,Cleveland Browns,5,Cleveland Browns,4240164,Ralph Holley,DT,Western Michigan,"{'city': 'West Bloomfield', 'state': 'MI', 'country': 'USA'}",1
2025-08-14,2025-08-18,401773006,2025-08-16T17:00Z,21,Philadelphia Eagles,5,Cleveland Browns,5,Cleveland Browns,4035105,Christian Holmes,CB,Oklahoma State,"{'city': 'Leland', 'state': 'MS', 'country': 'USA'}",3
2025-08-14,2025-08-18,401773006,2025-08-16T17:00Z,21,Philadelphia Eagles,5,Cleveland Browns,5,Cleveland Browns,4605792,Adin Huntington,DE,Tulane,"{'city': 'Stafford', 'state': 'VA', 'country': 'USA'}",
2025-08-14,2025-08-18,401773006,2025-08-16T17:00Z,21,Philadelphia Eagles,5,Cleveland Browns,5,Cleveland Browns,4366534,Keenan Isaac,CB,Alabama State,"{'city': 'Midfield', 'state': 'AL', 'country': 'USA'}",1
2025-08-14,2025-08-18,401773006,2025-08-16T17:00Z,21,Philadelphia Eagles,5,Cleveland Browns,5,Cleveland Browns,4430010,LaMareon James,CB,TCU,"{'city': 'Norfolk', 'state': 'VA', 'country': 'USA'}",
2025-08-14,2025-08-18,401773006,2025-08-16T17:00Z,21,Philadelphia Eagles,5,Cleveland Browns,5,Cleveland Browns,2969961,Rayshawn Jenkins,S,Miami,"{'city': 'St. Petersburg', 'state': 'FL', 'country': 'USA'}",9
2025-08-14,2025-08-18,401773006,2025-08-16T17:00Z,21,Philadelphia Eagles,5,Cleveland Browns,5,Cleveland Browns,4572519,Dom Jones,CB,Colorado State,"{'city': 'Duluth', 'state': 'GA', 'country': 'USA'}",
2025-08-14,2025-08-18,401773006,2025-08-16T17:00Z,21,Philadelphia Eagles,5,Cleveland Browns,5,Cleveland Browns,4033855,Sam Kamara,DE,Stony Brook,"{'city': 'Carteret', 'state': 'NJ', 'country': 'USA'}",3
2025-08-14,2025-08-18,401773006,2025-08-16T17:00Z,21,Philadelphia Eagles,5,Cleveland Browns,5,Cleveland Browns,2976099,Damontae Kazee,S,San Diego State,"{'city': 'San Bernardino', 'state': 'CA', 'country': 'USA'}",9
2025-08-14,2025-08-18,401773006,2025-08-16T17:00Z,21,Philadelphia Eagles,5,Cleveland Browns,5,Cleveland Browns,4368468,Titus Leo,DE,Wagner,"{'city': 'Sheepshead Bay', 'state': 'NY', 'country': 'USA'}",3
2025-08-14,2025-08-18,401773006,2025-08-16T17:00Z,21,Philadelphia Eagles,5,Cleveland Browns,5,Cleveland Browns,5085888,Easton Mascarenas-Arnold,LB,USC,"{'city': 'Mission Viejo', 'state': 'CA', 'country': 'USA'}",
2025-08-14,2025-08-18,401773006,2025-08-16T17:00Z,21,Philadelphia Eagles,5,Cleveland Browns,5,Cleveland Browns,4427963,Isaiah McGuire,DE,Missouri,"{'city': 'Tulsa', 'state': 'OK', 'country': 'USA'}",3
2025-08-14,2025-08-18,401773006,2025-08-16T17:00Z,21,Philadelphia Eagles,5,Cleveland Browns,5,Cleveland Browns,4686027,Donovan McMillon,S,Pittsburgh,"{'city': 'Mcmurray', 'state': 'PA', 'country': 'USA'}",
2025-08-14,2025-08-18,401773006,2025-08-16T17:00Z,21,Philadelphia Eagles,5,Cleveland Browns,5,Cleveland Browns,4569607,Cameron Mitchell,CB,Northwestern,"{'city': 'Bolingbrook', 'state': 'IL', 'country': 'USA'}",3
2025-08-14,2025-08-18,401773006,2025-08-16T17:00Z,21,Philadelphia Eagles,5,Cleveland Browns,5,Cleveland Browns,4243913,Marvin Moody,LB,Tulane,"{'city': 'Bryant', 'state': 'AR', 'country': 'USA'}",1
2025-08-14,2025-08-18,401773006,2025-08-16T17:00Z,21,Philadelphia Eagles,5,Cleveland Browns,5,Cleveland Browns,3124702,Nik Needham,CB,UTEP,"{'city': 'Buena Park', 'state': 'CA', 'country': 'USA'}",6
2025-08-14,2025-08-18,401773006,2025-08-16T17:00Z,21,Philadelphia Eagles,5,Cleveland Browns,5,Cleveland Browns,4361266,Greg Newsome II,CB,Northwestern,"{'city': 'Chicago', 'state': 'IL', 'country': 'USA'}",5
2025-08-14,2025-08-18,401773006,2025-08-16T17:00Z,21,Philadelphia Eagles,5,Cleveland Browns,5,Cleveland Browns,4046690,Julian Okwara,LB,Notre Dame,"{'city': 'Charlotte', 'state': 'NC', 'country': 'USA'}",6
2025-08-14,2025-08-18,401773006,2025-08-16T17:00Z,21,Philadelphia Eagles,5,Cleveland Browns,5,Cleveland Browns,4251125,Winston Reid,LB,Weber State,"{'city': 'West Jordan', 'state': 'UT', 'country': 'USA'}",2
2025-08-14,2025-08-18,401773006,2025-08-16T17:00Z,21,Philadelphia Eagles,5,Cleveland Browns,5,Cleveland Browns,4362858,Darius Rush,CB,South Carolina,"{'city': 'Kingstree', 'state': 'SC', 'country': 'USA'}",2
2025-08-14,2025-08-18,401773006,2025-08-16T17:00Z,21,Philadelphia Eagles,5,Cleveland Browns,5,Cleveland Browns,4876017,Carson Schwesinger,LB,UCLA,"{'city': 'Moorpark', 'state': 'CA', 'country': 'USA'}",
2025-08-14,2025-08-18,401773006,2025-08-16T17:00Z,21,Philadelphia Eagles,5,Cleveland Browns,5,Cleveland Browns,4361510,Cameron Thomas,DE,San Diego State,"{'city': 'Carlsbad', 'state': 'CA', 'country': 'USA'}",4
2025-08-14,2025-08-18,401773006,2025-08-16T17:00Z,21,Philadelphia Eagles,5,Cleveland Browns,5,Cleveland Browns,4360572,Charlie Thomas III,LB,Georgia Tech,"{'city': 'Thomasville', 'state': 'GA', 'country': 'USA'}",1
2025-08-14,2025-08-18,401773006,2025-08-16T17:00Z,21,Philadelphia Eagles,5,Cleveland Browns,5,Cleveland Browns,4243333,Joe Tryon-Shoyinka,DE,Washington,"{'city': 'Renton', 'state': 'WA', 'country': 'USA'}",5
2025-08-14,2025-08-18,401773006,2025-08-16T17:00Z,21,Philadelphia Eagles,5,Cleveland Browns,5,Cleveland Browns,3915535,Denzel Ward,CB,Ohio State,"{'city': 'Macedonia', 'state': 'OH', 'country': 'USA'}",8
2025-08-14,2025-08-18,401773006,2025-08-16T17:00Z,21,Philadelphia Eagles,5,Cleveland Browns,5,Cleveland Browns,4570119,Alex Wright,DE,UAB,"{'city': 'Elba', 'state': 'AL', 'country': 'USA'}",4
2025-08-14,2025-08-18,401773006,2025-08-16T17:00Z,21,Philadelphia Eagles,5,Cleveland Browns,5,Cleveland Browns,4039396,Corey Bojorquez,P,New Mexico,"{'city': 'Bellflower', 'state': 'CA', 'country': 'USA'}",8
2025-08-14,2025-08-18,401773006,2025-08-16T17:00Z,21,Philadelphia Eagles,5,Cleveland Browns,5,Cleveland Browns,15965,Dustin Hopkins,PK,Florida State,"{'city': 'Houston', 'state': 'TX', 'country': 'USA'}",12
2025-08-14,2025-08-18,401773006,2025-08-16T17:00Z,21,Philadelphia Eagles,5,Cleveland Browns,5,Cleveland Browns,3913293,Rex Sunahara,LS,West Virginia,"{'city': 'Bay Village', 'state': 'OH', 'country': 'USA'}",2
2025-08-14,2025-08-18,401773006,2025-08-16T17:00Z,21,Philadelphia Eagles,5,Cleveland Browns,5,Cleveland Browns,4258620,Andre Szmyt,PK,Syracuse,"{'city': 'Vernon Hills', 'state': 'IL', 'country': 'USA'}",1
2025-08-14,2025-08-18,401773006,2025-08-16T17:00Z,21,Philadelphia Eagles,5,Cleveland Browns,5,Cleveland Browns,4429568,Martin Emerson Jr.,CB,Mississippi State,"{'city': 'Pensacola', 'state': 'FL', 'country': 'USA'}",4
2025-08-14,2025-08-18,401773006,2025-08-16T17:00Z,21,Philadelphia Eagles,5,Cleveland Browns,5,Cleveland Browns,5143279,Anthony Kendall,CB,Baldwin-Wallace,"{'city': 'Port Richey', 'state': 'FL', 'country': 'USA'}",2
2025-08-14,2025-08-18,401773006,2025-08-16T17:00Z,21,Philadelphia Eagles,5,Cleveland Browns,5,Cleveland Browns,4567230,Justin Osborne,C,SMU,"{'city': 'Flower Mound', 'state': 'TX', 'country': 'USA'}",
2025-08-14,2025-08-18,401773006,2025-08-16T17:00Z,21,Philadelphia Eagles,5,Cleveland Browns,5,Cleveland Browns,4258599,Jeremiah Owusu-Koramoah,LB,Notre Dame,"{'city': 'Hampton', 'state': 'VA', 'country': 'USA'}",5
2025-08-14,2025-08-18,401773006,2025-08-16T17:00Z,21,Philadelphia Eagles,5,Cleveland Browns,5,Cleveland Browns,4362895,Nathaniel Watson,LB,Mississippi State,"{'city': 'Maplesville', 'state': 'AL', 'country': 'USA'}",2
2025-08-14,2025-08-18,401773027,2025-08-16T17:00Z,34,Houston Texans,29,Carolina Panthers,34,Houston Texans,4362732,Jake Andrews,C,Troy,"{'city': 'Millbrook', 'state': 'AL', 'country': 'USA'}",3
2025-08-14,2025-08-18,401773027,2025-08-16T17:00Z,34,Houston Texans,29,Carolina Panthers,34,Houston Texans,3123075,Braxton Berrios,WR,Miami,"{'city': 'Raleigh', 'state': 'NC', 'country': 'USA'}",8
2025-08-14,2025-08-18,401773027,2025-08-16T17:00Z,34,Houston Texans,29,Carolina Panthers,34,Houston Texans,4373273,British Brooks,RB,North Carolina,"{'city': 'Gastonia', 'state': 'NC', 'country': 'USA'}",2
2025-08-14,2025-08-18,401773027,2025-08-16T17:00Z,34,Houston Texans,29,Carolina Panthers,34,Houston Texans,3043109,Trent Brown,OT,Florida,"{'city': 'Albany', 'state': 'GA', 'country': 'USA'}",11
2025-08-14,2025-08-18,401773027,2025-08-16T17:00Z,34,Houston Texans,29,Carolina Panthers,34,Houston Texans,4040774,Harrison Bryant,TE,Florida Atlantic,"{'city': 'Gray', 'state': 'GA', 'country': 'USA'}",6
2025-08-14,2025-08-18,401773027,2025-08-16T17:00Z,34,Houston Texans,29,Carolina Panthers,34,Houston Texans,4035793,Quintez Cephus,WR,Wisconsin,"{'city': 'Macon', 'state': 'GA', 'country': 'USA'}",4
2025-08-14,2025-08-18,401773027,2025-08-16T17:00Z,34,Houston Texans,29,Carolina Panthers,34,Houston Texans,3128720,Nick Chubb,RB,Georgia,"{'city': 'Cedartown', 'state': 'GA', 'country': 'USA'}",8
2025-08-14,2025-08-18,401773027,2025-08-16T17:00Z,34,Houston Texans,29,Carolina Panthers,34,Houston Texans,4258173,Nico Collins,WR,Michigan,"{'city': 'Birmingham', 'state': 'AL', 'country': 'USA'}",5
2025-08-14,2025-08-18,401773027,2025-08-16T17:00Z,34,Houston Texans,29,Carolina Panthers,34,Houston Texans,4426981,Eli Cox,C,Kentucky,"{'city': 'Nicholasville', 'state': 'KY', 'country': 'USA'}",
2025-08-14,2025-08-18,401773027,2025-08-16T17:00Z,34,Houston Texans,29,Carolina Panthers,34,Houston Texans,4242229,Austin Deculus,OT,LSU,"{'city': 'Mamou', 'state': 'LA', 'country': 'USA'}",3
2025-08-14,2025-08-18,401773027,2025-08-16T17:00Z,34,Houston Texans,29,Carolina Panthers,34,Houston Texans,4366031,Tank Dell,WR,Houston,"{'city': 'Daytona Beach', 'state': 'FL', 'country': 'USA'}",3
2025-08-14,2025-08-18,401773027,2025-08-16T17:00Z,34,Houston Texans,29,Carolina Panthers,34,Houston Texans,4429693,Aireontae Ersery,OT,Minnesota,"{'city': 'Kansas City', 'state': 'MO', 'country': 'USA'}",
2025-08-14,2025-08-18,401773027,2025-08-16T17:00Z,34,Houston Texans,29,Carolina Panthers,34,Houston Texans,4432699,Blake Fisher,OT,Notre Dame,"{'city': 'Avon', 'state': 'IN', 'country': 'USA'}",2
2025-08-14,2025-08-18,401773027,2025-08-16T17:00Z,34,Houston Texans,29,Carolina Panthers,34,Houston Texans,4427448,LaDarius Henderson,G,Michigan,"{'city': 'Waxahachie', 'state': 'TX', 'country': 'USA'}",1
2025-08-14,2025-08-18,401773027,2025-08-16T17:00Z,34,Houston Texans,29,Carolina Panthers,34,Houston Texans,4877706,Jayden Higgins,WR,Iowa State,"{'city': 'South Miami', 'state': 'FL', 'country': 'USA'}",
2025-08-14,2025-08-18,401773027,2025-08-16T17:00Z,34,Houston Texans,29,Carolina Panthers,34,Houston Texans,3131498,Tytus Howard,OT,Alabama State,"{'city': 'Monroeville', 'state': 'AL', 'country': 'USA'}",7
2025-08-14,2025-08-18,401773027,2025-08-16T17:00Z,34,Houston Texans,29,Carolina Panthers,34,Houston Texans,4686422,Xavier Hutchinson,WR,Iowa State,"{'city': 'Jacksonville', 'state': 'FL', 'country': 'USA'}",3
2025-08-14,2025-08-18,401773027,2025-08-16T17:00Z,34,Houston Texans,29,Carolina Panthers,34,Houston Texans,4242227,Ed Ingram,G,LSU,"{'city': 'Desoto', 'state': 'TX', 'country': 'USA'}",4
2025-08-14,2025-08-18,401773027,2025-08-16T17:00Z,34,Houston Texans,29,Carolina Panthers,34,Houston Texans,4430875,Daniel Jackson,WR,Minnesota,"{'city': 'Kansas City', 'state': 'KS', 'country': 'USA'}",
2025-08-14,2025-08-18,401773027,2025-08-16T17:00Z,34,Houston Texans,29,Carolina Panthers,34,Houston Texans,3115349,Jakob Johnson,FB,Tennessee,"{'city': 'Stuttgart', 'country': 'Germany'}",6
2025-08-14,2025-08-18,401773027,2025-08-16T17:00Z,34,Houston Texans,29,Carolina Panthers,34,Houston Texans,4429939,Jawhar Jordan,RB,Louisville,"{'city': 'Long Island', 'state': 'NY', 'country': 'USA'}",1
2025-08-14,2025-08-18,401773027,2025-08-16T17:00Z,34,Houston Texans,29,Carolina Panthers,34,Houston Texans,3895856,Christian Kirk,WR,Texas A&M,"{'city': 'Scottsdale', 'state': 'AZ', 'country': 'USA'}",8
2025-08-14,2025-08-18,401773027,2025-08-16T17:00Z,34,Houston Texans,29,Carolina Panthers,34,Houston Texans,4432338,Luke Lachey,TE,Iowa,"{'city': 'Columbus', 'state': 'OH', 'country': 'USA'}",
2025-08-14,2025-08-18,401773027,2025-08-16T17:00Z,34,Houston Texans,29,Carolina Panthers,34,Houston Texans,4429059,Woody Marks,RB,USC,"{'city': 'Atlanta', 'state': 'GA', 'country': 'USA'}",
2025-08-14,2025-08-18,401773027,2025-08-16T17:00Z,34,Houston Texans,29,Carolina Panthers,34,Houston Texans,2971584,Conor McDermott,OT,UCLA,"{'city': 'Nashville', 'state': 'TN', 'country': 'USA'}",9
2025-08-14,2025-08-18,401773027,2025-08-16T17:00Z,34,Houston Texans,29,Carolina Panthers,34,Houston Texans,4426335,Graham Mertz,QB,Florida,"{'city': 'Overland Park', 'state': 'KS', 'country': 'USA'}",
2025-08-14,2025-08-18,401773027,2025-08-16T17:00Z,34,Houston Texans,29,Carolina Panthers,34,Houston Texans,4242546,Davis Mills,QB,Stanford,"{'city': 'Duluth', 'state': 'GA', 'country': 'USA'}",5
2025-08-14,2025-08-18,401773027,2025-08-16T17:00Z,34,Houston Texans,29,Carolina Panthers,34,Houston Texans,3116385,Joe Mixon,RB,Oklahoma,"{'city': 'Oakley', 'state': 'CA', 'country': 'USA'}",9
2025-08-14,2025-08-18,401773027,2025-08-16T17:00Z,34,Houston Texans,29,Carolina Panthers,34,Houston Texans,4586312,Jaylin Noel,WR,Iowa State,"{'city': 'Kansas City', 'state': 'MO', 'country': 'USA'}",
2025-08-14,2025-08-18,401773027,2025-08-16T17:00Z,34,Houston Texans,29,Carolina Panthers,34,Houston Texans,2983509,Dare Ogunbowale,RB,Wisconsin,"{'city': 'Milwaukee', 'state': 'WI', 'country': 'USA'}",7
2025-08-14,2025-08-18,401773027,2025-08-16T17:00Z,34,Houston Texans,29,Carolina Panthers,34,Houston Texans,4372774,Jarrett Patterson,C,Notre Dame,"{'city': 'Laguna Hills', 'state': 'CA', 'country': 'USA'}",3
2025-08-14,2025-08-18,401773027,2025-08-16T17:00Z,34,Houston Texans,29,Carolina Panthers,34,Houston Texans,4360238,Dameon Pierce,RB,Florida,"{'city': 'Bainbridge', 'state': 'GA', 'country': 'USA'}",4
2025-08-14,2025-08-18,401773027,2025-08-16T17:00Z,34,Houston Texans,29,Carolina Panthers,34,Houston Texans,4035465,Cornell Powell,WR,Clemson,"{'city': 'Greenville', 'state': 'NC', 'country': 'USA'}",1
2025-08-14,2025-08-18,401773027,2025-08-16T17:00Z,34,Houston Texans,29,Carolina Panthers,34,Houston Texans,3115313,Cam Robinson,OT,Alabama,"{'city': 'Monroe', 'state': 'LA', 'country': 'USA'}",9
2025-08-14,2025-08-18,401773027,2025-08-16T17:00Z,34,Houston Texans,29,Carolina Panthers,34,Houston Texans,3117256,Dalton Schultz,TE,Stanford,"{'city': 'South Jordan', 'state': 'UT', 'country': 'USA'}",8
2025-08-14,2025-08-18,401773027,2025-08-16T17:00Z,34,Houston Texans,29,Carolina Panthers,34,Houston Texans,4361425,Juice Scruggs,C,Penn State,"{'city': 'Ashtabula', 'state': 'OH', 'country': 'USA'}",3
2025-08-14,2025-08-18,401773027,2025-08-16T17:00Z,34,Houston Texans,29,Carolina Panthers,34,Houston Texans,4428512,Kedon Slovis,QB,BYU,"{'city': 'Scottsdale', 'state': 'AZ', 'country': 'USA'}",1
2025-08-14,2025-08-18,401773027,2025-08-16T17:00Z,34,Houston Texans,29,Carolina Panthers,34,Houston Texans,4040980,Irv Smith Jr.,TE,Alabama,"{'city': 'New Orleans', 'state': 'LA', 'country': 'USA'}",6
2025-08-14,2025-08-18,401773027,2025-08-16T17:00Z,34,Houston Texans,29,Carolina Panthers,34,Houston Texans,4426496,Cade Stover,TE,Ohio State,"{'city': 'Mansfield', 'state': 'OH', 'country': 'USA'}",2
2025-08-14,2025-08-18,401773027,2025-08-16T17:00Z,34,Houston Texans,29,Carolina Panthers,34,Houston Texans,4432577,C.J. Stroud,QB,Ohio State,"{'city': 'Inland Empire', 'state': 'CA', 'country': 'USA'}",3
2025-08-14,2025-08-18,401773027,2025-08-16T17:00Z,34,Houston Texans,29,Carolina Panthers,34,Houston Texans,4360561,Jaylon Thomas,OT,SMU,"{'city': 'Lubbock', 'state': 'TX', 'country': 'USA'}",2
2025-08-14,2025-08-18,401773027,2025-08-16T17:00Z,34,Houston Texans,29,Carolina Panthers,34,Houston Texans,4036834,Zach Thomas,OT,San Diego State,"{'city': 'Carlsbad', 'state': 'CA', 'country': 'USA'}",4
2025-08-14,2025-08-18,401773027,2025-08-16T17:00Z,34,Houston Texans,29,Carolina Panthers,34,Houston Texans,2512477,Laken Tomlinson,G,Duke,"{'city': 'Chicago', 'state': 'IL', 'country': 'USA'}",11
2025-08-14,2025-08-18,401773027,2025-08-16T17:00Z,34,Houston Texans,29,Carolina Panthers,34,Houston Texans,3118892,Justin Watson,WR,Pennsylvania,"{'city': 'Bridgeville', 'state': 'PA', 'country': 'USA'}",8
2025-08-14,2025-08-18,401773027,2025-08-16T17:00Z,34,Houston Texans,29,Carolina Panthers,34,Houston Texans,3128317,Juwann Winfree,WR,Colorado,"{'city': 'Englewood', 'state': 'NJ', 'country': 'USA'}",5
2025-08-14,2025-08-18,401773027,2025-08-16T17:00Z,34,Houston Texans,29,Carolina Panthers,34,Houston Texans,3919117,Azeez Al-Shaair,LB,Florida Atlantic,"{'city': 'Tampa', 'state': 'FL', 'country': 'USA'}",7
2025-08-14,2025-08-18,401773027,2025-08-16T17:00Z,34,Houston Texans,29,Carolina Panthers,34,Houston Texans,4685724,Will Anderson Jr.,DE,Alabama,"{'city': 'Hampton', 'state': 'GA', 'country': 'USA'}",3
2025-08-14,2025-08-18,401773027,2025-08-16T17:00Z,34,Houston Texans,29,Carolina Panthers,34,Houston Texans,3915506,Damon Arnette,CB,Ohio State,"{'city': 'Fort Lauderdale', 'state': 'FL', 'country': 'USA'}",3
2025-08-14,2025-08-18,401773027,2025-08-16T17:00Z,34,Houston Texans,29,Carolina Panthers,34,Houston Texans,17447,Denico Autry,DE,Mississippi State,"{'city': 'Albemarle', 'state': 'NC', 'country': 'USA'}",12
2025-08-14,2025-08-18,401773027,2025-08-16T17:00Z,34,Houston Texans,29,Carolina Panthers,34,Houston Texans,3115336,Derek Barnett,DE,Tennessee,"{'city': 'Nashville', 'state': 'TN', 'country': 'USA'}",9
2025-08-14,2025-08-18,401773027,2025-08-16T17:00Z,34,Houston Texans,29,Carolina Panthers,34,Houston Texans,4039010,Myles Bryant,CB,Washington,"{'city': 'Pasadena', 'state': 'CA', 'country': 'USA'}",6
2025-08-14,2025-08-18,401773027,2025-08-16T17:00Z,34,Houston Texans,29,Carolina Panthers,34,Houston Texans,4431517,Calen Bullock,S,USC,"{'city': 'Pasadena', 'state': 'CA', 'country': 'USA'}",2
2025-08-14,2025-08-18,401773027,2025-08-16T17:00Z,34,Houston Texans,29,Carolina Panthers,34,Houston Texans,4361689,Solomon Byrd,DE,USC,"{'city': 'Palmdale', 'state': 'CA', 'country': 'USA'}",1
2025-08-14,2025-08-18,401773027,2025-08-16T17:00Z,34,Houston Texans,29,Carolina Panthers,34,Houston Texans,2969921,Mario Edwards Jr.,DT,Florida State,"{'city': 'Gautier', 'state': 'MS', 'country': 'USA'}",10
2025-08-14,2025-08-18,401773027,2025-08-16T17:00Z,34,Houston Texans,29,Carolina Panthers,34,Houston Texans,3045172,Folorunso Fatukasi,DT,UConn,"{'city': 'Far Rockaway', 'state': 'NY', 'country': 'USA'}",7
2025-08-14,2025-08-18,401773027,2025-08-16T17:00Z,34,Houston Texans,29,Carolina Panthers,34,Houston Texans,4034953,C.J. Gardner-Johnson,S,Florida,"{'city': 'Cocoa', 'state': 'FL', 'country': 'USA'}",7
2025-08-14,2025-08-18,401773027,2025-08-16T17:00Z,34,Houston Texans,29,Carolina Panthers,34,Houston Texans,4033812,Jake Hansen,LB,Illinois,"{'city': 'Tarpon Springs', 'state': 'FL', 'country': 'USA'}",4
2025-08-14,2025-08-18,401773027,2025-08-16T17:00Z,34,Houston Texans,29,Carolina Panthers,34,Houston Texans,4567099,Christian Harris,LB,Alabama,"{'city': 'Baton Rouge', 'state': 'LA', 'country': 'USA'}",4
2025-08-14,2025-08-18,401773027,2025-08-16T17:00Z,34,Houston Texans,29,Carolina Panthers,34,Houston Texans,4427479,Jamal Hill,LB,Oregon,"{'city': 'Rex', 'state': 'GA', 'country': 'USA'}",2
2025-08-14,2025-08-18,401773027,2025-08-16T17:00Z,34,Houston Texans,29,Carolina Panthers,34,Houston Texans,4258594,Kurt Hinish,DT,Notre Dame,"{'city': 'Pittsburgh', 'state': 'PA', 'country': 'USA'}",4
2025-08-14,2025-08-18,401773027,2025-08-16T17:00Z,34,Houston Texans,29,Carolina Panthers,34,Houston Texans,4374066,Dylan Horton,DE,TCU,"{'city': 'Frisco', 'state': 'TX', 'country': 'USA'}",3
2025-08-14,2025-08-18,401773027,2025-08-16T17:00Z,34,Houston Texans,29,Carolina Panthers,34,Houston Texans,2976560,Danielle Hunter,DE,LSU,"{'city': 'Katy', 'state': 'TX', 'country': 'USA'}",11
2025-08-14,2025-08-18,401773027,2025-08-16T17:00Z,34,Houston Texans,29,Carolina Panthers,34,Houston Texans,4577494,Alijah Huzzie,CB,North Carolina,"{'city': 'LaGrange', 'state': 'GA', 'country': 'USA'}",
2025-08-14,2025-08-18,401773027,2025-08-16T17:00Z,34,Houston Texans,29,Carolina Panthers,34,Houston Texans,4602699,Kamari Lassiter,CB,Georgia,"{'city': 'Savannah', 'state': 'GA', 'country': 'USA'}",2
2025-08-14,2025-08-18,401773027,2025-08-16T17:00Z,34,Houston Texans,29,Carolina Panthers,34,Houston Texans,3916144,Arthur Maulet,CB,Memphis,"{'city': 'Harvey', 'state': 'LA', 'country': 'USA'}",9
2025-08-14,2025-08-18,401773027,2025-08-16T17:00Z,34,Houston Texans,29,Carolina Panthers,34,Houston Texans,2976540,Jalen Mills,CB,LSU,"{'city': 'Desoto', 'state': 'TX', 'country': 'USA'}",10
2025-08-14,2025-08-18,401773027,2025-08-16T17:00Z,34,Houston Texans,29,Carolina Panthers,34,Houston Texans,5033343,Haggai Ndubuisi,DT,,"{'city': 'Lagos', 'country': 'Nigeria'}",1
2025-08-14,2025-08-18,401773027,2025-08-16T17:00Z,34,Houston Texans,29,Carolina Panthers,34,Houston Texans,4036141,Nick Niemann,LB,Iowa,"{'city': 'Sycamore', 'state': 'IL', 'country': 'USA'}",5
2025-08-14,2025-08-18,401773027,2025-08-16T17:00Z,34,Houston Texans,29,Carolina Panthers,34,Houston Texans,4687188,K.C. Ossai,LB,Louisiana,"{'city': 'Conroe', 'state': 'TX', 'country': 'USA'}",
2025-08-14,2025-08-18,401773027,2025-08-16T17:00Z,34,Houston Texans,29,Carolina Panthers,34,Houston Texans,4241223,Jalen Pitre,S,Baylor,"{'city': 'Stafford', 'state': 'TX', 'country': 'USA'}",4
2025-08-14,2025-08-18,401773027,2025-08-16T17:00Z,34,Houston Texans,29,Carolina Panthers,34,Houston Texans,2970204,Sheldon Rankins,DT,Louisville,"{'city': 'Covington', 'state': 'GA', 'country': 'USA'}",10
2025-08-14,2025-08-18,401773027,2025-08-16T17:00Z,34,Houston Texans,29,Carolina Panthers,34,Houston Texans,4432758,Jaylen Reed,S,Penn State,"{'city': 'Detroit', 'state': 'MI', 'country': 'USA'}",
2025-08-14,2025-08-18,401773027,2025-08-16T17:00Z,34,Houston Texans,29,Carolina Panthers,34,Houston Texans,3139389,D'Angelo Ross,CB,New Mexico,"{'city': 'La Puente', 'state': 'CA', 'country': 'USA'}",4
2025-08-14,2025-08-18,401773027,2025-08-16T17:00Z,34,Houston Texans,29,Carolina Panthers,34,Houston Texans,3929956,Tim Settle Jr.,DT,Virginia Tech,"{'city': 'Manassas', 'state': 'VA', 'country': 'USA'}",8
2025-08-14,2025-08-18,401773027,2025-08-16T17:00Z,34,Houston Texans,29,Carolina Panthers,34,Houston Texans,4594277,Jaylin Smith,CB,USC,"{'city': 'Palmdale', 'state': 'CA', 'country': 'USA'}",
2025-08-14,2025-08-18,401773027,2025-08-16T17:00Z,34,Houston Texans,29,Carolina Panthers,34,Houston Texans,3134448,Tremon Smith,CB,Central Arkansas,"{'city': 'Anniston', 'state': 'AL', 'country': 'USA'}",8
2025-08-14,2025-08-18,401773027,2025-08-16T17:00Z,34,Houston Texans,29,Carolina Panthers,34,Houston Texans,3071353,E.J. Speed,LB,Tarleton State,"{'city': 'Fort Worth', 'state': 'TX', 'country': 'USA'}",7
2025-08-14,2025-08-18,401773027,2025-08-16T17:00Z,34,Houston Texans,29,Carolina Panthers,34,Houston Texans,3116679,M.J. Stewart,S,North Carolina,"{'city': 'Arlington', 'state': 'VA', 'country': 'USA'}",8
2025-08-14,2025-08-18,401773027,2025-08-16T17:00Z,34,Houston Texans,29,Carolina Panthers,34,Houston Texans,4426434,Derek Stingley Jr.,CB,LSU,"{'city': 'Baton Rouge', 'state': 'LA', 'country': 'USA'}",4
2025-08-14,2025-08-18,401773027,2025-08-16T17:00Z,34,Houston Texans,29,Carolina Panthers,34,Houston Texans,4695607,Junior Tafuna,DT,Utah,"{'city': 'Taylorsville', 'state': 'UT', 'country': 'USA'}",
2025-08-14,2025-08-18,401773027,2025-08-16T17:00Z,34,Houston Texans,29,Carolina Panthers,34,Houston Texans,3915396,Darrell Taylor,DE,Tennessee,"{'city': 'Hopewell', 'state': 'VA', 'country': 'USA'}",5
2025-08-14,2025-08-18,401773027,2025-08-16T17:00Z,34,Houston Texans,29,Carolina Panthers,34,Houston Texans,4426350,Henry To'oTo'o,LB,Alabama,"{'city': 'Sacramento', 'state': 'CA', 'country': 'USA'}",3
2025-08-14,2025-08-18,401773027,2025-08-16T17:00Z,34,Houston Texans,29,Carolina Panthers,34,Houston Texans,4361366,Tommy Togiai,DT,Ohio State,"{'city': 'Pocatello', 'state': 'ID', 'country': 'USA'}",4
2025-08-14,2025-08-18,401773027,2025-08-16T17:00Z,34,Houston Texans,29,Carolina Panthers,34,Houston Texans,3931408,Casey Toohill,DE,Stanford,"{'city': 'San Diego', 'state': 'CA', 'country': 'USA'}",6
2025-08-14,2025-08-18,401773027,2025-08-16T17:00Z,34,Houston Texans,29,Carolina Panthers,34,Houston Texans,16717,Jimmie Ward,S,Northern Illinois,"{'city': 'Mobile', 'state': 'AL', 'country': 'USA'}",12
2025-08-14,2025-08-18,401773027,2025-08-16T17:00Z,34,Houston Texans,29,Carolina Panthers,34,Houston Texans,4685637,Jackson Woodard,LB,UNLV,"{'city': 'Little Rock', 'state': 'AR', 'country': 'USA'}",
2025-08-14,2025-08-18,401773027,2025-08-16T17:00Z,34,Houston Texans,29,Carolina Panthers,34,Houston Texans,4240071,Russ Yeast,S,Kansas State,"{'city': 'Danville', 'state': 'KY', 'country': 'USA'}",3
2025-08-14,2025-08-18,401773027,2025-08-16T17:00Z,34,Houston Texans,29,Carolina Panthers,34,Houston Texans,4690999,Austin Brinkman,LS,West Virginia,"{'city': 'Bel Air', 'state': 'MD', 'country': 'USA'}",
2025-08-14,2025-08-18,401773027,2025-08-16T17:00Z,34,Houston Texans,29,Carolina Panthers,34,Houston Texans,2971573,Ka'imi Fairbairn,PK,UCLA,"{'city': 'Kailua', 'state': 'HI', 'country': 'USA'}",10
2025-08-14,2025-08-18,401773027,2025-08-16T17:00Z,34,Houston Texans,29,Carolina Panthers,34,Houston Texans,3843470,Blake Ferguson,LS,LSU,"{'city': 'Smyrna', 'state': 'GA', 'country': 'USA'}",6
2025-08-14,2025-08-18,401773027,2025-08-16T17:00Z,34,Houston Texans,29,Carolina Panthers,34,Houston Texans,3915398,Tommy Townsend,P,Florida,"{'city': 'Orlando', 'state': 'FL', 'country': 'USA'}",6
2025-08-14,2025-08-18,401773027,2025-08-16T17:00Z,34,Houston Texans,29,Carolina Panthers,34,Houston Texans,4677281,Kyonte Hamilton,DT,Rutgers,"{'city': 'District Heights', 'state': 'MD', 'country': 'USA'}",
2025-08-14,2025-08-18,401773027,2025-08-16T17:00Z,34,Houston Texans,29,Carolina Panthers,34,Houston Texans,4362504,Brevin Jordan,TE,Miami,"{'city': 'Las Vegas', 'state': 'NV', 'country': 'USA'}",5
2025-08-14,2025-08-18,401773027,2025-08-16T17:00Z,34,Houston Texans,29,Carolina Panthers,29,Carolina Panthers,4565761,Emani Bailey,RB,TCU,"{'city': 'Denton', 'state': 'TX', 'country': 'USA'}",1
2025-08-14,2025-08-18,401773027,2025-08-16T17:00Z,34,Houston Texans,29,Carolina Panthers,29,Carolina Panthers,4259308,Raheem Blackshear,RB,Virginia Tech,"{'city': 'Philadelphia', 'state': 'PA', 'country': 'USA'}",4
2025-08-14,2025-08-18,401773027,2025-08-16T17:00Z,34,Houston Texans,29,Carolina Panthers,29,Carolina Panthers,4369950,Ja'Tyre Carter,G,Southern,"{'city': 'White Castle', 'state': 'LA', 'country': 'USA'}",3
2025-08-14,2025-08-18,401773027,2025-08-16T17:00Z,34,Houston Texans,29,Carolina Panthers,29,Carolina Panthers,4256062,Brady Christensen,G,BYU,"{'city': 'Bountiful', 'state': 'UT', 'country': 'USA'}",5
2025-08-14,2025-08-18,401773027,2025-08-16T17:00Z,34,Houston Texans,29,Carolina Panthers,29,Carolina Panthers,4695883,Jalen Coker,WR,Holy Cross,"{'city': 'Sterling', 'state': 'VA', 'country': 'USA'}",2
2025-08-14,2025-08-18,401773027,2025-08-16T17:00Z,34,Houston Texans,29,Carolina Panthers,29,Carolina Panthers,3056608,Austin Corbett,C,Nevada,"{'city': 'Sparks', 'state': 'NV', 'country': 'USA'}",8
2025-08-14,2025-08-18,401773027,2025-08-16T17:00Z,34,Houston Texans,29,Carolina Panthers,29,Carolina Panthers,4036129,Dominique Dafney,TE,Indiana State,"{'city': 'West Des Moines', 'state': 'IA', 'country': 'USA'}",2
2025-08-14,2025-08-18,401773027,2025-08-16T17:00Z,34,Houston Texans,29,Carolina Panthers,29,Carolina Panthers,14012,Andy Dalton,QB,TCU,"{'city': 'Katy', 'state': 'TX', 'country': 'USA'}",15
2025-08-14,2025-08-18,401773027,2025-08-16T17:00Z,34,Houston Texans,29,Carolina Panthers,29,Carolina Panthers,4038815,Rico Dowdle,RB,South Carolina,"{'city': 'Asheville', 'state': 'NC', 'country': 'USA'}",6
2025-08-14,2025-08-18,401773027,2025-08-16T17:00Z,34,Houston Texans,29,Carolina Panthers,29,Carolina Panthers,4427132,Ikem Ekwonu,OT,NC State,"{'city': 'Charlotte', 'state': 'NC', 'country': 'USA'}",4
2025-08-14,2025-08-18,401773027,2025-08-16T17:00Z,34,Houston Texans,29,Carolina Panthers,29,Carolina Panthers,4685350,Trevor Etienne,RB,Georgia,"{'city': 'Jennings', 'state': 'LA', 'country': 'USA'}",
2025-08-14,2025-08-18,401773027,2025-08-16T17:00Z,34,Houston Texans,29,Carolina Panthers,29,Carolina Panthers,4683243,Mitchell Evans,TE,Notre Dame,"{'city': 'Wadsworth', 'state': 'OH', 'country': 'USA'}",
2025-08-14,2025-08-18,401773027,2025-08-16T17:00Z,34,Houston Texans,29,Carolina Panthers,29,Carolina Panthers,4567784,Jacolby George,WR,Miami,"{'city': 'Lauderhill', 'state': 'FL', 'country': 'USA'}",
2025-08-14,2025-08-18,401773027,2025-08-16T17:00Z,34,Houston Texans,29,Carolina Panthers,29,Carolina Panthers,4708486,Jimmy Horn Jr.,WR,Colorado,"{'city': 'Sanford', 'state': 'FL', 'country': 'USA'}",
2025-08-14,2025-08-18,401773027,2025-08-16T17:00Z,34,Houston Texans,29,Carolina Panthers,29,Carolina Panthers,4241416,Chuba Hubbard,RB,Oklahoma State,"{'city': 'Sherwood Park', 'state': 'AB', 'country': 'Canada'}",5
2025-08-14,2025-08-18,401773027,2025-08-16T17:00Z,34,Houston Texans,29,Carolina Panthers,29,Carolina Panthers,4429056,Kobe Hudson,WR,UCF,"{'city': 'Pine Mountain', 'state': 'GA', 'country': 'USA'}",
2025-08-14,2025-08-18,401773027,2025-08-16T17:00Z,34,Houston Texans,29,Carolina Panthers,29,Carolina Panthers,3917592,Robert Hunt,G,Louisiana,"{'city': 'Burkeville', 'state': 'TX', 'country': 'USA'}",6
2025-08-14,2025-08-18,401773027,2025-08-16T17:00Z,34,Houston Texans,29,Carolina Panthers,29,Carolina Panthers,4430116,Luke Kandra,G,Cincinnati,"{'city': 'Cincinnati', 'state': 'OH', 'country': 'USA'}",
2025-08-14,2025-08-18,401773027,2025-08-16T17:00Z,34,Houston Texans,29,Carolina Panthers,29,Carolina Panthers,4373474,Jarrett Kingston,G,USC,"{'city': 'Anderson', 'state': 'CA', 'country': 'USA'}",2
2025-08-14,2025-08-18,401773027,2025-08-16T17:00Z,34,Houston Texans,29,Carolina Panthers,29,Carolina Panthers,4430034,Xavier Legette,WR,South Carolina,"{'city': 'Mullins', 'state': 'SC', 'country': 'USA'}",2
2025-08-14,2025-08-18,401773027,2025-08-16T17:00Z,34,Houston Texans,29,Carolina Panthers,29,Carolina Panthers,4362647,Damien Lewis,G,LSU,"{'city': 'Canton', 'state': 'MS', 'country': 'USA'}",6
2025-08-14,2025-08-18,401773027,2025-08-16T17:00Z,34,Houston Texans,29,Carolina Panthers,29,Carolina Panthers,4427829,Steven Losoya,G,Vanderbilt,"{'city': 'Nashville', 'state': 'TN', 'country': 'USA'}",
2025-08-14,2025-08-18,401773027,2025-08-16T17:00Z,34,Houston Texans,29,Carolina Panthers,29,Carolina Panthers,4370162,T.J. Luther,WR,Gardner-Webb,"{'city': 'Arcadia', 'state': 'FL', 'country': 'USA'}",1
2025-08-14,2025-08-18,401773027,2025-08-16T17:00Z,34,Houston Texans,29,Carolina Panthers,29,Carolina Panthers,4426530,Kay'Ron Lynch-Adams,RB,Michigan State,"{'city': 'Warren', 'state': 'OH', 'country': 'USA'}",
2025-08-14,2025-08-18,401773027,2025-08-16T17:00Z,34,Houston Texans,29,Carolina Panthers,29,Carolina Panthers,4361788,Cade Mays,C,Tennessee,"{'city': 'Knoxville', 'state': 'TN', 'country': 'USA'}",4
2025-08-14,2025-08-18,401773027,2025-08-16T17:00Z,34,Houston Texans,29,Carolina Panthers,29,Carolina Panthers,4685472,Tetairoa McMillan,WR,Arizona,"{'city': 'Waimanalo', 'state': 'HI', 'country': 'USA'}",
2025-08-14,2025-08-18,401773027,2025-08-16T17:00Z,34,Houston Texans,29,Carolina Panthers,29,Carolina Panthers,4361988,James Mitchell,TE,Virginia Tech,"{'city': 'Big Stone Gap', 'state': 'VA', 'country': 'USA'}",3
2025-08-14,2025-08-18,401773027,2025-08-16T17:00Z,34,Houston Texans,29,Carolina Panthers,29,Carolina Panthers,4212909,David Moore,WR,East Central (OK),"{'city': 'Gainesville', 'state': 'TX', 'country': 'USA'}",7
2025-08-14,2025-08-18,401773027,2025-08-16T17:00Z,34,Houston Texans,29,Carolina Panthers,29,Carolina Panthers,2973051,Taylor Moton,OT,Western Michigan,"{'city': 'Okemos', 'state': 'MI', 'country': 'USA'}",9
2025-08-14,2025-08-18,401773027,2025-08-16T17:00Z,34,Houston Texans,29,Carolina Panthers,29,Carolina Panthers,3871880,Yosh Nijman,OT,Virginia Tech,"{'city': 'Maplewood', 'state': 'NJ', 'country': 'USA'}",6
2025-08-14,2025-08-18,401773027,2025-08-16T17:00Z,34,Houston Texans,29,Carolina Panthers,29,Carolina Panthers,3675812,Bryce Perkins,QB,Virginia,"{'city': 'Queen Creek', 'state': 'AZ', 'country': 'USA'}",3
2025-08-14,2025-08-18,401773027,2025-08-16T17:00Z,34,Houston Texans,29,Carolina Panthers,29,Carolina Panthers,5082648,Bryce Pierre,TE,UCLA,"{'city': 'Rancho Cucamonga', 'state': 'CA', 'country': 'USA'}",
2025-08-14,2025-08-18,401773027,2025-08-16T17:00Z,34,Houston Texans,29,Carolina Panthers,29,Carolina Panthers,4361493,Jack Plummer,QB,Louisville,"{'city': 'Gilbert', 'state': 'AZ', 'country': 'USA'}",1
2025-08-14,2025-08-18,401773027,2025-08-16T17:00Z,34,Houston Texans,29,Carolina Panthers,29,Carolina Panthers,4876995,Ja'seem Reed,WR,San Diego,"{'city': 'Thousand Oaks', 'state': 'CA', 'country': 'USA'}",
2025-08-14,2025-08-18,401773027,2025-08-16T17:00Z,34,Houston Texans,29,Carolina Panthers,29,Carolina Panthers,3135321,Hunter Renfrow,WR,Clemson,"{'city': 'Myrtle Beach', 'state': 'SC', 'country': 'USA'}",6
2025-08-14,2025-08-18,401773027,2025-08-16T17:00Z,34,Houston Texans,29,Carolina Panthers,29,Carolina Panthers,4431588,Ja'Tavion Sanders,TE,Texas,"{'city': 'Denton', 'state': 'TX', 'country': 'USA'}",2
2025-08-14,2025-08-18,401773027,2025-08-16T17:00Z,34,Houston Texans,29,Carolina Panthers,29,Carolina Panthers,4567412,Michael Tarquin,OT,Oklahoma,"{'city': 'Ocala', 'state': 'FL', 'country': 'USA'}",
2025-08-14,2025-08-18,401773027,2025-08-16T17:00Z,34,Houston Texans,29,Carolina Panthers,29,Carolina Panthers,16460,Adam Thielen,WR,Minnesota State,"{'city': 'Detroit Lakes', 'state': 'MN', 'country': 'USA'}",12
2025-08-14,2025-08-18,401773027,2025-08-16T17:00Z,34,Houston Texans,29,Carolina Panthers,29,Carolina Panthers,4360763,Brycen Tremayne,WR,Stanford,"{'city': 'Los Angeles', 'state': 'CA', 'country': 'USA'}",1
2025-08-14,2025-08-18,401773027,2025-08-16T17:00Z,34,Houston Texans,29,Carolina Panthers,29,Carolina Panthers,4372780,Tommy Tremble,TE,Notre Dame,"{'city': 'Johns Creek', 'state': 'GA', 'country': 'USA'}",5
2025-08-14,2025-08-18,401773027,2025-08-16T17:00Z,34,Houston Texans,29,Carolina Panthers,29,Carolina Panthers,4040778,Brandon Walton,OT,Florida Atlantic,"{'city': 'Largo', 'state': 'FL', 'country': 'USA'}",3
2025-08-14,2025-08-18,401773027,2025-08-16T17:00Z,34,Houston Texans,29,Carolina Panthers,29,Carolina Panthers,4685720,Bryce Young,QB,Alabama,"{'city': 'Pasadena', 'state': 'CA', 'country': 'USA'}",3
2025-08-14,2025-08-18,401773027,2025-08-16T17:00Z,34,Houston Texans,29,Carolina Panthers,29,Carolina Panthers,4710661,Chandler Zavala,G,NC State,"{'city': 'Boynton Beach', 'state': 'FL', 'country': 'USA'}",3
2025-08-14,2025-08-18,401773027,2025-08-16T17:00Z,34,Houston Texans,29,Carolina Panthers,29,Carolina Panthers,4035817,Krys Barnes,LB,UCLA,"{'city': 'Bakersfield', 'state': 'CA', 'country': 'USA'}",6
2025-08-14,2025-08-18,401773027,2025-08-16T17:00Z,34,Houston Texans,29,Carolina Panthers,29,Carolina Panthers,4371336,Shemar Bartholomew,CB,Georgia Southern,"{'city': 'Houston', 'state': 'TX', 'country': 'USA'}",2
2025-08-14,2025-08-18,401773027,2025-08-16T17:00Z,34,Houston Texans,29,Carolina Panthers,29,Carolina Panthers,4037239,Boogie Basham,LB,Wake Forest,"{'city': 'Roanoke', 'state': 'VA', 'country': 'USA'}",5
2025-08-14,2025-08-18,401773027,2025-08-16T17:00Z,34,Houston Texans,29,Carolina Panthers,29,Carolina Panthers,4427952,JaTravis Broughton,CB,TCU,"{'city': 'Tulsa', 'state': 'OK', 'country': 'USA'}",
2025-08-14,2025-08-18,401773027,2025-08-16T17:00Z,34,Houston Texans,29,Carolina Panthers,29,Carolina Panthers,4035495,Derrick Brown,DE,Auburn,"{'city': 'Sugar Hill', 'state': 'GA', 'country': 'USA'}",6
2025-08-14,2025-08-18,401773027,2025-08-16T17:00Z,34,Houston Texans,29,Carolina Panthers,29,Carolina Panthers,4372518,Bobby Brown III,DT,Texas A&M,"{'city': 'Arlington', 'state': 'TX', 'country': 'USA'}",5
2025-08-14,2025-08-18,401773027,2025-08-16T17:00Z,34,Houston Texans,29,Carolina Panthers,29,Carolina Panthers,4256224,Claudin Cherelus,LB,Alcorn State,"{'city': 'Golden Gate', 'state': 'FL', 'country': 'USA'}",3
2025-08-14,2025-08-18,401773027,2025-08-16T17:00Z,34,Houston Texans,29,Carolina Panthers,29,Carolina Panthers,4362910,Jaden Crumedy,DT,Mississippi State,"{'city': 'Hattiesburg', 'state': 'MS', 'country': 'USA'}",2
2025-08-14,2025-08-18,401773027,2025-08-16T17:00Z,34,Houston Texans,29,Carolina Panthers,29,Carolina Panthers,4431356,Mello Dotson,CB,Kansas,"{'city': 'Daytona Beach', 'state': 'FL', 'country': 'USA'}",
2025-08-14,2025-08-18,401773027,2025-08-16T17:00Z,34,Houston Texans,29,Carolina Panthers,29,Carolina Panthers,4244607,Akayleb Evans,CB,Missouri,"{'city': 'McKinney', 'state': 'TX', 'country': 'USA'}",4
2025-08-14,2025-08-18,401773027,2025-08-16T17:00Z,34,Houston Texans,29,Carolina Panthers,29,Carolina Panthers,4429797,Isaac Gifford,S,Nebraska,"{'city': 'Lincoln', 'state': 'NE', 'country': 'USA'}",
2025-08-14,2025-08-18,401773027,2025-08-16T17:00Z,34,Houston Texans,29,Carolina Panthers,29,Carolina Panthers,4427401,Jared Harrison-Hunte,DE,SMU,"{'city': 'Middle Village', 'state': 'NY', 'country': 'USA'}",
2025-08-14,2025-08-18,401773027,2025-08-16T17:00Z,34,Houston Texans,29,Carolina Panthers,29,Carolina Panthers,4696820,Jack Henderson,S,Minnesota,"{'city': 'Mandeville', 'state': 'LA', 'country': 'USA'}",
2025-08-14,2025-08-18,401773027,2025-08-16T17:00Z,34,Houston Texans,29,Carolina Panthers,29,Carolina Panthers,4362847,Jaycee Horn,CB,South Carolina,"{'city': 'Alpharetta', 'state': 'GA', 'country': 'USA'}",5
2025-08-14,2025-08-18,401773027,2025-08-16T17:00Z,34,Houston Texans,29,Carolina Panthers,29,Carolina Panthers,4714157,Thomas Incoom,LB,Central Michigan,"{'city': 'Stone Mountain', 'state': 'GA', 'country': 'USA'}",3
2025-08-14,2025-08-18,401773027,2025-08-16T17:00Z,34,Houston Texans,29,Carolina Panthers,29,Carolina Panthers,4687513,Cam Jackson,DT,Florida,"{'city': 'Haynesville', 'state': 'LA', 'country': 'USA'}",
2025-08-14,2025-08-18,401773027,2025-08-16T17:00Z,34,Houston Texans,29,Carolina Panthers,29,Carolina Panthers,3917853,Mike Jackson,CB,Miami,"{'city': 'Birmingham', 'state': 'AL', 'country': 'USA'}",5
2025-08-14,2025-08-18,401773027,2025-08-16T17:00Z,34,Houston Texans,29,Carolina Panthers,29,Carolina Panthers,4240623,DJ Johnson,LB,Oregon,"{'city': 'Sacramento', 'state': 'CA', 'country': 'USA'}",3
2025-08-14,2025-08-18,401773027,2025-08-16T17:00Z,34,Houston Texans,29,Carolina Panthers,29,Carolina Panthers,4036063,Patrick Jones II,LB,Pittsburgh,"{'city': 'Chesapeake', 'state': 'VA', 'country': 'USA'}",5
2025-08-14,2025-08-18,401773027,2025-08-16T17:00Z,34,Houston Texans,29,Carolina Panthers,29,Carolina Panthers,4880613,Bam Martin-Scott,LB,South Carolina,"{'city': 'Fort Wayne', 'state': 'IN', 'country': 'USA'}",
2025-08-14,2025-08-18,401773027,2025-08-16T17:00Z,34,Houston Texans,29,Carolina Panthers,29,Carolina Panthers,4362487,Tre'von Moehrig,S,TCU,"{'city': 'Spring Branch', 'state': 'TX', 'country': 'USA'}",5
2025-08-14,2025-08-18,401773027,2025-08-16T17:00Z,34,Houston Texans,29,Carolina Panthers,29,Carolina Panthers,5279357,Mapalo Mwansa,LB,,"{'city': 'Peterborough', 'country': 'England'}",
2025-08-14,2025-08-18,401773027,2025-08-16T17:00Z,34,Houston Texans,29,Carolina Panthers,29,Carolina Panthers,4429110,Lathan Ransom,S,Ohio State,"{'city': 'Tucson', 'state': 'AZ', 'country': 'USA'}",
2025-08-14,2025-08-18,401773027,2025-08-16T17:00Z,34,Houston Texans,29,Carolina Panthers,29,Carolina Panthers,4241473,LaBryan Ray,DE,Alabama,"{'city': 'Madison', 'state': 'AL', 'country': 'USA'}",3
2025-08-14,2025-08-18,401773027,2025-08-16T17:00Z,34,Houston Texans,29,Carolina Panthers,29,Carolina Panthers,4775268,Michael Reid,CB,South Dakota,"{'city': 'Owings Mills', 'state': 'MD', 'country': 'USA'}",
2025-08-14,2025-08-18,401773027,2025-08-16T17:00Z,34,Houston Texans,29,Carolina Panthers,29,Carolina Panthers,4258485,Jon Rhattigan,LB,Army,"{'city': 'Naperville', 'state': 'IL', 'country': 'USA'}",5
2025-08-14,2025-08-18,401773027,2025-08-16T17:00Z,34,Houston Texans,29,Carolina Panthers,29,Carolina Panthers,4426926,Demani Richardson,S,Texas A&M,"{'city': 'Waxahachie', 'state': 'TX', 'country': 'USA'}",2
2025-08-14,2025-08-18,401773027,2025-08-16T17:00Z,34,Houston Texans,29,Carolina Panthers,29,Carolina Panthers,4077786,Sam Roberts,DT,Northwest Missouri State,"{'city': 'Waynesville', 'state': 'MO', 'country': 'USA'}",3
2025-08-14,2025-08-18,401773027,2025-08-16T17:00Z,34,Houston Texans,29,Carolina Panthers,29,Carolina Panthers,3054857,A'Shawn Robinson,DE,Alabama,"{'city': 'Fort Worth', 'state': 'TX', 'country': 'USA'}",10
2025-08-14,2025-08-18,401773027,2025-08-16T17:00Z,34,Houston Texans,29,Carolina Panthers,29,Carolina Panthers,3909013,Christian Rozeboom,LB,South Dakota State,"{'city': 'Sioux Center', 'state': 'IA', 'country': 'USA'}",5
2025-08-14,2025-08-18,401773027,2025-08-16T17:00Z,34,Houston Texans,29,Carolina Panthers,29,Carolina Panthers,3116179,Nick Scott,S,Penn State,"{'city': 'Fairfax', 'state': 'VA', 'country': 'USA'}",7
2025-08-14,2025-08-18,401773027,2025-08-16T17:00Z,34,Houston Texans,29,Carolina Panthers,29,Carolina Panthers,4833355,Nic Scourton,LB,Texas A&M,"{'city': 'Bryan', 'state': 'TX', 'country': 'USA'}",
2025-08-14,2025-08-18,401773027,2025-08-16T17:00Z,34,Houston Texans,29,Carolina Panthers,29,Carolina Panthers,4697636,Chau Smith-Wade,CB,Washington State,"{'city': 'Denver', 'state': 'CO', 'country': 'USA'}",2
2025-08-14,2025-08-18,401773027,2025-08-16T17:00Z,34,Houston Texans,29,Carolina Panthers,29,Carolina Panthers,4240476,Tre Swilling,CB,Georgia Tech,"{'city': 'New Orleans', 'state': 'LA', 'country': 'USA'}",1
2025-08-14,2025-08-18,401773027,2025-08-16T17:00Z,34,Houston Texans,29,Carolina Panthers,29,Carolina Panthers,4570633,Trevian Thomas,S,Arkansas State,"{'city': 'Americus', 'state': 'GA', 'country': 'USA'}",
2025-08-14,2025-08-18,401773027,2025-08-16T17:00Z,34,Houston Texans,29,Carolina Panthers,29,Carolina Panthers,4431426,Corey Thornton,CB,Louisville,"{'city': 'Miami', 'state': 'FL', 'country': 'USA'}",
2025-08-14,2025-08-18,401773027,2025-08-16T17:00Z,34,Houston Texans,29,Carolina Panthers,29,Carolina Panthers,3886601,Shy Tuttle,DT,Tennessee,"{'city': 'Midway', 'state': 'NC', 'country': 'USA'}",7
2025-08-14,2025-08-18,401773027,2025-08-16T17:00Z,34,Houston Texans,29,Carolina Panthers,29,Carolina Panthers,4429166,Princely Umanmielen,LB,Ole Miss,"{'city': 'Austin', 'state': 'TX', 'country': 'USA'}",
2025-08-14,2025-08-18,401773027,2025-08-16T17:00Z,34,Houston Texans,29,Carolina Panthers,29,Carolina Panthers,4683815,Trevin Wallace,LB,Kentucky,"{'city': 'Jesup', 'state': 'GA', 'country': 'USA'}",2
2025-08-14,2025-08-18,401773027,2025-08-16T17:00Z,34,Houston Texans,29,Carolina Panthers,29,Carolina Panthers,4428817,J.J. Weaver,LB,Kentucky,"{'city': 'Louisville', 'state': 'KY', 'country': 'USA'}",
2025-08-14,2025-08-18,401773027,2025-08-16T17:00Z,34,Houston Texans,29,Carolina Panthers,29,Carolina Panthers,4058925,Tershawn Wharton,DT,Missouri S&T,"{'city': 'University City', 'state': 'MO', 'country': 'USA'}",6
2025-08-14,2025-08-18,401773027,2025-08-16T17:00Z,34,Houston Texans,29,Carolina Panthers,29,Carolina Panthers,4428909,Jacoby Windmon,LB,Michigan State,"{'city': 'New Orleans', 'state': 'LA', 'country': 'USA'}",2
2025-08-14,2025-08-18,401773027,2025-08-16T17:00Z,34,Houston Texans,29,Carolina Panthers,29,Carolina Panthers,4038849,D.J. Wonnum,LB,South Carolina,"{'city': 'Stone Mountain', 'state': 'GA', 'country': 'USA'}",6
2025-08-14,2025-08-18,401773027,2025-08-16T17:00Z,34,Houston Texans,29,Carolina Panthers,29,Carolina Panthers,4568263,Ryan Fitzgerald,PK,Florida State,"{'city': 'Coolidge', 'state': 'GA', 'country': 'USA'}",
2025-08-14,2025-08-18,401773027,2025-08-16T17:00Z,34,Houston Texans,29,Carolina Panthers,29,Carolina Panthers,11759,JJ Jansen,LS,Notre Dame,"{'city': 'Phoenix', 'state': 'AZ', 'country': 'USA'}",18
2025-08-14,2025-08-18,401773027,2025-08-16T17:00Z,34,Houston Texans,29,Carolina Panthers,29,Carolina Panthers,15928,Sam Martin,P,App State,"{'city': 'Fayetteville', 'state': 'GA', 'country': 'USA'}",13
2025-08-14,2025-08-18,401773027,2025-08-16T17:00Z,34,Houston Texans,29,Carolina Panthers,29,Carolina Panthers,3128444,Matthew Wright,PK,UCF,"{'city': 'Lancaster', 'state': 'PA', 'country': 'USA'}",4
2025-08-14,2025-08-18,401773027,2025-08-16T17:00Z,34,Houston Texans,29,Carolina Panthers,29,Carolina Panthers,4242498,Popo Aumavae,DT,Oregon,"{'city': 'Stockton', 'state': 'CA', 'country': 'USA'}",2
2025-08-14,2025-08-18,401773027,2025-08-16T17:00Z,34,Houston Texans,29,Carolina Panthers,29,Carolina Panthers,4678008,Jonathon Brooks,RB,Texas,"{'city': 'Hallettsville', 'state': 'TX', 'country': 'USA'}",2
2025-08-14,2025-08-18,401773027,2025-08-16T17:00Z,34,Houston Texans,29,Carolina Panthers,29,Carolina Panthers,3916587,Tyler Mabry,TE,Maryland,"{'city': 'Ypsilanti', 'state': 'MI', 'country': 'USA'}",2
2025-08-14,2025-08-18,401774569,2025-08-16T20:05Z,13,Las Vegas Raiders,25,San Francisco 49ers,13,Las Vegas Raiders,5145719,Gottlieb Ayedze,OT,Maryland,"{'city': 'Germantown', 'state': 'MD', 'country': 'USA'}",1
2025-08-14,2025-08-18,401774569,2025-08-16T20:05Z,13,Las Vegas Raiders,25,San Francisco 49ers,13,Las Vegas Raiders,3919510,Alex Bachman,WR,Wake Forest,"{'city': 'Westlake Village', 'state': 'CA', 'country': 'USA'}",2
2025-08-14,2025-08-18,401774569,2025-08-16T20:05Z,13,Las Vegas Raiders,25,San Francisco 49ers,13,Las Vegas Raiders,4603186,Jack Bech,WR,TCU,"{'city': 'Lafayette', 'state': 'LA', 'country': 'USA'}",
2025-08-14,2025-08-18,401774569,2025-08-16T20:05Z,13,Las Vegas Raiders,25,San Francisco 49ers,13,Las Vegas Raiders,4432665,Brock Bowers,TE,Georgia,"{'city': 'Napa', 'state': 'CA', 'country': 'USA'}",2
2025-08-14,2025-08-18,401774569,2025-08-16T20:05Z,13,Las Vegas Raiders,25,San Francisco 49ers,13,Las Vegas Raiders,4035170,Marquez Callaway,WR,Tennessee,"{'city': 'Warner Robins', 'state': 'GA', 'country': 'USA'}",4
2025-08-14,2025-08-18,401774569,2025-08-16T20:05Z,13,Las Vegas Raiders,25,San Francisco 49ers,13,Las Vegas Raiders,3059021,Alex Cappa,G,Humboldt State,"{'city': 'Dublin', 'state': 'CA', 'country': 'USA'}",8
2025-08-14,2025-08-18,401774569,2025-08-16T20:05Z,13,Las Vegas Raiders,25,San Francisco 49ers,13,Las Vegas Raiders,4431023,Parker Clements,OT,Virginia Tech,"{'city': 'Lugoff', 'state': 'SC', 'country': 'USA'}",
2025-08-14,2025-08-18,401774569,2025-08-16T20:05Z,13,Las Vegas Raiders,25,San Francisco 49ers,13,Las Vegas Raiders,4698191,Chris Collier,RB,Lock Haven University,"{'city': 'Lawrence', 'state': 'NY', 'country': 'USA'}",2
2025-08-14,2025-08-18,401774569,2025-08-16T20:05Z,13,Las Vegas Raiders,25,San Francisco 49ers,13,Las Vegas Raiders,2579604,Phillip Dorsett,WR,Miami,"{'city': 'Fort Lauderdale', 'state': 'FL', 'country': 'USA'}",9
2025-08-14,2025-08-18,401774569,2025-08-16T20:05Z,13,Las Vegas Raiders,25,San Francisco 49ers,13,Las Vegas Raiders,4606683,DJ Glaze,OT,Maryland,"{'city': 'Charlotte', 'state': 'NC', 'country': 'USA'}",2
2025-08-14,2025-08-18,401774569,2025-08-16T20:05Z,13,Las Vegas Raiders,25,San Francisco 49ers,13,Las Vegas Raiders,4694505,Charles Grant,OT,William & Mary,"{'city': 'Portsmouth', 'state': 'VA', 'country': 'USA'}",
2025-08-14,2025-08-18,401774569,2025-08-16T20:05Z,13,Las Vegas Raiders,25,San Francisco 49ers,13,Las Vegas Raiders,4429871,Jarrod Hufford,C,Iowa State,"{'city': 'Newark', 'state': 'OH', 'country': 'USA'}",
2025-08-14,2025-08-18,401774569,2025-08-16T20:05Z,13,Las Vegas Raiders,25,San Francisco 49ers,13,Las Vegas Raiders,4379769,Qadir Ismail,TE,Samford,"{'city': 'Bel Air', 'state': 'MD', 'country': 'USA'}",1
2025-08-14,2025-08-18,401774569,2025-08-16T20:05Z,13,Las Vegas Raiders,25,San Francisco 49ers,13,Las Vegas Raiders,4361332,Shedrick Jackson,WR,Auburn,"{'city': 'Hoover', 'state': 'AL', 'country': 'USA'}",1
2025-08-14,2025-08-18,401774569,2025-08-16T20:05Z,13,Las Vegas Raiders,25,San Francisco 49ers,13,Las Vegas Raiders,4431389,Ketron Jackson Jr.,WR,Baylor,"{'city': 'Royse City', 'state': 'TX', 'country': 'USA'}",
2025-08-14,2025-08-18,401774569,2025-08-16T20:05Z,13,Las Vegas Raiders,25,San Francisco 49ers,13,Las Vegas Raiders,4890973,Ashton Jeanty,RB,Boise State,"{'city': 'Jacksonville', 'state': 'FL', 'country': 'USA'}",
2025-08-14,2025-08-18,401774569,2025-08-16T20:05Z,13,Las Vegas Raiders,25,San Francisco 49ers,13,Las Vegas Raiders,4039043,Collin Johnson,WR,Texas,"{'city': 'San Jose', 'state': 'CA', 'country': 'USA'}",5
2025-08-14,2025-08-18,401774569,2025-08-16T20:05Z,13,Las Vegas Raiders,25,San Francisco 49ers,13,Las Vegas Raiders,4366963,Dylan Laube,RB,New Hampshire,"{'city': 'Westhampton', 'state': 'NY', 'country': 'USA'}",2
2025-08-14,2025-08-18,401774569,2025-08-16T20:05Z,13,Las Vegas Raiders,25,San Francisco 49ers,13,Las Vegas Raiders,4367202,Atonio Mafi,G,UCLA,"{'city': 'Shoreview', 'state': 'CA', 'country': 'USA'}",2
2025-08-14,2025-08-18,401774569,2025-08-16T20:05Z,13,Las Vegas Raiders,25,San Francisco 49ers,13,Las Vegas Raiders,4429086,Michael Mayer,TE,Notre Dame,"{'city': 'Independence', 'state': 'KY', 'country': 'USA'}",3
2025-08-14,2025-08-18,401774569,2025-08-16T20:05Z,13,Las Vegas Raiders,25,San Francisco 49ers,13,Las Vegas Raiders,4430104,Sincere McCormick,RB,UTSA,"{'city': 'Converse', 'state': 'TX', 'country': 'USA'}",3
2025-08-14,2025-08-18,401774569,2025-08-16T20:05Z,13,Las Vegas Raiders,25,San Francisco 49ers,13,Las Vegas Raiders,4775196,Tommy Mellott,WR,Montana State,"{'city': 'Butte', 'state': 'MT', 'country': 'USA'}",
2025-08-14,2025-08-18,401774569,2025-08-16T20:05Z,13,Las Vegas Raiders,25,San Francisco 49ers,13,Las Vegas Raiders,4076803,Jordan Meredith,G,Western Kentucky,"{'city': 'Bowling Green', 'state': 'KY', 'country': 'USA'}",3
2025-08-14,2025-08-18,401774569,2025-08-16T20:05Z,13,Las Vegas Raiders,25,San Francisco 49ers,13,Las Vegas Raiders,3916433,Jakobi Meyers,WR,NC State,"{'city': 'Lithonia', 'state': 'GA', 'country': 'USA'}",7
2025-08-14,2025-08-18,401774569,2025-08-16T20:05Z,13,Las Vegas Raiders,25,San Francisco 49ers,13,Las Vegas Raiders,4693331,Cam Miller,QB,North Dakota State,"{'city': 'Solon', 'state': 'IA', 'country': 'USA'}",
2025-08-14,2025-08-18,401774569,2025-08-16T20:05Z,13,Las Vegas Raiders,25,San Francisco 49ers,13,Las Vegas Raiders,3134312,Kolton Miller,OT,UCLA,"{'city': 'Roseville', 'state': 'CA', 'country': 'USA'}",8
2025-08-14,2025-08-18,401774569,2025-08-16T20:05Z,13,Las Vegas Raiders,25,San Francisco 49ers,13,Las Vegas Raiders,2576414,Raheem Mostert,RB,Purdue,"{'city': 'New Smyrna Beach', 'state': 'FL', 'country': 'USA'}",11
2025-08-14,2025-08-18,401774569,2025-08-16T20:05Z,13,Las Vegas Raiders,25,San Francisco 49ers,13,Las Vegas Raiders,4242001,Thayer Munford Jr.,OT,Ohio State,"{'city': 'Cincinnati', 'state': 'OH', 'country': 'USA'}",4
2025-08-14,2025-08-18,401774569,2025-08-16T20:05Z,13,Las Vegas Raiders,25,San Francisco 49ers,13,Las Vegas Raiders,4260394,Aidan O'Connell,QB,Purdue,"{'city': 'Long Grove', 'state': 'IL', 'country': 'USA'}",3
2025-08-14,2025-08-18,401774569,2025-08-16T20:05Z,13,Las Vegas Raiders,25,San Francisco 49ers,13,Las Vegas Raiders,4035115,Albert Okwuegbunam,TE,Missouri,"{'city': 'Springfield', 'state': 'IL', 'country': 'USA'}",5
2025-08-14,2025-08-18,401774569,2025-08-16T20:05Z,13,Las Vegas Raiders,25,San Francisco 49ers,13,Las Vegas Raiders,4243375,Dylan Parham,G,Memphis,"{'city': 'Carrollton', 'state': 'GA', 'country': 'USA'}",4
2025-08-14,2025-08-18,401774569,2025-08-16T20:05Z,13,Las Vegas Raiders,25,San Francisco 49ers,13,Las Vegas Raiders,4875295,Jackson Powers-Johnson,C,Oregon,"{'city': 'Draper', 'state': 'UT', 'country': 'USA'}",2
2025-08-14,2025-08-18,401774569,2025-08-16T20:05Z,13,Las Vegas Raiders,25,San Francisco 49ers,13,Las Vegas Raiders,4426393,Will Putnam,C,Clemson,"{'city': 'Tampa', 'state': 'FL', 'country': 'USA'}",1
2025-08-14,2025-08-18,401774569,2025-08-16T20:05Z,13,Las Vegas Raiders,25,San Francisco 49ers,13,Las Vegas Raiders,4433889,Caleb Rogers,G,Texas Tech,"{'city': 'Mansfield', 'state': 'TX', 'country': 'USA'}",
2025-08-14,2025-08-18,401774569,2025-08-16T20:05Z,13,Las Vegas Raiders,25,San Francisco 49ers,13,Las Vegas Raiders,5155825,Carter Runyon,TE,Towson,"{'city': 'Fairfax', 'state': 'VA', 'country': 'USA'}",
2025-08-14,2025-08-18,401774569,2025-08-16T20:05Z,13,Las Vegas Raiders,25,San Francisco 49ers,13,Las Vegas Raiders,4361426,Justin Shorter,TE,Florida,"{'city': 'Monmouth Junction', 'state': 'NJ', 'country': 'USA'}",3
2025-08-14,2025-08-18,401774569,2025-08-16T20:05Z,13,Las Vegas Raiders,25,San Francisco 49ers,13,Las Vegas Raiders,15864,Geno Smith,QB,West Virginia,"{'city': 'Miami', 'state': 'FL', 'country': 'USA'}",13
2025-08-14,2025-08-18,401774569,2025-08-16T20:05Z,13,Las Vegas Raiders,25,San Francisco 49ers,13,Las Vegas Raiders,5278710,Laki Tasi,OT,,,
2025-08-14,2025-08-18,401774569,2025-08-16T20:05Z,13,Las Vegas Raiders,25,San Francisco 49ers,13,Las Vegas Raiders,4045305,Ian Thomas,TE,Indiana,"{'city': 'Baltimore', 'state': 'MD', 'country': 'USA'}",8
2025-08-14,2025-08-18,401774569,2025-08-16T20:05Z,13,Las Vegas Raiders,25,San Francisco 49ers,13,Las Vegas Raiders,4432775,Dont'e Thornton Jr.,WR,Tennessee,"{'city': 'Baltimore', 'state': 'MD', 'country': 'USA'}",
2025-08-14,2025-08-18,401774569,2025-08-16T20:05Z,13,Las Vegas Raiders,25,San Francisco 49ers,13,Las Vegas Raiders,4428718,Tre Tucker,WR,Cincinnati,"{'city': 'Akron', 'state': 'OH', 'country': 'USA'}",3
2025-08-14,2025-08-18,401774569,2025-08-16T20:05Z,13,Las Vegas Raiders,25,San Francisco 49ers,13,Las Vegas Raiders,4242177,Dalton Wagner,OT,Arkansas,"{'city': 'Spring Grove', 'state': 'IL', 'country': 'USA'}",2
2025-08-14,2025-08-18,401774569,2025-08-16T20:05Z,13,Las Vegas Raiders,25,San Francisco 49ers,13,Las Vegas Raiders,4361777,Zamir White,RB,Georgia,"{'city': 'Laurinburg', 'state': 'NC', 'country': 'USA'}",4
2025-08-14,2025-08-18,401774569,2025-08-16T20:05Z,13,Las Vegas Raiders,25,San Francisco 49ers,13,Las Vegas Raiders,3115373,Jamal Adams,S,LSU,"{'city': 'Lewisville', 'state': 'TX', 'country': 'USA'}",9
2025-08-14,2025-08-18,401774569,2025-08-16T20:05Z,13,Las Vegas Raiders,25,San Francisco 49ers,13,Las Vegas Raiders,4372062,Michael Barrett,LB,Michigan,"{'city': 'Valdosta', 'state': 'GA', 'country': 'USA'}",1
2025-08-14,2025-08-18,401774569,2025-08-16T20:05Z,13,Las Vegas Raiders,25,San Francisco 49ers,13,Las Vegas Raiders,4569496,Tank Booker,DT,SMU,"{'city': 'Cincinnati', 'state': 'OH', 'country': 'USA'}",
2025-08-14,2025-08-18,401774569,2025-08-16T20:05Z,13,Las Vegas Raiders,25,San Francisco 49ers,13,Las Vegas Raiders,4360749,Thomas Booker IV,DT,Stanford,"{'city': 'Ellicott City', 'state': 'MD', 'country': 'USA'}",3
2025-08-14,2025-08-18,401774569,2025-08-16T20:05Z,13,Las Vegas Raiders,25,San Francisco 49ers,13,Las Vegas Raiders,2972342,Adam Butler,DT,Vanderbilt,"{'city': 'Duncanville', 'state': 'TX', 'country': 'USA'}",8
2025-08-14,2025-08-18,401774569,2025-08-16T20:05Z,13,Las Vegas Raiders,25,San Francisco 49ers,13,Las Vegas Raiders,4240619,Zach Carter,DT,Florida,"{'city': 'Tampa', 'state': 'FL', 'country': 'USA'}",4
2025-08-14,2025-08-18,401774569,2025-08-16T20:05Z,13,Las Vegas Raiders,25,San Francisco 49ers,13,Las Vegas Raiders,4577333,Andre Carter II,DE,Army,"{'city': 'Missouri City', 'state': 'TX', 'country': 'USA'}",2
2025-08-14,2025-08-18,401774569,2025-08-16T20:05Z,13,Las Vegas Raiders,25,San Francisco 49ers,13,Las Vegas Raiders,4043169,Jeremy Chinn,S,Southern Illinois,"{'city': 'Fishers', 'state': 'IN', 'country': 'USA'}",6
2025-08-14,2025-08-18,401774569,2025-08-16T20:05Z,13,Las Vegas Raiders,25,San Francisco 49ers,13,Las Vegas Raiders,4567158,Hudson Clark,S,Arkansas,"{'city': 'Dallas', 'state': 'TX', 'country': 'USA'}",
2025-08-14,2025-08-18,401774569,2025-08-16T20:05Z,13,Las Vegas Raiders,25,San Francisco 49ers,13,Las Vegas Raiders,4362117,Keondre Coburn,DT,Texas,"{'city': 'Houston', 'state': 'TX', 'country': 'USA'}",3
2025-08-14,2025-08-18,401774569,2025-08-16T20:05Z,13,Las Vegas Raiders,25,San Francisco 49ers,13,Las Vegas Raiders,3916655,Maxx Crosby,DE,Eastern Michigan,"{'city': 'Colleyville', 'state': 'TX', 'country': 'USA'}",7
2025-08-14,2025-08-18,401774569,2025-08-16T20:05Z,13,Las Vegas Raiders,25,San Francisco 49ers,13,Las Vegas Raiders,3124067,Terrell Edmunds,S,Virginia Tech,"{'city': 'Danville', 'state': 'VA', 'country': 'USA'}",8
2025-08-14,2025-08-18,401774569,2025-08-16T20:05Z,13,Las Vegas Raiders,25,San Francisco 49ers,13,Las Vegas Raiders,4429560,Tommy Eichenberg,LB,Ohio State,"{'city': 'Cleveland', 'state': 'OH', 'country': 'USA'}",2
2025-08-14,2025-08-18,401774569,2025-08-16T20:05Z,13,Las Vegas Raiders,25,San Francisco 49ers,13,Las Vegas Raiders,4035666,Leki Fotu,DT,Utah,"{'city': 'West Valley City', 'state': 'UT', 'country': 'USA'}",6
2025-08-14,2025-08-18,401774569,2025-08-16T20:05Z,13,Las Vegas Raiders,25,San Francisco 49ers,13,Las Vegas Raiders,4360469,Amari Gainer,LB,North Carolina,"{'city': 'Tallahassee', 'state': 'FL', 'country': 'USA'}",2
2025-08-14,2025-08-18,401774569,2025-08-16T20:05Z,13,Las Vegas Raiders,25,San Francisco 49ers,13,Las Vegas Raiders,4569323,Thomas Harper,S,Notre Dame,"{'city': 'Knoxville', 'state': 'TN', 'country': 'USA'}",2
2025-08-14,2025-08-18,401774569,2025-08-16T20:05Z,13,Las Vegas Raiders,25,San Francisco 49ers,13,Las Vegas Raiders,4427408,Jahfari Harvey,DE,SMU,"{'city': 'Port Saint Lucie', 'state': 'FL', 'country': 'USA'}",
2025-08-14,2025-08-18,401774569,2025-08-16T20:05Z,13,Las Vegas Raiders,25,San Francisco 49ers,13,Las Vegas Raiders,4429109,Tonka Hemingway,DT,South Carolina,"{'city': 'Conway', 'state': 'SC', 'country': 'USA'}",
2025-08-14,2025-08-18,401774569,2025-08-16T20:05Z,13,Las Vegas Raiders,25,San Francisco 49ers,13,Las Vegas Raiders,4242973,Darnay Holmes,CB,UCLA,"{'city': 'Pasadena', 'state': 'CA', 'country': 'USA'}",6
2025-08-14,2025-08-18,401774569,2025-08-16T20:05Z,13,Las Vegas Raiders,25,San Francisco 49ers,13,Las Vegas Raiders,4565811,John Humphrey,CB,USC,"{'city': 'Pasadena', 'state': 'CA', 'country': 'USA'}",
2025-08-14,2025-08-18,401774569,2025-08-16T20:05Z,13,Las Vegas Raiders,25,San Francisco 49ers,13,Las Vegas Raiders,4240780,Lonnie Johnson Jr.,CB,Kentucky,"{'city': 'Gary', 'state': 'IN', 'country': 'USA'}",7
2025-08-14,2025-08-18,401774569,2025-08-16T20:05Z,13,Las Vegas Raiders,25,San Francisco 49ers,13,Las Vegas Raiders,4571882,Matt Jones,LB,Baylor,"{'city': 'Odessa', 'state': 'TX', 'country': 'USA'}",
2025-08-14,2025-08-18,401774569,2025-08-16T20:05Z,13,Las Vegas Raiders,25,San Francisco 49ers,13,Las Vegas Raiders,4430111,Jah Joyner,DE,Minnesota,"{'city': 'Danbury', 'state': 'CT', 'country': 'USA'}",
2025-08-14,2025-08-18,401774569,2025-08-16T20:05Z,13,Las Vegas Raiders,25,San Francisco 49ers,13,Las Vegas Raiders,4427695,Kyu Blu Kelly,CB,Stanford,"{'city': 'Las Vegas', 'state': 'NV', 'country': 'USA'}",2
2025-08-14,2025-08-18,401774569,2025-08-16T20:05Z,13,Las Vegas Raiders,25,San Francisco 49ers,13,Las Vegas Raiders,4239719,Malcolm Koonce,DE,Buffalo,"{'city': 'Peekskill', 'state': 'NY', 'country': 'USA'}",5
2025-08-14,2025-08-18,401774569,2025-08-16T20:05Z,13,Las Vegas Raiders,25,San Francisco 49ers,13,Las Vegas Raiders,4373956,Jonah Laulu,DT,Oklahoma,"{'city': 'Las Vegas', 'state': 'NV', 'country': 'USA'}",2
2025-08-14,2025-08-18,401774569,2025-08-16T20:05Z,13,Las Vegas Raiders,25,San Francisco 49ers,13,Las Vegas Raiders,4685126,Cody Lindenberg,LB,Minnesota,"{'city': 'Anoka', 'state': 'MN', 'country': 'USA'}",
2025-08-14,2025-08-18,401774569,2025-08-16T20:05Z,13,Las Vegas Raiders,25,San Francisco 49ers,13,Las Vegas Raiders,4427852,Treven Ma'ae,DT,Baylor,"{'city': 'Kapolei', 'state': 'HI', 'country': 'USA'}",
2025-08-14,2025-08-18,401774569,2025-08-16T20:05Z,13,Las Vegas Raiders,25,San Francisco 49ers,13,Las Vegas Raiders,4361326,Ovie Oghoufo,DE,LSU,"{'city': 'Lathrup Village', 'state': 'MI', 'country': 'USA'}",1
2025-08-14,2025-08-18,401774569,2025-08-16T20:05Z,13,Las Vegas Raiders,25,San Francisco 49ers,13,Las Vegas Raiders,4430896,JJ Pegues,DT,Ole Miss,"{'city': 'Oxford', 'state': 'MS', 'country': 'USA'}",
2025-08-14,2025-08-18,401774569,2025-08-16T20:05Z,13,Las Vegas Raiders,25,San Francisco 49ers,13,Las Vegas Raiders,4259632,Isaiah Pola-Mao,S,USC,"{'city': 'Phoenix', 'state': 'AZ', 'country': 'USA'}",4
2025-08-14,2025-08-18,401774569,2025-08-16T20:05Z,13,Las Vegas Raiders,25,San Francisco 49ers,13,Las Vegas Raiders,4430330,Darien Porter,CB,Iowa State,"{'city': 'Bettendorf', 'state': 'IA', 'country': 'USA'}",
2025-08-14,2025-08-18,401774569,2025-08-16T20:05Z,13,Las Vegas Raiders,25,San Francisco 49ers,13,Las Vegas Raiders,3116724,Germaine Pratt,LB,NC State,"{'city': 'High Point', 'state': 'NC', 'country': 'USA'}",7
2025-08-14,2025-08-18,401774569,2025-08-16T20:05Z,13,Las Vegas Raiders,25,San Francisco 49ers,13,Las Vegas Raiders,4605498,Decamerion Richardson,CB,Mississippi State,"{'city': 'Cullen', 'state': 'LA', 'country': 'USA'}",2
2025-08-14,2025-08-18,401774569,2025-08-16T20:05Z,13,Las Vegas Raiders,25,San Francisco 49ers,13,Las Vegas Raiders,2987743,Elandon Roberts,LB,Houston,"{'city': 'Port Arthur', 'state': 'TX', 'country': 'USA'}",10
2025-08-14,2025-08-18,401774569,2025-08-16T20:05Z,13,Las Vegas Raiders,25,San Francisco 49ers,13,Las Vegas Raiders,3052896,Jaylon Smith,LB,Notre Dame,"{'city': 'Fort Wayne', 'state': 'IN', 'country': 'USA'}",7
2025-08-14,2025-08-18,401774569,2025-08-16T20:05Z,13,Las Vegas Raiders,25,San Francisco 49ers,13,Las Vegas Raiders,4379413,Chris Smith II,S,Georgia,"{'city': 'Atlanta', 'state': 'GA', 'country': 'USA'}",3
2025-08-14,2025-08-18,401774569,2025-08-16T20:05Z,13,Las Vegas Raiders,25,San Francisco 49ers,13,Las Vegas Raiders,4240849,Charles Snowden,DE,Virginia,"{'city': 'Silver Spring', 'state': 'MD', 'country': 'USA'}",2
2025-08-14,2025-08-18,401774569,2025-08-16T20:05Z,13,Las Vegas Raiders,25,San Francisco 49ers,13,Las Vegas Raiders,4259561,Eric Stokes,CB,Georgia,"{'city': 'Covington', 'state': 'GA', 'country': 'USA'}",5
2025-08-14,2025-08-18,401774569,2025-08-16T20:05Z,13,Las Vegas Raiders,25,San Francisco 49ers,13,Las Vegas Raiders,4693816,Trey Taylor,S,Air Force,"{'city': 'Frisco', 'state': 'TX', 'country': 'USA'}",2
2025-08-14,2025-08-18,401774569,2025-08-16T20:05Z,13,Las Vegas Raiders,25,San Francisco 49ers,13,Las Vegas Raiders,4686337,Greedy Vance,CB,USC,"{'city': 'Kenner', 'state': 'LA', 'country': 'USA'}",
2025-08-14,2025-08-18,401774569,2025-08-16T20:05Z,13,Las Vegas Raiders,25,San Francisco 49ers,13,Las Vegas Raiders,4700660,Sam Webb,CB,Missouri Western,"{'city': 'Excelsior Springs', 'state': 'MO', 'country': 'USA'}",3
2025-08-14,2025-08-18,401774569,2025-08-16T20:05Z,13,Las Vegas Raiders,25,San Francisco 49ers,13,Las Vegas Raiders,4035434,Devin White,LB,LSU,"{'city': 'Springhill', 'state': 'LA', 'country': 'USA'}",7
2025-08-14,2025-08-18,401774569,2025-08-16T20:05Z,13,Las Vegas Raiders,25,San Francisco 49ers,13,Las Vegas Raiders,4372533,Tyree Wilson,DE,Texas Tech,"{'city': 'Henderson', 'state': 'TX', 'country': 'USA'}",3
2025-08-14,2025-08-18,401774569,2025-08-16T20:05Z,13,Las Vegas Raiders,25,San Francisco 49ers,13,Las Vegas Raiders,4362917,JT Woods,S,Baylor,"{'city': 'San Antonio', 'state': 'TX', 'country': 'USA'}",3
2025-08-14,2025-08-18,401774569,2025-08-16T20:05Z,13,Las Vegas Raiders,25,San Francisco 49ers,13,Las Vegas Raiders,3925443,Jacob Bobenmoyer,LS,Northern Colorado,"{'city': 'Cheyenne', 'state': 'WY', 'country': 'USA'}",6
2025-08-14,2025-08-18,401774569,2025-08-16T20:05Z,13,Las Vegas Raiders,25,San Francisco 49ers,13,Las Vegas Raiders,3051909,Daniel Carlson,PK,Auburn,"{'city': 'Colorado Springs', 'state': 'CO', 'country': 'USA'}",8
2025-08-14,2025-08-18,401774569,2025-08-16T20:05Z,13,Las Vegas Raiders,25,San Francisco 49ers,13,Las Vegas Raiders,3686689,AJ Cole,P,NC State,"{'city': 'College Park', 'state': 'GA', 'country': 'USA'}",7
2025-08-14,2025-08-18,401774569,2025-08-16T20:05Z,13,Las Vegas Raiders,25,San Francisco 49ers,25,San Francisco 49ers,4360438,Brandon Aiyuk,WR,Arizona State,"{'city': 'Rocklin', 'state': 'CA', 'country': 'USA'}",6
2025-08-14,2025-08-18,401774569,2025-08-16T20:05Z,13,Las Vegas Raiders,25,San Francisco 49ers,25,San Francisco 49ers,4686629,Isaac Alarcon,OT,,"{'city': 'Monterrey', 'country': 'Mexico'}",1
2025-08-14,2025-08-18,401774569,2025-08-16T20:05Z,13,Las Vegas Raiders,25,San Francisco 49ers,25,San Francisco 49ers,4611506,Ben Bartch,G,Saint John's (MN),"{'city': 'Dayton', 'state': 'OR', 'country': 'USA'}",6
2025-08-14,2025-08-18,401774569,2025-08-16T20:05Z,13,Las Vegas Raiders,25,San Francisco 49ers,25,San Francisco 49ers,4887918,Junior Bergen,WR,Montana,"{'city': 'Billings', 'state': 'MT', 'country': 'USA'}",
2025-08-14,2025-08-18,401774569,2025-08-16T20:05Z,13,Las Vegas Raiders,25,San Francisco 49ers,25,San Francisco 49ers,4362260,Carter Bradley,QB,South Alabama,"{'city': 'Jacksonville', 'state': 'FL', 'country': 'USA'}",1
2025-08-14,2025-08-18,401774569,2025-08-16T20:05Z,13,Las Vegas Raiders,25,San Francisco 49ers,25,San Francisco 49ers,2577185,Jake Brendel,C,UCLA,"{'city': 'Plano', 'state': 'TX', 'country': 'USA'}",8
2025-08-14,2025-08-18,401774569,2025-08-16T20:05Z,13,Las Vegas Raiders,25,San Francisco 49ers,25,San Francisco 49ers,4362999,Spencer Burford,OT,UTSA,"{'city': 'San Antonio', 'state': 'TX', 'country': 'USA'}",4
2025-08-14,2025-08-18,401774569,2025-08-16T20:05Z,13,Las Vegas Raiders,25,San Francisco 49ers,25,San Francisco 49ers,2574808,Robbie Chosen,WR,Temple,"{'city': 'Fort Lauderdale', 'state': 'FL', 'country': 'USA'}",10
2025-08-14,2025-08-18,401774569,2025-08-16T20:05Z,13,Las Vegas Raiders,25,San Francisco 49ers,25,San Francisco 49ers,4431523,Connor Colby,G,Iowa,"{'city': 'Cedar Rapids', 'state': 'IA', 'country': 'USA'}",
2025-08-14,2025-08-18,401774569,2025-08-16T20:05Z,13,Las Vegas Raiders,25,San Francisco 49ers,25,San Francisco 49ers,4575665,Jacob Cowing,WR,Arizona,"{'city': 'Maricopa', 'state': 'AZ', 'country': 'USA'}",2
2025-08-14,2025-08-18,401774569,2025-08-16T20:05Z,13,Las Vegas Raiders,25,San Francisco 49ers,25,San Francisco 49ers,3127264,Andre Dillard,OT,Washington State,"{'city': 'Woodinville', 'state': 'WA', 'country': 'USA'}",7
2025-08-14,2025-08-18,401774569,2025-08-16T20:05Z,13,Las Vegas Raiders,25,San Francisco 49ers,25,San Francisco 49ers,2976213,Michael Dunn,G,Maryland,"{'city': 'Bethesda', 'state': 'MD', 'country': 'USA'}",6
2025-08-14,2025-08-18,401774569,2025-08-16T20:05Z,13,Las Vegas Raiders,25,San Francisco 49ers,25,San Francisco 49ers,4040612,Luke Farrell,TE,Ohio State,"{'city': 'Perry', 'state': 'OH', 'country': 'USA'}",5
2025-08-14,2025-08-18,401774569,2025-08-16T20:05Z,13,Las Vegas Raiders,25,San Francisco 49ers,25,San Francisco 49ers,3115378,Russell Gage Jr.,WR,LSU,"{'city': 'Baton Rouge', 'state': 'LA', 'country': 'USA'}",7
2025-08-14,2025-08-18,401774569,2025-08-16T20:05Z,13,Las Vegas Raiders,25,San Francisco 49ers,25,San Francisco 49ers,4372561,Isaac Guerendo,RB,Louisville,"{'city': 'Clayton', 'state': 'IN', 'country': 'USA'}",2
2025-08-14,2025-08-18,401774569,2025-08-16T20:05Z,13,Las Vegas Raiders,25,San Francisco 49ers,25,San Francisco 49ers,4044138,Matt Hennessy,C,Temple,"{'city': 'Bardonia', 'state': 'NY', 'country': 'USA'}",5
2025-08-14,2025-08-18,401774569,2025-08-16T20:05Z,13,Las Vegas Raiders,25,San Francisco 49ers,25,San Francisco 49ers,4242540,Isaiah Hodgins,WR,Oregon State,"{'city': 'Oakley', 'state': 'CA', 'country': 'USA'}",4
2025-08-14,2025-08-18,401774569,2025-08-16T20:05Z,13,Las Vegas Raiders,25,San Francisco 49ers,25,San Francisco 49ers,4685397,Jordan James,RB,Oregon,"{'city': 'Nashville', 'state': 'TN', 'country': 'USA'}",
2025-08-14,2025-08-18,401774569,2025-08-16T20:05Z,13,Las Vegas Raiders,25,San Francisco 49ers,25,San Francisco 49ers,3886598,Jauan Jennings,WR,Tennessee,"{'city': 'Murfreesboro', 'state': 'TN', 'country': 'USA'}",5
2025-08-14,2025-08-18,401774569,2025-08-16T20:05Z,13,Las Vegas Raiders,25,San Francisco 49ers,25,San Francisco 49ers,4241464,Mac Jones,QB,Alabama,"{'city': 'Jacksonville', 'state': 'FL', 'country': 'USA'}",5
2025-08-14,2025-08-18,401774569,2025-08-16T20:05Z,13,Las Vegas Raiders,25,San Francisco 49ers,25,San Francisco 49ers,16002,Kyle Juszczyk,FB,Harvard,"{'city': 'Medina', 'state': 'OH', 'country': 'USA'}",13
2025-08-14,2025-08-18,401774569,2025-08-16T20:05Z,13,Las Vegas Raiders,25,San Francisco 49ers,25,San Francisco 49ers,3040151,George Kittle,TE,Iowa,"{'city': 'Norman', 'state': 'OK', 'country': 'USA'}",9
2025-08-14,2025-08-18,401774569,2025-08-16T20:05Z,13,Las Vegas Raiders,25,San Francisco 49ers,25,San Francisco 49ers,4373077,Malik Knowles,WR,Kansas State,"{'city': 'Mansfield', 'state': 'TX', 'country': 'USA'}",2
2025-08-14,2025-08-18,401774569,2025-08-16T20:05Z,13,Las Vegas Raiders,25,San Francisco 49ers,25,San Francisco 49ers,3117251,Christian McCaffrey,RB,Stanford,"{'city': 'Castle Rock', 'state': 'CO', 'country': 'USA'}",9
2025-08-14,2025-08-18,401774569,2025-08-16T20:05Z,13,Las Vegas Raiders,25,San Francisco 49ers,25,San Francisco 49ers,3916075,Colton McKivitz,OT,West Virginia,"{'city': 'Jacobsburg', 'state': 'OH', 'country': 'USA'}",6
2025-08-14,2025-08-18,401774569,2025-08-16T20:05Z,13,Las Vegas Raiders,25,San Francisco 49ers,25,San Francisco 49ers,4430191,Skyy Moore,WR,Western Michigan,"{'city': 'New Kensington', 'state': 'PA', 'country': 'USA'}",4
2025-08-14,2025-08-18,401774569,2025-08-16T20:05Z,13,Las Vegas Raiders,25,San Francisco 49ers,25,San Francisco 49ers,4360271,Tanner Mordecai,QB,Wisconsin,"{'city': 'Waco', 'state': 'TX', 'country': 'USA'}",1
2025-08-14,2025-08-18,401774569,2025-08-16T20:05Z,13,Las Vegas Raiders,25,San Francisco 49ers,25,San Francisco 49ers,4879480,Drew Moss,G,Colorado State,"{'city': 'Richardson', 'state': 'TX', 'country': 'USA'}",
2025-08-14,2025-08-18,401774569,2025-08-16T20:05Z,13,Las Vegas Raiders,25,San Francisco 49ers,25,San Francisco 49ers,4428144,Drake Nugent,C,Michigan,"{'city': 'Lone Tree', 'state': 'CO', 'country': 'USA'}",1
2025-08-14,2025-08-18,401774569,2025-08-16T20:05Z,13,Las Vegas Raiders,25,San Francisco 49ers,25,San Francisco 49ers,4571579,Terique Owens,WR,Missouri State,"{'city': 'Pleasanton', 'state': 'CA', 'country': 'USA'}",1
2025-08-14,2025-08-18,401774569,2025-08-16T20:05Z,13,Las Vegas Raiders,25,San Francisco 49ers,25,San Francisco 49ers,4428209,Ricky Pearsall,WR,Florida,"{'city': 'Chandler', 'state': 'AZ', 'country': 'USA'}",2
2025-08-14,2025-08-18,401774569,2025-08-16T20:05Z,13,Las Vegas Raiders,25,San Francisco 49ers,25,San Francisco 49ers,3920814,Austen Pleasants,OT,Ohio,"{'city': 'Ironton', 'state': 'OH', 'country': 'USA'}",1
2025-08-14,2025-08-18,401774569,2025-08-16T20:05Z,13,Las Vegas Raiders,25,San Francisco 49ers,25,San Francisco 49ers,3915532,Isaiah Prince,OT,Ohio State,"{'city': 'Greenbelt', 'state': 'MD', 'country': 'USA'}",5
2025-08-14,2025-08-18,401774569,2025-08-16T20:05Z,13,Las Vegas Raiders,25,San Francisco 49ers,25,San Francisco 49ers,5092959,Dominick Puni,G,Kansas,"{'city': 'Saint Charles', 'state': 'MO', 'country': 'USA'}",2
2025-08-14,2025-08-18,401774569,2025-08-16T20:05Z,13,Las Vegas Raiders,25,San Francisco 49ers,25,San Francisco 49ers,4361741,Brock Purdy,QB,Iowa State,"{'city': 'Gilbert', 'state': 'AZ', 'country': 'USA'}",4
2025-08-14,2025-08-18,401774569,2025-08-16T20:05Z,13,Las Vegas Raiders,25,San Francisco 49ers,25,San Francisco 49ers,3043116,Demarcus Robinson,WR,Florida,"{'city': 'Fort Valley', 'state': 'GA', 'country': 'USA'}",10
2025-08-14,2025-08-18,401774569,2025-08-16T20:05Z,13,Las Vegas Raiders,25,San Francisco 49ers,25,San Francisco 49ers,4241474,Brian Robinson Jr.,RB,Alabama,"{'city': 'Tuscaloosa', 'state': 'AL', 'country': 'USA'}",4
2025-08-14,2025-08-18,401774569,2025-08-16T20:05Z,13,Las Vegas Raiders,25,San Francisco 49ers,25,San Francisco 49ers,4430431,Kurtis Rourke,QB,Indiana,"{'city': 'Oakville', 'state': 'ON', 'country': 'Canada'}",
2025-08-14,2025-08-18,401774569,2025-08-16T20:05Z,13,Las Vegas Raiders,25,San Francisco 49ers,25,San Francisco 49ers,4259147,Jake Tonges,TE,California,"{'city': 'Los Gatos', 'state': 'CA', 'country': 'USA'}",3
2025-08-14,2025-08-18,401774569,2025-08-16T20:05Z,13,Las Vegas Raiders,25,San Francisco 49ers,25,San Francisco 49ers,3115928,Malik Turner,WR,Illinois,"{'city': 'Springfield', 'state': 'IL', 'country': 'USA'}",5
2025-08-14,2025-08-18,401774569,2025-08-16T20:05Z,13,Las Vegas Raiders,25,San Francisco 49ers,25,San Francisco 49ers,3917612,Ke'Shawn Vaughn,RB,Vanderbilt,"{'city': 'Nashville', 'state': 'TN', 'country': 'USA'}",5
2025-08-14,2025-08-18,401774569,2025-08-16T20:05Z,13,Las Vegas Raiders,25,San Francisco 49ers,25,San Francisco 49ers,4431466,Jordan Watkins,WR,Ole Miss,"{'city': 'Louisville', 'state': 'KY', 'country': 'USA'}",
2025-08-14,2025-08-18,401774569,2025-08-16T20:05Z,13,Las Vegas Raiders,25,San Francisco 49ers,25,San Francisco 49ers,13241,Trent Williams,OT,Oklahoma,"{'city': 'Longview', 'state': 'TX', 'country': 'USA'}",16
2025-08-14,2025-08-18,401774569,2025-08-16T20:05Z,13,Las Vegas Raiders,25,San Francisco 49ers,25,San Francisco 49ers,4360290,Brayden Willis,TE,Oklahoma,"{'city': 'Arlington', 'state': 'TX', 'country': 'USA'}",3
2025-08-14,2025-08-18,401774569,2025-08-16T20:05Z,13,Las Vegas Raiders,25,San Francisco 49ers,25,San Francisco 49ers,3122976,Jeff Wilson Jr.,RB,North Texas,"{'city': 'Elkhart', 'state': 'TX', 'country': 'USA'}",8
2025-08-14,2025-08-18,401774569,2025-08-16T20:05Z,13,Las Vegas Raiders,25,San Francisco 49ers,25,San Francisco 49ers,4247590,Nick Zakelj,OT,Fordham,"{'city': 'Broadview Heights', 'state': 'OH', 'country': 'USA'}",4
2025-08-14,2025-08-18,401774569,2025-08-16T20:05Z,13,Las Vegas Raiders,25,San Francisco 49ers,25,San Francisco 49ers,4371740,Jaylon Allen,DE,Memphis,"{'city': 'Humble', 'state': 'TX', 'country': 'USA'}",1
2025-08-14,2025-08-18,401774569,2025-08-16T20:05Z,13,Las Vegas Raiders,25,San Francisco 49ers,25,San Francisco 49ers,4612182,Evan Anderson,DT,Florida Atlantic,"{'city': 'Orlando', 'state': 'FL', 'country': 'USA'}",2
2025-08-14,2025-08-18,401774569,2025-08-16T20:05Z,13,Las Vegas Raiders,25,San Francisco 49ers,25,San Francisco 49ers,4259558,Robert Beal Jr.,DE,Georgia,"{'city': 'Duluth', 'state': 'GA', 'country': 'USA'}",3
2025-08-14,2025-08-18,401774569,2025-08-16T20:05Z,13,Las Vegas Raiders,25,San Francisco 49ers,25,San Francisco 49ers,4426698,Tatum Bethune,LB,Florida State,"{'city': 'Miami', 'state': 'FL', 'country': 'USA'}",2
2025-08-14,2025-08-18,401774569,2025-08-16T20:05Z,13,Las Vegas Raiders,25,San Francisco 49ers,25,San Francisco 49ers,4685270,Stone Blanton,LB,Mississippi State,"{'city': 'Jackson', 'state': 'MS', 'country': 'USA'}",
2025-08-14,2025-08-18,401774569,2025-08-16T20:05Z,13,Las Vegas Raiders,25,San Francisco 49ers,25,San Francisco 49ers,4040605,Nick Bosa,DE,Ohio State,"{'city': 'Fort Lauderdale', 'state': 'FL', 'country': 'USA'}",7
2025-08-14,2025-08-18,401774569,2025-08-16T20:05Z,13,Las Vegas Raiders,25,San Francisco 49ers,25,San Francisco 49ers,4036476,William Bradley-King,DE,Baylor,"{'city': 'Kansas City', 'state': 'MO', 'country': 'USA'}",1
2025-08-14,2025-08-18,401774569,2025-08-16T20:05Z,13,Las Vegas Raiders,25,San Francisco 49ers,25,San Francisco 49ers,4693644,Ji'Ayir Brown,S,Penn State,"{'city': 'Trenton', 'state': 'NJ', 'country': 'USA'}",3
2025-08-14,2025-08-18,401774569,2025-08-16T20:05Z,13,Las Vegas Raiders,25,San Francisco 49ers,25,San Francisco 49ers,4686139,Shakel Brown,DT,Troy,"{'city': 'Miami', 'state': 'FL', 'country': 'USA'}",2
2025-08-14,2025-08-18,401774569,2025-08-16T20:05Z,13,Las Vegas Raiders,25,San Francisco 49ers,25,San Francisco 49ers,4429366,Derrick Canteen,CB,Cincinnati,"{'city': 'Evans', 'state': 'GA', 'country': 'USA'}",
2025-08-14,2025-08-18,401774569,2025-08-16T20:05Z,13,Las Vegas Raiders,25,San Francisco 49ers,25,San Francisco 49ers,4430835,Alfred Collins,DT,Texas,"{'city': 'Bastrop', 'state': 'TX', 'country': 'USA'}",
2025-08-14,2025-08-18,401774569,2025-08-16T20:05Z,13,Las Vegas Raiders,25,San Francisco 49ers,25,San Francisco 49ers,4243541,Kalia Davis,DT,UCF,"{'city': 'Pensacola', 'state': 'FL', 'country': 'USA'}",4
2025-08-14,2025-08-18,401774569,2025-08-16T20:05Z,13,Las Vegas Raiders,25,San Francisco 49ers,25,San Francisco 49ers,4039052,Jordan Elliott,DT,Missouri,"{'city': 'Missouri City', 'state': 'TX', 'country': 'USA'}",6
2025-08-14,2025-08-18,401774569,2025-08-16T20:05Z,13,Las Vegas Raiders,25,San Francisco 49ers,25,San Francisco 49ers,4917592,Dallis Flowers,CB,Pittsburg State,"{'city': 'Chicago', 'state': 'IL', 'country': 'USA'}",4
2025-08-14,2025-08-18,401774569,2025-08-16T20:05Z,13,Las Vegas Raiders,25,San Francisco 49ers,25,San Francisco 49ers,4240655,Jonathan Garvin,DE,Miami,"{'city': 'Lake Worth', 'state': 'FL', 'country': 'USA'}",4
2025-08-14,2025-08-18,401774569,2025-08-16T20:05Z,13,Las Vegas Raiders,25,San Francisco 49ers,25,San Francisco 49ers,3116097,Luke Gifford,LB,Nebraska,"{'city': 'Lincoln', 'state': 'NE', 'country': 'USA'}",7
2025-08-14,2025-08-18,401774569,2025-08-16T20:05Z,13,Las Vegas Raiders,25,San Francisco 49ers,25,San Francisco 49ers,3917016,Trevis Gipson,LB,Tulsa,"{'city': 'Cedar Hill', 'state': 'TX', 'country': 'USA'}",6
2025-08-14,2025-08-18,401774569,2025-08-16T20:05Z,13,Las Vegas Raiders,25,San Francisco 49ers,25,San Francisco 49ers,3929641,Kevin Givens,DT,Penn State,"{'city': 'Altoona', 'state': 'PA', 'country': 'USA'}",6
2025-08-14,2025-08-18,401774569,2025-08-16T20:05Z,13,Las Vegas Raiders,25,San Francisco 49ers,25,San Francisco 49ers,4570410,Jalen Graham,LB,Purdue,"{'city': 'Detroit', 'state': 'MI', 'country': 'USA'}",3
2025-08-14,2025-08-18,401774569,2025-08-16T20:05Z,13,Las Vegas Raiders,25,San Francisco 49ers,25,San Francisco 49ers,4042119,Richie Grant,S,UCF,"{'city': 'Fort Walton Beach', 'state': 'FL', 'country': 'USA'}",5
2025-08-14,2025-08-18,401774569,2025-08-16T20:05Z,13,Las Vegas Raiders,25,San Francisco 49ers,25,San Francisco 49ers,4427325,Renardo Green,CB,Florida State,"{'city': 'Orlando', 'state': 'FL', 'country': 'USA'}",2
2025-08-14,2025-08-18,401774569,2025-08-16T20:05Z,13,Las Vegas Raiders,25,San Francisco 49ers,25,San Francisco 49ers,4259594,Yetur Gross-Matos,DE,Penn State,"{'city': 'Spotsylvania', 'state': 'VA', 'country': 'USA'}",6
2025-08-14,2025-08-18,401774569,2025-08-16T20:05Z,13,Las Vegas Raiders,25,San Francisco 49ers,25,San Francisco 49ers,3051369,Bruce Hector,DT,South Florida,"{'city': 'Tampa', 'state': 'FL', 'country': 'USA'}",3
2025-08-14,2025-08-18,401774569,2025-08-16T20:05Z,13,Las Vegas Raiders,25,San Francisco 49ers,25,San Francisco 49ers,4039375,Bryce Huff,DE,Memphis,"{'city': 'Mobile', 'state': 'AL', 'country': 'USA'}",6
2025-08-14,2025-08-18,401774569,2025-08-16T20:05Z,13,Las Vegas Raiders,25,San Francisco 49ers,25,San Francisco 49ers,4242488,Deommodore Lenoir,CB,Oregon,"{'city': 'Los Angeles', 'state': 'CA', 'country': 'USA'}",5
2025-08-14,2025-08-18,401774569,2025-08-16T20:05Z,13,Las Vegas Raiders,25,San Francisco 49ers,25,San Francisco 49ers,4047846,Chase Lucas,CB,Arizona State,"{'city': 'Chandler', 'state': 'AZ', 'country': 'USA'}",3
2025-08-14,2025-08-18,401774569,2025-08-16T20:05Z,13,Las Vegas Raiders,25,San Francisco 49ers,25,San Francisco 49ers,4685978,Darrell Luter Jr.,CB,South Alabama,"{'city': 'Hattiesburg', 'state': 'MS', 'country': 'USA'}",3
2025-08-14,2025-08-18,401774569,2025-08-16T20:05Z,13,Las Vegas Raiders,25,San Francisco 49ers,25,San Francisco 49ers,4567534,Jaylen Mahoney,S,Vanderbilt,"{'city': 'Rock Hill', 'state': 'SC', 'country': 'USA'}",1
2025-08-14,2025-08-18,401774569,2025-08-16T20:05Z,13,Las Vegas Raiders,25,San Francisco 49ers,25,San Francisco 49ers,4573188,Nick Martin,LB,Oklahoma State,"{'city': 'Texarkana', 'state': 'TX', 'country': 'USA'}",
2025-08-14,2025-08-18,401774569,2025-08-16T20:05Z,13,Las Vegas Raiders,25,San Francisco 49ers,25,San Francisco 49ers,2971586,Fabian Moreau,CB,UCLA,"{'city': 'Sunrise', 'state': 'FL', 'country': 'USA'}",8
2025-08-14,2025-08-18,401774569,2025-08-16T20:05Z,13,Las Vegas Raiders,25,San Francisco 49ers,25,San Francisco 49ers,4696211,Malik Mustapha,S,Wake Forest,"{'city': 'Charlotte', 'state': 'NC', 'country': 'USA'}",2
2025-08-14,2025-08-18,401774569,2025-08-16T20:05Z,13,Las Vegas Raiders,25,San Francisco 49ers,25,San Francisco 49ers,3057524,Siran Neal,CB,Jacksonville State,"{'city': 'Eufaula', 'state': 'AL', 'country': 'USA'}",8
2025-08-14,2025-08-18,401774569,2025-08-16T20:05Z,13,Las Vegas Raiders,25,San Francisco 49ers,25,San Francisco 49ers,4569497,Sam Okuayinonu,DT,Maryland,"{'city': 'Lowell', 'state': 'MA', 'country': 'USA'}",3
2025-08-14,2025-08-18,401774569,2025-08-16T20:05Z,13,Las Vegas Raiders,25,San Francisco 49ers,25,San Francisco 49ers,4240706,Jason Pinnock,S,Pittsburgh,"{'city': 'Windsor', 'state': 'CT', 'country': 'USA'}",5
2025-08-14,2025-08-18,401774569,2025-08-16T20:05Z,13,Las Vegas Raiders,25,San Francisco 49ers,25,San Francisco 49ers,4044448,Curtis Robinson,LB,Stanford,"{'city': 'Irvine', 'state': 'CA', 'country': 'USA'}",4
2025-08-14,2025-08-18,401774569,2025-08-16T20:05Z,13,Las Vegas Raiders,25,San Francisco 49ers,25,San Francisco 49ers,4612272,Jakob Robinson,CB,BYU,"{'city': 'Orem', 'state': 'UT', 'country': 'USA'}",
2025-08-14,2025-08-18,401774569,2025-08-16T20:05Z,13,Las Vegas Raiders,25,San Francisco 49ers,25,San Francisco 49ers,4693337,Marques Sigle,S,Kansas State,"{'city': 'Omaha', 'state': 'NE', 'country': 'USA'}",
2025-08-14,2025-08-18,401774569,2025-08-16T20:05Z,13,Las Vegas Raiders,25,San Francisco 49ers,25,San Francisco 49ers,4565200,Upton Stout,CB,Western Kentucky,"{'city': 'Houston', 'state': 'TX', 'country': 'USA'}",
2025-08-14,2025-08-18,401774569,2025-08-16T20:05Z,13,Las Vegas Raiders,25,San Francisco 49ers,25,San Francisco 49ers,4037521,Chazz Surratt,LB,North Carolina,"{'city': 'Denver', 'state': 'NC', 'country': 'USA'}",4
2025-08-14,2025-08-18,401774569,2025-08-16T20:05Z,13,Las Vegas Raiders,25,San Francisco 49ers,25,San Francisco 49ers,4775220,Sebastian Valdez,DT,Washington,"{'city': 'Spring Valley', 'state': 'CA', 'country': 'USA'}",
2025-08-14,2025-08-18,401774569,2025-08-16T20:05Z,13,Las Vegas Raiders,25,San Francisco 49ers,25,San Francisco 49ers,3138826,Fred Warner,LB,BYU,"{'city': 'San Marcos', 'state': 'CA', 'country': 'USA'}",8
2025-08-14,2025-08-18,401774569,2025-08-16T20:05Z,13,Las Vegas Raiders,25,San Francisco 49ers,25,San Francisco 49ers,4686308,CJ West,DT,Indiana,"{'city': 'Chicago', 'state': 'IL', 'country': 'USA'}",
2025-08-14,2025-08-18,401774569,2025-08-16T20:05Z,13,Las Vegas Raiders,25,San Francisco 49ers,25,San Francisco 49ers,4685623,Mykel Williams,DE,Georgia,"{'city': 'Columbus', 'state': 'GA', 'country': 'USA'}",
2025-08-14,2025-08-18,401774569,2025-08-16T20:05Z,13,Las Vegas Raiders,25,San Francisco 49ers,25,San Francisco 49ers,4428914,Dee Winters,LB,TCU,"{'city': 'Brenham', 'state': 'TX', 'country': 'USA'}",3
2025-08-14,2025-08-18,401774569,2025-08-16T20:05Z,13,Las Vegas Raiders,25,San Francisco 49ers,25,San Francisco 49ers,4372066,Jake Moody,PK,Michigan,"{'city': 'Northville', 'state': 'MI', 'country': 'USA'}",3
2025-08-14,2025-08-18,401774569,2025-08-16T20:05Z,13,Las Vegas Raiders,25,San Francisco 49ers,25,San Francisco 49ers,12701,Thomas Morstead,P,SMU,"{'city': 'Pearland', 'state': 'TX', 'country': 'USA'}",17
2025-08-14,2025-08-18,401774569,2025-08-16T20:05Z,13,Las Vegas Raiders,25,San Francisco 49ers,25,San Francisco 49ers,13729,Jon Weeks,LS,Baylor,"{'city': 'Bethpage', 'state': 'NY', 'country': 'USA'}",16
2025-08-14,2025-08-18,401774569,2025-08-16T20:05Z,13,Las Vegas Raiders,25,San Francisco 49ers,25,San Francisco 49ers,4241373,Tre Brown,CB,Oklahoma,"{'city': 'Tulsa', 'state': 'OK', 'country': 'USA'}",5
2025-08-14,2025-08-18,401774569,2025-08-16T20:05Z,13,Las Vegas Raiders,25,San Francisco 49ers,25,San Francisco 49ers,4052031,Tarron Jackson,DE,Coastal Carolina,"{'city': 'Aiken', 'state': 'SC', 'country': 'USA'}",3
2025-08-14,2025-08-18,401774569,2025-08-16T20:05Z,13,Las Vegas Raiders,25,San Francisco 49ers,25,San Francisco 49ers,4431431,Corey Kiner,RB,Cincinnati,"{'city': 'Cincinnati', 'state': 'OH', 'country': 'USA'}",
2025-08-14,2025-08-18,401774569,2025-08-16T20:05Z,13,Las Vegas Raiders,25,San Francisco 49ers,25,San Francisco 49ers,3040569,Trent Taylor,WR,Louisiana Tech,"{'city': 'Shreveport', 'state': 'LA', 'country': 'USA'}",7
2025-08-14,2025-08-18,401774569,2025-08-16T20:05Z,13,Las Vegas Raiders,25,San Francisco 49ers,25,San Francisco 49ers,4039358,Patrick Taylor Jr.,RB,Memphis,"{'city': 'Humble', 'state': 'TX', 'country': 'USA'}",5
2025-08-14,2025-08-18,401774569,2025-08-16T20:05Z,13,Las Vegas Raiders,25,San Francisco 49ers,25,San Francisco 49ers,4427493,Tre Tomlinson,CB,TCU,"{'city': 'Waco', 'state': 'TX', 'country': 'USA'}",3
2025-08-14,2025-08-18,401773007,2025-08-16T23:00Z,6,Dallas Cowboys,33,Baltimore Ravens,6,Dallas Cowboys,4046557,Hakeem Adeniji,OT,Kansas,"{'city': 'Garland', 'state': 'TX', 'country': 'USA'}",6
2025-08-14,2025-08-18,401773007,2025-08-16T23:00Z,6,Dallas Cowboys,33,Baltimore Ravens,6,Dallas Cowboys,4685120,T.J. Bass,G,Oregon,"{'city': 'Deming', 'state': 'WA', 'country': 'USA'}",3
2025-08-14,2025-08-18,401773007,2025-08-16T23:00Z,6,Dallas Cowboys,33,Baltimore Ravens,6,Dallas Cowboys,4426663,Cooper Beebe,C,Kansas State,"{'city': 'Kansas City', 'state': 'KS', 'country': 'USA'}",2
2025-08-14,2025-08-18,401773007,2025-08-16T23:00Z,6,Dallas Cowboys,33,Baltimore Ravens,6,Dallas Cowboys,4685279,Jaydon Blue,RB,Texas,"{'city': 'Houston', 'state': 'TX', 'country': 'USA'}",
2025-08-14,2025-08-18,401773007,2025-08-16T23:00Z,6,Dallas Cowboys,33,Baltimore Ravens,6,Dallas Cowboys,4685263,Tyler Booker,G,Alabama,"{'city': 'New Haven', 'state': 'CT', 'country': 'USA'}",
2025-08-14,2025-08-18,401773007,2025-08-16T23:00Z,6,Dallas Cowboys,33,Baltimore Ravens,6,Dallas Cowboys,4426498,Nick Broeker,G,Ole Miss,"{'city': 'Springfield', 'state': 'IL', 'country': 'USA'}",3
2025-08-14,2025-08-18,401773007,2025-08-16T23:00Z,6,Dallas Cowboys,33,Baltimore Ravens,6,Dallas Cowboys,4692835,Jalen Brooks,WR,South Carolina,"{'city': 'Harrisburg', 'state': 'NC', 'country': 'USA'}",3
2025-08-14,2025-08-18,401773007,2025-08-16T23:00Z,6,Dallas Cowboys,33,Baltimore Ravens,6,Dallas Cowboys,4242230,Saahdiq Charles,G,LSU,"{'city': 'Jackson', 'state': 'MS', 'country': 'USA'}",5
2025-08-14,2025-08-18,401773007,2025-08-16T23:00Z,6,Dallas Cowboys,33,Baltimore Ravens,6,Dallas Cowboys,3916414,Geron Christian,OT,Louisville,"{'city': 'Ocala', 'state': 'FL', 'country': 'USA'}",8
2025-08-14,2025-08-18,401773007,2025-08-16T23:00Z,6,Dallas Cowboys,33,Baltimore Ravens,6,Dallas Cowboys,2577302,La'el Collins,G,LSU,"{'city': 'Baton Rouge', 'state': 'LA', 'country': 'USA'}",9
2025-08-14,2025-08-18,401773007,2025-08-16T23:00Z,6,Dallas Cowboys,33,Baltimore Ravens,6,Dallas Cowboys,4696203,Ajani Cornelius,OT,Oregon,"{'city': 'Harlem', 'state': 'NY', 'country': 'USA'}",
2025-08-14,2025-08-18,401773007,2025-08-16T23:00Z,6,Dallas Cowboys,33,Baltimore Ravens,6,Dallas Cowboys,4426990,Jalen Cropper,WR,Fresno State,"{'city': 'Parlier', 'state': 'CA', 'country': 'USA'}",1
2025-08-14,2025-08-18,401773007,2025-08-16T23:00Z,6,Dallas Cowboys,33,Baltimore Ravens,6,Dallas Cowboys,4240603,Malik Davis,RB,Florida,"{'city': 'Tampa', 'state': 'FL', 'country': 'USA'}",2
2025-08-14,2025-08-18,401773007,2025-08-16T23:00Z,6,Dallas Cowboys,33,Baltimore Ravens,6,Dallas Cowboys,4605858,Rivaldo Fairweather,TE,Auburn,"{'city': 'Lauderhill', 'state': 'FL', 'country': 'USA'}",
2025-08-14,2025-08-18,401773007,2025-08-16T23:00Z,6,Dallas Cowboys,33,Baltimore Ravens,6,Dallas Cowboys,4242442,Princeton Fant,TE,Tennessee,"{'city': 'Nashville', 'state': 'TN', 'country': 'USA'}",2
2025-08-14,2025-08-18,401773007,2025-08-16T23:00Z,6,Dallas Cowboys,33,Baltimore Ravens,6,Dallas Cowboys,4242355,Jake Ferguson,TE,Wisconsin,"{'city': 'Madison', 'state': 'WI', 'country': 'USA'}",4
2025-08-14,2025-08-18,401773007,2025-08-16T23:00Z,6,Dallas Cowboys,33,Baltimore Ravens,6,Dallas Cowboys,5083754,Ryan Flournoy,WR,Southeast Missouri State,"{'city': 'Hazel Crest', 'state': 'IL', 'country': 'USA'}",2
2025-08-14,2025-08-18,401773007,2025-08-16T23:00Z,6,Dallas Cowboys,33,Baltimore Ravens,6,Dallas Cowboys,3115252,Will Grier,QB,West Virginia,"{'city': 'Charlotte', 'state': 'NC', 'country': 'USA'}",6
2025-08-14,2025-08-18,401773007,2025-08-16T23:00Z,6,Dallas Cowboys,33,Baltimore Ravens,6,Dallas Cowboys,4609048,Tyler Guyton,OT,Oklahoma,"{'city': 'Manor', 'state': 'TX', 'country': 'USA'}",2
2025-08-14,2025-08-18,401773007,2025-08-16T23:00Z,6,Dallas Cowboys,33,Baltimore Ravens,6,Dallas Cowboys,4241087,Brock Hoffman,C,Virginia Tech,"{'city': 'Statesville', 'state': 'NC', 'country': 'USA'}",3
2025-08-14,2025-08-18,401773007,2025-08-16T23:00Z,6,Dallas Cowboys,33,Baltimore Ravens,6,Dallas Cowboys,4429172,Traeshon Holden,WR,Oregon,"{'city': 'Kissimmee', 'state': 'FL', 'country': 'USA'}",
2025-08-14,2025-08-18,401773007,2025-08-16T23:00Z,6,Dallas Cowboys,33,Baltimore Ravens,6,Dallas Cowboys,4575558,Josh Kelly,WR,Texas Tech,"{'city': 'Fresno', 'state': 'CA', 'country': 'USA'}",
2025-08-14,2025-08-18,401773007,2025-08-16T23:00Z,6,Dallas Cowboys,33,Baltimore Ravens,6,Dallas Cowboys,4241389,CeeDee Lamb,WR,Oklahoma,"{'city': 'Richmond', 'state': 'TX', 'country': 'USA'}",6
2025-08-14,2025-08-18,401773007,2025-08-16T23:00Z,6,Dallas Cowboys,33,Baltimore Ravens,6,Dallas Cowboys,4383396,Hunter Luepke,RB,North Dakota State,"{'city': 'Spencer', 'state': 'WI', 'country': 'USA'}",3
2025-08-14,2025-08-18,401773007,2025-08-16T23:00Z,6,Dallas Cowboys,33,Baltimore Ravens,6,Dallas Cowboys,4431562,Phil Mafah,RB,Clemson,"{'city': 'Loganville', 'state': 'GA', 'country': 'USA'}",
2025-08-14,2025-08-18,401773007,2025-08-16T23:00Z,6,Dallas Cowboys,33,Baltimore Ravens,6,Dallas Cowboys,4360698,Joe Milton III,QB,Tennessee,"{'city': 'Pahokee', 'state': 'FL', 'country': 'USA'}",2
2025-08-14,2025-08-18,401773007,2025-08-16T23:00Z,6,Dallas Cowboys,33,Baltimore Ravens,6,Dallas Cowboys,4426485,Jonathan Mingo,WR,Ole Miss,"{'city': 'Brandon', 'state': 'MS', 'country': 'USA'}",3
2025-08-14,2025-08-18,401773007,2025-08-16T23:00Z,6,Dallas Cowboys,33,Baltimore Ravens,6,Dallas Cowboys,4695765,Tyler Neville,TE,Virginia,"{'city': 'Williamsburg', 'state': 'VA', 'country': 'USA'}",
2025-08-14,2025-08-18,401773007,2025-08-16T23:00Z,6,Dallas Cowboys,33,Baltimore Ravens,6,Dallas Cowboys,4426354,George Pickens,WR,Georgia,"{'city': 'Hoover', 'state': 'AL', 'country': 'USA'}",4
2025-08-14,2025-08-18,401773007,2025-08-16T23:00Z,6,Dallas Cowboys,33,Baltimore Ravens,6,Dallas Cowboys,2577417,Dak Prescott,QB,Mississippi State,"{'city': 'Haughton', 'state': 'LA', 'country': 'USA'}",10
2025-08-14,2025-08-18,401773007,2025-08-16T23:00Z,6,Dallas Cowboys,33,Baltimore Ravens,6,Dallas Cowboys,4430379,Asim Richards,OT,North Carolina,"{'city': 'Philadelphia', 'state': 'PA', 'country': 'USA'}",3
2025-08-14,2025-08-18,401773007,2025-08-16T23:00Z,6,Dallas Cowboys,33,Baltimore Ravens,6,Dallas Cowboys,4045163,Miles Sanders,RB,Penn State,"{'city': 'Pittsburgh', 'state': 'PA', 'country': 'USA'}",7
2025-08-14,2025-08-18,401773007,2025-08-16T23:00Z,6,Dallas Cowboys,33,Baltimore Ravens,6,Dallas Cowboys,4372096,Luke Schoonmaker,TE,Michigan,"{'city': 'Hamden', 'state': 'CT', 'country': 'USA'}",3
2025-08-14,2025-08-18,401773007,2025-08-16T23:00Z,6,Dallas Cowboys,33,Baltimore Ravens,6,Dallas Cowboys,4568652,Tyler Smith,G,Tulsa,"{'city': 'Fort Worth', 'state': 'TX', 'country': 'USA'}",4
2025-08-14,2025-08-18,401773007,2025-08-16T23:00Z,6,Dallas Cowboys,33,Baltimore Ravens,6,Dallas Cowboys,4360967,Brevyn Spann-Ford,TE,Minnesota,"{'city': 'Saint Cloud', 'state': 'MN', 'country': 'USA'}",2
2025-08-14,2025-08-18,401773007,2025-08-16T23:00Z,6,Dallas Cowboys,33,Baltimore Ravens,6,Dallas Cowboys,3915834,Terence Steele,OT,Texas Tech,"{'city': 'Cibolo', 'state': 'TX', 'country': 'USA'}",6
2025-08-14,2025-08-18,401773007,2025-08-16T23:00Z,6,Dallas Cowboys,33,Baltimore Ravens,6,Dallas Cowboys,4362489,John Stephens Jr.,TE,Louisiana,"{'city': 'Logansport', 'state': 'LA', 'country': 'USA'}",3
2025-08-14,2025-08-18,401773007,2025-08-16T23:00Z,6,Dallas Cowboys,33,Baltimore Ravens,6,Dallas Cowboys,4428656,Nate Thomas,OT,Louisiana,"{'city': 'Chalmette', 'state': 'LA', 'country': 'USA'}",2
2025-08-14,2025-08-18,401773007,2025-08-16T23:00Z,6,Dallas Cowboys,33,Baltimore Ravens,6,Dallas Cowboys,4249417,Jalen Tolbert,WR,South Alabama,"{'city': 'Mobile', 'state': 'AL', 'country': 'USA'}",4
2025-08-14,2025-08-18,401773007,2025-08-16T23:00Z,6,Dallas Cowboys,33,Baltimore Ravens,6,Dallas Cowboys,3676833,KaVontae Turpin,WR,TCU,"{'city': 'Monroe', 'state': 'LA', 'country': 'USA'}",4
2025-08-14,2025-08-18,401773007,2025-08-16T23:00Z,6,Dallas Cowboys,33,Baltimore Ravens,6,Dallas Cowboys,4431453,Deuce Vaughn,RB,Kansas State,"{'city': 'Round Rock', 'state': 'TX', 'country': 'USA'}",3
2025-08-14,2025-08-18,401773007,2025-08-16T23:00Z,6,Dallas Cowboys,33,Baltimore Ravens,6,Dallas Cowboys,4361579,Javonte Williams,RB,North Carolina,"{'city': 'Wallace', 'state': 'NC', 'country': 'USA'}",5
2025-08-14,2025-08-18,401773007,2025-08-16T23:00Z,6,Dallas Cowboys,33,Baltimore Ravens,6,Dallas Cowboys,4683450,Tommy Akingbesote,DT,Maryland,"{'city': 'Largo', 'state': 'MD', 'country': 'USA'}",
2025-08-14,2025-08-18,401773007,2025-08-16T23:00Z,6,Dallas Cowboys,33,Baltimore Ravens,6,Dallas Cowboys,4429249,Justin Barron,LB,Syracuse,"{'city': 'Rocky Hill', 'state': 'CT', 'country': 'USA'}",
2025-08-14,2025-08-18,401773007,2025-08-16T23:00Z,6,Dallas Cowboys,33,Baltimore Ravens,6,Dallas Cowboys,4241921,Markquese Bell,S,Florida A&M,"{'city': 'Bridgeton', 'state': 'NJ', 'country': 'USA'}",4
2025-08-14,2025-08-18,401773007,2025-08-16T23:00Z,6,Dallas Cowboys,33,Baltimore Ravens,6,Dallas Cowboys,4248911,DaRon Bland,CB,Fresno State,"{'city': 'Modesto', 'state': 'CA', 'country': 'USA'}",4
2025-08-14,2025-08-18,401773007,2025-08-16T23:00Z,6,Dallas Cowboys,33,Baltimore Ravens,6,Dallas Cowboys,4426344,Andrew Booth,CB,Clemson,"{'city': 'Dacula', 'state': 'GA', 'country': 'USA'}",4
2025-08-14,2025-08-18,401773007,2025-08-16T23:00Z,6,Dallas Cowboys,33,Baltimore Ravens,6,Dallas Cowboys,4242292,Earnest Brown IV,DE,Northwestern,"{'city': 'Aubrey', 'state': 'TX', 'country': 'USA'}",3
2025-08-14,2025-08-18,401773007,2025-08-16T23:00Z,6,Dallas Cowboys,33,Baltimore Ravens,6,Dallas Cowboys,3929814,Josh Butler,CB,Michigan State,"{'city': 'Mesquite', 'state': 'TX', 'country': 'USA'}",2
2025-08-14,2025-08-18,401773007,2025-08-16T23:00Z,6,Dallas Cowboys,33,Baltimore Ravens,6,Dallas Cowboys,4431006,Caelen Carson,CB,Wake Forest,"{'city': 'Waldorf', 'state': 'MD', 'country': 'USA'}",2
2025-08-14,2025-08-18,401773007,2025-08-16T23:00Z,6,Dallas Cowboys,33,Baltimore Ravens,6,Dallas Cowboys,4685841,Zion Childress,CB,Kentucky,"{'city': 'Houston', 'state': 'TX', 'country': 'USA'}",
2025-08-14,2025-08-18,401773007,2025-08-16T23:00Z,6,Dallas Cowboys,33,Baltimore Ravens,6,Dallas Cowboys,4595352,Alijah Clark,S,Syracuse,"{'city': 'Camden', 'state': 'NJ', 'country': 'USA'}",
2025-08-14,2025-08-18,401773007,2025-08-16T23:00Z,6,Dallas Cowboys,33,Baltimore Ravens,6,Dallas Cowboys,4362636,Damone Clark,LB,LSU,"{'city': 'Baton Rouge', 'state': 'LA', 'country': 'USA'}",4
2025-08-14,2025-08-18,401773007,2025-08-16T23:00Z,6,Dallas Cowboys,33,Baltimore Ravens,6,Dallas Cowboys,4577735,Denzel Daxon,DT,Illinois,"{'city': 'Nassau', 'country': 'Bahamas'}",1
2025-08-14,2025-08-18,401773007,2025-08-16T23:00Z,6,Dallas Cowboys,33,Baltimore Ravens,6,Dallas Cowboys,4040966,Trevon Diggs,CB,Alabama,"{'city': 'Gaithersburg', 'state': 'MD', 'country': 'USA'}",6
2025-08-14,2025-08-18,401773007,2025-08-16T23:00Z,6,Dallas Cowboys,33,Baltimore Ravens,6,Dallas Cowboys,4567399,Kaiir Elam,CB,Florida,"{'city': 'Riviera Beach', 'state': 'FL', 'country': 'USA'}",4
2025-08-14,2025-08-18,401773007,2025-08-16T23:00Z,6,Dallas Cowboys,33,Baltimore Ravens,6,Dallas Cowboys,4683848,Donovan Ezeiruaku,DE,Boston College,"{'city': 'Williamstown', 'state': 'NJ', 'country': 'USA'}",
2025-08-14,2025-08-18,401773007,2025-08-16T23:00Z,6,Dallas Cowboys,33,Baltimore Ravens,6,Dallas Cowboys,2980100,Dante Fowler Jr.,DE,Florida,"{'city': 'St. Petersburg', 'state': 'FL', 'country': 'USA'}",11
2025-08-14,2025-08-18,401773007,2025-08-16T23:00Z,6,Dallas Cowboys,33,Baltimore Ravens,6,Dallas Cowboys,17474,C.J. Goodwin,CB,California (PA),"{'city': 'Wheeling', 'state': 'WV', 'country': 'USA'}",10
2025-08-14,2025-08-18,401773007,2025-08-16T23:00Z,6,Dallas Cowboys,33,Baltimore Ravens,6,Dallas Cowboys,4243831,Kemon Hall,CB,North Texas,"{'city': 'Calhoun City', 'state': 'MS', 'country': 'USA'}",4
2025-08-14,2025-08-18,401773007,2025-08-16T23:00Z,6,Dallas Cowboys,33,Baltimore Ravens,6,Dallas Cowboys,3122906,Darius Harris,LB,Middle Tennessee,"{'city': 'Horn Lake', 'state': 'MS', 'country': 'USA'}",5
2025-08-14,2025-08-18,401773007,2025-08-16T23:00Z,6,Dallas Cowboys,33,Baltimore Ravens,6,Dallas Cowboys,3121415,Malik Hooker,S,Ohio State,"{'city': 'New Castle', 'state': 'PA', 'country': 'USA'}",9
2025-08-14,2025-08-18,401773007,2025-08-16T23:00Z,6,Dallas Cowboys,33,Baltimore Ravens,6,Dallas Cowboys,4240608,James Houston,LB,Jackson State,"{'city': 'Fort Lauderdale', 'state': 'FL', 'country': 'USA'}",4
2025-08-14,2025-08-18,401773007,2025-08-16T23:00Z,6,Dallas Cowboys,33,Baltimore Ravens,6,Dallas Cowboys,4685400,Shemar James,LB,Florida,"{'city': 'Mobile', 'state': 'AL', 'country': 'USA'}",
2025-08-14,2025-08-18,401773007,2025-08-16T23:00Z,6,Dallas Cowboys,33,Baltimore Ravens,6,Dallas Cowboys,4240900,Buddy Johnson,LB,Texas A&M,"{'city': 'Dallas', 'state': 'TX', 'country': 'USA'}",4
2025-08-14,2025-08-18,401773007,2025-08-16T23:00Z,6,Dallas Cowboys,33,Baltimore Ravens,6,Dallas Cowboys,4429996,Marshawn Kneeland,DE,Western Michigan,"{'city': 'Grand Rapids', 'state': 'MI', 'country': 'USA'}",2
2025-08-14,2025-08-18,401773007,2025-08-16T23:00Z,6,Dallas Cowboys,33,Baltimore Ravens,6,Dallas Cowboys,4427816,Marist Liufau,LB,Notre Dame,"{'city': 'Kalihi', 'state': 'HI', 'country': 'USA'}",2
2025-08-14,2025-08-18,401773007,2025-08-16T23:00Z,6,Dallas Cowboys,33,Baltimore Ravens,6,Dallas Cowboys,4911023,Christian Matthew,CB,Valdosta State,"{'city': 'Columbus', 'state': 'GA', 'country': 'USA'}",4
2025-08-14,2025-08-18,401773007,2025-08-16T23:00Z,6,Dallas Cowboys,33,Baltimore Ravens,6,Dallas Cowboys,4362855,Israel Mukuamu,S,South Carolina,"{'city': 'Bossier City', 'state': 'LA', 'country': 'USA'}",5
2025-08-14,2025-08-18,401773007,2025-08-16T23:00Z,6,Dallas Cowboys,33,Baltimore Ravens,6,Dallas Cowboys,4241394,Kenneth Murray Jr.,LB,Oklahoma,"{'city': 'Missouri City', 'state': 'TX', 'country': 'USA'}",6
2025-08-14,2025-08-18,401773007,2025-08-16T23:00Z,6,Dallas Cowboys,33,Baltimore Ravens,6,Dallas Cowboys,4035840,Osa Odighizuwa,DT,UCLA,"{'city': 'Portland', 'state': 'OR', 'country': 'USA'}",5
2025-08-14,2025-08-18,401773007,2025-08-16T23:00Z,6,Dallas Cowboys,33,Baltimore Ravens,6,Dallas Cowboys,3894830,Michael Ojemudia,CB,Iowa,"{'city': 'Farmington Hills', 'state': 'MI', 'country': 'USA'}",4
2025-08-14,2025-08-18,401773007,2025-08-16T23:00Z,6,Dallas Cowboys,33,Baltimore Ravens,6,Dallas Cowboys,4362088,DeMarvion Overshown,LB,Texas,"{'city': 'Arp', 'state': 'TX', 'country': 'USA'}",3
2025-08-14,2025-08-18,401773007,2025-08-16T23:00Z,6,Dallas Cowboys,33,Baltimore Ravens,6,Dallas Cowboys,4361423,Micah Parsons,DE,Penn State,"{'city': 'Harrisburg', 'state': 'PA', 'country': 'USA'}",5
2025-08-14,2025-08-18,401773007,2025-08-16T23:00Z,6,Dallas Cowboys,33,Baltimore Ravens,6,Dallas Cowboys,4046679,Troy Pride Jr.,CB,Notre Dame,"{'city': 'Greer', 'state': 'SC', 'country': 'USA'}",3
2025-08-14,2025-08-18,401773007,2025-08-16T23:00Z,6,Dallas Cowboys,33,Baltimore Ravens,6,Dallas Cowboys,5095865,Shavon Revel Jr.,CB,East Carolina,"{'city': 'Winston-Salem', 'state': 'NC', 'country': 'USA'}",
2025-08-14,2025-08-18,401773007,2025-08-16T23:00Z,6,Dallas Cowboys,33,Baltimore Ravens,6,Dallas Cowboys,4032200,Robert Rochell,CB,Central Arkansas,"{'city': 'Shreveport', 'state': 'LA', 'country': 'USA'}",5
2025-08-14,2025-08-18,401773007,2025-08-16T23:00Z,6,Dallas Cowboys,33,Baltimore Ravens,6,Dallas Cowboys,4372576,Jack Sanborn,LB,Wisconsin,"{'city': 'Deer Park', 'state': 'IL', 'country': 'USA'}",4
2025-08-14,2025-08-18,401773007,2025-08-16T23:00Z,6,Dallas Cowboys,33,Baltimore Ravens,6,Dallas Cowboys,4426347,Mazi Smith,DT,Michigan,"{'city': 'Grand Rapids', 'state': 'MI', 'country': 'USA'}",3
2025-08-14,2025-08-18,401773007,2025-08-16T23:00Z,6,Dallas Cowboys,33,Baltimore Ravens,6,Dallas Cowboys,4686238,Mike Smith Jr.,S,Eastern Kentucky,"{'city': 'Jacksonville', 'state': 'FL', 'country': 'USA'}",
2025-08-14,2025-08-18,401773007,2025-08-16T23:00Z,6,Dallas Cowboys,33,Baltimore Ravens,6,Dallas Cowboys,4360590,Juanyeh Thomas,S,Georgia Tech,"{'city': 'Niceville', 'state': 'FL', 'country': 'USA'}",3
2025-08-14,2025-08-18,401773007,2025-08-16T23:00Z,6,Dallas Cowboys,33,Baltimore Ravens,6,Dallas Cowboys,3117258,Solomon Thomas,DT,Stanford,"{'city': 'Coppell', 'state': 'TX', 'country': 'USA'}",9
2025-08-14,2025-08-18,401773007,2025-08-16T23:00Z,6,Dallas Cowboys,33,Baltimore Ravens,6,Dallas Cowboys,4431603,Jay Toia,DT,UCLA,"{'city': 'Inglewood', 'state': 'CA', 'country': 'USA'}",
2025-08-14,2025-08-18,401773007,2025-08-16T23:00Z,6,Dallas Cowboys,33,Baltimore Ravens,6,Dallas Cowboys,4240269,Payton Turner,DE,Houston,"{'city': 'Houston', 'state': 'TX', 'country': 'USA'}",5
2025-08-14,2025-08-18,401773007,2025-08-16T23:00Z,6,Dallas Cowboys,33,Baltimore Ravens,6,Dallas Cowboys,4689333,Tyrus Wheat,DE,Mississippi State,"{'city': 'Amite', 'state': 'LA', 'country': 'USA'}",3
2025-08-14,2025-08-18,401773007,2025-08-16T23:00Z,6,Dallas Cowboys,33,Baltimore Ravens,6,Dallas Cowboys,4567242,Sam Williams,DE,Ole Miss,"{'city': 'Montgomery', 'state': 'AL', 'country': 'USA'}",4
2025-08-14,2025-08-18,401773007,2025-08-16T23:00Z,6,Dallas Cowboys,33,Baltimore Ravens,6,Dallas Cowboys,3122135,Donovan Wilson,S,Texas A&M,"{'city': 'Shreveport', 'state': 'LA', 'country': 'USA'}",7
2025-08-14,2025-08-18,401773007,2025-08-16T23:00Z,6,Dallas Cowboys,33,Baltimore Ravens,6,Dallas Cowboys,4686470,Perrion Winfrey,DT,Oklahoma,"{'city': 'Maywood', 'state': 'IL', 'country': 'USA'}",2
2025-08-14,2025-08-18,401773007,2025-08-16T23:00Z,6,Dallas Cowboys,33,Baltimore Ravens,6,Dallas Cowboys,14950,Bryan Anger,P,California,"{'city': 'Camarillo', 'state': 'CA', 'country': 'USA'}",14
2025-08-14,2025-08-18,401773007,2025-08-16T23:00Z,6,Dallas Cowboys,33,Baltimore Ravens,6,Dallas Cowboys,3953687,Brandon Aubrey,PK,Notre Dame,,3
2025-08-14,2025-08-18,401773007,2025-08-16T23:00Z,6,Dallas Cowboys,33,Baltimore Ravens,6,Dallas Cowboys,3052357,Trent Sieg,LS,Colorado State,"{'city': 'Eaton', 'state': 'CO', 'country': 'USA'}",8
2025-08-14,2025-08-18,401773007,2025-08-16T23:00Z,6,Dallas Cowboys,33,Baltimore Ravens,6,Dallas Cowboys,4570495,Rob Jones,G,Middle Tennessee,"{'city': 'Chicago', 'state': 'IL', 'country': 'USA'}",5
2025-08-14,2025-08-18,401773007,2025-08-16T23:00Z,6,Dallas Cowboys,33,Baltimore Ravens,33,Baltimore Ravens,4690013,Rasheen Ali,RB,Marshall,"{'city': 'Cleveland', 'state': 'OH', 'country': 'USA'}",2
2025-08-14,2025-08-18,401773007,2025-08-16T23:00Z,6,Dallas Cowboys,33,Baltimore Ravens,33,Baltimore Ravens,3116365,Mark Andrews,TE,Oklahoma,"{'city': 'Scottsdale', 'state': 'AZ', 'country': 'USA'}",8
2025-08-14,2025-08-18,401773007,2025-08-16T23:00Z,6,Dallas Cowboys,33,Baltimore Ravens,33,Baltimore Ravens,4571935,Jahmal Banks,WR,Nebraska,"{'city': 'Washington', 'state': 'DC', 'country': 'USA'}",
2025-08-14,2025-08-18,401773007,2025-08-16T23:00Z,6,Dallas Cowboys,33,Baltimore Ravens,33,Baltimore Ravens,4360939,Rashod Bateman,WR,Minnesota,"{'city': 'Tifton', 'state': 'GA', 'country': 'USA'}",5
2025-08-14,2025-08-18,401773007,2025-08-16T23:00Z,6,Dallas Cowboys,33,Baltimore Ravens,33,Baltimore Ravens,4576075,Corey Bullock,OT,Maryland,"{'city': 'Accokeek', 'state': 'MD', 'country': 'USA'}",1
2025-08-14,2025-08-18,401773007,2025-08-16T23:00Z,6,Dallas Cowboys,33,Baltimore Ravens,33,Baltimore Ravens,4035002,Ben Cleveland,G,Georgia,"{'city': 'Toccoa', 'state': 'GA', 'country': 'USA'}",5
2025-08-14,2025-08-18,401773007,2025-08-16T23:00Z,6,Dallas Cowboys,33,Baltimore Ravens,33,Baltimore Ravens,4240069,Malik Cunningham,WR,Louisville,"{'city': 'Montgomery', 'state': 'AL', 'country': 'USA'}",2
2025-08-14,2025-08-18,401773007,2025-08-16T23:00Z,6,Dallas Cowboys,33,Baltimore Ravens,33,Baltimore Ravens,4426364,Baylor Cupp,TE,Texas Tech,"{'city': 'Brock', 'state': 'TX', 'country': 'USA'}",1
2025-08-14,2025-08-18,401773007,2025-08-16T23:00Z,6,Dallas Cowboys,33,Baltimore Ravens,33,Baltimore Ravens,4567132,Darrian Dalcourt,G,Alabama,"{'city': 'Havre De Grace', 'state': 'MD', 'country': 'USA'}",1
2025-08-14,2025-08-18,401773007,2025-08-16T23:00Z,6,Dallas Cowboys,33,Baltimore Ravens,33,Baltimore Ravens,4431252,Garrett Dellinger,G,LSU,"{'city': 'Clarkston', 'state': 'MI', 'country': 'USA'}",
2025-08-14,2025-08-18,401773007,2025-08-16T23:00Z,6,Dallas Cowboys,33,Baltimore Ravens,33,Baltimore Ravens,4360964,Daniel Faalele,G,Minnesota,"{'city': 'Melbourne', 'state': 'VIC', 'country': 'Australia'}",4
2025-08-14,2025-08-18,401773007,2025-08-16T23:00Z,6,Dallas Cowboys,33,Baltimore Ravens,33,Baltimore Ravens,4429615,Zay Flowers,WR,Boston College,"{'city': 'Fort Lauderdale', 'state': 'FL', 'country': 'USA'}",3
2025-08-14,2025-08-18,401773007,2025-08-16T23:00Z,6,Dallas Cowboys,33,Baltimore Ravens,33,Baltimore Ravens,3886818,Myles Gaskin,RB,Washington,"{'city': 'Lynnwood', 'state': 'WA', 'country': 'USA'}",7
2025-08-14,2025-08-18,401773007,2025-08-16T23:00Z,6,Dallas Cowboys,33,Baltimore Ravens,33,Baltimore Ravens,4695910,Xavier Guillory,WR,Arizona State,"{'city': 'Spokane', 'state': 'WA', 'country': 'USA'}",
2025-08-14,2025-08-18,401773007,2025-08-16T23:00Z,6,Dallas Cowboys,33,Baltimore Ravens,33,Baltimore Ravens,3043078,Derrick Henry,RB,Alabama,"{'city': 'Yulee', 'state': 'FL', 'country': 'USA'}",10
2025-08-14,2025-08-18,401773007,2025-08-16T23:00Z,6,Dallas Cowboys,33,Baltimore Ravens,33,Baltimore Ravens,4038441,Justice Hill,RB,Oklahoma State,"{'city': 'Tulsa', 'state': 'OK', 'country': 'USA'}",7
2025-08-14,2025-08-18,401773007,2025-08-16T23:00Z,6,Dallas Cowboys,33,Baltimore Ravens,33,Baltimore Ravens,4429951,Reid Holskey,OT,Miami (OH),"{'city': 'Pataskala', 'state': 'OH', 'country': 'USA'}",
2025-08-14,2025-08-18,401773007,2025-08-16T23:00Z,6,Dallas Cowboys,33,Baltimore Ravens,33,Baltimore Ravens,15795,DeAndre Hopkins,WR,Clemson,"{'city': 'Central', 'state': 'SC', 'country': 'USA'}",13
2025-08-14,2025-08-18,401773007,2025-08-16T23:00Z,6,Dallas Cowboys,33,Baltimore Ravens,33,Baltimore Ravens,3916387,Lamar Jackson,QB,Louisville,"{'city': 'Pompano Beach', 'state': 'FL', 'country': 'USA'}",8
2025-08-14,2025-08-18,401773007,2025-08-16T23:00Z,6,Dallas Cowboys,33,Baltimore Ravens,33,Baltimore Ravens,3139602,D'Ernest Johnson,RB,South Florida,"{'city': 'Immokalee', 'state': 'FL', 'country': 'USA'}",7
2025-08-14,2025-08-18,401773007,2025-08-16T23:00Z,6,Dallas Cowboys,33,Baltimore Ravens,33,Baltimore Ravens,4685736,Emery Jones Jr.,OT,LSU,"{'city': 'Baton Rouge', 'state': 'LA', 'country': 'USA'}",
2025-08-14,2025-08-18,401773007,2025-08-16T23:00Z,6,Dallas Cowboys,33,Baltimore Ravens,33,Baltimore Ravens,3046401,Keith Kirkwood,WR,Temple,"{'city': 'Neptune', 'state': 'NJ', 'country': 'USA'}",5
2025-08-14,2025-08-18,401773007,2025-08-16T23:00Z,6,Dallas Cowboys,33,Baltimore Ravens,33,Baltimore Ravens,4241263,Charlie Kolar,TE,Iowa State,"{'city': 'Norman', 'state': 'OK', 'country': 'USA'}",4
2025-08-14,2025-08-18,401773007,2025-08-16T23:00Z,6,Dallas Cowboys,33,Baltimore Ravens,33,Baltimore Ravens,4361653,Devin Leary,QB,Kentucky,"{'city': 'Sicklerville', 'state': 'NJ', 'country': 'USA'}",1
2025-08-14,2025-08-18,401773007,2025-08-16T23:00Z,6,Dallas Cowboys,33,Baltimore Ravens,33,Baltimore Ravens,4686768,Gerad Lichtenhan,OT,Oregon State,"{'city': 'Davis', 'state': 'CA', 'country': 'USA'}",
2025-08-14,2025-08-18,401773007,2025-08-16T23:00Z,6,Dallas Cowboys,33,Baltimore Ravens,33,Baltimore Ravens,4361050,Isaiah Likely,TE,Coastal Carolina,"{'city': 'Cambridge', 'state': 'MA', 'country': 'USA'}",4
2025-08-14,2025-08-18,401773007,2025-08-16T23:00Z,6,Dallas Cowboys,33,Baltimore Ravens,33,Baltimore Ravens,4360499,Tyler Linderbaum,C,Iowa,"{'city': 'Solon', 'state': 'IA', 'country': 'USA'}",4
2025-08-14,2025-08-18,401773007,2025-08-16T23:00Z,6,Dallas Cowboys,33,Baltimore Ravens,33,Baltimore Ravens,3050487,Anthony Miller,WR,Memphis,"{'city': 'Memphis', 'state': 'TN', 'country': 'USA'}",6
2025-08-14,2025-08-18,401773007,2025-08-16T23:00Z,6,Dallas Cowboys,33,Baltimore Ravens,33,Baltimore Ravens,4596334,Keaton Mitchell,RB,East Carolina,"{'city': 'Mcdonough', 'state': 'GA', 'country': 'USA'}",3
2025-08-14,2025-08-18,401773007,2025-08-16T23:00Z,6,Dallas Cowboys,33,Baltimore Ravens,33,Baltimore Ravens,4876006,Zaire Mitchell-Paden,TE,Florida Atlantic,"{'city': 'Rockville', 'state': 'MD', 'country': 'USA'}",1
2025-08-14,2025-08-18,401773007,2025-08-16T23:00Z,6,Dallas Cowboys,33,Baltimore Ravens,33,Baltimore Ravens,3040008,Joseph Noteboom,OT,TCU,"{'city': 'Plano', 'state': 'TX', 'country': 'USA'}",8
2025-08-14,2025-08-18,401773007,2025-08-16T23:00Z,6,Dallas Cowboys,33,Baltimore Ravens,33,Baltimore Ravens,4428225,Jared Penning,G,Northern Iowa,"{'city': 'Clear Lake', 'state': 'IA', 'country': 'USA'}",
2025-08-14,2025-08-18,401773007,2025-08-16T23:00Z,6,Dallas Cowboys,33,Baltimore Ravens,33,Baltimore Ravens,2975417,Patrick Ricard,FB,Maine,"{'city': 'Spencer', 'state': 'MA', 'country': 'USA'}",9
2025-08-14,2025-08-18,401773007,2025-08-16T23:00Z,6,Dallas Cowboys,33,Baltimore Ravens,33,Baltimore Ravens,4430876,Roger Rosengarten,OT,Washington,"{'city': 'Highlands Ranch', 'state': 'CO', 'country': 'USA'}",2
2025-08-14,2025-08-18,401773007,2025-08-16T23:00Z,6,Dallas Cowboys,33,Baltimore Ravens,33,Baltimore Ravens,2972515,Cooper Rush,QB,Central Michigan,"{'city': 'Charlotte', 'state': 'MI', 'country': 'USA'}",8
2025-08-14,2025-08-18,401773007,2025-08-16T23:00Z,6,Dallas Cowboys,33,Baltimore Ravens,33,Baltimore Ravens,4428421,Nick Samac,C,Michigan State,"{'city': 'Mentor', 'state': 'OH', 'country': 'USA'}",2
2025-08-14,2025-08-18,401773007,2025-08-16T23:00Z,6,Dallas Cowboys,33,Baltimore Ravens,33,Baltimore Ravens,4879972,Lucas Scott,FB,Army,"{'city': 'Binghamton', 'state': 'NY', 'country': 'USA'}",
2025-08-14,2025-08-18,401773007,2025-08-16T23:00Z,6,Dallas Cowboys,33,Baltimore Ravens,33,Baltimore Ravens,2980153,Ronnie Stanley,OT,Notre Dame,"{'city': 'Las Vegas', 'state': 'NV', 'country': 'USA'}",10
2025-08-14,2025-08-18,401773007,2025-08-16T23:00Z,6,Dallas Cowboys,33,Baltimore Ravens,33,Baltimore Ravens,4769895,Carson Vinson,OT,Alabama A&M,"{'city': 'Morrisville', 'state': 'NC', 'country': 'USA'}",
2025-08-14,2025-08-18,401773007,2025-08-16T23:00Z,6,Dallas Cowboys,33,Baltimore Ravens,33,Baltimore Ravens,4243220,Andrew Vorhees,G,USC,"{'city': 'Kingsburg', 'state': 'CA', 'country': 'USA'}",2
2025-08-14,2025-08-18,401773007,2025-08-16T23:00Z,6,Dallas Cowboys,33,Baltimore Ravens,33,Baltimore Ravens,4428763,Dayton Wade,WR,Ole Miss,"{'city': 'Atlanta', 'state': 'GA', 'country': 'USA'}",1
2025-08-14,2025-08-18,401773007,2025-08-16T23:00Z,6,Dallas Cowboys,33,Baltimore Ravens,33,Baltimore Ravens,4696882,Devontez Walker,WR,North Carolina,"{'city': 'Charlotte', 'state': 'NC', 'country': 'USA'}",2
2025-08-14,2025-08-18,401773007,2025-08-16T23:00Z,6,Dallas Cowboys,33,Baltimore Ravens,33,Baltimore Ravens,4241424,Tylan Wallace,WR,Oklahoma State,"{'city': 'Fort Worth', 'state': 'TX', 'country': 'USA'}",5
2025-08-14,2025-08-18,401773007,2025-08-16T23:00Z,6,Dallas Cowboys,33,Baltimore Ravens,33,Baltimore Ravens,3919557,Scotty Washington,TE,Wake Forest,"{'city': 'Washington', 'state': 'DC', 'country': 'USA'}",1
2025-08-14,2025-08-18,401773007,2025-08-16T23:00Z,6,Dallas Cowboys,33,Baltimore Ravens,33,Baltimore Ravens,4690143,LaJohntay Wester,WR,Colorado,"{'city': 'Palmetto', 'state': 'FL', 'country': 'USA'}",
2025-08-14,2025-08-18,401773007,2025-08-16T23:00Z,6,Dallas Cowboys,33,Baltimore Ravens,33,Baltimore Ravens,3895429,Jaire Alexander,CB,Louisville,"{'city': 'Charlotte', 'state': 'NC', 'country': 'USA'}",8
2025-08-14,2025-08-18,401773007,2025-08-16T23:00Z,6,Dallas Cowboys,33,Baltimore Ravens,33,Baltimore Ravens,4372017,Jalyn Armour-Davis,CB,Alabama,"{'city': 'Mobile', 'state': 'AL', 'country': 'USA'}",4
2025-08-14,2025-08-18,401773007,2025-08-16T23:00Z,6,Dallas Cowboys,33,Baltimore Ravens,33,Baltimore Ravens,3052101,Chidobe Awuzie,CB,Colorado,"{'city': 'San Jose', 'state': 'CA', 'country': 'USA'}",9
2025-08-14,2025-08-18,401773007,2025-08-16T23:00Z,6,Dallas Cowboys,33,Baltimore Ravens,33,Baltimore Ravens,4429291,Beau Brade,S,Maryland,"{'city': 'Clarksville', 'state': 'MD', 'country': 'USA'}",2
2025-08-14,2025-08-18,401773007,2025-08-16T23:00Z,6,Dallas Cowboys,33,Baltimore Ravens,33,Baltimore Ravens,4698244,Teddye Buchanan,LB,California,"{'city': 'San Francisco', 'state': 'CA', 'country': 'USA'}",
2025-08-14,2025-08-18,401773007,2025-08-16T23:00Z,6,Dallas Cowboys,33,Baltimore Ravens,33,Baltimore Ravens,4427068,MJ Devonshire Jr.,CB,Pittsburgh,"{'city': 'Aliquippa', 'state': 'PA', 'country': 'USA'}",1
2025-08-14,2025-08-18,401773007,2025-08-16T23:00Z,6,Dallas Cowboys,33,Baltimore Ravens,33,Baltimore Ravens,4242485,Thomas Graham Jr.,CB,Oregon,"{'city': 'Rancho Cucamonga', 'state': 'CA', 'country': 'USA'}",3
2025-08-14,2025-08-18,401773007,2025-08-16T23:00Z,6,Dallas Cowboys,33,Baltimore Ravens,33,Baltimore Ravens,4683188,Mike Green,LB,Marshall,"{'city': 'Williamsburg', 'state': 'VA', 'country': 'USA'}",
2025-08-14,2025-08-18,401773007,2025-08-16T23:00Z,6,Dallas Cowboys,33,Baltimore Ravens,33,Baltimore Ravens,4575517,Kyle Hamilton,S,Notre Dame,"{'city': 'Atlanta', 'state': 'GA', 'country': 'USA'}",4
2025-08-14,2025-08-18,401773007,2025-08-16T23:00Z,6,Dallas Cowboys,33,Baltimore Ravens,33,Baltimore Ravens,4369994,Malik Hamm,LB,Lafayette,"{'city': 'Baltimore', 'state': 'MD', 'country': 'USA'}",3
2025-08-14,2025-08-18,401773007,2025-08-16T23:00Z,6,Dallas Cowboys,33,Baltimore Ravens,33,Baltimore Ravens,4565350,Jay Higgins IV,LB,Iowa,"{'city': 'Indianapolis', 'state': 'IN', 'country': 'USA'}",
2025-08-14,2025-08-18,401773007,2025-08-16T23:00Z,6,Dallas Cowboys,33,Baltimore Ravens,33,Baltimore Ravens,4241250,Jake Hummel,LB,Iowa State,"{'city': 'Des Moines', 'state': 'IA', 'country': 'USA'}",4
2025-08-14,2025-08-18,401773007,2025-08-16T23:00Z,6,Dallas Cowboys,33,Baltimore Ravens,33,Baltimore Ravens,3126356,Marlon Humphrey,CB,Alabama,"{'city': 'Hoover', 'state': 'AL', 'country': 'USA'}",9
2025-08-14,2025-08-18,401773007,2025-08-16T23:00Z,6,Dallas Cowboys,33,Baltimore Ravens,33,Baltimore Ravens,4683464,Desmond Igbinosun,S,Rutgers,"{'city': 'Union', 'state': 'NJ', 'country': 'USA'}",
2025-08-14,2025-08-18,401773007,2025-08-16T23:00Z,6,Dallas Cowboys,33,Baltimore Ravens,33,Baltimore Ravens,4426372,Adisa Isaac,LB,Penn State,"{'city': 'Brooklyn', 'state': 'NY', 'country': 'USA'}",2
2025-08-14,2025-08-18,401773007,2025-08-16T23:00Z,6,Dallas Cowboys,33,Baltimore Ravens,33,Baltimore Ravens,4878287,Keondre Jackson,S,Illinois State,"{'city': 'Freeport', 'state': 'IL', 'country': 'USA'}",
2025-08-14,2025-08-18,401773007,2025-08-16T23:00Z,6,Dallas Cowboys,33,Baltimore Ravens,33,Baltimore Ravens,15846,John Jenkins,DT,Georgia,"{'city': 'Meriden', 'state': 'CT', 'country': 'USA'}",13
2025-08-14,2025-08-18,401773007,2025-08-16T23:00Z,6,Dallas Cowboys,33,Baltimore Ravens,33,Baltimore Ravens,4431184,Jayson Jones,DT,Auburn,"{'city': 'Calera', 'state': 'AL', 'country': 'USA'}",
2025-08-14,2025-08-18,401773007,2025-08-16T23:00Z,6,Dallas Cowboys,33,Baltimore Ravens,33,Baltimore Ravens,4362139,Travis Jones,DT,UConn,"{'city': 'New Haven', 'state': 'CT', 'country': 'USA'}",4
2025-08-14,2025-08-18,401773007,2025-08-16T23:00Z,6,Dallas Cowboys,33,Baltimore Ravens,33,Baltimore Ravens,4430118,Sanoussi Kane,S,Purdue,"{'city': 'Harlem', 'state': 'NY', 'country': 'USA'}",2
2025-08-14,2025-08-18,401773007,2025-08-16T23:00Z,6,Dallas Cowboys,33,Baltimore Ravens,33,Baltimore Ravens,4044132,William Kwenkeu,LB,Temple,"{'city': 'Waldorf', 'state': 'MD', 'country': 'USA'}",3
2025-08-14,2025-08-18,401773007,2025-08-16T23:00Z,6,Dallas Cowboys,33,Baltimore Ravens,33,Baltimore Ravens,4692970,Reuben Lowery,CB,Chattanooga,"{'city': 'Powder Springs', 'state': 'GA', 'country': 'USA'}",
2025-08-14,2025-08-18,401773007,2025-08-16T23:00Z,6,Dallas Cowboys,33,Baltimore Ravens,33,Baltimore Ravens,4035245,Nnamdi Madubuike,DT,Texas A&M,"{'city': 'McKinney', 'state': 'TX', 'country': 'USA'}",6
2025-08-14,2025-08-18,401773007,2025-08-16T23:00Z,6,Dallas Cowboys,33,Baltimore Ravens,33,Baltimore Ravens,4695086,Chandler Martin,LB,Memphis,"{'city': 'Lithonia', 'state': 'GA', 'country': 'USA'}",
2025-08-14,2025-08-18,401773007,2025-08-16T23:00Z,6,Dallas Cowboys,33,Baltimore Ravens,33,Baltimore Ravens,4694334,Keyon Martin,CB,Louisiana,"{'city': 'Fort Lauderdale', 'state': 'FL', 'country': 'USA'}",
2025-08-14,2025-08-18,401773007,2025-08-16T23:00Z,6,Dallas Cowboys,33,Baltimore Ravens,33,Baltimore Ravens,5066095,Adedayo Odeleye,DE,,,1
2025-08-14,2025-08-18,401773007,2025-08-16T23:00Z,6,Dallas Cowboys,33,Baltimore Ravens,33,Baltimore Ravens,4426507,David Ojabo,LB,Michigan,"{'city': 'Port Harcourt', 'country': 'Nigeria'}",4
2025-08-14,2025-08-18,401773007,2025-08-16T23:00Z,6,Dallas Cowboys,33,Baltimore Ravens,33,Baltimore Ravens,5144942,CJ Okoye,DT,,"{'city': 'Nkwere', 'country': 'Nigeria'}",1
2025-08-14,2025-08-18,401773007,2025-08-16T23:00Z,6,Dallas Cowboys,33,Baltimore Ravens,33,Baltimore Ravens,4361422,Odafe Oweh,LB,Penn State,"{'city': 'Howell', 'state': 'NJ', 'country': 'USA'}",5
2025-08-14,2025-08-18,401773007,2025-08-16T23:00Z,6,Dallas Cowboys,33,Baltimore Ravens,33,Baltimore Ravens,4565311,Aeneas Peebles,DT,Virginia Tech,"{'city': 'Raleigh', 'state': 'NC', 'country': 'USA'}",
2025-08-14,2025-08-18,401773007,2025-08-16T23:00Z,6,Dallas Cowboys,33,Baltimore Ravens,33,Baltimore Ravens,4700676,C.J. Ravenell,DE,Missouri Western,"{'city': 'Santa Clarita', 'state': 'CA', 'country': 'USA'}",1
2025-08-14,2025-08-18,401773007,2025-08-16T23:00Z,6,Dallas Cowboys,33,Baltimore Ravens,33,Baltimore Ravens,5082541,Marquise Robinson,CB,Arkansas,"{'city': 'Crosby', 'state': 'MS', 'country': 'USA'}",
2025-08-14,2025-08-18,401773007,2025-08-16T23:00Z,6,Dallas Cowboys,33,Baltimore Ravens,33,Baltimore Ravens,4690179,Tavius Robinson,LB,Ole Miss,"{'city': 'Guelph', 'state': 'ON', 'country': 'Canada'}",3
2025-08-14,2025-08-18,401773007,2025-08-16T23:00Z,6,Dallas Cowboys,33,Baltimore Ravens,33,Baltimore Ravens,4433904,Kaimon Rucker,LB,North Carolina,"{'city': 'Hartwell', 'state': 'GA', 'country': 'USA'}",
2025-08-14,2025-08-18,401773007,2025-08-16T23:00Z,6,Dallas Cowboys,33,Baltimore Ravens,33,Baltimore Ravens,4430831,Trenton Simpson,LB,Clemson,"{'city': 'Charlotte', 'state': 'NC', 'country': 'USA'}",3
2025-08-14,2025-08-18,401773007,2025-08-16T23:00Z,6,Dallas Cowboys,33,Baltimore Ravens,33,Baltimore Ravens,3915189,Roquan Smith,LB,Georgia,"{'city': 'Montezuma', 'state': 'GA', 'country': 'USA'}",8
2025-08-14,2025-08-18,401773007,2025-08-16T23:00Z,6,Dallas Cowboys,33,Baltimore Ravens,33,Baltimore Ravens,4685530,Malaki Starks,S,Georgia,"{'city': 'Jefferson', 'state': 'GA', 'country': 'USA'}",
2025-08-14,2025-08-18,401773007,2025-08-16T23:00Z,6,Dallas Cowboys,33,Baltimore Ravens,33,Baltimore Ravens,4575483,T.J. Tampa,CB,Iowa State,"{'city': 'St. Petersburg', 'state': 'FL', 'country': 'USA'}",2
2025-08-14,2025-08-18,401773007,2025-08-16T23:00Z,6,Dallas Cowboys,33,Baltimore Ravens,33,Baltimore Ravens,16831,Brent Urban,DE,Virginia,"{'city': 'Mississauga', 'state': 'ON', 'country': 'Canada'}",11
2025-08-14,2025-08-18,401773007,2025-08-16T23:00Z,6,Dallas Cowboys,33,Baltimore Ravens,33,Baltimore Ravens,16772,Kyle Van Noy,LB,BYU,"{'city': 'Reno', 'state': 'NV', 'country': 'USA'}",12
2025-08-14,2025-08-18,401773007,2025-08-16T23:00Z,6,Dallas Cowboys,33,Baltimore Ravens,33,Baltimore Ravens,4362492,Ar'Darius Washington,S,TCU,"{'city': 'Shreveport', 'state': 'LA', 'country': 'USA'}",4
2025-08-14,2025-08-18,401773007,2025-08-16T23:00Z,6,Dallas Cowboys,33,Baltimore Ravens,33,Baltimore Ravens,3915837,Broderick Washington,DT,Texas Tech,"{'city': 'Longview', 'state': 'TX', 'country': 'USA'}",6
2025-08-14,2025-08-18,401773007,2025-08-16T23:00Z,6,Dallas Cowboys,33,Baltimore Ravens,33,Baltimore Ravens,4601278,Nate Wiggins,CB,Clemson,"{'city': 'Atlanta', 'state': 'GA', 'country': 'USA'}",2
2025-08-14,2025-08-18,401773007,2025-08-16T23:00Z,6,Dallas Cowboys,33,Baltimore Ravens,33,Baltimore Ravens,4697745,Tyler Loop,PK,Arizona,"{'city': 'Lucas', 'state': 'TX', 'country': 'USA'}",
2025-08-14,2025-08-18,401773007,2025-08-16T23:00Z,6,Dallas Cowboys,33,Baltimore Ravens,33,Baltimore Ravens,3915184,Nick Moore,LS,Georgia,"{'city': 'Snellville', 'state': 'GA', 'country': 'USA'}",4
2025-08-14,2025-08-18,401773007,2025-08-16T23:00Z,6,Dallas Cowboys,33,Baltimore Ravens,33,Baltimore Ravens,4260224,Jordan Stout,P,Penn State,"{'city': 'Cedar Bluff', 'state': 'VA', 'country': 'USA'}",4
2025-08-14,2025-08-18,401773007,2025-08-16T23:00Z,6,Dallas Cowboys,33,Baltimore Ravens,33,Baltimore Ravens,5083656,Bilhal Kone,CB,Western Michigan,"{'city': 'Apple Valley', 'state': 'MN', 'country': 'USA'}",
2025-08-14,2025-08-18,401773007,2025-08-16T23:00Z,6,Dallas Cowboys,33,Baltimore Ravens,33,Baltimore Ravens,4575860,Robert Longerbeam,CB,Rutgers,"{'city': 'Alexandria', 'state': 'VA', 'country': 'USA'}",
2025-08-14,2025-08-18,401773021,2025-08-16T23:00Z,14,Los Angeles Rams,24,Los Angeles Chargers,14,Los Angeles Rams,16800,Davante Adams,WR,Fresno State,"{'city': 'Palo Alto', 'state': 'CA', 'country': 'USA'}",12
2025-08-14,2025-08-18,401773021,2025-08-16T23:00Z,14,Los Angeles Rams,24,Los Angeles Chargers,14,Los Angeles Rams,4426553,Davis Allen,TE,Clemson,"{'city': 'Calhoun', 'state': 'GA', 'country': 'USA'}",3
2025-08-14,2025-08-18,401773021,2025-08-16T23:00Z,14,Los Angeles Rams,24,Los Angeles Chargers,14,Los Angeles Rams,4046707,AJ Arcuri,OT,Michigan State,"{'city': 'Powell', 'state': 'OH', 'country': 'USA'}",2
2025-08-14,2025-08-18,401773021,2025-08-16T23:00Z,14,Los Angeles Rams,24,Los Angeles Chargers,14,Los Angeles Rams,4360797,Tutu Atwell,WR,Louisville,"{'city': 'Miami', 'state': 'FL', 'country': 'USA'}",5
2025-08-14,2025-08-18,401773021,2025-08-16T23:00Z,14,Los Angeles Rams,24,Los Angeles Chargers,14,Los Angeles Rams,4362474,Steve Avila,G,TCU,"{'city': 'Arlington', 'state': 'TX', 'country': 'USA'}",3
2025-08-14,2025-08-18,401773021,2025-08-16T23:00Z,14,Los Angeles Rams,24,Los Angeles Chargers,14,Los Angeles Rams,4259553,Stetson Bennett IV,QB,Georgia,"{'city': 'Blackshear', 'state': 'GA', 'country': 'USA'}",2
2025-08-14,2025-08-18,401773021,2025-08-16T23:00Z,14,Los Angeles Rams,24,Los Angeles Chargers,14,Los Angeles Rams,4374196,Wyatt Bowles,G,Utah State,"{'city': 'West Point', 'state': 'UT', 'country': 'USA'}",
2025-08-14,2025-08-18,401773021,2025-08-16T23:00Z,14,Los Angeles Rams,24,Los Angeles Chargers,14,Los Angeles Rams,4372741,McCallan Castles,TE,Tennessee,"{'city': 'South Lake Tahoe', 'state': 'CA', 'country': 'USA'}",1
2025-08-14,2025-08-18,401773021,2025-08-16T23:00Z,14,Los Angeles Rams,24,Los Angeles Chargers,14,Los Angeles Rams,4429096,Blake Corum,RB,Michigan,"{'city': 'Marshall', 'state': 'VA', 'country': 'USA'}",2
2025-08-14,2025-08-18,401773021,2025-08-16T23:00Z,14,Los Angeles Rams,24,Los Angeles Chargers,14,Los Angeles Rams,3926231,Britain Covey,WR,Utah,"{'city': 'Provo', 'state': 'UT', 'country': 'USA'}",4
2025-08-14,2025-08-18,401773021,2025-08-16T23:00Z,14,Los Angeles Rams,24,Los Angeles Chargers,14,Los Angeles Rams,4360859,Justin Dedich,G,USC,"{'city': 'Temecula', 'state': 'CA', 'country': 'USA'}",2
2025-08-14,2025-08-18,401773021,2025-08-16T23:00Z,14,Los Angeles Rams,24,Los Angeles Chargers,14,Los Angeles Rams,4429538,Ben Dooley,OT,Boise State,"{'city': 'Fallon', 'state': 'NV', 'country': 'USA'}",
2025-08-14,2025-08-18,401773021,2025-08-16T23:00Z,14,Los Angeles Rams,24,Los Angeles Chargers,14,Los Angeles Rams,3917599,Kevin Dotson,G,Louisiana,"{'city': 'Plaquemine', 'state': 'LA', 'country': 'USA'}",6
2025-08-14,2025-08-18,401773021,2025-08-16T23:00Z,14,Los Angeles Rams,24,Los Angeles Chargers,14,Los Angeles Rams,4875786,Tru Edwards,WR,Louisiana Tech,"{'city': 'Shreveport', 'state': 'LA', 'country': 'USA'}",
2025-08-14,2025-08-18,401773021,2025-08-16T23:00Z,14,Los Angeles Rams,24,Los Angeles Chargers,14,Los Angeles Rams,4570037,Terrance Ferguson,TE,Oregon,"{'city': 'Littleton', 'state': 'CO', 'country': 'USA'}",
2025-08-14,2025-08-18,401773021,2025-08-16T23:00Z,14,Los Angeles Rams,24,Los Angeles Chargers,14,Los Angeles Rams,16760,Jimmy Garoppolo,QB,Eastern Illinois,"{'city': 'Arlington Heights', 'state': 'IL', 'country': 'USA'}",12
2025-08-14,2025-08-18,401773021,2025-08-16T23:00Z,14,Los Angeles Rams,24,Los Angeles Chargers,14,Los Angeles Rams,2515613,Rob Havenstein,OT,Wisconsin,"{'city': 'Mount Airy', 'state': 'MD', 'country': 'USA'}",11
2025-08-14,2025-08-18,401773021,2025-08-16T23:00Z,14,Los Angeles Rams,24,Los Angeles Chargers,14,Los Angeles Rams,2573401,Tyler Higbee,TE,Western Kentucky,"{'city': 'Clearwater', 'state': 'FL', 'country': 'USA'}",10
2025-08-14,2025-08-18,401773021,2025-08-16T23:00Z,14,Los Angeles Rams,24,Los Angeles Chargers,14,Los Angeles Rams,2971048,D.J. Humphries,OT,Florida,"{'city': 'Union County', 'state': 'NC', 'country': 'USA'}",11
2025-08-14,2025-08-18,401773021,2025-08-16T23:00Z,14,Los Angeles Rams,24,Los Angeles Chargers,14,Los Angeles Rams,4710341,Jarquez Hunter,RB,Auburn,"{'city': 'Philadelphia', 'state': 'MS', 'country': 'USA'}",
2025-08-14,2025-08-18,401773021,2025-08-16T23:00Z,14,Los Angeles Rams,24,Los Angeles Chargers,14,Los Angeles Rams,4036135,Alaric Jackson,OT,Iowa,"{'city': 'Detroit', 'state': 'MI', 'country': 'USA'}",5
2025-08-14,2025-08-18,401773021,2025-08-16T23:00Z,14,Los Angeles Rams,24,Los Angeles Chargers,14,Los Angeles Rams,4582836,Willie Lampkin IV,C,North Carolina,"{'city': 'Lakeland', 'state': 'FL', 'country': 'USA'}",
2025-08-14,2025-08-18,401773021,2025-08-16T23:00Z,14,Los Angeles Rams,24,Los Angeles Chargers,14,Los Angeles Rams,3126261,John Leglue,G,Tulane,"{'city': 'Alexandria', 'state': 'LA', 'country': 'USA'}",2
2025-08-14,2025-08-18,401773021,2025-08-16T23:00Z,14,Los Angeles Rams,24,Los Angeles Chargers,14,Los Angeles Rams,4373079,KT Leveston,G,Kansas State,"{'city': 'Waco', 'state': 'TX', 'country': 'USA'}",2
2025-08-14,2025-08-18,401773021,2025-08-16T23:00Z,14,Los Angeles Rams,24,Los Angeles Chargers,14,Los Angeles Rams,4567175,Beaux Limmer,C,Arkansas,"{'city': 'Tyler', 'state': 'TX', 'country': 'USA'}",2
2025-08-14,2025-08-18,401773021,2025-08-16T23:00Z,14,Los Angeles Rams,24,Los Angeles Chargers,14,Los Angeles Rams,4368423,Mike McAllister,C,Youngstown State,"{'city': 'Pittsburgh', 'state': 'PA', 'country': 'USA'}",1
2025-08-14,2025-08-18,401773021,2025-08-16T23:00Z,14,Los Angeles Rams,24,Los Angeles Chargers,14,Los Angeles Rams,4426512,Warren McClendon Jr.,OT,Georgia,"{'city': 'Brunswick', 'state': 'GA', 'country': 'USA'}",3
2025-08-14,2025-08-18,401773021,2025-08-16T23:00Z,14,Los Angeles Rams,24,Los Angeles Chargers,14,Los Angeles Rams,4430155,Dylan McMahon,C,NC State,"{'city': 'Savannah', 'state': 'GA', 'country': 'USA'}",2
2025-08-14,2025-08-18,401773021,2025-08-16T23:00Z,14,Los Angeles Rams,24,Los Angeles Chargers,14,Los Angeles Rams,4710855,Konata Mumpfield,WR,Pittsburgh,"{'city': 'Hoschton', 'state': 'GA', 'country': 'USA'}",
2025-08-14,2025-08-18,401773021,2025-08-16T23:00Z,14,Los Angeles Rams,24,Los Angeles Chargers,14,Los Angeles Rams,4426515,Puka Nacua,WR,BYU,"{'city': 'Provo', 'state': 'UT', 'country': 'USA'}",3
2025-08-14,2025-08-18,401773021,2025-08-16T23:00Z,14,Los Angeles Rams,24,Los Angeles Chargers,14,Los Angeles Rams,4242557,Colby Parkinson,TE,Stanford,"{'city': 'Simi Valley', 'state': 'CA', 'country': 'USA'}",6
2025-08-14,2025-08-18,401773021,2025-08-16T23:00Z,14,Los Angeles Rams,24,Los Angeles Chargers,14,Los Angeles Rams,4431342,Brennan Presley,WR,Oklahoma State,"{'city': 'Tulsa', 'state': 'OK', 'country': 'USA'}",
2025-08-14,2025-08-18,401773021,2025-08-16T23:00Z,14,Los Angeles Rams,24,Los Angeles Chargers,14,Los Angeles Rams,15946,David Quessenberry,OT,San José State,"{'city': 'Carlsbad', 'state': 'CA', 'country': 'USA'}",8
2025-08-14,2025-08-18,401773021,2025-08-16T23:00Z,14,Los Angeles Rams,24,Los Angeles Chargers,14,Los Angeles Rams,4431346,Mark Redman,TE,Louisville,"{'city': 'Newport Beach', 'state': 'CA', 'country': 'USA'}",
2025-08-14,2025-08-18,401773021,2025-08-16T23:00Z,14,Los Angeles Rams,24,Los Angeles Chargers,14,Los Angeles Rams,4243003,Ronnie Rivers,RB,Fresno State,"{'city': 'Brentwood', 'state': 'CA', 'country': 'USA'}",4
2025-08-14,2025-08-18,401773021,2025-08-16T23:00Z,14,Los Angeles Rams,24,Los Angeles Chargers,14,Los Angeles Rams,4391845,Cody Schrader,RB,Missouri,"{'city': 'St. Louis', 'state': 'MO', 'country': 'USA'}",2
2025-08-14,2025-08-18,401773021,2025-08-16T23:00Z,14,Los Angeles Rams,24,Los Angeles Chargers,14,Los Angeles Rams,3052180,Coleman Shelton,C,Washington,"{'city': 'Pasadena', 'state': 'CA', 'country': 'USA'}",7
2025-08-14,2025-08-18,401773021,2025-08-16T23:00Z,14,Los Angeles Rams,24,Los Angeles Chargers,14,Los Angeles Rams,4386544,Xavier Smith,WR,Florida A&M,"{'city': 'Haines City', 'state': 'FL', 'country': 'USA'}",2
2025-08-14,2025-08-18,401773021,2025-08-16T23:00Z,14,Los Angeles Rams,24,Los Angeles Chargers,14,Los Angeles Rams,12483,Matthew Stafford,QB,Georgia,"{'city': 'Dallas', 'state': 'TX', 'country': 'USA'}",17
2025-08-14,2025-08-18,401773021,2025-08-16T23:00Z,14,Los Angeles Rams,24,Los Angeles Chargers,14,Los Angeles Rams,4360282,Drake Stoops,WR,Oklahoma,"{'city': 'Norman', 'state': 'OK', 'country': 'USA'}",1
2025-08-14,2025-08-18,401773021,2025-08-16T23:00Z,14,Los Angeles Rams,24,Los Angeles Chargers,14,Los Angeles Rams,4428803,Jordan Waters,RB,Northern Illinois,"{'city': 'Fairmont', 'state': 'NC', 'country': 'USA'}",
2025-08-14,2025-08-18,401773021,2025-08-16T23:00Z,14,Los Angeles Rams,24,Los Angeles Chargers,14,Los Angeles Rams,4430812,Trey Wedig,OT,Indiana,"{'city': 'Oconomowoc', 'state': 'WI', 'country': 'USA'}",
2025-08-14,2025-08-18,401773021,2025-08-16T23:00Z,14,Los Angeles Rams,24,Los Angeles Chargers,14,Los Angeles Rams,4569382,Jordan Whittington,WR,Texas,"{'city': 'Cuero', 'state': 'TX', 'country': 'USA'}",2
2025-08-14,2025-08-18,401773021,2025-08-16T23:00Z,14,Los Angeles Rams,24,Los Angeles Chargers,14,Los Angeles Rams,4430737,Kyren Williams,RB,Notre Dame,"{'city': 'St. Louis', 'state': 'MO', 'country': 'USA'}",4
2025-08-14,2025-08-18,401773021,2025-08-16T23:00Z,14,Los Angeles Rams,24,Los Angeles Chargers,14,Los Angeles Rams,4250970,Dresser Winn,QB,UT Martin,"{'city': 'Dresden', 'state': 'TN', 'country': 'USA'}",1
2025-08-14,2025-08-18,401773021,2025-08-16T23:00Z,14,Los Angeles Rams,24,Los Angeles Chargers,14,Los Angeles Rams,4242154,Kam Curl,S,Arkansas,"{'city': 'San Diego', 'state': 'CA', 'country': 'USA'}",6
2025-08-14,2025-08-18,401773021,2025-08-16T23:00Z,14,Los Angeles Rams,24,Los Angeles Chargers,14,Los Angeles Rams,4568217,Tyler Davis,DE,Clemson,"{'city': 'Apopka', 'state': 'FL', 'country': 'USA'}",2
2025-08-14,2025-08-18,401773021,2025-08-16T23:00Z,14,Los Angeles Rams,24,Los Angeles Chargers,14,Los Angeles Rams,4569006,Malik Dixon-Williams,S,UConn,"{'city': 'Orlando', 'state': 'FL', 'country': 'USA'}",
2025-08-14,2025-08-18,401773021,2025-08-16T23:00Z,14,Los Angeles Rams,24,Los Angeles Chargers,14,Los Angeles Rams,4693848,Shaun Dolac,LB,Buffalo,"{'city': 'West Seneca', 'state': 'NY', 'country': 'USA'}",
2025-08-14,2025-08-18,401773021,2025-08-16T23:00Z,14,Los Angeles Rams,24,Los Angeles Chargers,14,Los Angeles Rams,4384549,Cobie Durant,CB,South Carolina State,"{'city': 'Lamar', 'state': 'SC', 'country': 'USA'}",4
2025-08-14,2025-08-18,401773021,2025-08-16T23:00Z,14,Los Angeles Rams,24,Los Angeles Chargers,14,Los Angeles Rams,4245655,Tony Fields II,LB,West Virginia,"{'city': 'Las Vegas', 'state': 'NV', 'country': 'USA'}",5
2025-08-14,2025-08-18,401773021,2025-08-16T23:00Z,14,Los Angeles Rams,24,Los Angeles Chargers,14,Los Angeles Rams,4362245,Braden Fiske,DE,Florida State,"{'city': 'Michigan City', 'state': 'IN', 'country': 'USA'}",2
2025-08-14,2025-08-18,401773021,2025-08-16T23:00Z,14,Los Angeles Rams,24,Los Angeles Chargers,14,Los Angeles Rams,4429767,Emmanuel Forbes Jr.,CB,Mississippi State,"{'city': 'Grenada', 'state': 'MS', 'country': 'USA'}",3
2025-08-14,2025-08-18,401773021,2025-08-16T23:00Z,14,Los Angeles Rams,24,Los Angeles Chargers,14,Los Angeles Rams,3125114,Poona Ford,DT,Texas,"{'city': 'Hilton Head Island', 'state': 'SC', 'country': 'USA'}",8
2025-08-14,2025-08-18,401773021,2025-08-16T23:00Z,14,Los Angeles Rams,24,Los Angeles Chargers,14,Los Angeles Rams,4038437,A.J. Green,CB,Oklahoma State,"{'city': 'Desoto', 'state': 'TX', 'country': 'USA'}",3
2025-08-14,2025-08-18,401773021,2025-08-16T23:00Z,14,Los Angeles Rams,24,Los Angeles Chargers,14,Los Angeles Rams,4431118,Ty Hamilton,DT,Ohio State,"{'city': 'Pickerington', 'state': 'OH', 'country': 'USA'}",
2025-08-14,2025-08-18,401773021,2025-08-16T23:00Z,14,Los Angeles Rams,24,Los Angeles Chargers,14,Los Angeles Rams,4360773,Nick Hampton,LB,App State,"{'city': 'Anderson', 'state': 'SC', 'country': 'USA'}",3
2025-08-14,2025-08-18,401773021,2025-08-16T23:00Z,14,Los Angeles Rams,24,Los Angeles Chargers,14,Los Angeles Rams,4605861,Decarius Hawthorne,DT,South Florida,"{'city': 'Birmingham', 'state': 'AL', 'country': 'USA'}",
2025-08-14,2025-08-18,401773021,2025-08-16T23:00Z,14,Los Angeles Rams,24,Los Angeles Chargers,14,Los Angeles Rams,4039485,Jack Heflin,DT,Iowa,"{'city': 'Prophetstown', 'state': 'IL', 'country': 'USA'}",2
2025-08-14,2025-08-18,401773021,2025-08-16T23:00Z,14,Los Angeles Rams,24,Los Angeles Chargers,14,Los Angeles Rams,4361651,Tanner Ingle,S,NC State,"{'city': 'Orlando', 'state': 'FL', 'country': 'USA'}",1
2025-08-14,2025-08-18,401773021,2025-08-16T23:00Z,14,Los Angeles Rams,24,Los Angeles Chargers,14,Los Angeles Rams,4373471,Brennan Jackson,LB,Washington State,"{'city': 'Temecula', 'state': 'CA', 'country': 'USA'}",2
2025-08-14,2025-08-18,401773021,2025-08-16T23:00Z,14,Los Angeles Rams,24,Los Angeles Chargers,14,Los Angeles Rams,4362294,Desjuan Johnson,DE,Toledo,"{'city': 'Detroit', 'state': 'MI', 'country': 'USA'}",3
2025-08-14,2025-08-18,401773021,2025-08-16T23:00Z,14,Los Angeles Rams,24,Los Angeles Chargers,14,Los Angeles Rams,4241008,Shaun Jolly,CB,App State,"{'city': 'Stone Mountain', 'state': 'GA', 'country': 'USA'}",3
2025-08-14,2025-08-18,401773021,2025-08-16T23:00Z,14,Los Angeles Rams,24,Los Angeles Chargers,14,Los Angeles Rams,4360307,Derion Kendrick,CB,Georgia,"{'city': 'Rock Hill', 'state': 'SC', 'country': 'USA'}",4
2025-08-14,2025-08-18,401773021,2025-08-16T23:00Z,14,Los Angeles Rams,24,Los Angeles Chargers,14,Los Angeles Rams,4596363,Kamren Kinchens,S,Miami,"{'city': 'Miami', 'state': 'FL', 'country': 'USA'}",2
2025-08-14,2025-08-18,401773021,2025-08-16T23:00Z,14,Los Angeles Rams,24,Los Angeles Chargers,14,Los Angeles Rams,4249128,Quentin Lake,S,UCLA,"{'city': 'Irvine', 'state': 'CA', 'country': 'USA'}",4
2025-08-14,2025-08-18,401773021,2025-08-16T23:00Z,14,Los Angeles Rams,24,Los Angeles Chargers,14,Los Angeles Rams,4427752,Cam Lampkin,CB,Washington State,"{'city': 'Mesquite', 'state': 'TX', 'country': 'USA'}",1
2025-08-14,2025-08-18,401773021,2025-08-16T23:00Z,14,Los Angeles Rams,24,Los Angeles Chargers,14,Los Angeles Rams,4243181,Nate Landman,LB,Colorado,"{'city': 'Danville', 'state': 'CA', 'country': 'USA'}",4
2025-08-14,2025-08-18,401773021,2025-08-16T23:00Z,14,Los Angeles Rams,24,Los Angeles Chargers,14,Los Angeles Rams,4427120,Jaylen McCollough,S,Tennessee,"{'city': 'Austell', 'state': 'GA', 'country': 'USA'}",2
2025-08-14,2025-08-18,401773021,2025-08-16T23:00Z,14,Los Angeles Rams,24,Los Angeles Chargers,14,Los Angeles Rams,4430211,Jamil Muhammad,LB,USC,"{'city': 'Madison', 'state': 'AL', 'country': 'USA'}",
2025-08-14,2025-08-18,401773021,2025-08-16T23:00Z,14,Los Angeles Rams,24,Los Angeles Chargers,14,Los Angeles Rams,4240123,Larrell Murchison,DE,NC State,"{'city': 'Elizabethtown', 'state': 'NC', 'country': 'USA'}",6
2025-08-14,2025-08-18,401773021,2025-08-16T23:00Z,14,Los Angeles Rams,24,Los Angeles Chargers,14,Los Angeles Rams,4428098,Elias Neal,LB,Marshall,"{'city': 'Memphis', 'state': 'TN', 'country': 'USA'}",2
2025-08-14,2025-08-18,401773021,2025-08-16T23:00Z,14,Los Angeles Rams,24,Los Angeles Chargers,14,Los Angeles Rams,4426401,Bill Norton,DT,Texas,"{'city': 'Memphis', 'state': 'TN', 'country': 'USA'}",
2025-08-14,2025-08-18,401773021,2025-08-16T23:00Z,14,Los Angeles Rams,24,Los Angeles Chargers,14,Los Angeles Rams,4602943,Chris Paul Jr.,LB,Ole Miss,"{'city': 'Cordele', 'state': 'GA', 'country': 'USA'}",
2025-08-14,2025-08-18,401773021,2025-08-16T23:00Z,14,Los Angeles Rams,24,Los Angeles Chargers,14,Los Angeles Rams,4428204,Josh Pearcy,LB,Rice,"{'city': 'Moorestown', 'state': 'NJ', 'country': 'USA'}",
2025-08-14,2025-08-18,401773021,2025-08-16T23:00Z,14,Los Angeles Rams,24,Los Angeles Chargers,14,Los Angeles Rams,3116177,Troy Reeder,LB,Delaware,"{'city': 'Hockessin', 'state': 'DE', 'country': 'USA'}",7
2025-08-14,2025-08-18,401773021,2025-08-16T23:00Z,14,Los Angeles Rams,24,Los Angeles Chargers,14,Los Angeles Rams,4428550,Omar Speights,LB,LSU,"{'city': 'Philadelphia', 'state': 'PA', 'country': 'USA'}",2
2025-08-14,2025-08-18,401773021,2025-08-16T23:00Z,14,Los Angeles Rams,24,Los Angeles Chargers,14,Los Angeles Rams,4682983,Josaiah Stewart,LB,Michigan,"{'city': 'Bronx', 'state': 'NY', 'country': 'USA'}",
2025-08-14,2025-08-18,401773021,2025-08-16T23:00Z,14,Los Angeles Rams,24,Los Angeles Chargers,14,Los Angeles Rams,4428637,Da'Jon Terry,DT,Oklahoma,"{'city': 'Meridian', 'state': 'MS', 'country': 'USA'}",
2025-08-14,2025-08-18,401773021,2025-08-16T23:00Z,14,Los Angeles Rams,24,Los Angeles Chargers,14,Los Angeles Rams,4250621,Kobie Turner,DE,Wake Forest,"{'city': 'Clifton', 'state': 'VA', 'country': 'USA'}",3
2025-08-14,2025-08-18,401773021,2025-08-16T23:00Z,14,Los Angeles Rams,24,Los Angeles Chargers,14,Los Angeles Rams,4695781,Nate Valcarcel,S,Northern Illinois,"{'city': 'Greenfield', 'state': 'WI', 'country': 'USA'}",
2025-08-14,2025-08-18,401773021,2025-08-16T23:00Z,14,Los Angeles Rams,24,Los Angeles Chargers,14,Los Angeles Rams,4578085,Jared Verse,LB,Florida State,"{'city': 'Dayton', 'state': 'OH', 'country': 'USA'}",2
2025-08-14,2025-08-18,401773021,2025-08-16T23:00Z,14,Los Angeles Rams,24,Los Angeles Chargers,14,Los Angeles Rams,4572371,Josh Wallace,CB,Michigan,"{'city': 'Bowie', 'state': 'MD', 'country': 'USA'}",2
2025-08-14,2025-08-18,401773021,2025-08-16T23:00Z,14,Los Angeles Rams,24,Los Angeles Chargers,14,Los Angeles Rams,4239833,Darious Williams,CB,UAB,"{'city': 'Jacksonville', 'state': 'FL', 'country': 'USA'}",8
2025-08-14,2025-08-18,401773021,2025-08-16T23:00Z,14,Los Angeles Rams,24,Los Angeles Chargers,14,Los Angeles Rams,3122630,Ahkello Witherspoon,CB,Colorado,"{'city': 'Sacramento', 'state': 'CA', 'country': 'USA'}",9
2025-08-14,2025-08-18,401773021,2025-08-16T23:00Z,14,Los Angeles Rams,24,Los Angeles Chargers,14,Los Angeles Rams,4368113,Charles Woods,CB,SMU,"{'city': 'Dallas', 'state': 'TX', 'country': 'USA'}",2
2025-08-14,2025-08-18,401773021,2025-08-16T23:00Z,14,Los Angeles Rams,24,Los Angeles Chargers,14,Los Angeles Rams,4875196,Byron Young,LB,Tennessee,"{'city': 'Georgetown', 'state': 'SC', 'country': 'USA'}",3
2025-08-14,2025-08-18,401773021,2025-08-16T23:00Z,14,Los Angeles Rams,24,Los Angeles Chargers,14,Los Angeles Rams,5125875,Ethan Evans,P,Wingate,"{'city': 'Mount Airy', 'state': 'NC', 'country': 'USA'}",3
2025-08-14,2025-08-18,401773021,2025-08-16T23:00Z,14,Los Angeles Rams,24,Los Angeles Chargers,14,Los Angeles Rams,4566192,Joshua Karty,PK,Stanford,"{'city': 'Burlington', 'state': 'NC', 'country': 'USA'}",2
2025-08-14,2025-08-18,401773021,2025-08-16T23:00Z,14,Los Angeles Rams,24,Los Angeles Chargers,14,Los Angeles Rams,4243545,Alex Ward,LS,UCF,"{'city': 'Fort Walton Beach', 'state': 'FL', 'country': 'USA'}",3
2025-08-14,2025-08-18,401773021,2025-08-16T23:00Z,14,Los Angeles Rams,24,Los Angeles Chargers,14,Los Angeles Rams,4038843,Keir Thomas,LB,Florida State,"{'city': 'Miami', 'state': 'FL', 'country': 'USA'}",3
2025-08-14,2025-08-18,401773021,2025-08-16T23:00Z,14,Los Angeles Rams,24,Los Angeles Chargers,24,Los Angeles Chargers,15818,Keenan Allen,WR,California,"{'city': 'Greensboro', 'state': 'NC', 'country': 'USA'}",13
2025-08-14,2025-08-18,401773021,2025-08-16T23:00Z,14,Los Angeles Rams,24,Los Angeles Chargers,24,Los Angeles Chargers,4683487,Joe Alt,OT,Notre Dame,"{'city': 'North Oaks', 'state': 'MN', 'country': 'USA'}",2
2025-08-14,2025-08-18,401773021,2025-08-16T23:00Z,14,Los Angeles Rams,24,Los Angeles Chargers,24,Los Angeles Chargers,4426638,Karsen Barnhart,G,Michigan,"{'city': 'Paw Paw', 'state': 'MI', 'country': 'USA'}",1
2025-08-14,2025-08-18,401773021,2025-08-16T23:00Z,14,Los Angeles Rams,24,Los Angeles Chargers,24,Los Angeles Chargers,4240090,Mekhi Becton,G,Louisville,"{'city': 'Highland Springs', 'state': 'VA', 'country': 'USA'}",6
2025-08-14,2025-08-18,401773021,2025-08-16T23:00Z,14,Los Angeles Rams,24,Los Angeles Chargers,24,Los Angeles Chargers,3054842,Bradley Bozeman,C,Alabama,"{'city': 'Roanoke', 'state': 'AL', 'country': 'USA'}",8
2025-08-14,2025-08-18,401773021,2025-08-16T23:00Z,14,Los Angeles Rams,24,Los Angeles Chargers,24,Los Angeles Chargers,4569372,Dalevon Campbell,WR,South Carolina,"{'city': 'Missouri City', 'state': 'TX', 'country': 'USA'}",
2025-08-14,2025-08-18,401773021,2025-08-16T23:00Z,14,Los Angeles Rams,24,Los Angeles Chargers,24,Los Angeles Chargers,3915486,Tyler Conklin,TE,Central Michigan,"{'city': 'Chesterfield', 'state': 'MI', 'country': 'USA'}",8
2025-08-14,2025-08-18,401773021,2025-08-16T23:00Z,14,Los Angeles Rams,24,Los Angeles Chargers,24,Los Angeles Chargers,4362477,Derius Davis,WR,TCU,"{'city': 'Saint Francisville', 'state': 'LA', 'country': 'USA'}",3
2025-08-14,2025-08-18,401773021,2025-08-16T23:00Z,14,Los Angeles Rams,24,Los Angeles Chargers,24,Los Angeles Chargers,3127292,Will Dissly,TE,Washington,"{'city': 'Bozeman', 'state': 'MT', 'country': 'USA'}",8
2025-08-14,2025-08-18,401773021,2025-08-16T23:00Z,14,Los Angeles Rams,24,Los Angeles Chargers,24,Los Angeles Chargers,4242558,Tucker Fisk,TE,Stanford,"{'city': 'Davis', 'state': 'CA', 'country': 'USA'}",2
2025-08-14,2025-08-18,401773021,2025-08-16T23:00Z,14,Los Angeles Rams,24,Los Angeles Chargers,24,Los Angeles Chargers,4595342,Oronde Gadsden II,TE,Syracuse,"{'city': 'Fort Lauderdale', 'state': 'FL', 'country': 'USA'}",
2025-08-14,2025-08-18,401773021,2025-08-16T23:00Z,14,Los Angeles Rams,24,Los Angeles Chargers,24,Los Angeles Chargers,4433830,Luke Grimm,WR,Kansas,"{'city': 'Raymore', 'state': 'MO', 'country': 'USA'}",
2025-08-14,2025-08-18,401773021,2025-08-16T23:00Z,14,Los Angeles Rams,24,Los Angeles Chargers,24,Los Angeles Chargers,4685382,Omarion Hampton,RB,North Carolina,"{'city': 'Clayton', 'state': 'NC', 'country': 'USA'}",
2025-08-14,2025-08-18,401773021,2025-08-16T23:00Z,14,Los Angeles Rams,24,Los Angeles Chargers,24,Los Angeles Chargers,4241457,Najee Harris,RB,Alabama,"{'city': 'Antioch', 'state': 'CA', 'country': 'USA'}",5
2025-08-14,2025-08-18,401773021,2025-08-16T23:00Z,14,Los Angeles Rams,24,Los Angeles Chargers,24,Los Angeles Chargers,4686612,Tre Harris,WR,Ole Miss,"{'city': 'Lafayette', 'state': 'LA', 'country': 'USA'}",
2025-08-14,2025-08-18,401773021,2025-08-16T23:00Z,14,Los Angeles Rams,24,Los Angeles Chargers,24,Los Angeles Chargers,4372071,Hassan Haskins,RB,Michigan,"{'city': 'St. Louis', 'state': 'MO', 'country': 'USA'}",4
2025-08-14,2025-08-18,401773021,2025-08-16T23:00Z,14,Los Angeles Rams,24,Los Angeles Chargers,24,Los Angeles Chargers,2565969,Taylor Heinicke,QB,Old Dominion,"{'city': 'Lawrenceville', 'state': 'GA', 'country': 'USA'}",8
2025-08-14,2025-08-18,401773021,2025-08-16T23:00Z,14,Los Angeles Rams,24,Los Angeles Chargers,24,Los Angeles Chargers,4038941,Justin Herbert,QB,Oregon,"{'city': 'Eugene', 'state': 'OR', 'country': 'USA'}",6
2025-08-14,2025-08-18,401773021,2025-08-16T23:00Z,14,Los Angeles Rams,24,Los Angeles Chargers,24,Los Angeles Chargers,5160748,JaQuae Jackson,WR,Rutgers,"{'city': 'Pittsburgh', 'state': 'PA', 'country': 'USA'}",2
2025-08-14,2025-08-18,401773021,2025-08-16T23:00Z,14,Los Angeles Rams,24,Los Angeles Chargers,24,Los Angeles Chargers,3932244,Andre James,C,UCLA,"{'city': 'Herriman', 'state': 'UT', 'country': 'USA'}",7
2025-08-14,2025-08-18,401773021,2025-08-16T23:00Z,14,Los Angeles Rams,24,Los Angeles Chargers,24,Los Angeles Chargers,4379405,Jaylen Johnson,WR,East Carolina,"{'city': 'Duluth', 'state': 'GA', 'country': 'USA'}",1
2025-08-14,2025-08-18,401773021,2025-08-16T23:00Z,14,Los Angeles Rams,24,Los Angeles Chargers,24,Los Angeles Chargers,4247347,Zion Johnson,G,Boston College,"{'city': 'Bowie', 'state': 'MD', 'country': 'USA'}",4
2025-08-14,2025-08-18,401773021,2025-08-16T23:00Z,14,Los Angeles Rams,24,Los Angeles Chargers,24,Los Angeles Chargers,4429025,Quentin Johnston,WR,TCU,"{'city': 'Temple', 'state': 'TX', 'country': 'USA'}",3
2025-08-14,2025-08-18,401773021,2025-08-16T23:00Z,14,Los Angeles Rams,24,Los Angeles Chargers,24,Los Angeles Chargers,4688371,Nash Jones,G,Texas State,"{'city': 'Nacogdoches', 'state': 'TX', 'country': 'USA'}",
2025-08-14,2025-08-18,401773021,2025-08-16T23:00Z,14,Los Angeles Rams,24,Los Angeles Chargers,24,Los Angeles Chargers,4430114,Josh Kaltenberger,C,Maryland,"{'city': 'Pittsburgh', 'state': 'PA', 'country': 'USA'}",
2025-08-14,2025-08-18,401773021,2025-08-16T23:00Z,14,Los Angeles Rams,24,Los Angeles Chargers,24,Los Angeles Chargers,4686438,Stevo Klotz,TE,Iowa State,"{'city': 'Chaska', 'state': 'MN', 'country': 'USA'}",
2025-08-14,2025-08-18,401773021,2025-08-16T23:00Z,14,Los Angeles Rams,24,Los Angeles Chargers,24,Los Angeles Chargers,4430870,KeAndre Lambert-Smith,WR,Auburn,"{'city': 'Norfolk', 'state': 'VA', 'country': 'USA'}",
2025-08-14,2025-08-18,401773021,2025-08-16T23:00Z,14,Los Angeles Rams,24,Los Angeles Chargers,24,Los Angeles Chargers,4383351,Trey Lance,QB,North Dakota State,"{'city': 'Marshall', 'state': 'MN', 'country': 'USA'}",5
2025-08-14,2025-08-18,401773021,2025-08-16T23:00Z,14,Los Angeles Rams,24,Los Angeles Chargers,24,Los Angeles Chargers,4373684,Scott Matlock,FB,Boise State,"{'city': 'Homedale', 'state': 'ID', 'country': 'USA'}",3
2025-08-14,2025-08-18,401773021,2025-08-16T23:00Z,14,Los Angeles Rams,24,Los Angeles Chargers,24,Los Angeles Chargers,4612826,Ladd McConkey,WR,Georgia,"{'city': 'Chatsworth', 'state': 'GA', 'country': 'USA'}",2
2025-08-14,2025-08-18,401773021,2025-08-16T23:00Z,14,Los Angeles Rams,24,Los Angeles Chargers,24,Los Angeles Chargers,3916430,Nyheim Miller-Hines,RB,NC State,"{'city': 'Garner', 'state': 'NC', 'country': 'USA'}",6
2025-08-14,2025-08-18,401773021,2025-08-16T23:00Z,14,Los Angeles Rams,24,Los Angeles Chargers,24,Los Angeles Chargers,4240843,Ryan Nelson,OT,Virginia,"{'city': 'Buena Park', 'state': 'CA', 'country': 'USA'}",1
2025-08-14,2025-08-18,401773021,2025-08-16T23:00Z,14,Los Angeles Rams,24,Los Angeles Chargers,24,Los Angeles Chargers,4362452,Jaret Patterson,RB,Buffalo,"{'city': 'Glendale', 'state': 'MO', 'country': 'USA'}",2
2025-08-14,2025-08-18,401773021,2025-08-16T23:00Z,14,Los Angeles Rams,24,Los Angeles Chargers,24,Los Angeles Chargers,4411189,Trey Pipkins III,G,Sioux Falls,"{'city': 'Apple Valley', 'state': 'MN', 'country': 'USA'}",7
2025-08-14,2025-08-18,401773021,2025-08-16T23:00Z,14,Los Angeles Rams,24,Los Angeles Chargers,24,Los Angeles Chargers,4241802,Jalen Reagor,WR,TCU,"{'city': 'Waxahachie', 'state': 'TX', 'country': 'USA'}",6
2025-08-14,2025-08-18,401773021,2025-08-16T23:00Z,14,Los Angeles Rams,24,Los Angeles Chargers,24,Los Angeles Chargers,4686781,Brenden Rice,WR,USC,"{'city': 'Chandler', 'state': 'AZ', 'country': 'USA'}",2
2025-08-14,2025-08-18,401773021,2025-08-16T23:00Z,14,Los Angeles Rams,24,Los Angeles Chargers,24,Los Angeles Chargers,4379412,Jamaree Salyer,G,Georgia,"{'city': 'Atlanta', 'state': 'GA', 'country': 'USA'}",4
2025-08-14,2025-08-18,401773021,2025-08-16T23:00Z,14,Los Angeles Rams,24,Los Angeles Chargers,24,Los Angeles Chargers,4601080,Raheim Sanders,RB,South Carolina,"{'city': 'Rockledge', 'state': 'FL', 'country': 'USA'}",
2025-08-14,2025-08-18,401773021,2025-08-16T23:00Z,14,Los Angeles Rams,24,Los Angeles Chargers,24,Los Angeles Chargers,3121656,David Sharpe,OT,Florida,"{'city': 'Jacksonville', 'state': 'FL', 'country': 'USA'}",6
2025-08-14,2025-08-18,401773021,2025-08-16T23:00Z,14,Los Angeles Rams,24,Los Angeles Chargers,24,Los Angeles Chargers,4606672,Corey Stewart,OT,Purdue,"{'city': 'Nashville', 'state': 'TN', 'country': 'USA'}",
2025-08-14,2025-08-18,401773021,2025-08-16T23:00Z,14,Los Angeles Rams,24,Los Angeles Chargers,24,Los Angeles Chargers,4433914,Branson Taylor,G,Pittsburgh,"{'city': 'Lorain', 'state': 'OH', 'country': 'USA'}",
2025-08-14,2025-08-18,401773021,2025-08-16T23:00Z,14,Los Angeles Rams,24,Los Angeles Chargers,24,Los Angeles Chargers,4429020,DJ Uiagalelei,QB,Florida State,"{'city': 'Inland Empire', 'state': 'CA', 'country': 'USA'}",
2025-08-14,2025-08-18,401773021,2025-08-16T23:00Z,14,Los Angeles Rams,24,Los Angeles Chargers,24,Los Angeles Chargers,4430968,Kimani Vidal,RB,Troy,"{'city': 'Marietta', 'state': 'GA', 'country': 'USA'}",2
2025-08-14,2025-08-18,401773021,2025-08-16T23:00Z,14,Los Angeles Rams,24,Los Angeles Chargers,24,Los Angeles Chargers,4361027,Thomas Yassmin,TE,Utah,"{'city': 'Sydney', 'state': 'NSW', 'country': 'Australia'}",1
2025-08-14,2025-08-18,401773021,2025-08-16T23:00Z,14,Los Angeles Rams,24,Los Angeles Chargers,24,Los Angeles Chargers,4426513,Trikweze Bridges,S,Florida,"{'city': 'Lanett', 'state': 'AL', 'country': 'USA'}",
2025-08-14,2025-08-18,401773021,2025-08-16T23:00Z,14,Los Angeles Rams,24,Los Angeles Chargers,24,Los Angeles Chargers,5089178,Jamaree Caldwell,DT,Oregon,"{'city': 'Newberry', 'state': 'SC', 'country': 'USA'}",
2025-08-14,2025-08-18,401773021,2025-08-16T23:00Z,14,Los Angeles Rams,24,Los Angeles Chargers,24,Los Angeles Chargers,4431212,Junior Colson,LB,Michigan,"{'city': 'Mirebalais', 'country': 'Haiti'}",2
2025-08-14,2025-08-18,401773021,2025-08-16T23:00Z,14,Los Angeles Rams,24,Los Angeles Chargers,24,Los Angeles Chargers,2576702,Bud Dupree,LB,Kentucky,"{'city': 'Irwinton', 'state': 'GA', 'country': 'USA'}",11
2025-08-14,2025-08-18,401773021,2025-08-16T23:00Z,14,Los Angeles Rams,24,Los Angeles Chargers,24,Los Angeles Chargers,4038946,Troy Dye,LB,Oregon,"{'city': 'Norco', 'state': 'CA', 'country': 'USA'}",6
2025-08-14,2025-08-18,401773021,2025-08-16T23:00Z,14,Los Angeles Rams,24,Los Angeles Chargers,24,Los Angeles Chargers,4567138,Justin Eboigbe,DT,Alabama,"{'city': 'Forest Park', 'state': 'GA', 'country': 'USA'}",2
2025-08-14,2025-08-18,401773021,2025-08-16T23:00Z,14,Los Angeles Rams,24,Los Angeles Chargers,24,Los Angeles Chargers,4431077,TeRah Edwards,DT,Illinois,"{'city': 'Groveport', 'state': 'OH', 'country': 'USA'}",
2025-08-14,2025-08-18,401773021,2025-08-16T23:00Z,14,Los Angeles Rams,24,Los Angeles Chargers,24,Los Angeles Chargers,4039413,Alohi Gilman,S,Notre Dame,"{'city': 'Laie', 'state': 'HI', 'country': 'USA'}",6
2025-08-14,2025-08-18,401773021,2025-08-16T23:00Z,14,Los Angeles Rams,24,Los Angeles Chargers,24,Los Angeles Chargers,5082390,Kylan Guidry,LB,Western Kentucky,"{'city': 'Opelousas', 'state': 'LA', 'country': 'USA'}",
2025-08-14,2025-08-18,401773021,2025-08-16T23:00Z,14,Los Angeles Rams,24,Los Angeles Chargers,24,Los Angeles Chargers,3126352,Da'Shawn Hand,DT,Alabama,"{'city': 'Woodbridge', 'state': 'VA', 'country': 'USA'}",8
2025-08-14,2025-08-18,401773021,2025-08-16T23:00Z,14,Los Angeles Rams,24,Los Angeles Chargers,24,Los Angeles Chargers,4259170,Harrison Hand,CB,Temple,"{'city': 'Cherry Hill', 'state': 'NJ', 'country': 'USA'}",4
2025-08-14,2025-08-18,401773021,2025-08-16T23:00Z,14,Los Angeles Rams,24,Los Angeles Chargers,24,Los Angeles Chargers,4427404,Cam Hart,CB,Notre Dame,"{'city': 'Baltimore', 'state': 'MD', 'country': 'USA'}",2
2025-08-14,2025-08-18,401773021,2025-08-16T23:00Z,14,Los Angeles Rams,24,Los Angeles Chargers,24,Los Angeles Chargers,4241597,Daiyan Henley,LB,Washington State,"{'city': 'Los Angeles', 'state': 'CA', 'country': 'USA'}",3
2025-08-14,2025-08-18,401773021,2025-08-16T23:00Z,14,Los Angeles Rams,24,Los Angeles Chargers,24,Los Angeles Chargers,4426583,Christopher Hinton,DT,Michigan,"{'city': 'Johns Creek', 'state': 'GA', 'country': 'USA'}",2
2025-08-14,2025-08-18,401773021,2025-08-16T23:00Z,14,Los Angeles Rams,24,Los Angeles Chargers,24,Los Angeles Chargers,3843769,Donte Jackson,CB,LSU,"{'city': 'Metairie', 'state': 'LA', 'country': 'USA'}",7
2025-08-14,2025-08-18,401773021,2025-08-16T23:00Z,14,Los Angeles Rams,24,Los Angeles Chargers,24,Los Angeles Chargers,3691739,Derwin James Jr.,S,Florida State,"{'city': 'Haines City', 'state': 'FL', 'country': 'USA'}",8
2025-08-14,2025-08-18,401773021,2025-08-16T23:00Z,14,Los Angeles Rams,24,Los Angeles Chargers,24,Los Angeles Chargers,16195,Tony Jefferson,S,Oklahoma,"{'city': 'Chula Vista', 'state': 'CA', 'country': 'USA'}",11
2025-08-14,2025-08-18,401773021,2025-08-16T23:00Z,14,Los Angeles Rams,24,Los Angeles Chargers,24,Los Angeles Chargers,4361437,Emany Johnson,LB,Nevada,"{'city': 'Richmond', 'state': 'CA', 'country': 'USA'}",1
2025-08-14,2025-08-18,401773021,2025-08-16T23:00Z,14,Los Angeles Rams,24,Los Angeles Chargers,24,Los Angeles Chargers,4683330,Jaylen Jones,S,Virginia Tech,"{'city': 'Richmond', 'state': 'VA', 'country': 'USA'}",
2025-08-14,2025-08-18,401773021,2025-08-16T23:00Z,14,Los Angeles Rams,24,Los Angeles Chargers,24,Los Angeles Chargers,4046716,Naquan Jones,DT,Michigan State,"{'city': 'Evanston', 'state': 'IL', 'country': 'USA'}",5
2025-08-14,2025-08-18,401773021,2025-08-16T23:00Z,14,Los Angeles Rams,24,Los Angeles Chargers,24,Los Angeles Chargers,4432333,Kyle Kennard,LB,South Carolina,"{'city': 'Atlanta', 'state': 'GA', 'country': 'USA'}",
2025-08-14,2025-08-18,401773021,2025-08-16T23:00Z,14,Los Angeles Rams,24,Los Angeles Chargers,24,Los Angeles Chargers,4690171,Deane Leonard,CB,Ole Miss,"{'city': 'Calgary', 'state': 'AB', 'country': 'Canada'}",4
2025-08-14,2025-08-18,401773021,2025-08-16T23:00Z,14,Los Angeles Rams,24,Los Angeles Chargers,24,Los Angeles Chargers,16710,Khalil Mack,LB,Buffalo,"{'city': 'Fort Pierce', 'state': 'FL', 'country': 'USA'}",12
2025-08-14,2025-08-18,401773021,2025-08-16T23:00Z,14,Los Angeles Rams,24,Los Angeles Chargers,24,Los Angeles Chargers,4360855,Kana'i Mauga,LB,USC,"{'city': 'Waianae', 'state': 'HI', 'country': 'USA'}",3
2025-08-14,2025-08-18,401773021,2025-08-16T23:00Z,14,Los Angeles Rams,24,Los Angeles Chargers,24,Los Angeles Chargers,4429018,RJ Mickens,S,Clemson,"{'city': 'Southlake', 'state': 'TX', 'country': 'USA'}",
2025-08-14,2025-08-18,401773021,2025-08-16T23:00Z,14,Los Angeles Rams,24,Los Angeles Chargers,24,Los Angeles Chargers,4243328,Elijah Molden,CB,Washington,"{'city': 'West Linn', 'state': 'OR', 'country': 'USA'}",5
2025-08-14,2025-08-18,401773021,2025-08-16T23:00Z,14,Los Angeles Rams,24,Los Angeles Chargers,24,Los Angeles Chargers,4428058,Tre'Mon Morris-Brash,LB,UCF,"{'city': 'Richmond', 'state': 'VA', 'country': 'USA'}",1
2025-08-14,2025-08-18,401773021,2025-08-16T23:00Z,14,Los Angeles Rams,24,Los Angeles Chargers,24,Los Angeles Chargers,4911489,Caleb Murphy,LB,Ferris State,"{'city': 'Dowagiac', 'state': 'MI', 'country': 'USA'}",3
2025-08-14,2025-08-18,401773021,2025-08-16T23:00Z,14,Los Angeles Rams,24,Los Angeles Chargers,24,Los Angeles Chargers,4367210,Otito Ogbonnia,DT,UCLA,"{'city': 'Houston', 'state': 'TX', 'country': 'USA'}",4
2025-08-14,2025-08-18,401773021,2025-08-16T23:00Z,14,Los Angeles Rams,24,Los Angeles Chargers,24,Los Angeles Chargers,2579621,Denzel Perryman,LB,Miami,"{'city': 'Coral Gables', 'state': 'FL', 'country': 'USA'}",11
2025-08-14,2025-08-18,401773021,2025-08-16T23:00Z,14,Los Angeles Rams,24,Los Angeles Chargers,24,Los Angeles Chargers,4240528,Del'Shawn Phillips,LB,Illinois,"{'city': 'Highland Park', 'state': 'MI', 'country': 'USA'}",6
2025-08-14,2025-08-18,401773021,2025-08-16T23:00Z,14,Los Angeles Rams,24,Los Angeles Chargers,24,Los Angeles Chargers,4701177,Myles Purchase,CB,Iowa State,"{'city': 'Denver', 'state': 'CO', 'country': 'USA'}",
2025-08-14,2025-08-18,401773021,2025-08-16T23:00Z,14,Los Angeles Rams,24,Los Angeles Chargers,24,Los Angeles Chargers,4428304,Garmon Randolph,LB,Baylor,"{'city': 'Jefferson', 'state': 'GA', 'country': 'USA'}",
2025-08-14,2025-08-18,401773021,2025-08-16T23:00Z,14,Los Angeles Rams,24,Los Angeles Chargers,24,Los Angeles Chargers,4691043,Nikko Reed,CB,Oregon,"{'city': 'Oakland', 'state': 'CA', 'country': 'USA'}",
2025-08-14,2025-08-18,401773021,2025-08-16T23:00Z,14,Los Angeles Rams,24,Los Angeles Chargers,24,Los Angeles Chargers,4433895,Eric Rogers,CB,Rutgers,"{'city': 'Burlington', 'state': 'NJ', 'country': 'USA'}",
2025-08-14,2025-08-18,401773021,2025-08-16T23:00Z,14,Los Angeles Rams,24,Los Angeles Chargers,24,Los Angeles Chargers,4361544,Nehemiah Shelton,CB,San José State,"{'city': 'Gardena', 'state': 'CA', 'country': 'USA'}",1
2025-08-14,2025-08-18,401773021,2025-08-16T23:00Z,14,Los Angeles Rams,24,Los Angeles Chargers,24,Los Angeles Chargers,4362497,Nesta Jade Silvera,DT,Arizona State,"{'city': 'Broward County', 'state': 'FL', 'country': 'USA'}",3
2025-08-14,2025-08-18,401773021,2025-08-16T23:00Z,14,Los Angeles Rams,24,Los Angeles Chargers,24,Los Angeles Chargers,4258206,Benjamin St-Juste,CB,Minnesota,"{'city': 'Montreal', 'state': 'PQ', 'country': 'Canada'}",5
2025-08-14,2025-08-18,401773021,2025-08-16T23:00Z,14,Los Angeles Rams,24,Los Angeles Chargers,24,Los Angeles Chargers,4432571,Tarheeb Still,CB,Maryland,"{'city': 'Sicklerville', 'state': 'NJ', 'country': 'USA'}",2
2025-08-14,2025-08-18,401773021,2025-08-16T23:00Z,14,Los Angeles Rams,24,Los Angeles Chargers,24,Los Angeles Chargers,4374269,Teair Tart,DT,Florida International,"{'city': 'Philadelphia', 'state': 'PA', 'country': 'USA'}",6
2025-08-14,2025-08-18,401773021,2025-08-16T23:00Z,14,Los Angeles Rams,24,Los Angeles Chargers,24,Los Angeles Chargers,4240434,Ja'Sir Taylor,CB,Wake Forest,"{'city': 'Asbury Park', 'state': 'NJ', 'country': 'USA'}",4
2025-08-14,2025-08-18,401773021,2025-08-16T23:00Z,14,Los Angeles Rams,24,Los Angeles Chargers,24,Los Angeles Chargers,4431442,Tuli Tuipulotu,LB,USC,"{'city': 'Hawthorne', 'state': 'CA', 'country': 'USA'}",3
2025-08-14,2025-08-18,401773021,2025-08-16T23:00Z,14,Los Angeles Rams,24,Los Angeles Chargers,24,Los Angeles Chargers,4431467,Marlowe Wax,LB,Syracuse,"{'city': 'Baltimore', 'state': 'MD', 'country': 'USA'}",
2025-08-14,2025-08-18,401773021,2025-08-16T23:00Z,14,Los Angeles Rams,24,Los Angeles Chargers,24,Los Angeles Chargers,4360745,Kendall Williamson,S,Stanford,"{'city': 'Snellville', 'state': 'GA', 'country': 'USA'}",1
2025-08-14,2025-08-18,401773021,2025-08-16T23:00Z,14,Los Angeles Rams,24,Los Angeles Chargers,24,Los Angeles Chargers,4362081,Cameron Dicker,PK,Texas,"{'city': 'Austin', 'state': 'TX', 'country': 'USA'}",4
2025-08-14,2025-08-18,401773021,2025-08-16T23:00Z,14,Los Angeles Rams,24,Los Angeles Chargers,24,Los Angeles Chargers,15151,Josh Harris,LS,Auburn,"{'city': 'Carrollton', 'state': 'GA', 'country': 'USA'}",14
2025-08-14,2025-08-18,401773021,2025-08-16T23:00Z,14,Los Angeles Rams,24,Los Angeles Chargers,24,Los Angeles Chargers,3126368,JK Scott,P,Alabama,"{'city': 'Denver', 'state': 'CO', 'country': 'USA'}",7
2025-08-14,2025-08-18,401773021,2025-08-16T23:00Z,14,Los Angeles Rams,24,Los Angeles Chargers,24,Los Angeles Chargers,4427234,Josh Fuga,DT,Virginia Tech,"{'city': 'Woodbridge', 'state': 'VA', 'country': 'USA'}",
2025-08-14,2025-08-18,401773021,2025-08-16T23:00Z,14,Los Angeles Rams,24,Los Angeles Chargers,24,Los Angeles Chargers,4601079,Jordan Oladokun,CB,Bowling Green,"{'city': 'Tampa', 'state': 'FL', 'country': 'USA'}",
2025-08-14,2025-08-18,401773021,2025-08-16T23:00Z,14,Los Angeles Rams,24,Los Angeles Chargers,24,Los Angeles Chargers,4242283,Rashawn Slater,OT,Northwestern,"{'city': 'Sugar Land', 'state': 'TX', 'country': 'USA'}",5
2025-08-14,2025-08-18,401773009,2025-08-16T23:00Z,19,New York Giants,20,New York Jets,19,New York Giants,4361516,Daniel Bellinger,TE,San Diego State,"{'city': 'Las Vegas', 'state': 'NV', 'country': 'USA'}",4
2025-08-14,2025-08-18,401773009,2025-08-16T23:00Z,19,New York Giants,20,New York Jets,19,New York Giants,4570296,Dalen Cambre,WR,Louisiana,"{'city': 'Lafayette', 'state': 'LA', 'country': 'USA'}",
2025-08-14,2025-08-18,401773009,2025-08-16T23:00Z,19,New York Giants,20,New York Jets,19,New York Giants,4431210,Beaux Collins,WR,Notre Dame,"{'city': 'Los Angeles', 'state': 'CA', 'country': 'USA'}",
2025-08-14,2025-08-18,401773009,2025-08-16T23:00Z,19,New York Giants,20,New York Jets,19,New York Giants,4689114,Jaxson Dart,QB,Ole Miss,"{'city': 'Kaysville', 'state': 'UT', 'country': 'USA'}",
2025-08-14,2025-08-18,401773009,2025-08-16T23:00Z,19,New York Giants,20,New York Jets,19,New York Giants,4240391,Tommy DeVito,QB,Illinois,"{'city': 'Cedar Grove', 'state': 'NJ', 'country': 'USA'}",3
2025-08-14,2025-08-18,401773009,2025-08-16T23:00Z,19,New York Giants,20,New York Jets,19,New York Giants,4367209,Greg Dulcich,TE,UCLA,"{'city': 'Glendale', 'state': 'CA', 'country': 'USA'}",4
2025-08-14,2025-08-18,401773009,2025-08-16T23:00Z,19,New York Giants,20,New York Jets,19,New York Giants,3115303,Jermaine Eluemunor,OT,Texas A&M,"{'city': 'Denville', 'state': 'NJ', 'country': 'USA'}",9
2025-08-14,2025-08-18,401773009,2025-08-16T23:00Z,19,New York Giants,20,New York Jets,19,New York Giants,4373280,Joshua Ezeudu,G,North Carolina,"{'city': 'Lawrenceville', 'state': 'GA', 'country': 'USA'}",4
2025-08-14,2025-08-18,401773009,2025-08-16T23:00Z,19,New York Giants,20,New York Jets,19,New York Giants,4575348,Da'Quan Felton,WR,Virginia Tech,"{'city': 'Portsmouth', 'state': 'VA', 'country': 'USA'}",
2025-08-14,2025-08-18,401773009,2025-08-16T23:00Z,19,New York Giants,20,New York Jets,19,New York Giants,4590292,Thomas Fidone II,TE,Nebraska,"{'city': 'Council Bluffs', 'state': 'IA', 'country': 'USA'}",
2025-08-14,2025-08-18,401773009,2025-08-16T23:00Z,19,New York Giants,20,New York Jets,19,New York Giants,4034962,Stone Forsythe,OT,Florida,"{'city': 'Winter Garden', 'state': 'FL', 'country': 'USA'}",5
2025-08-14,2025-08-18,401773009,2025-08-16T23:00Z,19,New York Giants,20,New York Jets,19,New York Giants,4570561,Eric Gray,RB,Oklahoma,"{'city': 'Memphis', 'state': 'TN', 'country': 'USA'}",3
2025-08-14,2025-08-18,401773009,2025-08-16T23:00Z,19,New York Giants,20,New York Jets,19,New York Giants,4426489,Bryan Hudson,C,Louisville,"{'city': 'Georgetown', 'state': 'KY', 'country': 'USA'}",1
2025-08-14,2025-08-18,401773009,2025-08-16T23:00Z,19,New York Giants,20,New York Jets,19,New York Giants,4258181,James Hudson III,OT,Cincinnati,"{'city': 'Toledo', 'state': 'OH', 'country': 'USA'}",5
2025-08-14,2025-08-18,401773009,2025-08-16T23:00Z,19,New York Giants,20,New York Jets,19,New York Giants,4039057,Lil'Jordan Humphrey,WR,Texas,"{'city': 'Southlake', 'state': 'TX', 'country': 'USA'}",6
2025-08-14,2025-08-18,401773009,2025-08-16T23:00Z,19,New York Giants,20,New York Jets,19,New York Giants,4692590,Jalin Hyatt,WR,Tennessee,"{'city': 'Irmo', 'state': 'SC', 'country': 'USA'}",3
2025-08-14,2025-08-18,401773009,2025-08-16T23:00Z,19,New York Giants,20,New York Jets,19,New York Giants,4429148,Theo Johnson,TE,Penn State,"{'city': 'Windsor', 'state': 'ON', 'country': 'Canada'}",2
2025-08-14,2025-08-18,401773009,2025-08-16T23:00Z,19,New York Giants,20,New York Jets,19,New York Giants,4383405,Jake Kubas,G,North Dakota State,"{'city': 'Dickinson', 'state': 'ND', 'country': 'USA'}",2
2025-08-14,2025-08-18,401773009,2025-08-16T23:00Z,19,New York Giants,20,New York Jets,19,New York Giants,2531358,Chris Manhertz,TE,Canisius,"{'city': 'Bronx', 'state': 'NY', 'country': 'USA'}",10
2025-08-14,2025-08-18,401773009,2025-08-16T23:00Z,19,New York Giants,20,New York Jets,19,New York Giants,4686362,Marcus Mbow,G,Purdue,"{'city': 'Milwaukee', 'state': 'WI', 'country': 'USA'}",
2025-08-14,2025-08-18,401773009,2025-08-16T23:00Z,19,New York Giants,20,New York Jets,19,New York Giants,4367510,Dante Miller,RB,South Carolina,"{'city': 'Rockingham', 'state': 'NC', 'country': 'USA'}",1
2025-08-14,2025-08-18,401773009,2025-08-16T23:00Z,19,New York Giants,20,New York Jets,19,New York Giants,4595348,Malik Nabers,WR,LSU,"{'city': 'Youngsville', 'state': 'LA', 'country': 'USA'}",2
2025-08-14,2025-08-18,401773009,2025-08-16T23:00Z,19,New York Giants,20,New York Jets,19,New York Giants,4567134,Evan Neal,OT,Alabama,"{'city': 'Okeechobee', 'state': 'FL', 'country': 'USA'}",4
2025-08-14,2025-08-18,401773009,2025-08-16T23:00Z,19,New York Giants,20,New York Jets,19,New York Giants,4424106,Gunner Olszewski,WR,Bemidji State,"{'city': 'Alvin', 'state': 'TX', 'country': 'USA'}",7
2025-08-14,2025-08-18,401773009,2025-08-16T23:00Z,19,New York Giants,20,New York Jets,19,New York Giants,4569587,Wan'Dale Robinson,WR,Kentucky,"{'city': 'Frankfort', 'state': 'KY', 'country': 'USA'}",4
2025-08-14,2025-08-18,401773009,2025-08-16T23:00Z,19,New York Giants,20,New York Jets,19,New York Giants,3929936,Jon Runyan,G,Michigan,"{'city': 'Moorestown', 'state': 'NJ', 'country': 'USA'}",6
2025-08-14,2025-08-18,401773009,2025-08-16T23:00Z,19,New York Giants,20,New York Jets,19,New York Giants,4038544,Austin Schlottmann,C,TCU,"{'city': 'Brenham', 'state': 'TX', 'country': 'USA'}",7
2025-08-14,2025-08-18,401773009,2025-08-16T23:00Z,19,New York Giants,20,New York Jets,19,New York Giants,4240771,John Michael Schmitz Jr.,C,Minnesota,"{'city': 'Flossmoor', 'state': 'IL', 'country': 'USA'}",3
2025-08-14,2025-08-18,401773009,2025-08-16T23:00Z,19,New York Giants,20,New York Jets,19,New York Giants,4040761,Devin Singletary,RB,Florida Atlantic,"{'city': 'Deerfield Beach', 'state': 'FL', 'country': 'USA'}",7
2025-08-14,2025-08-18,401773009,2025-08-16T23:00Z,19,New York Giants,20,New York Jets,19,New York Giants,4696981,Cam Skattebo,RB,Arizona State,"{'city': 'Rio Linda', 'state': 'CA', 'country': 'USA'}",
2025-08-14,2025-08-18,401773009,2025-08-16T23:00Z,19,New York Giants,20,New York Jets,19,New York Giants,3916945,Darius Slayton,WR,Auburn,"{'city': 'Norcross', 'state': 'GA', 'country': 'USA'}",7
2025-08-14,2025-08-18,401773009,2025-08-16T23:00Z,19,New York Giants,20,New York Jets,19,New York Giants,4240573,Ihmir Smith-Marsette,WR,Iowa,"{'city': 'Newark', 'state': 'NJ', 'country': 'USA'}",5
2025-08-14,2025-08-18,401773009,2025-08-16T23:00Z,19,New York Giants,20,New York Jets,19,New York Giants,3049339,Aaron Stinnie,G,James Madison,"{'city': 'Charlottesville', 'state': 'VA', 'country': 'USA'}",8
2025-08-14,2025-08-18,401773009,2025-08-16T23:00Z,19,New York Giants,20,New York Jets,19,New York Giants,4432772,Jermaine Terry II,TE,Oregon State,"{'city': 'Richmond', 'state': 'CA', 'country': 'USA'}",
2025-08-14,2025-08-18,401773009,2025-08-16T23:00Z,19,New York Giants,20,New York Jets,19,New York Giants,4259566,Andrew Thomas,OT,Georgia,"{'city': 'Lithonia', 'state': 'GA', 'country': 'USA'}",6
2025-08-14,2025-08-18,401773009,2025-08-16T23:00Z,19,New York Giants,20,New York Jets,19,New York Giants,4360516,Tyrone Tracy Jr.,RB,Purdue,"{'city': 'Indianapolis', 'state': 'IN', 'country': 'USA'}",2
2025-08-14,2025-08-18,401773009,2025-08-16T23:00Z,19,New York Giants,20,New York Jets,19,New York Giants,15718,Greg Van Roten,G,Pennsylvania,"{'city': 'Rockville Centre', 'state': 'NY', 'country': 'USA'}",11
2025-08-14,2025-08-18,401773009,2025-08-16T23:00Z,19,New York Giants,20,New York Jets,19,New York Giants,4039274,Jonathan Ward,RB,Central Michigan,"{'city': 'Kankakee', 'state': 'IL', 'country': 'USA'}",6
2025-08-14,2025-08-18,401773009,2025-08-16T23:00Z,19,New York Giants,20,New York Jets,19,New York Giants,4696062,Juice Wells Jr.,WR,Ole Miss,"{'city': 'Richmond', 'state': 'VA', 'country': 'USA'}",
2025-08-14,2025-08-18,401773009,2025-08-16T23:00Z,19,New York Giants,20,New York Jets,19,New York Giants,14881,Russell Wilson,QB,Wisconsin,"{'city': 'Richmond', 'state': 'VA', 'country': 'USA'}",14
2025-08-14,2025-08-18,401773009,2025-08-16T23:00Z,19,New York Giants,20,New York Jets,19,New York Giants,2969939,Jameis Winston,QB,Florida State,"{'city': 'Bessemer', 'state': 'AL', 'country': 'USA'}",11
2025-08-14,2025-08-18,401773009,2025-08-16T23:00Z,19,New York Giants,20,New York Jets,19,New York Giants,4242547,Paulson Adebo,CB,Stanford,"{'city': 'Mansfield', 'state': 'TX', 'country': 'USA'}",5
2025-08-14,2025-08-18,401773009,2025-08-16T23:00Z,19,New York Giants,20,New York Jets,19,New York Giants,4426542,Darius Alexander,DT,Toledo,"{'city': 'Fort Wayne', 'state': 'IN', 'country': 'USA'}",
2025-08-14,2025-08-18,401773009,2025-08-16T23:00Z,19,New York Giants,20,New York Jets,19,New York Giants,4428328,Deonte Banks,CB,Maryland,"{'city': 'Baltimore', 'state': 'MD', 'country': 'USA'}",3
2025-08-14,2025-08-18,401773009,2025-08-16T23:00Z,19,New York Giants,20,New York Jets,19,New York Giants,4426686,Dane Belton,S,Iowa,"{'city': 'Tampa', 'state': 'FL', 'country': 'USA'}",4
2025-08-14,2025-08-18,401773009,2025-08-16T23:00Z,19,New York Giants,20,New York Jets,19,New York Giants,4429281,Korie Black,CB,Oklahoma State,"{'city': 'Waco', 'state': 'TX', 'country': 'USA'}",
2025-08-14,2025-08-18,401773009,2025-08-16T23:00Z,19,New York Giants,20,New York Jets,19,New York Giants,3060403,Chris Board,LB,North Dakota State,"{'city': 'Orlando', 'state': 'FL', 'country': 'USA'}",8
2025-08-14,2025-08-18,401773009,2025-08-16T23:00Z,19,New York Giants,20,New York Jets,19,New York Giants,4035631,Brian Burns,LB,Florida State,"{'city': 'Fort Lauderdale', 'state': 'FL', 'country': 'USA'}",7
2025-08-14,2025-08-18,401773009,2025-08-16T23:00Z,19,New York Giants,20,New York Jets,19,New York Giants,4725996,Abdul Carter,LB,Penn State,"{'city': 'Philadelphia', 'state': 'PA', 'country': 'USA'}",
2025-08-14,2025-08-18,401773009,2025-08-16T23:00Z,19,New York Giants,20,New York Jets,19,New York Giants,4429392,Elijah Chatman,DT,SMU,"{'city': 'Shreveport', 'state': 'LA', 'country': 'USA'}",2
2025-08-14,2025-08-18,401773009,2025-08-16T23:00Z,19,New York Giants,20,New York Jets,19,New York Giants,4242899,D.J. Davidson,DT,Arizona State,"{'city': 'Mesa', 'state': 'AZ', 'country': 'USA'}",4
2025-08-14,2025-08-18,401773009,2025-08-16T23:00Z,19,New York Giants,20,New York Jets,19,New York Giants,4240464,Victor Dimukeje,LB,Duke,"{'city': 'Baltimore', 'state': 'MD', 'country': 'USA'}",5
2025-08-14,2025-08-18,401773009,2025-08-16T23:00Z,19,New York Giants,20,New York Jets,19,New York Giants,4240042,Cory Durden,DT,NC State,"{'city': 'Newberry', 'state': 'FL', 'country': 'USA'}",1
2025-08-14,2025-08-18,401773009,2025-08-16T23:00Z,19,New York Giants,20,New York Jets,19,New York Giants,3931424,Demetrius Flannigan-Fowles,LB,Arizona,"{'city': 'Tucson', 'state': 'AZ', 'country': 'USA'}",6
2025-08-14,2025-08-18,401773009,2025-08-16T23:00Z,19,New York Giants,20,New York Jets,19,New York Giants,4429607,Cor'Dale Flott,CB,LSU,"{'city': 'Saraland', 'state': 'AL', 'country': 'USA'}",4
2025-08-14,2025-08-18,401773009,2025-08-16T23:00Z,19,New York Giants,20,New York Jets,19,New York Giants,4427207,Trace Ford,LB,Oklahoma,"{'city': 'Edmond', 'state': 'OK', 'country': 'USA'}",
2025-08-14,2025-08-18,401773009,2025-08-16T23:00Z,19,New York Giants,20,New York Jets,19,New York Giants,4037520,Tomon Fox,LB,North Carolina,"{'city': 'Lawrenceville', 'state': 'GA', 'country': 'USA'}",3
2025-08-14,2025-08-18,401773009,2025-08-16T23:00Z,19,New York Giants,20,New York Jets,19,New York Giants,4039170,Elijah Garcia,DE,Rice,"{'city': 'San Antonio', 'state': 'TX', 'country': 'USA'}",2
2025-08-14,2025-08-18,401773009,2025-08-16T23:00Z,19,New York Giants,20,New York Jets,19,New York Giants,4036132,Chauncey Golston,DE,Iowa,"{'city': 'Detroit', 'state': 'MI', 'country': 'USA'}",5
2025-08-14,2025-08-18,401773009,2025-08-16T23:00Z,19,New York Giants,20,New York Jets,19,New York Giants,4689674,Art Green,CB,Houston,"{'city': 'Chesterfield', 'state': 'MO', 'country': 'USA'}",2
2025-08-14,2025-08-18,401773009,2025-08-16T23:00Z,19,New York Giants,20,New York Jets,19,New York Giants,4686553,Tre Hawkins III,CB,Old Dominion,"{'city': 'Temple', 'state': 'TX', 'country': 'USA'}",3
2025-08-14,2025-08-18,401773009,2025-08-16T23:00Z,19,New York Giants,20,New York Jets,19,New York Giants,4373809,Jevon Holland,S,Oregon,"{'city': 'Coquitlam', 'state': 'BC', 'country': 'Canada'}",5
2025-08-14,2025-08-18,401773009,2025-08-16T23:00Z,19,New York Giants,20,New York Jets,19,New York Giants,4427636,Nic Jones,CB,Ball State,"{'city': 'Detroit', 'state': 'MI', 'country': 'USA'}",2
2025-08-14,2025-08-18,401773009,2025-08-16T23:00Z,19,New York Giants,20,New York Jets,19,New York Giants,4035483,Dexter Lawrence II,DT,Clemson,"{'city': 'Wake Forest', 'state': 'NC', 'country': 'USA'}",7
2025-08-14,2025-08-18,401773009,2025-08-16T23:00Z,19,New York Giants,20,New York Jets,19,New York Giants,4258237,Raheem Layne,S,Indiana,"{'city': 'DeLand', 'state': 'FL', 'country': 'USA'}",3
2025-08-14,2025-08-18,401773009,2025-08-16T23:00Z,19,New York Giants,20,New York Jets,19,New York Giants,3892689,Jeremiah Ledbetter,DT,Arkansas,"{'city': 'Orlando', 'state': 'FL', 'country': 'USA'}",5
2025-08-14,2025-08-18,401773009,2025-08-16T23:00Z,19,New York Giants,20,New York Jets,19,New York Giants,4371961,Micah McFadden,LB,Indiana,"{'city': 'Tampa', 'state': 'FL', 'country': 'USA'}",4
2025-08-14,2025-08-18,401773009,2025-08-16T23:00Z,19,New York Giants,20,New York Jets,19,New York Giants,4692055,TJ Moore,CB,Mercer,"{'city': 'Riverdale', 'state': 'GA', 'country': 'USA'}",
2025-08-14,2025-08-18,401773009,2025-08-16T23:00Z,19,New York Giants,20,New York Jets,19,New York Giants,4428072,Darius Muasau,LB,UCLA,"{'city': 'Ewa Beach', 'state': 'HI', 'country': 'USA'}",2
2025-08-14,2025-08-18,401773009,2025-08-16T23:00Z,19,New York Giants,20,New York Jets,19,New York Giants,4430261,Tyler Nubin,S,Minnesota,"{'city': 'Saint Charles', 'state': 'IL', 'country': 'USA'}",2
2025-08-14,2025-08-18,401773009,2025-08-16T23:00Z,19,New York Giants,20,New York Jets,19,New York Giants,2575453,Rakeem Nunez-Roches,DT,Southern Miss,"{'city': 'DANGRIGA', 'country': 'Belize'}",11
2025-08-14,2025-08-18,401773009,2025-08-16T23:00Z,19,New York Giants,20,New York Jets,19,New York Giants,3117253,Bobby Okereke,LB,Stanford,"{'city': 'Santa Ana', 'state': 'CA', 'country': 'USA'}",7
2025-08-14,2025-08-18,401773009,2025-08-16T23:00Z,19,New York Giants,20,New York Jets,19,New York Giants,4429139,Makari Paige,S,Michigan,"{'city': 'West Bloomfield', 'state': 'MI', 'country': 'USA'}",
2025-08-14,2025-08-18,401773009,2025-08-16T23:00Z,19,New York Giants,20,New York Jets,19,New York Giants,4431321,Dru Phillips,CB,Kentucky,"{'city': 'Birmingham', 'state': 'AL', 'country': 'USA'}",2
2025-08-14,2025-08-18,401773009,2025-08-16T23:00Z,19,New York Giants,20,New York Jets,19,New York Giants,4240677,Jordon Riley,DT,Oregon,"{'city': 'New Bern', 'state': 'NC', 'country': 'USA'}",3
2025-08-14,2025-08-18,401773009,2025-08-16T23:00Z,19,New York Giants,20,New York Jets,19,New York Giants,2574891,Roy Robertson-Harris,DT,UTEP,"{'city': 'Grand Prairie', 'state': 'TX', 'country': 'USA'}",9
2025-08-14,2025-08-18,401773009,2025-08-16T23:00Z,19,New York Giants,20,New York Jets,19,New York Giants,4426326,Kayvon Thibodeaux,LB,Oregon,"{'city': 'Los Angeles', 'state': 'CA', 'country': 'USA'}",4
2025-08-14,2025-08-18,401773009,2025-08-16T23:00Z,19,New York Giants,20,New York Jets,19,New York Giants,4035463,K'Von Wallace,S,Clemson,"{'city': 'Richmond', 'state': 'VA', 'country': 'USA'}",6
2025-08-14,2025-08-18,401773009,2025-08-16T23:00Z,19,New York Giants,20,New York Jets,19,New York Giants,5081362,Dee Williams,CB,Tennessee,"{'city': 'Forsyth', 'state': 'GA', 'country': 'USA'}",2
2025-08-14,2025-08-18,401773009,2025-08-16T23:00Z,19,New York Giants,20,New York Jets,19,New York Giants,12460,Graham Gano,PK,Florida State,"{'city': 'Pensacola', 'state': 'FL', 'country': 'USA'}",16
2025-08-14,2025-08-18,401773009,2025-08-16T23:00Z,19,New York Giants,20,New York Jets,19,New York Giants,3936185,Jamie Gillan,P,Arkansas-Pine Bluff,"{'city': 'Leonardtown', 'state': 'MD', 'country': 'USA'}",7
2025-08-14,2025-08-18,401773009,2025-08-16T23:00Z,19,New York Giants,20,New York Jets,19,New York Giants,17304,Casey Kreiter,LS,Iowa,"{'city': 'Dewitt', 'state': 'IA', 'country': 'USA'}",10
2025-08-14,2025-08-18,401773009,2025-08-16T23:00Z,19,New York Giants,20,New York Jets,19,New York Giants,5092436,Jude McAtamney,PK,Rutgers,"{'city': 'Derry', 'country': 'Ireland'}",1
2025-08-14,2025-08-18,401773009,2025-08-16T23:00Z,19,New York Giants,20,New York Jets,19,New York Giants,4362227,Bryce Ford-Wheaton,WR,West Virginia,"{'city': 'Fuquay-Varina', 'state': 'NC', 'country': 'USA'}",3
2025-08-14,2025-08-18,401773009,2025-08-16T23:00Z,19,New York Giants,20,New York Jets,19,New York Giants,4361748,Anthony Johnson Jr.,S,Iowa State,"{'city': 'St. Petersburg', 'state': 'FL', 'country': 'USA'}",3
2025-08-14,2025-08-18,401773009,2025-08-16T23:00Z,19,New York Giants,20,New York Jets,20,New York Jets,4685247,Braelon Allen,RB,Wisconsin,"{'city': 'Fond Du Lac', 'state': 'WI', 'country': 'USA'}",2
2025-08-14,2025-08-18,401773009,2025-08-16T23:00Z,19,New York Giants,20,New York Jets,20,New York Jets,3125107,Andrew Beck,FB,Texas,"{'city': 'Tampa', 'state': 'FL', 'country': 'USA'}",6
2025-08-14,2025-08-18,401773009,2025-08-16T23:00Z,19,New York Giants,20,New York Jets,20,New York Jets,3929636,Irvin Charles,WR,Indiana-Pennsylvania,"{'city': 'Sicklerville', 'state': 'NJ', 'country': 'USA'}",3
2025-08-14,2025-08-18,401773009,2025-08-16T23:00Z,19,New York Giants,20,New York Jets,20,New York Jets,4429435,Brady Cook,QB,Missouri,"{'city': 'St. Louis', 'state': 'MO', 'country': 'USA'}",
2025-08-14,2025-08-18,401773009,2025-08-16T23:00Z,19,New York Giants,20,New York Jets,20,New York Jets,4613104,Malachi Corley,WR,Western Kentucky,"{'city': 'Orange City', 'state': 'FL', 'country': 'USA'}",2
2025-08-14,2025-08-18,401773009,2025-08-16T23:00Z,19,New York Giants,20,New York Jets,20,New York Jets,4695404,Isaiah Davis,RB,South Dakota State,"{'city': 'Joplin', 'state': 'MO', 'country': 'USA'}",2
2025-08-14,2025-08-18,401773009,2025-08-16T23:00Z,19,New York Giants,20,New York Jets,20,New York Jets,4431536,Donovan Edwards,RB,Michigan,"{'city': 'West Bloomfield', 'state': 'MI', 'country': 'USA'}",
2025-08-14,2025-08-18,401773009,2025-08-16T23:00Z,19,New York Giants,20,New York Jets,20,New York Jets,4431809,Olu Fashanu,OT,Penn State,"{'city': 'Waldorf', 'state': 'MD', 'country': 'USA'}",2
2025-08-14,2025-08-18,401773009,2025-08-16T23:00Z,19,New York Giants,20,New York Jets,20,New York Jets,4362887,Justin Fields,QB,Ohio State,"{'city': 'Kennesaw', 'state': 'GA', 'country': 'USA'}",5
2025-08-14,2025-08-18,401773009,2025-08-16T23:00Z,19,New York Giants,20,New York Jets,20,New York Jets,4249599,Liam Fornadel,G,James Madison,,1
2025-08-14,2025-08-18,401773009,2025-08-16T23:00Z,19,New York Giants,20,New York Jets,20,New York Jets,4427278,Xavier Gipson,WR,Stephen F. Austin,"{'city': 'Dallas', 'state': 'TX', 'country': 'USA'}",3
2025-08-14,2025-08-18,401773009,2025-08-16T23:00Z,19,New York Giants,20,New York Jets,20,New York Jets,4427366,Breece Hall,RB,Iowa State,"{'city': 'Wichita', 'state': 'KS', 'country': 'USA'}",4
2025-08-14,2025-08-18,401773009,2025-08-16T23:00Z,19,New York Giants,20,New York Jets,20,New York Jets,4241382,Marquis Hayes,G,Oklahoma,"{'city': 'Maryland Heights', 'state': 'MO', 'country': 'USA'}",2
2025-08-14,2025-08-18,401773009,2025-08-16T23:00Z,19,New York Giants,20,New York Jets,20,New York Jets,4243557,Samuel Jackson,OT,UCF,"{'city': 'Bradenton', 'state': 'FL', 'country': 'USA'}",1
2025-08-14,2025-08-18,401773009,2025-08-16T23:00Z,19,New York Giants,20,New York Jets,20,New York Jets,4429927,Neal Johnson,TE,Louisiana,"{'city': 'Mesquite', 'state': 'TX', 'country': 'USA'}",1
2025-08-14,2025-08-18,401773009,2025-08-16T23:00Z,19,New York Giants,20,New York Jets,20,New York Jets,2310331,Tyler Johnson,WR,Minnesota,"{'city': 'Minneapolis', 'state': 'MN', 'country': 'USA'}",5
2025-08-14,2025-08-18,401773009,2025-08-16T23:00Z,19,New York Giants,20,New York Jets,20,New York Jets,4361417,Zack Kuntz,TE,Old Dominion,"{'city': 'Camp Hill', 'state': 'PA', 'country': 'USA'}",1
2025-08-14,2025-08-18,401773009,2025-08-16T23:00Z,19,New York Giants,20,New York Jets,20,New York Jets,3128390,Allen Lazard,WR,Iowa State,"{'city': 'Urbandale', 'state': 'IA', 'country': 'USA'}",7
2025-08-14,2025-08-18,401773009,2025-08-16T23:00Z,19,New York Giants,20,New York Jets,20,New York Jets,4373951,Kohl Levao,G,Hawai'i,"{'city': 'Aberdeen', 'state': 'WA', 'country': 'USA'}",1
2025-08-14,2025-08-18,401773009,2025-08-16T23:00Z,19,New York Giants,20,New York Jets,20,New York Jets,4361182,Adrian Martinez,QB,Kansas State,"{'city': 'Fresno', 'state': 'CA', 'country': 'USA'}",1
2025-08-14,2025-08-18,401773009,2025-08-16T23:00Z,19,New York Giants,20,New York Jets,20,New York Jets,4789907,Armand Membou,OT,Missouri,"{'city': ""Lee's Summit"", 'state': 'MO', 'country': 'USA'}",
2025-08-14,2025-08-18,401773009,2025-08-16T23:00Z,19,New York Giants,20,New York Jets,20,New York Jets,4775266,Dymere Miller,WR,Rutgers,"{'city': 'Coatesville', 'state': 'PA', 'country': 'USA'}",
2025-08-14,2025-08-18,401773009,2025-08-16T23:00Z,19,New York Giants,20,New York Jets,20,New York Jets,4373656,Max Mitchell,OT,Louisiana,"{'city': 'Monroe', 'state': 'LA', 'country': 'USA'}",4
2025-08-14,2025-08-18,401773009,2025-08-16T23:00Z,19,New York Giants,20,New York Jets,20,New York Jets,4242000,Josh Myers,C,Ohio State,"{'city': 'Miamisburg', 'state': 'OH', 'country': 'USA'}",5
2025-08-14,2025-08-18,401773009,2025-08-16T23:00Z,19,New York Giants,20,New York Jets,20,New York Jets,4259186,Xavier Newman,G,Baylor,"{'city': 'Desoto', 'state': 'TX', 'country': 'USA'}",3
2025-08-14,2025-08-18,401773009,2025-08-16T23:00Z,19,New York Giants,20,New York Jets,20,New York Jets,4035537,Kene Nwangwu,RB,Iowa State,"{'city': 'Frisco', 'state': 'TX', 'country': 'USA'}",5
2025-08-14,2025-08-18,401773009,2025-08-16T23:00Z,19,New York Giants,20,New York Jets,20,New York Jets,3129473,Chukwuma Okorafor,OT,Western Michigan,"{'city': 'Southfield', 'state': 'MI', 'country': 'USA'}",7
2025-08-14,2025-08-18,401773009,2025-08-16T23:00Z,19,New York Giants,20,New York Jets,20,New York Jets,4892576,Jamaal Pritchett,WR,South Alabama,"{'city': 'Jackson', 'state': 'AL', 'country': 'USA'}",
2025-08-14,2025-08-18,401773009,2025-08-16T23:00Z,19,New York Giants,20,New York Jets,20,New York Jets,3115306,Josh Reynolds,WR,Texas A&M,"{'city': 'San Antonio', 'state': 'TX', 'country': 'USA'}",9
2025-08-14,2025-08-18,401773009,2025-08-16T23:00Z,19,New York Giants,20,New York Jets,20,New York Jets,4361372,Jeremy Ruckert,TE,Ohio State,"{'city': 'Lindenhurst', 'state': 'NY', 'country': 'USA'}",4
2025-08-14,2025-08-18,401773009,2025-08-16T23:00Z,19,New York Giants,20,New York Jets,20,New York Jets,4035479,John Simpson,G,Clemson,"{'city': 'North Charleston', 'state': 'SC', 'country': 'USA'}",6
2025-08-14,2025-08-18,401773009,2025-08-16T23:00Z,19,New York Giants,20,New York Jets,20,New York Jets,4613050,Quentin Skinner,WR,Kansas,"{'city': 'Claremore', 'state': 'OK', 'country': 'USA'}",
2025-08-14,2025-08-18,401773009,2025-08-16T23:00Z,19,New York Giants,20,New York Jets,20,New York Jets,4250764,Stone Smartt,TE,Old Dominion,"{'city': 'Sacramento', 'state': 'CA', 'country': 'USA'}",4
2025-08-14,2025-08-18,401773009,2025-08-16T23:00Z,19,New York Giants,20,New York Jets,20,New York Jets,4429105,Arian Smith,WR,Georgia,"{'city': 'Bradley', 'state': 'FL', 'country': 'USA'}",
2025-08-14,2025-08-18,401773009,2025-08-16T23:00Z,19,New York Giants,20,New York Jets,20,New York Jets,4240577,Brandon Smith,WR,Iowa,"{'city': 'Lake Cormorant', 'state': 'MS', 'country': 'USA'}",1
2025-08-14,2025-08-18,401773009,2025-08-16T23:00Z,19,New York Giants,20,New York Jets,20,New York Jets,4808766,Mason Taylor,TE,LSU,"{'city': 'Plantation', 'state': 'FL', 'country': 'USA'}",
2025-08-14,2025-08-18,401773009,2025-08-16T23:00Z,19,New York Giants,20,New York Jets,20,New York Jets,14163,Tyrod Taylor,QB,Virginia Tech,"{'city': 'Hampton', 'state': 'VA', 'country': 'USA'}",15
2025-08-14,2025-08-18,401773009,2025-08-16T23:00Z,19,New York Giants,20,New York Jets,20,New York Jets,4428681,Joe Tippmann,C,Wisconsin,"{'city': 'Fort Wayne', 'state': 'IN', 'country': 'USA'}",3
2025-08-14,2025-08-18,401773009,2025-08-16T23:00Z,19,New York Giants,20,New York Jets,20,New York Jets,4429072,Lawrance Toafili,RB,Florida State,"{'city': 'St. Petersburg', 'state': 'FL', 'country': 'USA'}",
2025-08-14,2025-08-18,401773009,2025-08-16T23:00Z,19,New York Giants,20,New York Jets,20,New York Jets,4259646,Alijah Vera-Tucker,G,USC,"{'city': 'Oakland', 'state': 'CA', 'country': 'USA'}",5
2025-08-14,2025-08-18,401773009,2025-08-16T23:00Z,19,New York Giants,20,New York Jets,20,New York Jets,4240723,Carter Warren,OT,Pittsburgh,"{'city': 'Paterson', 'state': 'NJ', 'country': 'USA'}",3
2025-08-14,2025-08-18,401773009,2025-08-16T23:00Z,19,New York Giants,20,New York Jets,20,New York Jets,4705711,Leander Wiegand,G,UCF,"{'city': 'Aachen', 'country': 'Germany'}",
2025-08-14,2025-08-18,401773009,2025-08-16T23:00Z,19,New York Giants,20,New York Jets,20,New York Jets,4569618,Garrett Wilson,WR,Ohio State,"{'city': 'Austin', 'state': 'TX', 'country': 'USA'}",4
2025-08-14,2025-08-18,401773009,2025-08-16T23:00Z,19,New York Giants,20,New York Jets,20,New York Jets,4240033,Ontaria Wilson,WR,Florida State,"{'city': 'Ashburn', 'state': 'GA', 'country': 'USA'}",1
2025-08-14,2025-08-18,401773009,2025-08-16T23:00Z,19,New York Giants,20,New York Jets,20,New York Jets,4240532,Tony Adams,S,Illinois,"{'city': 'Belleville', 'state': 'IL', 'country': 'USA'}",4
2025-08-14,2025-08-18,401773009,2025-08-16T23:00Z,19,New York Giants,20,New York Jets,20,New York Jets,4362234,Zaire Barnes,LB,Western Michigan,"{'city': 'Mundelein', 'state': 'IL', 'country': 'USA'}",3
2025-08-14,2025-08-18,401773009,2025-08-16T23:00Z,19,New York Giants,20,New York Jets,20,New York Jets,4692555,Tyler Baron,DE,Miami,"{'city': 'Knoxville', 'state': 'TN', 'country': 'USA'}",
2025-08-14,2025-08-18,401773009,2025-08-16T23:00Z,19,New York Giants,20,New York Jets,20,New York Jets,4361834,Jarrick Bernard-Converse,CB,LSU,"{'city': 'Shreveport', 'state': 'LA', 'country': 'USA'}",3
2025-08-14,2025-08-18,401773009,2025-08-16T23:00Z,19,New York Giants,20,New York Jets,20,New York Jets,4426676,Jowon Briggs,DT,Cincinnati,"{'city': 'Cincinnati', 'state': 'OH', 'country': 'USA'}",2
2025-08-14,2025-08-18,401773009,2025-08-16T23:00Z,19,New York Giants,20,New York Jets,20,New York Jets,4240456,Michael Carter II,CB,Duke,"{'city': 'Douglasville', 'state': 'GA', 'country': 'USA'}",5
2025-08-14,2025-08-18,401773009,2025-08-16T23:00Z,19,New York Giants,20,New York Jets,20,New York Jets,4361939,Andre Cisco,S,Syracuse,"{'city': 'Valley Stream', 'state': 'NY', 'country': 'USA'}",5
2025-08-14,2025-08-18,401773009,2025-08-16T23:00Z,19,New York Giants,20,New York Jets,20,New York Jets,4426921,Dean Clark,S,Fresno State,"{'city': 'Massillon', 'state': 'OH', 'country': 'USA'}",
2025-08-14,2025-08-18,401773009,2025-08-16T23:00Z,19,New York Giants,20,New York Jets,20,New York Jets,4429411,Jordan Clark,CB,Notre Dame,"{'city': 'Baton Rouge', 'state': 'LA', 'country': 'USA'}",
2025-08-14,2025-08-18,401773009,2025-08-16T23:00Z,19,New York Giants,20,New York Jets,20,New York Jets,4240896,Micheal Clemons,DE,Texas A&M,"{'city': 'Garland', 'state': 'TX', 'country': 'USA'}",4
2025-08-14,2025-08-18,401773009,2025-08-16T23:00Z,19,New York Giants,20,New York Jets,20,New York Jets,3916922,Byron Cowart,DT,Maryland,"{'city': 'Seffner', 'state': 'FL', 'country': 'USA'}",5
2025-08-14,2025-08-18,401773009,2025-08-16T23:00Z,19,New York Giants,20,New York Jets,20,New York Jets,4240778,Jamin Davis,LB,Kentucky,"{'city': 'Ludowici', 'state': 'GA', 'country': 'USA'}",5
2025-08-14,2025-08-18,401773009,2025-08-16T23:00Z,19,New York Giants,20,New York Jets,20,New York Jets,4427196,Michael Fletcher,DE,App State,"{'city': 'Flint', 'state': 'MI', 'country': 'USA'}",
2025-08-14,2025-08-18,401773009,2025-08-16T23:00Z,19,New York Giants,20,New York Jets,20,New York Jets,4427250,Sauce Gardner,CB,Cincinnati,"{'city': 'Detroit', 'state': 'MI', 'country': 'USA'}",4
2025-08-14,2025-08-18,401773009,2025-08-16T23:00Z,19,New York Giants,20,New York Jets,20,New York Jets,4360318,Mario Goodrich,CB,Clemson,"{'city': 'Kansas City', 'state': 'MO', 'country': 'USA'}",2
2025-08-14,2025-08-18,401773009,2025-08-16T23:00Z,19,New York Giants,20,New York Jets,20,New York Jets,4567962,Jermaine Johnson,LB,Florida State,"{'city': 'Eden Prairie', 'state': 'MN', 'country': 'USA'}",4
2025-08-14,2025-08-18,401773009,2025-08-16T23:00Z,19,New York Giants,20,New York Jets,20,New York Jets,4240405,Kingsley Jonathan,DE,Syracuse,"{'city': 'Baltimore', 'state': 'MD', 'country': 'USA'}",3
2025-08-14,2025-08-18,401773009,2025-08-16T23:00Z,19,New York Giants,20,New York Jets,20,New York Jets,4700136,Francisco Mauigoa,LB,Miami,"{'city': ""ILI'ILI"", 'country': 'American Samoa'}",
2025-08-14,2025-08-18,401773009,2025-08-16T23:00Z,19,New York Giants,20,New York Jets,20,New York Jets,4361824,Tanner McCalister,S,Ohio State,"{'city': 'Rockwall', 'state': 'TX', 'country': 'USA'}",1
2025-08-14,2025-08-18,401773009,2025-08-16T23:00Z,19,New York Giants,20,New York Jets,20,New York Jets,4045299,Marcelino McCrary-Ball,LB,Indiana,"{'city': 'Roswell', 'state': 'GA', 'country': 'USA'}",2
2025-08-14,2025-08-18,401773009,2025-08-16T23:00Z,19,New York Giants,20,New York Jets,20,New York Jets,4361767,Will McDonald IV,DE,Iowa State,"{'city': 'Milwaukee', 'state': 'WI', 'country': 'USA'}",3
2025-08-14,2025-08-18,401773009,2025-08-16T23:00Z,19,New York Giants,20,New York Jets,20,New York Jets,4429005,Braiden McGregor,DE,Michigan,"{'city': 'Port Huron', 'state': 'MI', 'country': 'USA'}",2
2025-08-14,2025-08-18,401773009,2025-08-16T23:00Z,19,New York Giants,20,New York Jets,20,New York Jets,4430182,Jarius Monroe,S,Tulane,"{'city': 'Laplace', 'state': 'LA', 'country': 'USA'}",1
2025-08-14,2025-08-18,401773009,2025-08-16T23:00Z,19,New York Giants,20,New York Jets,20,New York Jets,4692024,Malachi Moore,S,Alabama,"{'city': 'Trussville', 'state': 'AL', 'country': 'USA'}",
2025-08-14,2025-08-18,401773009,2025-08-16T23:00Z,19,New York Giants,20,New York Jets,20,New York Jets,4565309,Fatorma Mulbah,DT,West Virginia,"{'city': 'Harrisburg', 'state': 'PA', 'country': 'USA'}",
2025-08-14,2025-08-18,401773009,2025-08-16T23:00Z,19,New York Giants,20,New York Jets,20,New York Jets,3122930,Derrick Nnadi,DT,Florida State,"{'city': 'Virginia Beach', 'state': 'VA', 'country': 'USA'}",8
2025-08-14,2025-08-18,401773009,2025-08-16T23:00Z,19,New York Giants,20,New York Jets,20,New York Jets,3915437,Isaiah Oliver,CB,Colorado,"{'city': 'Goodyear', 'state': 'AZ', 'country': 'USA'}",8
2025-08-14,2025-08-18,401773009,2025-08-16T23:00Z,19,New York Giants,20,New York Jets,20,New York Jets,4431582,Payton Page,DT,Clemson,"{'city': 'Greensboro', 'state': 'NC', 'country': 'USA'}",
2025-08-14,2025-08-18,401773009,2025-08-16T23:00Z,19,New York Giants,20,New York Jets,20,New York Jets,3117255,Harrison Phillips,DT,Stanford,"{'city': 'Omaha', 'state': 'NE', 'country': 'USA'}",8
2025-08-14,2025-08-18,401773009,2025-08-16T23:00Z,19,New York Giants,20,New York Jets,20,New York Jets,4361331,Jamien Sherwood,LB,Auburn,"{'city': 'Jensen Beach', 'state': 'FL', 'country': 'USA'}",5
2025-08-14,2025-08-18,401773009,2025-08-16T23:00Z,19,New York Giants,20,New York Jets,20,New York Jets,4361101,Jackson Sirmon,LB,California,"{'city': 'Brentwood', 'state': 'TN', 'country': 'USA'}",1
2025-08-14,2025-08-18,401773009,2025-08-16T23:00Z,19,New York Giants,20,New York Jets,20,New York Jets,4749258,Boog Smith,LB,South Carolina State,"{'city': 'Manning', 'state': 'SC', 'country': 'USA'}",
2025-08-14,2025-08-18,401773009,2025-08-16T23:00Z,19,New York Giants,20,New York Jets,20,New York Jets,4035824,Brandon Stephens,CB,SMU,"{'city': 'Plano', 'state': 'TX', 'country': 'USA'}",5
2025-08-14,2025-08-18,401773009,2025-08-16T23:00Z,19,New York Giants,20,New York Jets,20,New York Jets,5208977,Qwan'tez Stiggers,CB,,"{'city': 'Atlanta', 'state': 'GA', 'country': 'USA'}",2
2025-08-14,2025-08-18,401773009,2025-08-16T23:00Z,19,New York Giants,20,New York Jets,20,New York Jets,4431598,Leonard Taylor III,DT,Miami,"{'city': 'Miami', 'state': 'FL', 'country': 'USA'}",2
2025-08-14,2025-08-18,401773009,2025-08-16T23:00Z,19,New York Giants,20,New York Jets,20,New York Jets,4685596,Azareye'h Thomas,CB,Florida State,"{'city': 'Niceville', 'state': 'FL', 'country': 'USA'}",
2025-08-14,2025-08-18,401773009,2025-08-16T23:00Z,19,New York Giants,20,New York Jets,20,New York Jets,4259647,Jay Tufele,DT,USC,"{'city': 'Salt Lake City', 'state': 'UT', 'country': 'USA'}",5
2025-08-14,2025-08-18,401773009,2025-08-16T23:00Z,19,New York Giants,20,New York Jets,20,New York Jets,4569016,Eric Watts,DE,UConn,"{'city': 'Sumter', 'state': 'SC', 'country': 'USA'}",2
2025-08-14,2025-08-18,401773009,2025-08-16T23:00Z,19,New York Giants,20,New York Jets,20,New York Jets,4567416,Ja'Markis Weston,DE,Florida,"{'city': 'Clewiston', 'state': 'FL', 'country': 'USA'}",
2025-08-14,2025-08-18,401773009,2025-08-16T23:00Z,19,New York Giants,20,New York Jets,20,New York Jets,3110565,Quincy Williams,LB,Murray State,"{'city': 'Birmingham', 'state': 'AL', 'country': 'USA'}",7
2025-08-14,2025-08-18,401773009,2025-08-16T23:00Z,19,New York Giants,20,New York Jets,20,New York Jets,4040982,Quinnen Williams,DT,Alabama,"{'city': 'Birmingham', 'state': 'AL', 'country': 'USA'}",7
2025-08-14,2025-08-18,401773009,2025-08-16T23:00Z,19,New York Giants,20,New York Jets,20,New York Jets,10621,Nick Folk,PK,Arizona,"{'city': 'Sherman Oaks', 'state': 'CA', 'country': 'USA'}",18
2025-08-14,2025-08-18,401773009,2025-08-16T23:00Z,19,New York Giants,20,New York Jets,20,New York Jets,2983155,Thomas Hennessy,LS,Duke,"{'city': 'Bardonia', 'state': 'NY', 'country': 'USA'}",9
2025-08-14,2025-08-18,401773009,2025-08-16T23:00Z,19,New York Giants,20,New York Jets,20,New York Jets,4427982,Austin McNamara,P,Texas Tech,"{'city': 'Gilbert', 'state': 'AZ', 'country': 'USA'}",1
2025-08-14,2025-08-18,401773009,2025-08-16T23:00Z,19,New York Giants,20,New York Jets,20,New York Jets,4574716,Harrison Mevis,PK,Missouri,"{'city': 'Warsaw', 'state': 'IN', 'country': 'USA'}",1
2025-08-14,2025-08-18,401773009,2025-08-16T23:00Z,19,New York Giants,20,New York Jets,20,New York Jets,3929845,Kris Boyd,CB,Texas,"{'city': 'Gilmer', 'state': 'TX', 'country': 'USA'}",7
2025-08-14,2025-08-18,401773009,2025-08-16T23:00Z,19,New York Giants,20,New York Jets,20,New York Jets,5085881,Bump Cooper,CB,Oregon State,"{'city': 'San Jose', 'state': 'CA', 'country': 'USA'}",1
2025-08-14,2025-08-18,401773009,2025-08-16T23:00Z,19,New York Giants,20,New York Jets,20,New York Jets,4432237,Gus Hartwig,C,Purdue,"{'city': 'Zionsville', 'state': 'IN', 'country': 'USA'}",
2025-08-14,2025-08-18,401773009,2025-08-16T23:00Z,19,New York Giants,20,New York Jets,20,New York Jets,4036076,Rashad Weaver,LB,Pittsburgh,"{'city': 'Fort Lauderdale', 'state': 'FL', 'country': 'USA'}",5
2025-08-14,2025-08-18,401773000,2025-08-16T23:00Z,23,Pittsburgh Steelers,27,Tampa Bay Buccaneers,23,Pittsburgh Steelers,3123867,Calvin Anderson,OT,Texas,"{'city': 'Austin', 'state': 'TX', 'country': 'USA'}",7
2025-08-14,2025-08-18,401773000,2025-08-16T23:00Z,23,Pittsburgh Steelers,27,Tampa Bay Buccaneers,23,Pittsburgh Steelers,4372056,Spencer Anderson,G,Maryland,"{'city': 'Bowie', 'state': 'MD', 'country': 'USA'}",3
2025-08-14,2025-08-18,401773000,2025-08-16T23:00Z,23,Pittsburgh Steelers,27,Tampa Bay Buccaneers,23,Pittsburgh Steelers,4243389,Calvin Austin III,WR,Memphis,"{'city': 'Memphis', 'state': 'TN', 'country': 'USA'}",4
2025-08-14,2025-08-18,401773000,2025-08-16T23:00Z,23,Pittsburgh Steelers,27,Tampa Bay Buccaneers,23,Pittsburgh Steelers,4570898,Dylan Cook,OT,Montana,"{'city': 'Butte', 'state': 'MT', 'country': 'USA'}",3
2025-08-14,2025-08-18,401773000,2025-08-16T23:00Z,23,Pittsburgh Steelers,27,Tampa Bay Buccaneers,23,Pittsburgh Steelers,4427170,Troy Fautanu,OT,Washington,"{'city': 'Henderson', 'state': 'NV', 'country': 'USA'}",2
2025-08-14,2025-08-18,401773000,2025-08-16T23:00Z,23,Pittsburgh Steelers,27,Tampa Bay Buccaneers,23,Pittsburgh Steelers,4429775,Zach Frazier,C,West Virginia,"{'city': 'Fairmont', 'state': 'WV', 'country': 'USA'}",2
2025-08-14,2025-08-18,401773000,2025-08-16T23:00Z,23,Pittsburgh Steelers,27,Tampa Bay Buccaneers,23,Pittsburgh Steelers,4361411,Pat Freiermuth,TE,Penn State,"{'city': 'Merrimac', 'state': 'MA', 'country': 'USA'}",5
2025-08-14,2025-08-18,401773000,2025-08-16T23:00Z,23,Pittsburgh Steelers,27,Tampa Bay Buccaneers,23,Pittsburgh Steelers,4371733,Kenneth Gainwell,RB,Memphis,"{'city': 'Yazoo City', 'state': 'MS', 'country': 'USA'}",5
2025-08-14,2025-08-18,401773000,2025-08-16T23:00Z,23,Pittsburgh Steelers,27,Tampa Bay Buccaneers,23,Pittsburgh Steelers,4695800,JJ Galbreath,TE,South Dakota,"{'city': 'Arvada', 'state': 'CO', 'country': 'USA'}",
2025-08-14,2025-08-18,401773000,2025-08-16T23:00Z,23,Pittsburgh Steelers,27,Tampa Bay Buccaneers,23,Pittsburgh Steelers,4241961,Connor Heyward,TE,Michigan State,"{'city': 'Duluth', 'state': 'GA', 'country': 'USA'}",4
2025-08-14,2025-08-18,401773000,2025-08-16T23:00Z,23,Pittsburgh Steelers,27,Tampa Bay Buccaneers,23,Pittsburgh Steelers,4429955,Will Howard,QB,Ohio State,"{'city': 'Downingtown', 'state': 'PA', 'country': 'USA'}",
2025-08-14,2025-08-18,401773000,2025-08-16T23:00Z,23,Pittsburgh Steelers,27,Tampa Bay Buccaneers,23,Pittsburgh Steelers,4694237,Max Hurleman,RB,Notre Dame,"{'city': 'Wyomissing', 'state': 'PA', 'country': 'USA'}",
2025-08-14,2025-08-18,401773000,2025-08-16T23:00Z,23,Pittsburgh Steelers,27,Tampa Bay Buccaneers,23,Pittsburgh Steelers,4035198,Brandon Johnson,WR,UCF,"{'city': 'Fort Lauderdale', 'state': 'FL', 'country': 'USA'}",3
2025-08-14,2025-08-18,401773000,2025-08-16T23:00Z,23,Pittsburgh Steelers,27,Tampa Bay Buccaneers,23,Pittsburgh Steelers,4819231,Kaleb Johnson,RB,Iowa,"{'city': 'Hamilton', 'state': 'OH', 'country': 'USA'}",
2025-08-14,2025-08-18,401773000,2025-08-16T23:00Z,23,Pittsburgh Steelers,27,Tampa Bay Buccaneers,23,Pittsburgh Steelers,4428990,Broderick Jones,OT,Georgia,"{'city': 'Lithonia', 'state': 'GA', 'country': 'USA'}",3
2025-08-14,2025-08-18,401773000,2025-08-16T23:00Z,23,Pittsburgh Steelers,27,Tampa Bay Buccaneers,23,Pittsburgh Steelers,4373830,Steven Jones,G,Oregon,"{'city': 'Temecula', 'state': 'CA', 'country': 'USA'}",1
2025-08-14,2025-08-18,401773000,2025-08-16T23:00Z,23,Pittsburgh Steelers,27,Tampa Bay Buccaneers,23,Pittsburgh Steelers,4035253,Ryan McCollum,C,Texas A&M,"{'city': 'Spring', 'state': 'TX', 'country': 'USA'}",3
2025-08-14,2025-08-18,401773000,2025-08-16T23:00Z,23,Pittsburgh Steelers,27,Tampa Bay Buccaneers,23,Pittsburgh Steelers,4368304,Mason McCormick,G,South Dakota State,"{'city': 'Sioux Falls', 'state': 'SD', 'country': 'USA'}",2
2025-08-14,2025-08-18,401773000,2025-08-16T23:00Z,23,Pittsburgh Steelers,27,Tampa Bay Buccaneers,23,Pittsburgh Steelers,4247812,Lance McCutcheon,WR,Montana State,"{'city': 'Bozeman', 'state': 'MT', 'country': 'USA'}",2
2025-08-14,2025-08-18,401773000,2025-08-16T23:00Z,23,Pittsburgh Steelers,27,Tampa Bay Buccaneers,23,Pittsburgh Steelers,4047650,DK Metcalf,WR,Ole Miss,"{'city': 'Oxford', 'state': 'MS', 'country': 'USA'}",7
2025-08-14,2025-08-18,401773000,2025-08-16T23:00Z,23,Pittsburgh Steelers,27,Tampa Bay Buccaneers,23,Pittsburgh Steelers,3914397,Scotty Miller,WR,Bowling Green,"{'city': 'Barrington', 'state': 'IL', 'country': 'USA'}",7
2025-08-14,2025-08-18,401773000,2025-08-16T23:00Z,23,Pittsburgh Steelers,27,Tampa Bay Buccaneers,23,Pittsburgh Steelers,4428119,Lew Nichols,RB,Central Michigan,"{'city': 'Detroit', 'state': 'MI', 'country': 'USA'}",1
2025-08-14,2025-08-18,401773000,2025-08-16T23:00Z,23,Pittsburgh Steelers,27,Tampa Bay Buccaneers,23,Pittsburgh Steelers,2978278,Andrus Peat,G,Stanford,"{'city': 'Chandler', 'state': 'AZ', 'country': 'USA'}",11
2025-08-14,2025-08-18,401773000,2025-08-16T23:00Z,23,Pittsburgh Steelers,27,Tampa Bay Buccaneers,23,Pittsburgh Steelers,8439,Aaron Rodgers,QB,California,"{'city': 'Chico', 'state': 'CA', 'country': 'USA'}",21
2025-08-14,2025-08-18,401773000,2025-08-16T23:00Z,23,Pittsburgh Steelers,27,Tampa Bay Buccaneers,23,Pittsburgh Steelers,3116407,Mason Rudolph,QB,Oklahoma State,"{'city': 'Rock Hill', 'state': 'SC', 'country': 'USA'}",8
2025-08-14,2025-08-18,401773000,2025-08-16T23:00Z,23,Pittsburgh Steelers,27,Tampa Bay Buccaneers,23,Pittsburgh Steelers,3126035,Max Scharping,G,Northern Illinois,"{'city': 'Green Bay', 'state': 'WI', 'country': 'USA'}",7
2025-08-14,2025-08-18,401773000,2025-08-16T23:00Z,23,Pittsburgh Steelers,27,Tampa Bay Buccaneers,23,Pittsburgh Steelers,4241401,Trey Sermon,RB,Ohio State,"{'city': 'Marietta', 'state': 'GA', 'country': 'USA'}",5
2025-08-14,2025-08-18,401773000,2025-08-16T23:00Z,23,Pittsburgh Steelers,27,Tampa Bay Buccaneers,23,Pittsburgh Steelers,2978247,Isaac Seumalo,G,Oregon State,"{'city': 'Corvallis', 'state': 'OR', 'country': 'USA'}",10
2025-08-14,2025-08-18,401773000,2025-08-16T23:00Z,23,Pittsburgh Steelers,27,Tampa Bay Buccaneers,23,Pittsburgh Steelers,4035656,Ben Skowronek,WR,Notre Dame,"{'city': 'Fort Wayne', 'state': 'IN', 'country': 'USA'}",5
2025-08-14,2025-08-18,401773000,2025-08-16T23:00Z,23,Pittsburgh Steelers,27,Tampa Bay Buccaneers,23,Pittsburgh Steelers,3054212,Jonnu Smith,TE,Florida International,"{'city': 'Ocala', 'state': 'FL', 'country': 'USA'}",9
2025-08-14,2025-08-18,401773000,2025-08-16T23:00Z,23,Pittsburgh Steelers,27,Tampa Bay Buccaneers,23,Pittsburgh Steelers,4036419,Skylar Thompson,QB,Kansas State,"{'city': 'Independence', 'state': 'MO', 'country': 'USA'}",4
2025-08-14,2025-08-18,401773000,2025-08-16T23:00Z,23,Pittsburgh Steelers,27,Tampa Bay Buccaneers,23,Pittsburgh Steelers,4569987,Jaylen Warren,RB,Oklahoma State,"{'city': 'Salt Lake City', 'state': 'UT', 'country': 'USA'}",4
2025-08-14,2025-08-18,401773000,2025-08-16T23:00Z,23,Pittsburgh Steelers,27,Tampa Bay Buccaneers,23,Pittsburgh Steelers,4430802,Darnell Washington,TE,Georgia,"{'city': 'Las Vegas', 'state': 'NV', 'country': 'USA'}",3
2025-08-14,2025-08-18,401773000,2025-08-16T23:00Z,23,Pittsburgh Steelers,27,Tampa Bay Buccaneers,23,Pittsburgh Steelers,5278102,Aiden Williams,G,Minnesota Duluth,"{'city': 'Anchorage', 'state': 'AK', 'country': 'USA'}",
2025-08-14,2025-08-18,401773000,2025-08-16T23:00Z,23,Pittsburgh Steelers,27,Tampa Bay Buccaneers,23,Pittsburgh Steelers,4570738,Ke'Shawn Williams,WR,Indiana,"{'city': 'Philadelphia', 'state': 'PA', 'country': 'USA'}",
2025-08-14,2025-08-18,401773000,2025-08-16T23:00Z,23,Pittsburgh Steelers,27,Tampa Bay Buccaneers,23,Pittsburgh Steelers,4431492,Roman Wilson,WR,Michigan,"{'city': 'Honolulu', 'state': 'HI', 'country': 'USA'}",2
2025-08-14,2025-08-18,401773000,2025-08-16T23:00Z,23,Pittsburgh Steelers,27,Tampa Bay Buccaneers,23,Pittsburgh Steelers,15880,Robert Woods,WR,USC,"{'city': 'Carson', 'state': 'CA', 'country': 'USA'}",13
2025-08-14,2025-08-18,401773000,2025-08-16T23:00Z,23,Pittsburgh Steelers,27,Tampa Bay Buccaneers,23,Pittsburgh Steelers,4573443,Kyler Baugh,DT,Minnesota,"{'city': 'Talihina', 'state': 'OK', 'country': 'USA'}",1
2025-08-14,2025-08-18,401773000,2025-08-16T23:00Z,23,Pittsburgh Steelers,27,Tampa Bay Buccaneers,23,Pittsburgh Steelers,4426694,Keeanu Benton,DT,Wisconsin,"{'city': 'Janesville', 'state': 'WI', 'country': 'USA'}",3
2025-08-14,2025-08-18,401773000,2025-08-16T23:00Z,23,Pittsburgh Steelers,27,Tampa Bay Buccaneers,23,Pittsburgh Steelers,4363052,Beanie Bishop Jr.,CB,West Virginia,"{'city': 'Louisville', 'state': 'KY', 'country': 'USA'}",2
2025-08-14,2025-08-18,401773000,2025-08-16T23:00Z,23,Pittsburgh Steelers,27,Tampa Bay Buccaneers,23,Pittsburgh Steelers,4430947,Yahya Black,DE,Iowa,"{'city': 'Marshall', 'state': 'MN', 'country': 'USA'}",
2025-08-14,2025-08-18,401773000,2025-08-16T23:00Z,23,Pittsburgh Steelers,27,Tampa Bay Buccaneers,23,Pittsburgh Steelers,4429490,Carson Bruener,LB,Washington,"{'city': 'Woodinville', 'state': 'WA', 'country': 'USA'}",
2025-08-14,2025-08-18,401773000,2025-08-16T23:00Z,23,Pittsburgh Steelers,27,Tampa Bay Buccaneers,23,Pittsburgh Steelers,4426882,Sebastian Castro,S,Iowa,"{'city': 'Oak Lawn', 'state': 'IL', 'country': 'USA'}",
2025-08-14,2025-08-18,401773000,2025-08-16T23:00Z,23,Pittsburgh Steelers,27,Tampa Bay Buccaneers,23,Pittsburgh Steelers,3045463,Chuck Clark,S,Virginia Tech,"{'city': 'Suffolk', 'state': 'VA', 'country': 'USA'}",9
2025-08-14,2025-08-18,401773000,2025-08-16T23:00Z,23,Pittsburgh Steelers,27,Tampa Bay Buccaneers,23,Pittsburgh Steelers,4590720,Domenique Davis,DT,UNC Pembroke,{'country': 'USA'},1
2025-08-14,2025-08-18,401773000,2025-08-16T23:00Z,23,Pittsburgh Steelers,27,Tampa Bay Buccaneers,23,Pittsburgh Steelers,4567979,Brandin Echols,CB,Kentucky,"{'city': 'Memphis', 'state': 'TN', 'country': 'USA'}",5
2025-08-14,2025-08-18,401773000,2025-08-16T23:00Z,23,Pittsburgh Steelers,27,Tampa Bay Buccaneers,23,Pittsburgh Steelers,3052059,Daniel Ekuale,DT,Washington State,"{'city': 'Pago Pago', 'country': 'American Samoa'}",7
2025-08-14,2025-08-18,401773000,2025-08-16T23:00Z,23,Pittsburgh Steelers,27,Tampa Bay Buccaneers,23,Pittsburgh Steelers,3929846,DeShon Elliott,S,Texas,"{'city': 'Rockwall', 'state': 'TX', 'country': 'USA'}",8
2025-08-14,2025-08-18,401773000,2025-08-16T23:00Z,23,Pittsburgh Steelers,27,Tampa Bay Buccaneers,23,Pittsburgh Steelers,4682980,Derrick Harmon,DT,Oregon,"{'city': 'Detroit', 'state': 'MI', 'country': 'USA'}",
2025-08-14,2025-08-18,401773000,2025-08-16T23:00Z,23,Pittsburgh Steelers,27,Tampa Bay Buccaneers,23,Pittsburgh Steelers,4040615,Malik Harrison,LB,Ohio State,"{'city': 'Columbus', 'state': 'OH', 'country': 'USA'}",6
2025-08-14,2025-08-18,401773000,2025-08-16T23:00Z,23,Pittsburgh Steelers,27,Tampa Bay Buccaneers,23,Pittsburgh Steelers,4429164,Nick Herbig,LB,Wisconsin,"{'city': 'Kauai', 'state': 'HI', 'country': 'USA'}",3
2025-08-14,2025-08-18,401773000,2025-08-16T23:00Z,23,Pittsburgh Steelers,27,Tampa Bay Buccaneers,23,Pittsburgh Steelers,13977,Cameron Heyward,DT,Ohio State,"{'city': 'Suwanee', 'state': 'GA', 'country': 'USA'}",15
2025-08-14,2025-08-18,401773000,2025-08-16T23:00Z,23,Pittsburgh Steelers,27,Tampa Bay Buccaneers,23,Pittsburgh Steelers,4037333,Alex Highsmith,LB,Charlotte,"{'city': 'Wilmington', 'state': 'NC', 'country': 'USA'}",6
2025-08-14,2025-08-18,401773000,2025-08-16T23:00Z,23,Pittsburgh Steelers,27,Tampa Bay Buccaneers,23,Pittsburgh Steelers,3116689,Cole Holcomb,LB,North Carolina,"{'city': 'New Smyrna Beach', 'state': 'FL', 'country': 'USA'}",7
2025-08-14,2025-08-18,401773000,2025-08-16T23:00Z,23,Pittsburgh Steelers,27,Tampa Bay Buccaneers,23,Pittsburgh Steelers,4362082,D'Shawn Jamison,CB,Texas,"{'city': 'Houston', 'state': 'TX', 'country': 'USA'}",2
2025-08-14,2025-08-18,401773000,2025-08-16T23:00Z,23,Pittsburgh Steelers,27,Tampa Bay Buccaneers,23,Pittsburgh Steelers,4608004,Donte Kent,CB,Central Michigan,"{'city': 'Harrisburg', 'state': 'PA', 'country': 'USA'}",
2025-08-14,2025-08-18,401773000,2025-08-16T23:00Z,23,Pittsburgh Steelers,27,Tampa Bay Buccaneers,23,Pittsburgh Steelers,2575164,Miles Killebrew,S,Southern Utah,"{'city': 'Henderson', 'state': 'NV', 'country': 'USA'}",10
2025-08-14,2025-08-18,401773000,2025-08-16T23:00Z,23,Pittsburgh Steelers,27,Tampa Bay Buccaneers,23,Pittsburgh Steelers,4426359,DeMarvin Leal,DE,Texas A&M,"{'city': 'San Antonio', 'state': 'TX', 'country': 'USA'}",4
2025-08-14,2025-08-18,401773000,2025-08-16T23:00Z,23,Pittsburgh Steelers,27,Tampa Bay Buccaneers,23,Pittsburgh Steelers,4569474,Logan Lee,DT,Iowa,"{'city': 'Orion', 'state': 'IL', 'country': 'USA'}",2
2025-08-14,2025-08-18,401773000,2025-08-16T23:00Z,23,Pittsburgh Steelers,27,Tampa Bay Buccaneers,23,Pittsburgh Steelers,4361272,Eku Leota,LB,Auburn,"{'city': 'Asheville', 'state': 'NC', 'country': 'USA'}",2
2025-08-14,2025-08-18,401773000,2025-08-16T23:00Z,23,Pittsburgh Steelers,27,Tampa Bay Buccaneers,23,Pittsburgh Steelers,4035798,Isaiahh Loudermilk,DT,Wisconsin,"{'city': 'Howard', 'state': 'KS', 'country': 'USA'}",5
2025-08-14,2025-08-18,401773000,2025-08-16T23:00Z,23,Pittsburgh Steelers,27,Tampa Bay Buccaneers,23,Pittsburgh Steelers,4240759,Esezi Otomewo,DE,Minnesota,"{'city': 'Indianapolis', 'state': 'IN', 'country': 'USA'}",3
2025-08-14,2025-08-18,401773000,2025-08-16T23:00Z,23,Pittsburgh Steelers,27,Tampa Bay Buccaneers,23,Pittsburgh Steelers,4259252,James Pierre,CB,Florida Atlantic,"{'city': 'Deerfield Beach', 'state': 'FL', 'country': 'USA'}",6
2025-08-14,2025-08-18,401773000,2025-08-16T23:00Z,23,Pittsburgh Steelers,27,Tampa Bay Buccaneers,23,Pittsburgh Steelers,4691005,Daryl Porter Jr.,CB,Miami,"{'city': 'Fort Lauderdale', 'state': 'FL', 'country': 'USA'}",
2025-08-14,2025-08-18,401773000,2025-08-16T23:00Z,23,Pittsburgh Steelers,27,Tampa Bay Buccaneers,23,Pittsburgh Steelers,4426506,Joey Porter Jr.,CB,Penn State,"{'city': 'Bakersfield', 'state': 'CA', 'country': 'USA'}",3
2025-08-14,2025-08-18,401773000,2025-08-16T23:00Z,23,Pittsburgh Steelers,27,Tampa Bay Buccaneers,23,Pittsburgh Steelers,4242207,Patrick Queen,LB,LSU,"{'city': 'Ventress', 'state': 'LA', 'country': 'USA'}",6
2025-08-14,2025-08-18,401773000,2025-08-16T23:00Z,23,Pittsburgh Steelers,27,Tampa Bay Buccaneers,23,Pittsburgh Steelers,3045373,Jalen Ramsey,CB,Florida State,"{'city': 'Smyrna', 'state': 'TN', 'country': 'USA'}",10
2025-08-14,2025-08-18,401773000,2025-08-16T23:00Z,23,Pittsburgh Steelers,27,Tampa Bay Buccaneers,23,Pittsburgh Steelers,4249342,Mark Robinson,LB,Ole Miss,"{'city': 'Leesburg', 'state': 'GA', 'country': 'USA'}",4
2025-08-14,2025-08-18,401773000,2025-08-16T23:00Z,23,Pittsburgh Steelers,27,Tampa Bay Buccaneers,23,Pittsburgh Steelers,4431590,Jack Sawyer,LB,Ohio State,"{'city': 'Pickerington', 'state': 'OH', 'country': 'USA'}",
2025-08-14,2025-08-18,401773000,2025-08-16T23:00Z,23,Pittsburgh Steelers,27,Tampa Bay Buccaneers,23,Pittsburgh Steelers,15863,Darius Slay,CB,Mississippi State,"{'city': 'Brunswick', 'state': 'GA', 'country': 'USA'}",13
2025-08-14,2025-08-18,401773000,2025-08-16T23:00Z,23,Pittsburgh Steelers,27,Tampa Bay Buccaneers,23,Pittsburgh Steelers,3917909,Juan Thornhill,S,Virginia,"{'city': 'Altavista', 'state': 'VA', 'country': 'USA'}",7
2025-08-14,2025-08-18,401773000,2025-08-16T23:00Z,23,Pittsburgh Steelers,27,Tampa Bay Buccaneers,23,Pittsburgh Steelers,4372492,Cory Trice Jr.,CB,Purdue,"{'city': 'Hopkinsville', 'state': 'KY', 'country': 'USA'}",3
2025-08-14,2025-08-18,401773000,2025-08-16T23:00Z,23,Pittsburgh Steelers,27,Tampa Bay Buccaneers,23,Pittsburgh Steelers,3045282,T.J. Watt,LB,Wisconsin,"{'city': 'Pewaukee', 'state': 'WI', 'country': 'USA'}",9
2025-08-14,2025-08-18,401773000,2025-08-16T23:00Z,23,Pittsburgh Steelers,27,Tampa Bay Buccaneers,23,Pittsburgh Steelers,4372098,Julius Welschof,LB,Charlotte,"{'city': 'Miesbach', 'country': 'Germany'}",1
2025-08-14,2025-08-18,401773000,2025-08-16T23:00Z,23,Pittsburgh Steelers,27,Tampa Bay Buccaneers,23,Pittsburgh Steelers,4361652,Payton Wilson,LB,NC State,"{'city': 'Hillsborough', 'state': 'NC', 'country': 'USA'}",2
2025-08-14,2025-08-18,401773000,2025-08-16T23:00Z,23,Pittsburgh Steelers,27,Tampa Bay Buccaneers,23,Pittsburgh Steelers,17372,Chris Boswell,PK,Rice,"{'city': 'Keller', 'state': 'TX', 'country': 'USA'}",11
2025-08-14,2025-08-18,401773000,2025-08-16T23:00Z,23,Pittsburgh Steelers,27,Tampa Bay Buccaneers,23,Pittsburgh Steelers,3051397,Cameron Johnston,P,Ohio State,"{'city': 'Geelong', 'state': 'VIC', 'country': 'Australia'}",8
2025-08-14,2025-08-18,401773000,2025-08-16T23:00Z,23,Pittsburgh Steelers,27,Tampa Bay Buccaneers,23,Pittsburgh Steelers,2978524,Christian Kuntz,LS,Duquesne,"{'city': 'Pittsburgh', 'state': 'PA', 'country': 'USA'}",5
2025-08-14,2025-08-18,401773000,2025-08-16T23:00Z,23,Pittsburgh Steelers,27,Tampa Bay Buccaneers,23,Pittsburgh Steelers,4566158,Ben Sauls,PK,Pittsburgh,"{'city': 'Tipp City', 'state': 'OH', 'country': 'USA'}",
2025-08-14,2025-08-18,401773000,2025-08-16T23:00Z,23,Pittsburgh Steelers,27,Tampa Bay Buccaneers,23,Pittsburgh Steelers,3125280,Corliss Waitman,P,Mississippi State,"{'city': 'Milton', 'state': 'FL', 'country': 'USA'}",3
2025-08-14,2025-08-18,401773000,2025-08-16T23:00Z,23,Pittsburgh Steelers,27,Tampa Bay Buccaneers,23,Pittsburgh Steelers,2974348,Dean Lowry,DT,Northwestern,"{'city': 'Rockford', 'state': 'IL', 'country': 'USA'}",10
2025-08-14,2025-08-18,401773000,2025-08-16T23:00Z,23,Pittsburgh Steelers,27,Tampa Bay Buccaneers,23,Pittsburgh Steelers,4365971,Cameron McCutcheon,CB,Western Carolina,"{'city': 'Seneca', 'state': 'SC', 'country': 'USA'}",1
2025-08-14,2025-08-18,401773000,2025-08-16T23:00Z,23,Pittsburgh Steelers,27,Tampa Bay Buccaneers,23,Pittsburgh Steelers,3912092,Donald Parham Jr.,TE,Stetson,"{'city': 'Lakeland', 'state': 'FL', 'country': 'USA'}",5
2025-08-14,2025-08-18,401773000,2025-08-16T23:00Z,23,Pittsburgh Steelers,27,Tampa Bay Buccaneers,23,Pittsburgh Steelers,4382475,Jacob Slade,DT,Michigan State,"{'city': 'Lewis Center', 'state': 'OH', 'country': 'USA'}",1
2025-08-14,2025-08-18,401773000,2025-08-16T23:00Z,23,Pittsburgh Steelers,27,Tampa Bay Buccaneers,23,Pittsburgh Steelers,4885455,Gareth Warren,OT,Lindenwood,"{'city': 'Kailua Kona', 'state': 'HI', 'country': 'USA'}",
2025-08-14,2025-08-18,401773000,2025-08-16T23:00Z,23,Pittsburgh Steelers,27,Tampa Bay Buccaneers,27,Tampa Bay Buccaneers,4429251,Graham Barton,C,Duke,"{'city': 'Brentwood', 'state': 'TN', 'country': 'USA'}",2
2025-08-14,2025-08-18,401773000,2025-08-16T23:00Z,23,Pittsburgh Steelers,27,Tampa Bay Buccaneers,27,Tampa Bay Buccaneers,4426444,Connor Bazelak,QB,Bowling Green,"{'city': 'Dayton', 'state': 'OH', 'country': 'USA'}",
2025-08-14,2025-08-18,401773000,2025-08-16T23:00Z,23,Pittsburgh Steelers,27,Tampa Bay Buccaneers,27,Tampa Bay Buccaneers,4046551,Ben Bredeson,G,Michigan,"{'city': 'Hartland', 'state': 'WI', 'country': 'USA'}",6
2025-08-14,2025-08-18,401773000,2025-08-16T23:00Z,23,Pittsburgh Steelers,27,Tampa Bay Buccaneers,27,Tampa Bay Buccaneers,16728,Teddy Bridgewater,QB,Louisville,"{'city': 'Miami', 'state': 'FL', 'country': 'USA'}",11
2025-08-14,2025-08-18,401773000,2025-08-16T23:00Z,23,Pittsburgh Steelers,27,Tampa Bay Buccaneers,27,Tampa Bay Buccaneers,4690787,Benjamin Chukwuma,OT,Georgia State,"{'city': 'Austell', 'state': 'GA', 'country': 'USA'}",
2025-08-14,2025-08-18,401773000,2025-08-16T23:00Z,23,Pittsburgh Steelers,27,Tampa Bay Buccaneers,27,Tampa Bay Buccaneers,4361112,Devin Culp,TE,Washington,"{'city': 'Spokane', 'state': 'WA', 'country': 'USA'}",2
2025-08-14,2025-08-18,401773000,2025-08-16T23:00Z,23,Pittsburgh Steelers,27,Tampa Bay Buccaneers,27,Tampa Bay Buccaneers,4372505,Payne Durham,TE,Purdue,"{'city': 'Suwanee', 'state': 'GA', 'country': 'USA'}",3
2025-08-14,2025-08-18,401773000,2025-08-16T23:00Z,23,Pittsburgh Steelers,27,Tampa Bay Buccaneers,27,Tampa Bay Buccaneers,4567750,Emeka Egbuka,WR,Ohio State,"{'city': 'Steilacoom', 'state': 'WA', 'country': 'USA'}",
2025-08-14,2025-08-18,401773000,2025-08-16T23:00Z,23,Pittsburgh Steelers,27,Tampa Bay Buccaneers,27,Tampa Bay Buccaneers,16737,Mike Evans,WR,Texas A&M,"{'city': 'Galveston', 'state': 'TX', 'country': 'USA'}",12
2025-08-14,2025-08-18,401773000,2025-08-16T23:00Z,23,Pittsburgh Steelers,27,Tampa Bay Buccaneers,27,Tampa Bay Buccaneers,3116165,Chris Godwin,WR,Penn State,"{'city': 'Middletown', 'state': 'DE', 'country': 'USA'}",9
2025-08-14,2025-08-18,401773000,2025-08-16T23:00Z,23,Pittsburgh Steelers,27,Tampa Bay Buccaneers,27,Tampa Bay Buccaneers,4380507,Luke Goedeke,OT,Central Michigan,"{'city': 'Whitelaw', 'state': 'WI', 'country': 'USA'}",4
2025-08-14,2025-08-18,401773000,2025-08-16T23:00Z,23,Pittsburgh Steelers,27,Tampa Bay Buccaneers,27,Tampa Bay Buccaneers,4429847,Garrett Greene,WR,West Virginia,"{'city': 'Tallahassee', 'state': 'FL', 'country': 'USA'}",
2025-08-14,2025-08-18,401773000,2025-08-16T23:00Z,23,Pittsburgh Steelers,27,Tampa Bay Buccaneers,27,Tampa Bay Buccaneers,4686884,Luke Haggard,OT,Indiana,"{'city': 'Petaluma', 'state': 'CA', 'country': 'USA'}",1
2025-08-14,2025-08-18,401773000,2025-08-16T23:00Z,23,Pittsburgh Steelers,27,Tampa Bay Buccaneers,27,Tampa Bay Buccaneers,3932144,Jacob Harris,WR,UCF,"{'city': 'Palm Harbor', 'state': 'FL', 'country': 'USA'}",3
2025-08-14,2025-08-18,401773000,2025-08-16T23:00Z,23,Pittsburgh Steelers,27,Tampa Bay Buccaneers,27,Tampa Bay Buccaneers,3895840,Charlie Heck,OT,North Carolina,"{'city': 'Kansas City', 'state': 'MO', 'country': 'USA'}",6
2025-08-14,2025-08-18,401773000,2025-08-16T23:00Z,23,Pittsburgh Steelers,27,Tampa Bay Buccaneers,27,Tampa Bay Buccaneers,4572786,Dennis Houston,WR,Western Illinois,"{'city': 'San Antonio', 'state': 'TX', 'country': 'USA'}",1
2025-08-14,2025-08-18,401773000,2025-08-16T23:00Z,23,Pittsburgh Steelers,27,Tampa Bay Buccaneers,27,Tampa Bay Buccaneers,4596448,Bucky Irving,RB,Oregon,"{'city': 'Chicago', 'state': 'IL', 'country': 'USA'}",2
2025-08-14,2025-08-18,401773000,2025-08-16T23:00Z,23,Pittsburgh Steelers,27,Tampa Bay Buccaneers,27,Tampa Bay Buccaneers,4429006,Rakim Jarrett,WR,Maryland,"{'city': 'Palmer Park', 'state': 'MD', 'country': 'USA'}",3
2025-08-14,2025-08-18,401773000,2025-08-16T23:00Z,23,Pittsburgh Steelers,27,Tampa Bay Buccaneers,27,Tampa Bay Buccaneers,5097554,Kameron Johnson,WR,Barton College,"{'city': 'Rocky Mount', 'state': 'NC', 'country': 'USA'}",2
2025-08-14,2025-08-18,401773000,2025-08-16T23:00Z,23,Pittsburgh Steelers,27,Tampa Bay Buccaneers,27,Tampa Bay Buccaneers,4608810,Tez Johnson,WR,Oregon,"{'city': 'Pinson', 'state': 'AL', 'country': 'USA'}",
2025-08-14,2025-08-18,401773000,2025-08-16T23:00Z,23,Pittsburgh Steelers,27,Tampa Bay Buccaneers,27,Tampa Bay Buccaneers,4040622,Mike Jordan,G,Ohio State,"{'city': 'Canton', 'state': 'MI', 'country': 'USA'}",6
2025-08-14,2025-08-18,401773000,2025-08-16T23:00Z,23,Pittsburgh Steelers,27,Tampa Bay Buccaneers,27,Tampa Bay Buccaneers,4034779,Ko Kieft,TE,Minnesota,"{'city': 'Sioux Center', 'state': 'IA', 'country': 'USA'}",4
2025-08-14,2025-08-18,401773000,2025-08-16T23:00Z,23,Pittsburgh Steelers,27,Tampa Bay Buccaneers,27,Tampa Bay Buccaneers,4362066,Elijah Klein,G,UTEP,"{'city': 'San Bernardino', 'state': 'CA', 'country': 'USA'}",2
2025-08-14,2025-08-18,401773000,2025-08-16T23:00Z,23,Pittsburgh Steelers,27,Tampa Bay Buccaneers,27,Tampa Bay Buccaneers,4430814,Jake Majors,C,Texas,"{'city': 'Prosper', 'state': 'TX', 'country': 'USA'}",
2025-08-14,2025-08-18,401773000,2025-08-16T23:00Z,23,Pittsburgh Steelers,27,Tampa Bay Buccaneers,27,Tampa Bay Buccaneers,4248545,Cody Mauch,G,North Dakota State,"{'city': 'Hankinson', 'state': 'ND', 'country': 'USA'}",3
2025-08-14,2025-08-18,401773000,2025-08-16T23:00Z,23,Pittsburgh Steelers,27,Tampa Bay Buccaneers,27,Tampa Bay Buccaneers,3052587,Baker Mayfield,QB,Oklahoma,"{'city': 'Austin', 'state': 'TX', 'country': 'USA'}",8
2025-08-14,2025-08-18,401773000,2025-08-16T23:00Z,23,Pittsburgh Steelers,27,Tampa Bay Buccaneers,27,Tampa Bay Buccaneers,4429001,Jase McClellan,RB,Alabama,"{'city': 'Aledo', 'state': 'TX', 'country': 'USA'}",2
2025-08-14,2025-08-18,401773000,2025-08-16T23:00Z,23,Pittsburgh Steelers,27,Tampa Bay Buccaneers,27,Tampa Bay Buccaneers,4247248,Tyler McLellan,OT,Campbell,"{'city': 'North Charleston', 'state': 'SC', 'country': 'USA'}",2
2025-08-14,2025-08-18,401773000,2025-08-16T23:00Z,23,Pittsburgh Steelers,27,Tampa Bay Buccaneers,27,Tampa Bay Buccaneers,4430834,Jalen McMillan,WR,Washington,"{'city': 'Fresno', 'state': 'CA', 'country': 'USA'}",2
2025-08-14,2025-08-18,401773000,2025-08-16T23:00Z,23,Pittsburgh Steelers,27,Tampa Bay Buccaneers,27,Tampa Bay Buccaneers,4360063,Lorenz Metz,OT,Cincinnati,"{'city': 'Neuotting', 'country': 'Germany'}",1
2025-08-14,2025-08-18,401773000,2025-08-16T23:00Z,23,Pittsburgh Steelers,27,Tampa Bay Buccaneers,27,Tampa Bay Buccaneers,4369466,Ryan Miller,WR,Furman,"{'city': 'Jackson', 'state': 'TN', 'country': 'USA'}",2
2025-08-14,2025-08-18,401773000,2025-08-16T23:00Z,23,Pittsburgh Steelers,27,Tampa Bay Buccaneers,27,Tampa Bay Buccaneers,4361528,Raiqwon O'Neal,OT,UCLA,"{'city': 'Conway', 'state': 'SC', 'country': 'USA'}",2
2025-08-14,2025-08-18,401773000,2025-08-16T23:00Z,23,Pittsburgh Steelers,27,Tampa Bay Buccaneers,27,Tampa Bay Buccaneers,3121009,Sua Opeta,G,Weber State,"{'city': 'Stansbury Park', 'state': 'UT', 'country': 'USA'}",6
2025-08-14,2025-08-18,401773000,2025-08-16T23:00Z,23,Pittsburgh Steelers,27,Tampa Bay Buccaneers,27,Tampa Bay Buccaneers,4243331,Cade Otton,TE,Washington,"{'city': 'Tumwater', 'state': 'WA', 'country': 'USA'}",4
2025-08-14,2025-08-18,401773000,2025-08-16T23:00Z,23,Pittsburgh Steelers,27,Tampa Bay Buccaneers,27,Tampa Bay Buccaneers,4426407,Trey Palmer,WR,Nebraska,"{'city': 'Kentwood', 'state': 'LA', 'country': 'USA'}",3
2025-08-14,2025-08-18,401773000,2025-08-16T23:00Z,23,Pittsburgh Steelers,27,Tampa Bay Buccaneers,27,Tampa Bay Buccaneers,4569202,Ben Scott,G,Nebraska,"{'city': 'Honolulu', 'state': 'HI', 'country': 'USA'}",
2025-08-14,2025-08-18,401773000,2025-08-16T23:00Z,23,Pittsburgh Steelers,27,Tampa Bay Buccaneers,27,Tampa Bay Buccaneers,2976592,Sterling Shepard,WR,Oklahoma,"{'city': 'Oklahoma City', 'state': 'OK', 'country': 'USA'}",10
2025-08-14,2025-08-18,401773000,2025-08-16T23:00Z,23,Pittsburgh Steelers,27,Tampa Bay Buccaneers,27,Tampa Bay Buccaneers,4248052,Tanner Taula,TE,Illinois State,"{'city': 'Independence', 'state': 'MO', 'country': 'USA'}",1
2025-08-14,2025-08-18,401773000,2025-08-16T23:00Z,23,Pittsburgh Steelers,27,Tampa Bay Buccaneers,27,Tampa Bay Buccaneers,4034946,Kyle Trask,QB,Florida,"{'city': 'Manvel', 'state': 'TX', 'country': 'USA'}",5
2025-08-14,2025-08-18,401773000,2025-08-16T23:00Z,23,Pittsburgh Steelers,27,Tampa Bay Buccaneers,27,Tampa Bay Buccaneers,4430871,Sean Tucker,RB,Syracuse,"{'city': 'Owings Mills', 'state': 'MD', 'country': 'USA'}",3
2025-08-14,2025-08-18,401773000,2025-08-16T23:00Z,23,Pittsburgh Steelers,27,Tampa Bay Buccaneers,27,Tampa Bay Buccaneers,4697815,Rachaad White,RB,Arizona State,"{'city': 'Kansas City', 'state': 'MO', 'country': 'USA'}",4
2025-08-14,2025-08-18,401773000,2025-08-16T23:00Z,23,Pittsburgh Steelers,27,Tampa Bay Buccaneers,27,Tampa Bay Buccaneers,4568024,Josh Williams,RB,LSU,"{'city': 'Houston', 'state': 'TX', 'country': 'USA'}",
2025-08-14,2025-08-18,401773000,2025-08-16T23:00Z,23,Pittsburgh Steelers,27,Tampa Bay Buccaneers,27,Tampa Bay Buccaneers,4240589,Tristan Wirfs,OT,Iowa,"{'city': 'Mount Vernon', 'state': 'IA', 'country': 'USA'}",6
2025-08-14,2025-08-18,401773000,2025-08-16T23:00Z,23,Pittsburgh Steelers,27,Tampa Bay Buccaneers,27,Tampa Bay Buccaneers,4249616,Owen Wright,RB,Monmouth,"{'city': 'Bethesda', 'state': 'MD', 'country': 'USA'}",2
2025-08-14,2025-08-18,401773000,2025-08-16T23:00Z,23,Pittsburgh Steelers,27,Tampa Bay Buccaneers,27,Tampa Bay Buccaneers,4259300,Tre Avery,CB,Rutgers,"{'city': 'Baltimore', 'state': 'MD', 'country': 'USA'}",4
2025-08-14,2025-08-18,401773000,2025-08-16T23:00Z,23,Pittsburgh Steelers,27,Tampa Bay Buccaneers,27,Tampa Bay Buccaneers,4040703,Eric Banks,DE,UTSA,"{'city': 'Memphis', 'state': 'TN', 'country': 'USA'}",3
2025-08-14,2025-08-18,401773000,2025-08-16T23:00Z,23,Pittsburgh Steelers,27,Tampa Bay Buccaneers,27,Tampa Bay Buccaneers,4428989,Chris Braswell,LB,Alabama,"{'city': 'Baltimore', 'state': 'MD', 'country': 'USA'}",2
2025-08-14,2025-08-18,401773000,2025-08-16T23:00Z,23,Pittsburgh Steelers,27,Tampa Bay Buccaneers,27,Tampa Bay Buccaneers,4052017,C.J. Brewer,DT,Coastal Carolina,"{'city': 'Bowdon', 'state': 'GA', 'country': 'USA'}",2
2025-08-14,2025-08-18,401773000,2025-08-16T23:00Z,23,Pittsburgh Steelers,27,Tampa Bay Buccaneers,27,Tampa Bay Buccaneers,4692562,Will Brooks,S,Tennessee,"{'city': 'Birmingham', 'state': 'AL', 'country': 'USA'}",
2025-08-14,2025-08-18,401773000,2025-08-16T23:00Z,23,Pittsburgh Steelers,27,Tampa Bay Buccaneers,27,Tampa Bay Buccaneers,4569563,John Bullock,LB,Nebraska,"{'city': 'Omaha', 'state': 'NE', 'country': 'USA'}",
2025-08-14,2025-08-18,401773000,2025-08-16T23:00Z,23,Pittsburgh Steelers,27,Tampa Bay Buccaneers,27,Tampa Bay Buccaneers,14985,Lavonte David,LB,Nebraska,"{'city': 'Miami', 'state': 'FL', 'country': 'USA'}",14
2025-08-14,2025-08-18,401773000,2025-08-16T23:00Z,23,Pittsburgh Steelers,27,Tampa Bay Buccaneers,27,Tampa Bay Buccaneers,3873935,Jamel Dean,CB,Auburn,"{'city': 'Cocoa', 'state': 'FL', 'country': 'USA'}",7
2025-08-14,2025-08-18,401773000,2025-08-16T23:00Z,23,Pittsburgh Steelers,27,Tampa Bay Buccaneers,27,Tampa Bay Buccaneers,4429511,SirVocea Dennis,LB,Pittsburgh,"{'city': 'Syracuse', 'state': 'NY', 'country': 'USA'}",3
2025-08-14,2025-08-18,401773000,2025-08-16T23:00Z,23,Pittsburgh Steelers,27,Tampa Bay Buccaneers,27,Tampa Bay Buccaneers,4686334,Yaya Diaby,LB,Louisville,"{'city': 'Atlanta', 'state': 'GA', 'country': 'USA'}",3
2025-08-14,2025-08-18,401773000,2025-08-16T23:00Z,23,Pittsburgh Steelers,27,Tampa Bay Buccaneers,27,Tampa Bay Buccaneers,5223003,JayVian Farr,CB,Augustana University (SD),"{'city': 'Racine', 'state': 'WI', 'country': 'USA'}",
2025-08-14,2025-08-18,401773000,2025-08-16T23:00Z,23,Pittsburgh Steelers,27,Tampa Bay Buccaneers,27,Tampa Bay Buccaneers,4367330,Tyrek Funderburk,CB,App State,"{'city': 'Indian Trail', 'state': 'NC', 'country': 'USA'}",2
2025-08-14,2025-08-18,401773000,2025-08-16T23:00Z,23,Pittsburgh Steelers,27,Tampa Bay Buccaneers,27,Tampa Bay Buccaneers,3127294,Greg Gaines,DT,Washington,"{'city': 'La Habra', 'state': 'CA', 'country': 'USA'}",7
2025-08-14,2025-08-18,401773000,2025-08-16T23:00Z,23,Pittsburgh Steelers,27,Tampa Bay Buccaneers,27,Tampa Bay Buccaneers,2971498,Adam Gotsis,DT,Georgia Tech,"{'city': 'Melbourne', 'state': 'VIC', 'country': 'Australia'}",10
2025-08-14,2025-08-18,401773000,2025-08-16T23:00Z,23,Pittsburgh Steelers,27,Tampa Bay Buccaneers,27,Tampa Bay Buccaneers,4249596,Mike Greene,DE,James Madison,"{'city': 'Richmond', 'state': 'VA', 'country': 'USA'}",2
2025-08-14,2025-08-18,401773000,2025-08-16T23:00Z,23,Pittsburgh Steelers,27,Tampa Bay Buccaneers,27,Tampa Bay Buccaneers,4360864,Antonio Grier Jr.,LB,Arkansas,"{'city': 'Atlanta', 'state': 'GA', 'country': 'USA'}",2
2025-08-14,2025-08-18,401773000,2025-08-16T23:00Z,23,Pittsburgh Steelers,27,Tampa Bay Buccaneers,27,Tampa Bay Buccaneers,4037584,Bryce Hall,CB,Virginia,"{'city': 'Harrisburg', 'state': 'PA', 'country': 'USA'}",6
2025-08-14,2025-08-18,401773000,2025-08-16T23:00Z,23,Pittsburgh Steelers,27,Tampa Bay Buccaneers,27,Tampa Bay Buccaneers,4360189,Logan Hall,DE,Houston,"{'city': 'Belton', 'state': 'TX', 'country': 'USA'}",4
2025-08-14,2025-08-18,401773000,2025-08-16T23:00Z,23,Pittsburgh Steelers,27,Tampa Bay Buccaneers,27,Tampa Bay Buccaneers,4248533,Josh Hayes,S,Kansas State,"{'city': 'Lakeland', 'state': 'FL', 'country': 'USA'}",3
2025-08-14,2025-08-18,401773000,2025-08-16T23:00Z,23,Pittsburgh Steelers,27,Tampa Bay Buccaneers,27,Tampa Bay Buccaneers,4431153,Nash Hutmacher,DT,Nebraska,"{'city': 'Oacoma', 'state': 'SD', 'country': 'USA'}",
2025-08-14,2025-08-18,401773000,2025-08-16T23:00Z,23,Pittsburgh Steelers,27,Tampa Bay Buccaneers,27,Tampa Bay Buccaneers,4372459,Christian Izien,S,Rutgers,"{'city': 'Far Rockaway', 'state': 'NY', 'country': 'USA'}",3
2025-08-14,2025-08-18,401773000,2025-08-16T23:00Z,23,Pittsburgh Steelers,27,Tampa Bay Buccaneers,27,Tampa Bay Buccaneers,4570055,Dvon J-Thomas,DT,Penn State,"{'city': 'Burtonsville', 'state': 'MD', 'country': 'USA'}",
2025-08-14,2025-08-18,401773000,2025-08-16T23:00Z,23,Pittsburgh Steelers,27,Tampa Bay Buccaneers,27,Tampa Bay Buccaneers,4568492,Nick Jackson,LB,Iowa,"{'city': 'Atlanta', 'state': 'GA', 'country': 'USA'}",
2025-08-14,2025-08-18,401773000,2025-08-16T23:00Z,23,Pittsburgh Steelers,27,Tampa Bay Buccaneers,27,Tampa Bay Buccaneers,2976545,Deion Jones,LB,LSU,"{'city': 'New Orleans', 'state': 'LA', 'country': 'USA'}",9
2025-08-14,2025-08-18,401773000,2025-08-16T23:00Z,23,Pittsburgh Steelers,27,Tampa Bay Buccaneers,27,Tampa Bay Buccaneers,4427673,Calijah Kancey,DT,Pittsburgh,"{'city': 'Miami', 'state': 'FL', 'country': 'USA'}",3
2025-08-14,2025-08-18,401773000,2025-08-16T23:00Z,23,Pittsburgh Steelers,27,Tampa Bay Buccaneers,27,Tampa Bay Buccaneers,4250392,Zyon McCollum,CB,Sam Houston,"{'city': 'Galveston', 'state': 'TX', 'country': 'USA'}",4
2025-08-14,2025-08-18,401773000,2025-08-16T23:00Z,23,Pittsburgh Steelers,27,Tampa Bay Buccaneers,27,Tampa Bay Buccaneers,4360502,Kaevon Merriweather,S,Iowa,"{'city': 'Belleville', 'state': 'MI', 'country': 'USA'}",3
2025-08-14,2025-08-18,401773000,2025-08-16T23:00Z,23,Pittsburgh Steelers,27,Tampa Bay Buccaneers,27,Tampa Bay Buccaneers,4816107,Benjamin Morrison,CB,Notre Dame,"{'city': 'Phoenix', 'state': 'AZ', 'country': 'USA'}",
2025-08-14,2025-08-18,401773000,2025-08-16T23:00Z,23,Pittsburgh Steelers,27,Tampa Bay Buccaneers,27,Tampa Bay Buccaneers,3894856,Anthony Nelson,LB,Iowa,"{'city': 'Urbandale', 'state': 'IA', 'country': 'USA'}",7
2025-08-14,2025-08-18,401773000,2025-08-16T23:00Z,23,Pittsburgh Steelers,27,Tampa Bay Buccaneers,27,Tampa Bay Buccaneers,4565547,Roman Parodie,CB,Ohio,"{'city': 'Fort Lauderdale', 'state': 'FL', 'country': 'USA'}",
2025-08-14,2025-08-18,401773000,2025-08-16T23:00Z,23,Pittsburgh Steelers,27,Tampa Bay Buccaneers,27,Tampa Bay Buccaneers,4912847,Jacob Parrish,CB,Kansas State,"{'city': 'Olathe', 'state': 'KS', 'country': 'USA'}",
2025-08-14,2025-08-18,401773000,2025-08-16T23:00Z,23,Pittsburgh Steelers,27,Tampa Bay Buccaneers,27,Tampa Bay Buccaneers,4911840,Warren Peeples,LB,Central Arkansas,"{'city': 'Stone Mountain', 'state': 'GA', 'country': 'USA'}",
2025-08-14,2025-08-18,401773000,2025-08-16T23:00Z,23,Pittsburgh Steelers,27,Tampa Bay Buccaneers,27,Tampa Bay Buccaneers,4569068,Jose Ramirez,LB,Eastern Michigan,"{'city': 'Lake Alfred', 'state': 'FL', 'country': 'USA'}",2
2025-08-14,2025-08-18,401773000,2025-08-16T23:00Z,23,Pittsburgh Steelers,27,Tampa Bay Buccaneers,27,Tampa Bay Buccaneers,2980504,Haason Reddick,LB,Temple,"{'city': 'Camden', 'state': 'NJ', 'country': 'USA'}",9
2025-08-14,2025-08-18,401773000,2025-08-16T23:00Z,23,Pittsburgh Steelers,27,Tampa Bay Buccaneers,27,Tampa Bay Buccaneers,4690795,Elijah Roberts,DE,SMU,"{'city': 'Miami', 'state': 'FL', 'country': 'USA'}",
2025-08-14,2025-08-18,401773000,2025-08-16T23:00Z,23,Pittsburgh Steelers,27,Tampa Bay Buccaneers,27,Tampa Bay Buccaneers,4426508,Shilo Sanders,S,Colorado,"{'city': 'Canton', 'state': 'TX', 'country': 'USA'}",
2025-08-14,2025-08-18,401773000,2025-08-16T23:00Z,23,Pittsburgh Steelers,27,Tampa Bay Buccaneers,27,Tampa Bay Buccaneers,4428522,Tykee Smith,S,Georgia,"{'city': 'Philadelphia', 'state': 'PA', 'country': 'USA'}",2
2025-08-14,2025-08-18,401773000,2025-08-16T23:00Z,23,Pittsburgh Steelers,27,Tampa Bay Buccaneers,27,Tampa Bay Buccaneers,3134362,Vita Vea,DT,Washington,"{'city': 'Milpitas', 'state': 'CA', 'country': 'USA'}",8
2025-08-14,2025-08-18,401773000,2025-08-16T23:00Z,23,Pittsburgh Steelers,27,Tampa Bay Buccaneers,27,Tampa Bay Buccaneers,4036651,Kindle Vildor,CB,Georgia Southern,"{'city': 'College Park', 'state': 'GA', 'country': 'USA'}",6
2025-08-14,2025-08-18,401773000,2025-08-16T23:00Z,23,Pittsburgh Steelers,27,Tampa Bay Buccaneers,27,Tampa Bay Buccaneers,3045251,Anthony Walker Jr.,LB,Northwestern,"{'city': 'Miami', 'state': 'FL', 'country': 'USA'}",9
2025-08-14,2025-08-18,401773000,2025-08-16T23:00Z,23,Pittsburgh Steelers,27,Tampa Bay Buccaneers,27,Tampa Bay Buccaneers,4431607,Desmond Watson,DT,Florida,"{'city': 'Plant City', 'state': 'FL', 'country': 'USA'}",
2025-08-14,2025-08-18,401773000,2025-08-16T23:00Z,23,Pittsburgh Steelers,27,Tampa Bay Buccaneers,27,Tampa Bay Buccaneers,4373706,Markees Watts,LB,Charlotte,"{'city': 'Lancaster', 'state': 'SC', 'country': 'USA'}",3
2025-08-14,2025-08-18,401773000,2025-08-16T23:00Z,23,Pittsburgh Steelers,27,Tampa Bay Buccaneers,27,Tampa Bay Buccaneers,4034790,Antoine Winfield Jr.,S,Minnesota,"{'city': 'The Woodlands', 'state': 'TX', 'country': 'USA'}",6
2025-08-14,2025-08-18,401773000,2025-08-16T23:00Z,23,Pittsburgh Steelers,27,Tampa Bay Buccaneers,27,Tampa Bay Buccaneers,4428917,Rashad Wisdom,S,UTSA,"{'city': 'Converse', 'state': 'TX', 'country': 'USA'}",1
2025-08-14,2025-08-18,401773000,2025-08-16T23:00Z,23,Pittsburgh Steelers,27,Tampa Bay Buccaneers,27,Tampa Bay Buccaneers,4361727,Evan Deckers,LS,Duke,"{'city': 'Avon', 'state': 'CT', 'country': 'USA'}",2
2025-08-14,2025-08-18,401773000,2025-08-16T23:00Z,23,Pittsburgh Steelers,27,Tampa Bay Buccaneers,27,Tampa Bay Buccaneers,2577619,Riley Dixon,P,Syracuse,"{'city': 'Blossvale', 'state': 'NY', 'country': 'USA'}",10
2025-08-14,2025-08-18,401773000,2025-08-16T23:00Z,23,Pittsburgh Steelers,27,Tampa Bay Buccaneers,27,Tampa Bay Buccaneers,3150744,Chase McLaughlin,PK,Illinois,"{'city': 'Cypress', 'state': 'TX', 'country': 'USA'}",7
2025-08-14,2025-08-18,401773000,2025-08-16T23:00Z,23,Pittsburgh Steelers,27,Tampa Bay Buccaneers,27,Tampa Bay Buccaneers,4566165,JJ Roberts,S,Marshall,"{'city': 'Ona', 'state': 'WV', 'country': 'USA'}",
2025-08-14,2025-08-18,401773000,2025-08-16T23:00Z,23,Pittsburgh Steelers,27,Tampa Bay Buccaneers,27,Tampa Bay Buccaneers,4581750,Jaden Smith,WR,Tarleton State,"{'city': 'Fort Worth', 'state': 'TX', 'country': 'USA'}",
2025-08-14,2025-08-18,401773000,2025-08-16T23:00Z,23,Pittsburgh Steelers,27,Tampa Bay Buccaneers,27,Tampa Bay Buccaneers,5085355,David Walker,LB,Central Arkansas,"{'city': 'Stuttgart', 'state': 'AR', 'country': 'USA'}",
2025-08-14,2025-08-18,401774637,2025-08-17T01:30Z,7,Denver Broncos,22,Arizona Cardinals,7,Denver Broncos,4383440,Nate Adkins,TE,South Carolina,"{'city': 'Knoxville', 'state': 'TN', 'country': 'USA'}",3
2025-08-14,2025-08-18,401774637,2025-08-17T01:30Z,7,Denver Broncos,22,Arizona Cardinals,7,Denver Broncos,4362748,Tyler Badie,RB,Missouri,"{'city': 'Memphis', 'state': 'TN', 'country': 'USA'}",2
2025-08-14,2025-08-18,401774637,2025-08-17T01:30Z,7,Denver Broncos,22,Arizona Cardinals,7,Denver Broncos,4034704,Michael Bandy,WR,San Diego,"{'city': 'La Mirada', 'state': 'CA', 'country': 'USA'}",3
2025-08-14,2025-08-18,401774637,2025-08-17T01:30Z,7,Denver Broncos,22,Arizona Cardinals,7,Denver Broncos,4035662,Garett Bolles,OT,Utah,"{'city': 'Lehi', 'state': 'UT', 'country': 'USA'}",9
2025-08-14,2025-08-18,401774637,2025-08-17T01:30Z,7,Denver Broncos,22,Arizona Cardinals,7,Denver Broncos,4600981,Pat Bryant,WR,Illinois,"{'city': 'Jacksonville', 'state': 'FL', 'country': 'USA'}",
2025-08-14,2025-08-18,401774637,2025-08-17T01:30Z,7,Denver Broncos,22,Arizona Cardinals,7,Denver Broncos,2515270,Michael Burton,FB,Rutgers,"{'city': 'Long Valley', 'state': 'NJ', 'country': 'USA'}",11
2025-08-14,2025-08-18,401774637,2025-08-17T01:30Z,7,Denver Broncos,22,Arizona Cardinals,7,Denver Broncos,4374089,Marques Cox,OT,Kentucky,"{'city': 'Peoria', 'state': 'IL', 'country': 'USA'}",
2025-08-14,2025-08-18,401774637,2025-08-17T01:30Z,7,Denver Broncos,22,Arizona Cardinals,7,Denver Broncos,4361691,Frank Crum,OT,Wyoming,"{'city': 'Laramie', 'state': 'WY', 'country': 'USA'}",2
2025-08-14,2025-08-18,401774637,2025-08-17T01:30Z,7,Denver Broncos,22,Arizona Cardinals,7,Denver Broncos,4696907,Joaquin Davis,WR,North Carolina Central,"{'city': 'Durham', 'state': 'NC', 'country': 'USA'}",
2025-08-14,2025-08-18,401774637,2025-08-17T01:30Z,7,Denver Broncos,22,Arizona Cardinals,7,Denver Broncos,4241985,J.K. Dobbins,RB,Ohio State,"{'city': 'La Grange', 'state': 'TX', 'country': 'USA'}",6
2025-08-14,2025-08-18,401774637,2025-08-17T01:30Z,7,Denver Broncos,22,Arizona Cardinals,7,Denver Broncos,4241820,Sam Ehlinger,QB,Texas,"{'city': 'Austin', 'state': 'TX', 'country': 'USA'}",5
2025-08-14,2025-08-18,401774637,2025-08-17T01:30Z,7,Denver Broncos,22,Arizona Cardinals,7,Denver Broncos,3051876,Evan Engram,TE,Ole Miss,"{'city': 'Powder Springs', 'state': 'GA', 'country': 'USA'}",9
2025-08-14,2025-08-18,401774637,2025-08-17T01:30Z,7,Denver Broncos,22,Arizona Cardinals,7,Denver Broncos,4569682,Audric Estime,RB,Notre Dame,"{'city': 'Nyack', 'state': 'NY', 'country': 'USA'}",2
2025-08-14,2025-08-18,401774637,2025-08-17T01:30Z,7,Denver Broncos,22,Arizona Cardinals,7,Denver Broncos,4242503,Alex Forsyth,C,Oregon,"{'city': 'West Linn', 'state': 'OR', 'country': 'USA'}",3
2025-08-14,2025-08-18,401774637,2025-08-17T01:30Z,7,Denver Broncos,22,Arizona Cardinals,7,Denver Broncos,4431280,Troy Franklin,WR,Oregon,"{'city': 'East Palo Alto', 'state': 'CA', 'country': 'USA'}",2
2025-08-14,2025-08-18,401774637,2025-08-17T01:30Z,7,Denver Broncos,22,Arizona Cardinals,7,Denver Broncos,4568490,RJ Harvey,RB,UCF,"{'city': 'Orlando', 'state': 'FL', 'country': 'USA'}",
2025-08-14,2025-08-18,401774637,2025-08-17T01:30Z,7,Denver Broncos,22,Arizona Cardinals,7,Denver Broncos,4565172,Courtney Jackson,WR,Arkansas State,"{'city': 'Monroeville', 'state': 'PA', 'country': 'USA'}",
2025-08-14,2025-08-18,401774637,2025-08-17T01:30Z,7,Denver Broncos,22,Arizona Cardinals,7,Denver Broncos,4360231,Lucas Krull,TE,Pittsburgh,"{'city': 'Shawnee', 'state': 'KS', 'country': 'USA'}",3
2025-08-14,2025-08-18,401774637,2025-08-17T01:30Z,7,Denver Broncos,22,Arizona Cardinals,7,Denver Broncos,4432208,Caleb Lohner,TE,Utah,"{'city': 'Flower Mound', 'state': 'TX', 'country': 'USA'}",
2025-08-14,2025-08-18,401774637,2025-08-17T01:30Z,7,Denver Broncos,22,Arizona Cardinals,7,Denver Broncos,3052885,Mike McGlinchey,OT,Notre Dame,"{'city': 'Philadelphia', 'state': 'PA', 'country': 'USA'}",8
2025-08-14,2025-08-18,401774637,2025-08-17T01:30Z,7,Denver Broncos,22,Arizona Cardinals,7,Denver Broncos,4722893,Jaleel McLaughlin,RB,Youngstown State,"{'city': 'Marshville', 'state': 'NC', 'country': 'USA'}",3
2025-08-14,2025-08-18,401774637,2025-08-17T01:30Z,7,Denver Broncos,22,Arizona Cardinals,7,Denver Broncos,4608138,Quinn Meinerz,G,Wisconsin-Whitewater,"{'city': 'Hartford', 'state': 'WI', 'country': 'USA'}",5
2025-08-14,2025-08-18,401774637,2025-08-17T01:30Z,7,Denver Broncos,22,Arizona Cardinals,7,Denver Broncos,4427998,Joe Michalski,C,Oklahoma State,"{'city': 'Kansas City', 'state': 'KS', 'country': 'USA'}",
2025-08-14,2025-08-18,401774637,2025-08-17T01:30Z,7,Denver Broncos,22,Arizona Cardinals,7,Denver Broncos,4686472,Marvin Mims Jr.,WR,Oklahoma,"{'city': 'Frisco', 'state': 'TX', 'country': 'USA'}",3
2025-08-14,2025-08-18,401774637,2025-08-17T01:30Z,7,Denver Broncos,22,Arizona Cardinals,7,Denver Broncos,4430254,Jerjuan Newton,WR,Toledo,"{'city': 'St. Petersburg', 'state': 'FL', 'country': 'USA'}",
2025-08-14,2025-08-18,401774637,2025-08-17T01:30Z,7,Denver Broncos,22,Arizona Cardinals,7,Denver Broncos,4426338,Bo Nix,QB,Oregon,"{'city': 'Pinson', 'state': 'AL', 'country': 'USA'}",2
2025-08-14,2025-08-18,401774637,2025-08-17T01:30Z,7,Denver Broncos,22,Arizona Cardinals,7,Denver Broncos,4240551,Alex Palczewski,OT,Illinois,"{'city': 'Mount Prospect', 'state': 'IL', 'country': 'USA'}",3
2025-08-14,2025-08-18,401774637,2025-08-17T01:30Z,7,Denver Broncos,22,Arizona Cardinals,7,Denver Broncos,3921936,Matt Peart,OT,UConn,"{'city': 'Kingston', 'country': 'Jamaica'}",6
2025-08-14,2025-08-18,401774637,2025-08-17T01:30Z,7,Denver Broncos,22,Arizona Cardinals,7,Denver Broncos,4362019,A.T. Perry,WR,Wake Forest,"{'city': 'Lake Worth', 'state': 'FL', 'country': 'USA'}",2
2025-08-14,2025-08-18,401774637,2025-08-17T01:30Z,7,Denver Broncos,22,Arizona Cardinals,7,Denver Broncos,4037650,Ben Powers,G,Oklahoma,"{'city': 'Wichita', 'state': 'KS', 'country': 'USA'}",7
2025-08-14,2025-08-18,401774637,2025-08-17T01:30Z,7,Denver Broncos,22,Arizona Cardinals,7,Denver Broncos,3929914,Adam Prentice,FB,South Carolina,"{'city': 'Fresno', 'state': 'CA', 'country': 'USA'}",5
2025-08-14,2025-08-18,401774637,2025-08-17T01:30Z,7,Denver Broncos,22,Arizona Cardinals,7,Denver Broncos,4687509,Caden Prieskorn,TE,Ole Miss,"{'city': 'Lake Orion', 'state': 'MI', 'country': 'USA'}",
2025-08-14,2025-08-18,401774637,2025-08-17T01:30Z,7,Denver Broncos,22,Arizona Cardinals,7,Denver Broncos,4574860,Kyrese Rowan,WR,Utah State,"{'city': 'Ogden', 'state': 'UT', 'country': 'USA'}",
2025-08-14,2025-08-18,401774637,2025-08-17T01:30Z,7,Denver Broncos,22,Arizona Cardinals,7,Denver Broncos,3122168,Trent Sherfield Sr.,WR,Vanderbilt,"{'city': 'Danville', 'state': 'IL', 'country': 'USA'}",8
2025-08-14,2025-08-18,401774637,2025-08-17T01:30Z,7,Denver Broncos,22,Arizona Cardinals,7,Denver Broncos,4243186,Will Sherman,OT,Colorado,"{'city': 'Allen', 'state': 'TX', 'country': 'USA'}",1
2025-08-14,2025-08-18,401774637,2025-08-17T01:30Z,7,Denver Broncos,22,Arizona Cardinals,7,Denver Broncos,3892775,Jarrett Stidham,QB,Auburn,"{'city': 'Stephenville', 'state': 'TX', 'country': 'USA'}",6
2025-08-14,2025-08-18,401774637,2025-08-17T01:30Z,7,Denver Broncos,22,Arizona Cardinals,7,Denver Broncos,3128429,Courtland Sutton,WR,SMU,"{'city': 'Brenham', 'state': 'TX', 'country': 'USA'}",8
2025-08-14,2025-08-18,401774637,2025-08-17T01:30Z,7,Denver Broncos,22,Arizona Cardinals,7,Denver Broncos,3915147,Calvin Throckmorton,G,Oregon,"{'city': 'Bellevue', 'state': 'WA', 'country': 'USA'}",5
2025-08-14,2025-08-18,401774637,2025-08-17T01:30Z,7,Denver Broncos,22,Arizona Cardinals,7,Denver Broncos,3911853,Adam Trautman,TE,Dayton,"{'city': 'Williamsburg', 'state': 'MI', 'country': 'USA'}",6
2025-08-14,2025-08-18,401774637,2025-08-17T01:30Z,7,Denver Broncos,22,Arizona Cardinals,7,Denver Broncos,4427080,Xavier Truss,OT,Georgia,"{'city': 'West Warwick', 'state': 'RI', 'country': 'USA'}",
2025-08-14,2025-08-18,401774637,2025-08-17T01:30Z,7,Denver Broncos,22,Arizona Cardinals,7,Denver Broncos,4361604,Blake Watson,RB,Memphis,"{'city': 'Queens', 'state': 'NY', 'country': 'USA'}",2
2025-08-14,2025-08-18,401774637,2025-08-17T01:30Z,7,Denver Broncos,22,Arizona Cardinals,7,Denver Broncos,4039018,Luke Wattenberg,C,Washington,"{'city': 'Trabuco Canyon', 'state': 'CA', 'country': 'USA'}",4
2025-08-14,2025-08-18,401774637,2025-08-17T01:30Z,7,Denver Broncos,22,Arizona Cardinals,7,Denver Broncos,4426336,Clay Webb,G,Jacksonville State,"{'city': 'Oxford', 'state': 'AL', 'country': 'USA'}",
2025-08-14,2025-08-18,401774637,2025-08-17T01:30Z,7,Denver Broncos,22,Arizona Cardinals,7,Denver Broncos,4427563,Micah Abraham,CB,Marshall,"{'city': 'Tampa', 'state': 'FL', 'country': 'USA'}",1
2025-08-14,2025-08-18,401774637,2025-08-17T01:30Z,7,Denver Broncos,22,Arizona Cardinals,7,Denver Broncos,4429193,Kris Abrams-Draine,CB,Missouri,"{'city': 'Mobile', 'state': 'AL', 'country': 'USA'}",2
2025-08-14,2025-08-18,401774637,2025-08-17T01:30Z,7,Denver Broncos,22,Arizona Cardinals,7,Denver Broncos,3915282,Zach Allen,DE,Boston College,"{'city': 'New Canaan', 'state': 'CT', 'country': 'USA'}",7
2025-08-14,2025-08-18,401774637,2025-08-17T01:30Z,7,Denver Broncos,22,Arizona Cardinals,7,Denver Broncos,4428241,Levelle Bailey,LB,Fresno State,"{'city': 'Sacramento', 'state': 'CA', 'country': 'USA'}",2
2025-08-14,2025-08-18,401774637,2025-08-17T01:30Z,7,Denver Broncos,22,Arizona Cardinals,7,Denver Broncos,4430925,Jahdae Barron,CB,Texas,"{'city': 'Austin', 'state': 'TX', 'country': 'USA'}",
2025-08-14,2025-08-18,401774637,2025-08-17T01:30Z,7,Denver Broncos,22,Arizona Cardinals,7,Denver Broncos,4360259,Nik Bonitto,LB,Oklahoma,"{'city': 'Fort Lauderdale', 'state': 'FL', 'country': 'USA'}",4
2025-08-14,2025-08-18,401774637,2025-08-17T01:30Z,7,Denver Broncos,22,Arizona Cardinals,7,Denver Broncos,4040608,Jonathon Cooper,LB,Ohio State,"{'city': 'Gahanna', 'state': 'OH', 'country': 'USA'}",5
2025-08-14,2025-08-18,401774637,2025-08-17T01:30Z,7,Denver Broncos,22,Arizona Cardinals,7,Denver Broncos,4046544,Michael Dwumfour,DT,Rutgers,"{'city': 'Scotch Plains', 'state': 'NJ', 'country': 'USA'}",2
2025-08-14,2025-08-18,401774637,2025-08-17T01:30Z,7,Denver Broncos,22,Arizona Cardinals,7,Denver Broncos,4687592,Jonah Elliss,LB,Utah,"{'city': 'Moscow', 'state': 'ID', 'country': 'USA'}",2
2025-08-14,2025-08-18,401774637,2025-08-17T01:30Z,7,Denver Broncos,22,Arizona Cardinals,7,Denver Broncos,4394894,Andrew Farmer,LB,Lane College,"{'city': 'Jacksonville', 'state': 'FL', 'country': 'USA'}",2
2025-08-14,2025-08-18,401774637,2025-08-17T01:30Z,7,Denver Broncos,22,Arizona Cardinals,7,Denver Broncos,4044133,Sam Franklin Jr.,S,Temple,"{'city': 'Crystal River', 'state': 'FL', 'country': 'USA'}",6
2025-08-14,2025-08-18,401774637,2025-08-17T01:30Z,7,Denver Broncos,22,Arizona Cardinals,7,Denver Broncos,3120464,John Franklin-Myers,DE,Stephen F. Austin,"{'city': 'Greenville', 'state': 'TX', 'country': 'USA'}",8
2025-08-14,2025-08-18,401774637,2025-08-17T01:30Z,7,Denver Broncos,22,Arizona Cardinals,7,Denver Broncos,3916903,Dre Greenlaw,LB,Arkansas,"{'city': 'Fayetteville', 'state': 'AR', 'country': 'USA'}",7
2025-08-14,2025-08-18,401774637,2025-08-17T01:30Z,7,Denver Broncos,22,Arizona Cardinals,7,Denver Broncos,4360853,Talanoa Hufanga,S,USC,"{'city': 'Corvallis', 'state': 'OR', 'country': 'USA'}",5
2025-08-14,2025-08-18,401774637,2025-08-17T01:30Z,7,Denver Broncos,22,Arizona Cardinals,7,Denver Broncos,4261090,Jordan Jackson,DT,Air Force,"{'city': 'Jacksonville', 'state': 'FL', 'country': 'USA'}",2
2025-08-14,2025-08-18,401774637,2025-08-17T01:30Z,7,Denver Broncos,22,Arizona Cardinals,7,Denver Broncos,4039059,Brandon Jones,S,Texas,"{'city': 'Nacogdoches', 'state': 'TX', 'country': 'USA'}",6
2025-08-14,2025-08-18,401774637,2025-08-17T01:30Z,7,Denver Broncos,22,Arizona Cardinals,7,Denver Broncos,3894915,D.J. Jones,DT,Ole Miss,"{'city': 'Greenville', 'state': 'SC', 'country': 'USA'}",9
2025-08-14,2025-08-18,401774637,2025-08-17T01:30Z,7,Denver Broncos,22,Arizona Cardinals,7,Denver Broncos,4603189,Sai'vion Jones,DE,LSU,"{'city': 'Vacherie', 'state': 'LA', 'country': 'USA'}",
2025-08-14,2025-08-18,401774637,2025-08-17T01:30Z,7,Denver Broncos,22,Arizona Cardinals,7,Denver Broncos,4037559,Devon Key,S,Western Kentucky,"{'city': 'Lexington', 'state': 'KY', 'country': 'USA'}",2
2025-08-14,2025-08-18,401774637,2025-08-17T01:30Z,7,Denver Broncos,22,Arizona Cardinals,7,Denver Broncos,3929850,P.J. Locke,S,Texas,"{'city': 'Beaumont', 'state': 'TX', 'country': 'USA'}",6
2025-08-14,2025-08-18,401774637,2025-08-17T01:30Z,7,Denver Broncos,22,Arizona Cardinals,7,Denver Broncos,4240707,Damarri Mathis,CB,Pittsburgh,"{'city': 'Lakeland', 'state': 'FL', 'country': 'USA'}",4
2025-08-14,2025-08-18,401774637,2025-08-17T01:30Z,7,Denver Broncos,22,Arizona Cardinals,7,Denver Broncos,4567462,Ja'Quan McMillian,CB,East Carolina,"{'city': 'Winston-Salem', 'state': 'NC', 'country': 'USA'}",3
2025-08-14,2025-08-18,401774637,2025-08-17T01:30Z,7,Denver Broncos,22,Arizona Cardinals,7,Denver Broncos,4362524,Jordan Miller,DT,SMU,"{'city': 'Jacksonville', 'state': 'FL', 'country': 'USA'}",1
2025-08-14,2025-08-18,401774637,2025-08-17T01:30Z,7,Denver Broncos,22,Arizona Cardinals,7,Denver Broncos,4382401,Riley Moss,CB,Iowa,"{'city': 'Ankeny', 'state': 'IA', 'country': 'USA'}",3
2025-08-14,2025-08-18,401774637,2025-08-17T01:30Z,7,Denver Broncos,22,Arizona Cardinals,7,Denver Broncos,4430250,Garrett Nelson,DE,Nebraska,"{'city': 'Scottsbluff', 'state': 'NE', 'country': 'USA'}",1
2025-08-14,2025-08-18,401774637,2025-08-17T01:30Z,7,Denver Broncos,22,Arizona Cardinals,7,Denver Broncos,4428113,Quinton Newsome,CB,Nebraska,"{'city': 'Suwanee', 'state': 'GA', 'country': 'USA'}",1
2025-08-14,2025-08-18,401774637,2025-08-17T01:30Z,7,Denver Broncos,22,Arizona Cardinals,7,Denver Broncos,4643729,Joshua Pickett,CB,Duke,"{'city': 'Demorest', 'state': 'GA', 'country': 'USA'}",
2025-08-14,2025-08-18,401774637,2025-08-17T01:30Z,7,Denver Broncos,22,Arizona Cardinals,7,Denver Broncos,4875336,Karene Reid,LB,Utah,"{'city': 'American Fork', 'state': 'UT', 'country': 'USA'}",
2025-08-14,2025-08-18,401774637,2025-08-17T01:30Z,7,Denver Broncos,22,Arizona Cardinals,7,Denver Broncos,4039064,Malcolm Roach,DT,Texas,"{'city': 'Baton Rouge', 'state': 'LA', 'country': 'USA'}",6
2025-08-14,2025-08-18,401774637,2025-08-17T01:30Z,7,Denver Broncos,22,Arizona Cardinals,7,Denver Broncos,4374032,Jaden Robinson,CB,Oregon State,"{'city': 'Auburn', 'state': 'WA', 'country': 'USA'}",
2025-08-14,2025-08-18,401774637,2025-08-17T01:30Z,7,Denver Broncos,22,Arizona Cardinals,7,Denver Broncos,4692048,Que Robinson,LB,Alabama,"{'city': 'Birmingham', 'state': 'AL', 'country': 'USA'}",
2025-08-14,2025-08-18,401774637,2025-08-17T01:30Z,7,Denver Broncos,22,Arizona Cardinals,7,Denver Broncos,4685721,Drew Sanders,LB,Arkansas,"{'city': 'Denton', 'state': 'TX', 'country': 'USA'}",3
2025-08-14,2025-08-18,401774637,2025-08-17T01:30Z,7,Denver Broncos,22,Arizona Cardinals,7,Denver Broncos,2612151,Alex Singleton,LB,Montana State,"{'city': 'Thousand Oaks', 'state': 'CA', 'country': 'USA'}",7
2025-08-14,2025-08-18,401774637,2025-08-17T01:30Z,7,Denver Broncos,22,Arizona Cardinals,7,Denver Broncos,4428503,JL Skinner,S,Boise State,"{'city': 'San Diego', 'state': 'CA', 'country': 'USA'}",3
2025-08-14,2025-08-18,401774637,2025-08-17T01:30Z,7,Denver Broncos,22,Arizona Cardinals,7,Denver Broncos,4372418,Keidron Smith,S,Kentucky,"{'city': 'West Palm Beach', 'state': 'FL', 'country': 'USA'}",2
2025-08-14,2025-08-18,401774637,2025-08-17T01:30Z,7,Denver Broncos,22,Arizona Cardinals,7,Denver Broncos,3919548,Justin Strnad,LB,Wake Forest,"{'city': 'Palm Harbor', 'state': 'FL', 'country': 'USA'}",6
2025-08-14,2025-08-18,401774637,2025-08-17T01:30Z,7,Denver Broncos,22,Arizona Cardinals,7,Denver Broncos,4372012,Pat Surtain II,CB,Alabama,"{'city': 'Plantation', 'state': 'FL', 'country': 'USA'}",5
2025-08-14,2025-08-18,401774637,2025-08-17T01:30Z,7,Denver Broncos,22,Arizona Cardinals,7,Denver Broncos,4371946,Reese Taylor,CB,Purdue,"{'city': 'Indianapolis', 'state': 'IN', 'country': 'USA'}",1
2025-08-14,2025-08-18,401774637,2025-08-17T01:30Z,7,Denver Broncos,22,Arizona Cardinals,7,Denver Broncos,5216101,Dondrea Tillman,LB,Indiana-Pennsylvania,"{'city': 'Sterling', 'state': 'VA', 'country': 'USA'}",2
2025-08-14,2025-08-18,401774637,2025-08-17T01:30Z,7,Denver Broncos,22,Arizona Cardinals,7,Denver Broncos,4693373,Jordan Turner,LB,Michigan State,"{'city': 'Farmington Hills', 'state': 'MI', 'country': 'USA'}",
2025-08-14,2025-08-18,401774637,2025-08-17T01:30Z,7,Denver Broncos,22,Arizona Cardinals,7,Denver Broncos,4360287,Delarrin Turner-Yell,S,Oklahoma,"{'city': 'Hempstead', 'state': 'TX', 'country': 'USA'}",4
2025-08-14,2025-08-18,401774637,2025-08-17T01:30Z,7,Denver Broncos,22,Arizona Cardinals,7,Denver Broncos,4066109,Eyioma Uwazurike,DE,Iowa State,"{'city': 'Detroit', 'state': 'MI', 'country': 'USA'}",3
2025-08-14,2025-08-18,401774637,2025-08-17T01:30Z,7,Denver Broncos,22,Arizona Cardinals,7,Denver Broncos,4241807,Garret Wallow,LB,TCU,"{'city': 'New Orleans', 'state': 'LA', 'country': 'USA'}",5
2025-08-14,2025-08-18,401774637,2025-08-17T01:30Z,7,Denver Broncos,22,Arizona Cardinals,7,Denver Broncos,4428886,Kristian Williams,DT,Missouri,"{'city': 'Memphis', 'state': 'TN', 'country': 'USA'}",
2025-08-14,2025-08-18,401774637,2025-08-17T01:30Z,7,Denver Broncos,22,Arizona Cardinals,7,Denver Broncos,4589212,Jeremy Crawshaw,P,Florida,"{'city': 'Penrith', 'state': 'NSW', 'country': 'Australia'}",
2025-08-14,2025-08-18,401774637,2025-08-17T01:30Z,7,Denver Broncos,22,Arizona Cardinals,7,Denver Broncos,3139166,Mitchell Fraboni,LS,Arizona State,"{'city': 'Phoenix', 'state': 'AZ', 'country': 'USA'}",4
2025-08-14,2025-08-18,401774637,2025-08-17T01:30Z,7,Denver Broncos,22,Arizona Cardinals,7,Denver Broncos,2985659,Wil Lutz,PK,Georgia State,"{'city': 'Newnan', 'state': 'GA', 'country': 'USA'}",10
2025-08-14,2025-08-18,401774637,2025-08-17T01:30Z,7,Denver Broncos,22,Arizona Cardinals,7,Denver Broncos,4368033,Nick Gargiulo,G,South Carolina,"{'city': 'Yorktown Heights', 'state': 'NY', 'country': 'USA'}",1
2025-08-14,2025-08-18,401774637,2025-08-17T01:30Z,7,Denver Broncos,22,Arizona Cardinals,7,Denver Broncos,4242358,Matt Henningsen,DE,Wisconsin,"{'city': 'Menomonee Falls', 'state': 'WI', 'country': 'USA'}",3
2025-08-14,2025-08-18,401774637,2025-08-17T01:30Z,7,Denver Broncos,22,Arizona Cardinals,7,Denver Broncos,4430973,Johnny Walker Jr.,LB,Missouri,"{'city': 'Tampa', 'state': 'FL', 'country': 'USA'}",
2025-08-14,2025-08-18,401774637,2025-08-17T01:30Z,7,Denver Broncos,22,Arizona Cardinals,22,Arizona Cardinals,5084939,Isaiah Adams,G,Illinois,"{'city': 'Ajax', 'state': 'ON', 'country': 'Canada'}",2
2025-08-14,2025-08-18,401774637,2025-08-17T01:30Z,7,Denver Broncos,22,Arizona Cardinals,22,Arizona Cardinals,3886809,Andre Baccellia,WR,Washington,"{'city': 'Thousand Oaks', 'state': 'CA', 'country': 'USA'}",2
2025-08-14,2025-08-18,401774637,2025-08-17T01:30Z,7,Denver Broncos,22,Arizona Cardinals,22,Arizona Cardinals,15035,Kelvin Beachum,OT,SMU,"{'city': 'Mexia', 'state': 'TX', 'country': 'USA'}",14
2025-08-14,2025-08-18,401774637,2025-08-17T01:30Z,7,Denver Broncos,22,Arizona Cardinals,22,Arizona Cardinals,4429275,Trey Benson,RB,Florida State,"{'city': 'Greenville', 'state': 'MS', 'country': 'USA'}",2
2025-08-14,2025-08-18,401774637,2025-08-17T01:30Z,7,Denver Broncos,22,Arizona Cardinals,22,Arizona Cardinals,2578570,Jacoby Brissett,QB,NC State,"{'city': 'West Palm Beach', 'state': 'FL', 'country': 'USA'}",10
2025-08-14,2025-08-18,401774637,2025-08-17T01:30Z,7,Denver Broncos,22,Arizona Cardinals,22,Arizona Cardinals,3128412,Evan Brown,C,SMU,"{'city': 'Southlake', 'state': 'TX', 'country': 'USA'}",7
2025-08-14,2025-08-18,401774637,2025-08-17T01:30Z,7,Denver Broncos,22,Arizona Cardinals,22,Arizona Cardinals,4575664,Jeremiah Byers,OT,Miami,"{'city': 'Austin', 'state': 'TX', 'country': 'USA'}",
2025-08-14,2025-08-18,401774637,2025-08-17T01:30Z,7,Denver Broncos,22,Arizona Cardinals,22,Arizona Cardinals,4426857,Oscar Cardenas,TE,UTSA,"{'city': 'San Antonio', 'state': 'TX', 'country': 'USA'}",
2025-08-14,2025-08-18,401774637,2025-08-17T01:30Z,7,Denver Broncos,22,Arizona Cardinals,22,Arizona Cardinals,4240657,Michael Carter,RB,North Carolina,"{'city': 'Navarre', 'state': 'FL', 'country': 'USA'}",4
2025-08-14,2025-08-18,401774637,2025-08-17T01:30Z,7,Denver Broncos,22,Arizona Cardinals,22,Arizona Cardinals,4431214,Hayden Conner,G,Texas,"{'city': 'Katy', 'state': 'TX', 'country': 'USA'}",
2025-08-14,2025-08-18,401774637,2025-08-17T01:30Z,7,Denver Broncos,22,Arizona Cardinals,22,Arizona Cardinals,3045147,James Conner,RB,Pittsburgh,"{'city': 'Erie', 'state': 'PA', 'country': 'USA'}",9
2025-08-14,2025-08-18,401774637,2025-08-17T01:30Z,7,Denver Broncos,22,Arizona Cardinals,22,Arizona Cardinals,4035870,Jake Curhan,OT,California,"{'city': 'Larkspur', 'state': 'CA', 'country': 'USA'}",5
2025-08-14,2025-08-18,401774637,2025-08-17T01:30Z,7,Denver Broncos,22,Arizona Cardinals,22,Arizona Cardinals,4247276,McClendon Curtis,OT,Chattanooga,"{'city': 'Chattanooga', 'state': 'TN', 'country': 'USA'}",2
2025-08-14,2025-08-18,401774637,2025-08-17T01:30Z,7,Denver Broncos,22,Arizona Cardinals,22,Arizona Cardinals,4240631,DeeJay Dallas,RB,Miami,"{'city': 'Brunswick', 'state': 'GA', 'country': 'USA'}",6
2025-08-14,2025-08-18,401774637,2025-08-17T01:30Z,7,Denver Broncos,22,Arizona Cardinals,22,Arizona Cardinals,3914151,Josiah Deguara,TE,Cincinnati,"{'city': 'Folsom', 'state': 'CA', 'country': 'USA'}",5
2025-08-14,2025-08-18,401774637,2025-08-17T01:30Z,7,Denver Broncos,22,Arizona Cardinals,22,Arizona Cardinals,4362478,Emari Demercado,RB,TCU,"{'city': 'Inglewood', 'state': 'CA', 'country': 'USA'}",3
2025-08-14,2025-08-18,401774637,2025-08-17T01:30Z,7,Denver Broncos,22,Arizona Cardinals,22,Arizona Cardinals,4037235,Greg Dortch,WR,Wake Forest,"{'city': 'Richmond', 'state': 'VA', 'country': 'USA'}",5
2025-08-14,2025-08-18,401774637,2025-08-17T01:30Z,7,Denver Broncos,22,Arizona Cardinals,22,Arizona Cardinals,4360739,Simi Fehoko,WR,Stanford,"{'city': 'Sandy', 'state': 'UT', 'country': 'USA'}",5
2025-08-14,2025-08-18,401774637,2025-08-17T01:30Z,7,Denver Broncos,22,Arizona Cardinals,22,Arizona Cardinals,3886633,Hjalte Froholdt,G,Arkansas,"{'city': 'Svendborg', 'country': 'Denmark'}",7
2025-08-14,2025-08-18,401774637,2025-08-17T01:30Z,7,Denver Broncos,22,Arizona Cardinals,22,Arizona Cardinals,4429782,Josh Fryar,OT,Ohio State,"{'city': 'Beech Grove', 'state': 'IN', 'country': 'USA'}",
2025-08-14,2025-08-18,401774637,2025-08-17T01:30Z,7,Denver Broncos,22,Arizona Cardinals,22,Arizona Cardinals,4367199,Jon Gaines II,G,UCLA,"{'city': 'Wauwatosa', 'state': 'WI', 'country': 'USA'}",3
2025-08-14,2025-08-18,401774637,2025-08-17T01:30Z,7,Denver Broncos,22,Arizona Cardinals,22,Arizona Cardinals,4432705,Bryson Green,WR,Wisconsin,"{'city': 'Allen', 'state': 'TX', 'country': 'USA'}",
2025-08-14,2025-08-18,401774637,2025-08-17T01:30Z,7,Denver Broncos,22,Arizona Cardinals,22,Arizona Cardinals,4432708,Marvin Harrison Jr.,WR,Ohio State,"{'city': 'Philadelphia', 'state': 'PA', 'country': 'USA'}",2
2025-08-14,2025-08-18,401774637,2025-08-17T01:30Z,7,Denver Broncos,22,Arizona Cardinals,22,Arizona Cardinals,4427423,Sincere Haynesworth,C,Tulane,"{'city': 'Pearland', 'state': 'TX', 'country': 'USA'}",1
2025-08-14,2025-08-18,401774637,2025-08-17T01:30Z,7,Denver Broncos,22,Arizona Cardinals,22,Arizona Cardinals,3042516,Will Hernandez,G,UTEP,"{'city': 'Las Vegas', 'state': 'NV', 'country': 'USA'}",8
2025-08-14,2025-08-18,401774637,2025-08-17T01:30Z,7,Denver Broncos,22,Arizona Cardinals,22,Arizona Cardinals,4426844,Elijah Higgins,TE,Stanford,"{'city': 'Austin', 'state': 'TX', 'country': 'USA'}",3
2025-08-14,2025-08-18,401774637,2025-08-17T01:30Z,7,Denver Broncos,22,Arizona Cardinals,22,Arizona Cardinals,4428991,Paris Johnson Jr.,OT,Ohio State,"{'city': 'Cincinnati', 'state': 'OH', 'country': 'USA'}",3
2025-08-14,2025-08-18,401774637,2025-08-17T01:30Z,7,Denver Broncos,22,Arizona Cardinals,22,Arizona Cardinals,4362103,Christian Jones,OT,Texas,"{'city': 'Cypress', 'state': 'TX', 'country': 'USA'}",2
2025-08-14,2025-08-18,401774637,2025-08-17T01:30Z,7,Denver Broncos,22,Arizona Cardinals,22,Arizona Cardinals,3059722,Zay Jones,WR,East Carolina,"{'city': 'Austin', 'state': 'TX', 'country': 'USA'}",9
2025-08-14,2025-08-18,401774637,2025-08-17T01:30Z,7,Denver Broncos,22,Arizona Cardinals,22,Arizona Cardinals,4427728,Bam Knight,RB,NC State,"{'city': 'Bailey', 'state': 'NC', 'country': 'USA'}",3
2025-08-14,2025-08-18,401774637,2025-08-17T01:30Z,7,Denver Broncos,22,Arizona Cardinals,22,Arizona Cardinals,3920591,Nick Leverett,G,Rice,"{'city': 'Salisbury', 'state': 'NC', 'country': 'USA'}",5
2025-08-14,2025-08-18,401774637,2025-08-17T01:30Z,7,Denver Broncos,22,Arizona Cardinals,22,Arizona Cardinals,5024661,Roy Mbaeteka,OT,,"{'city': 'Benin City', 'country': 'Nigeria'}",1
2025-08-14,2025-08-18,401774637,2025-08-17T01:30Z,7,Denver Broncos,22,Arizona Cardinals,22,Arizona Cardinals,4361307,Trey McBride,TE,Colorado State,"{'city': 'Fort Morgan', 'state': 'CO', 'country': 'USA'}",4
2025-08-14,2025-08-18,401774637,2025-08-17T01:30Z,7,Denver Broncos,22,Arizona Cardinals,22,Arizona Cardinals,4432387,Nate McCollum,WR,North Carolina,"{'city': 'Atlanta', 'state': 'GA', 'country': 'USA'}",
2025-08-14,2025-08-18,401774637,2025-08-17T01:30Z,7,Denver Broncos,22,Arizona Cardinals,22,Arizona Cardinals,3917315,Kyler Murray,QB,Oklahoma,"{'city': 'Allen', 'state': 'TX', 'country': 'USA'}",7
2025-08-14,2025-08-18,401774637,2025-08-17T01:30Z,7,Denver Broncos,22,Arizona Cardinals,22,Arizona Cardinals,4047660,Royce Newman,G,Ole Miss,"{'city': 'Nashville', 'state': 'IL', 'country': 'USA'}",5
2025-08-14,2025-08-18,401774637,2025-08-17T01:30Z,7,Denver Broncos,22,Arizona Cardinals,22,Arizona Cardinals,4875912,Tejhaun Palmer,WR,UAB,"{'city': 'Milwaukee', 'state': 'WI', 'country': 'USA'}",1
2025-08-14,2025-08-18,401774637,2025-08-17T01:30Z,7,Denver Broncos,22,Arizona Cardinals,22,Arizona Cardinals,4696700,Tip Reiman,TE,Illinois,"{'city': 'Rapid City', 'state': 'SD', 'country': 'USA'}",2
2025-08-14,2025-08-18,401774637,2025-08-17T01:30Z,7,Denver Broncos,22,Arizona Cardinals,22,Arizona Cardinals,4360175,Clayton Tune,QB,Houston,"{'city': 'Carrollton', 'state': 'TX', 'country': 'USA'}",3
2025-08-14,2025-08-18,401774637,2025-08-17T01:30Z,7,Denver Broncos,22,Arizona Cardinals,22,Arizona Cardinals,4259324,Travis Vokolek,TE,Nebraska,"{'city': 'Springfield', 'state': 'MO', 'country': 'USA'}",2
2025-08-14,2025-08-18,401774637,2025-08-17T01:30Z,7,Denver Broncos,22,Arizona Cardinals,22,Arizona Cardinals,4428811,Xavier Weaver,WR,Colorado,"{'city': 'Orlando', 'state': 'FL', 'country': 'USA'}",2
2025-08-14,2025-08-18,401774637,2025-08-17T01:30Z,7,Denver Broncos,22,Arizona Cardinals,22,Arizona Cardinals,4428825,Dohnovan West,C,Arizona State,"{'city': 'Mission Hills', 'state': 'CA', 'country': 'USA'}",1
2025-08-14,2025-08-18,401774637,2025-08-17T01:30Z,7,Denver Broncos,22,Arizona Cardinals,22,Arizona Cardinals,4040726,Jonah Williams,OT,Alabama,"{'city': 'Folsom', 'state': 'CA', 'country': 'USA'}",7
2025-08-14,2025-08-18,401774637,2025-08-17T01:30Z,7,Denver Broncos,22,Arizona Cardinals,22,Arizona Cardinals,4360761,Michael Wilson,WR,Stanford,"{'city': 'Simi Valley', 'state': 'CA', 'country': 'USA'}",3
2025-08-14,2025-08-18,401774637,2025-08-17T01:30Z,7,Denver Broncos,22,Arizona Cardinals,22,Arizona Cardinals,3127287,Budda Baker,S,Washington,"{'city': 'Bellevue', 'state': 'WA', 'country': 'USA'}",9
2025-08-14,2025-08-18,401774637,2025-08-17T01:30Z,7,Denver Broncos,22,Arizona Cardinals,22,Arizona Cardinals,4569135,Kyon Barrs,DT,USC,"{'city': 'Murrieta', 'state': 'CA', 'country': 'USA'}",1
2025-08-14,2025-08-18,401774637,2025-08-17T01:30Z,7,Denver Broncos,22,Arizona Cardinals,22,Arizona Cardinals,4240824,Joey Blount,S,Virginia,"{'city': 'Atlanta', 'state': 'GA', 'country': 'USA'}",4
2025-08-14,2025-08-18,401774637,2025-08-17T01:30Z,7,Denver Broncos,22,Arizona Cardinals,22,Arizona Cardinals,4373061,Ekow Boye-Doe,CB,Kansas State,"{'city': 'Lawrence', 'state': 'KS', 'country': 'USA'}",2
2025-08-14,2025-08-18,401774637,2025-08-17T01:30Z,7,Denver Broncos,22,Arizona Cardinals,22,Arizona Cardinals,4240826,Elliott Brown,LB,Virginia,"{'city': 'Odenton', 'state': 'MD', 'country': 'USA'}",
2025-08-14,2025-08-18,401774637,2025-08-17T01:30Z,7,Denver Broncos,22,Arizona Cardinals,22,Arizona Cardinals,4241987,Baron Browning,LB,Ohio State,"{'city': 'Fort Worth', 'state': 'TX', 'country': 'USA'}",5
2025-08-14,2025-08-18,401774637,2025-08-17T01:30Z,7,Denver Broncos,22,Arizona Cardinals,22,Arizona Cardinals,4428996,Jordan Burch,LB,Oregon,"{'city': 'Columbia', 'state': 'SC', 'country': 'USA'}",
2025-08-14,2025-08-18,401774637,2025-08-17T01:30Z,7,Denver Broncos,22,Arizona Cardinals,22,Arizona Cardinals,4432668,Denzel Burke,CB,Ohio State,"{'city': 'Phoenix', 'state': 'AZ', 'country': 'USA'}",
2025-08-14,2025-08-18,401774637,2025-08-17T01:30Z,7,Denver Broncos,22,Arizona Cardinals,22,Arizona Cardinals,11284,Calais Campbell,DT,Miami,"{'city': 'Aurora', 'state': 'CO', 'country': 'USA'}",18
2025-08-14,2025-08-18,401774637,2025-08-17T01:30Z,7,Denver Broncos,22,Arizona Cardinals,22,Arizona Cardinals,4426923,Kei'Trel Clark,CB,Louisville,"{'city': 'Richmond', 'state': 'VA', 'country': 'USA'}",3
2025-08-14,2025-08-18,401774637,2025-08-17T01:30Z,7,Denver Broncos,22,Arizona Cardinals,22,Arizona Cardinals,3116449,L.J. Collier,DE,TCU,"{'city': 'Munday', 'state': 'TX', 'country': 'USA'}",7
2025-08-14,2025-08-18,401774637,2025-08-17T01:30Z,7,Denver Broncos,22,Arizona Cardinals,22,Arizona Cardinals,4244606,Zaven Collins,LB,Tulsa,"{'city': 'Hominy', 'state': 'OK', 'country': 'USA'}",5
2025-08-14,2025-08-18,401774637,2025-08-17T01:30Z,7,Denver Broncos,22,Arizona Cardinals,22,Arizona Cardinals,4430821,Kitan Crawford,S,Nevada,"{'city': 'Tyler', 'state': 'TX', 'country': 'USA'}",
2025-08-14,2025-08-18,401774637,2025-08-17T01:30Z,7,Denver Broncos,22,Arizona Cardinals,22,Arizona Cardinals,3917142,Akeem Davis-Gaither,LB,App State,"{'city': 'Thomasville', 'state': 'NC', 'country': 'USA'}",6
2025-08-14,2025-08-18,401774637,2025-08-17T01:30Z,7,Denver Broncos,22,Arizona Cardinals,22,Arizona Cardinals,4374338,Steven Gilmore,CB,Marshall,"{'city': 'Rock Hill', 'state': 'SC', 'country': 'USA'}",2
2025-08-14,2025-08-18,401774637,2025-08-17T01:30Z,7,Denver Broncos,22,Arizona Cardinals,22,Arizona Cardinals,4372378,Anthony Goodlow,DE,Oklahoma State,"{'city': 'Del City', 'state': 'OK', 'country': 'USA'}",1
2025-08-14,2025-08-18,401774637,2025-08-17T01:30Z,7,Denver Broncos,22,Arizona Cardinals,22,Arizona Cardinals,4261606,Darren Hall,CB,San Diego State,"{'city': 'Pasadena', 'state': 'CA', 'country': 'USA'}",4
2025-08-14,2025-08-18,401774637,2025-08-17T01:30Z,7,Denver Broncos,22,Arizona Cardinals,22,Arizona Cardinals,4431172,Patrick Jenkins,DE,Tulane,"{'city': 'New Orleans', 'state': 'LA', 'country': 'USA'}",
2025-08-14,2025-08-18,401774637,2025-08-17T01:30Z,7,Denver Broncos,22,Arizona Cardinals,22,Arizona Cardinals,4685408,Will Johnson,CB,Michigan,"{'city': 'Detroit', 'state': 'MI', 'country': 'USA'}",
2025-08-14,2025-08-18,401774637,2025-08-17T01:30Z,7,Denver Broncos,22,Arizona Cardinals,22,Arizona Cardinals,4360203,Elijah Jones,CB,Boston College,"{'city': 'Harlem', 'state': 'NY', 'country': 'USA'}",2
2025-08-14,2025-08-18,401774637,2025-08-17T01:30Z,7,Denver Broncos,22,Arizona Cardinals,22,Arizona Cardinals,4047655,Jaylon Jones,CB,Ole Miss,"{'city': 'Allen', 'state': 'TX', 'country': 'USA'}",4
2025-08-14,2025-08-18,401774637,2025-08-17T01:30Z,7,Denver Broncos,22,Arizona Cardinals,22,Arizona Cardinals,3116746,Justin Jones,DT,NC State,"{'city': 'Austell', 'state': 'GA', 'country': 'USA'}",8
2025-08-14,2025-08-18,401774637,2025-08-17T01:30Z,7,Denver Broncos,22,Arizona Cardinals,22,Arizona Cardinals,4259636,Vi Jones,LB,NC State,"{'city': 'Austin', 'state': 'TX', 'country': 'USA'}",3
2025-08-14,2025-08-18,401774637,2025-08-17T01:30Z,7,Denver Broncos,22,Arizona Cardinals,22,Arizona Cardinals,4698113,Max Melton,CB,Rutgers,"{'city': 'Mays Landing', 'state': 'NJ', 'country': 'USA'}",2
2025-08-14,2025-08-18,401774637,2025-08-17T01:30Z,7,Denver Broncos,22,Arizona Cardinals,22,Arizona Cardinals,4361421,PJ Mustipher,DT,Penn State,"{'city': 'Owings Mills', 'state': 'MD', 'country': 'USA'}",1
2025-08-14,2025-08-18,401774637,2025-08-17T01:30Z,7,Denver Broncos,22,Arizona Cardinals,22,Arizona Cardinals,3117922,Bilal Nichols,DT,Delaware,"{'city': 'Newark', 'state': 'DE', 'country': 'USA'}",8
2025-08-14,2025-08-18,401774637,2025-08-17T01:30Z,7,Denver Broncos,22,Arizona Cardinals,22,Arizona Cardinals,4685503,Walter Nolen III,DT,Ole Miss,"{'city': 'Powell', 'state': 'TN', 'country': 'USA'}",
2025-08-14,2025-08-18,401774637,2025-08-17T01:30Z,7,Denver Broncos,22,Arizona Cardinals,22,Arizona Cardinals,4429111,BJ Ojulari,LB,LSU,"{'city': 'Marietta', 'state': 'GA', 'country': 'USA'}",3
2025-08-14,2025-08-18,401774637,2025-08-17T01:30Z,7,Denver Broncos,22,Arizona Cardinals,22,Arizona Cardinals,4567219,Owen Pappoe,LB,Auburn,"{'city': 'Lawrenceville', 'state': 'GA', 'country': 'USA'}",3
2025-08-14,2025-08-18,401774637,2025-08-17T01:30Z,7,Denver Broncos,22,Arizona Cardinals,22,Arizona Cardinals,4569480,Darius Robinson,DE,Missouri,"{'city': 'Southfield', 'state': 'MI', 'country': 'USA'}",2
2025-08-14,2025-08-18,401774637,2025-08-17T01:30Z,7,Denver Broncos,22,Arizona Cardinals,22,Arizona Cardinals,4430411,Jammie Robinson,S,Florida State,"{'city': 'Cordele', 'state': 'GA', 'country': 'USA'}",3
2025-08-14,2025-08-18,401774637,2025-08-17T01:30Z,7,Denver Broncos,22,Arizona Cardinals,22,Arizona Cardinals,4243366,J.J. Russell,LB,Memphis,"{'city': 'Grenada', 'state': 'MS', 'country': 'USA'}",4
2025-08-14,2025-08-18,401774637,2025-08-17T01:30Z,7,Denver Broncos,22,Arizona Cardinals,22,Arizona Cardinals,4430478,Elijah Simmons,DT,Tennessee,"{'city': 'Memphis', 'state': 'TN', 'country': 'USA'}",
2025-08-14,2025-08-18,401774637,2025-08-17T01:30Z,7,Denver Broncos,22,Arizona Cardinals,22,Arizona Cardinals,4429071,Cody Simon,LB,Ohio State,"{'city': 'Jersey City', 'state': 'NJ', 'country': 'USA'}",
2025-08-14,2025-08-18,401774637,2025-08-17T01:30Z,7,Denver Broncos,22,Arizona Cardinals,22,Arizona Cardinals,4362225,Dante Stills,DT,West Virginia,"{'city': 'Fairmont', 'state': 'WV', 'country': 'USA'}",3
2025-08-14,2025-08-18,401774637,2025-08-17T01:30Z,7,Denver Broncos,22,Arizona Cardinals,22,Arizona Cardinals,3693166,Josh Sweat,LB,Florida State,"{'city': 'Chesapeake', 'state': 'VA', 'country': 'USA'}",8
2025-08-14,2025-08-18,401774637,2025-08-17T01:30Z,7,Denver Broncos,22,Arizona Cardinals,22,Arizona Cardinals,4428633,Dadrion Taylor-Demerson,S,Texas Tech,"{'city': 'Oklahoma City', 'state': 'OK', 'country': 'USA'}",2
2025-08-14,2025-08-18,401774637,2025-08-17T01:30Z,7,Denver Broncos,22,Arizona Cardinals,22,Arizona Cardinals,4360304,Xavier Thomas,LB,Clemson,"{'city': 'Florence', 'state': 'SC', 'country': 'USA'}",2
2025-08-14,2025-08-18,401774637,2025-08-17T01:30Z,7,Denver Broncos,22,Arizona Cardinals,22,Arizona Cardinals,4043089,Jalen Thompson,S,Washington State,"{'city': 'Downey', 'state': 'CA', 'country': 'USA'}",7
2025-08-14,2025-08-18,401774637,2025-08-17T01:30Z,7,Denver Broncos,22,Arizona Cardinals,22,Arizona Cardinals,2979860,Dalvin Tomlinson,DT,Alabama,"{'city': 'Mcdonough', 'state': 'GA', 'country': 'USA'}",9
2025-08-14,2025-08-18,401774637,2025-08-17T01:30Z,7,Denver Broncos,22,Arizona Cardinals,22,Arizona Cardinals,4243009,Mykal Walker,LB,Fresno State,"{'city': 'Sacramento', 'state': 'CA', 'country': 'USA'}",6
2025-08-14,2025-08-18,401774637,2025-08-17T01:30Z,7,Denver Broncos,22,Arizona Cardinals,22,Arizona Cardinals,4247722,Benton Whitley,LB,Holy Cross,"{'city': 'Springfield', 'state': 'MA', 'country': 'USA'}",4
2025-08-14,2025-08-18,401774637,2025-08-17T01:30Z,7,Denver Broncos,22,Arizona Cardinals,22,Arizona Cardinals,4568506,Garrett Williams,CB,Syracuse,"{'city': 'Harrisburg', 'state': 'NC', 'country': 'USA'}",3
2025-08-14,2025-08-18,401774637,2025-08-17T01:30Z,7,Denver Broncos,22,Arizona Cardinals,22,Arizona Cardinals,4040983,Mack Wilson Sr.,LB,Alabama,"{'city': 'Montgomery', 'state': 'AL', 'country': 'USA'}",7
2025-08-14,2025-08-18,401774637,2025-08-17T01:30Z,7,Denver Broncos,22,Arizona Cardinals,22,Arizona Cardinals,15241,Aaron Brewer,LS,San Diego State,"{'city': 'Fullerton', 'state': 'CA', 'country': 'USA'}",14
2025-08-14,2025-08-18,401774637,2025-08-17T01:30Z,7,Denver Broncos,22,Arizona Cardinals,22,Arizona Cardinals,4045180,Blake Gillikin,P,Penn State,"{'city': 'Smyrna', 'state': 'GA', 'country': 'USA'}",6
2025-08-14,2025-08-18,401774637,2025-08-17T01:30Z,7,Denver Broncos,22,Arizona Cardinals,22,Arizona Cardinals,4363538,Chad Ryland,PK,Maryland,"{'city': 'Lebanon', 'state': 'PA', 'country': 'USA'}",3
2025-08-14,2025-08-18,401774637,2025-08-17T01:30Z,7,Denver Broncos,22,Arizona Cardinals,22,Arizona Cardinals,4046715,Trishton Jackson,WR,Syracuse,"{'city': 'West Bloomfield', 'state': 'MI', 'country': 'USA'}",3
2025-08-14,2025-08-18,401774637,2025-08-17T01:30Z,7,Denver Broncos,22,Arizona Cardinals,22,Arizona Cardinals,3932886,Sean Murphy-Bunting,CB,Central Michigan,"{'city': 'Macomb', 'state': 'MI', 'country': 'USA'}",7
2025-08-14,2025-08-18,401774637,2025-08-17T01:30Z,7,Denver Broncos,22,Arizona Cardinals,22,Arizona Cardinals,4428458,Valentin Senn,OT,UConn,"{'city': 'Volders', 'country': 'Austria'}",
2025-08-14,2025-08-18,401774637,2025-08-17T01:30Z,7,Denver Broncos,22,Arizona Cardinals,22,Arizona Cardinals,4363408,Starling Thomas V,CB,UAB,"{'city': 'Birmingham', 'state': 'AL', 'country': 'USA'}",3
2025-08-14,2025-08-18,401773014,2025-08-17T17:00Z,18,New Orleans Saints,30,Jacksonville Jaguars,18,New Orleans Saints,4240021,Cam Akers,RB,Florida State,"{'city': 'Clinton', 'state': 'MS', 'country': 'USA'}",5
2025-08-14,2025-08-18,401773014,2025-08-17T17:00Z,18,New Orleans Saints,30,Jacksonville Jaguars,18,New Orleans Saints,4372758,Kevin Austin Jr.,WR,Notre Dame,"{'city': 'Fort Lauderdale', 'state': 'FL', 'country': 'USA'}",2
2025-08-14,2025-08-18,401773014,2025-08-17T17:00Z,18,New Orleans Saints,30,Jacksonville Jaguars,18,New Orleans Saints,4685260,Kelvin Banks Jr.,OT,Texas,"{'city': 'Humble', 'state': 'TX', 'country': 'USA'}",
2025-08-14,2025-08-18,401773014,2025-08-17T17:00Z,18,New Orleans Saints,30,Jacksonville Jaguars,18,New Orleans Saints,16731,Brandin Cooks,WR,Oregon State,"{'city': 'Stockton', 'state': 'CA', 'country': 'USA'}",12
2025-08-14,2025-08-18,401773014,2025-08-17T17:00Z,18,New Orleans Saints,30,Jacksonville Jaguars,18,New Orleans Saints,4594446,Roderick Daniels Jr.,WR,SMU,"{'city': 'Duncanville', 'state': 'TX', 'country': 'USA'}",
2025-08-14,2025-08-18,401773014,2025-08-17T17:00Z,18,New Orleans Saints,30,Jacksonville Jaguars,18,New Orleans Saints,4431068,Moochie Dixon,WR,SMU,"{'city': 'Carthage', 'state': 'TX', 'country': 'USA'}",
2025-08-14,2025-08-18,401773014,2025-08-17T17:00Z,18,New Orleans Saints,30,Jacksonville Jaguars,18,New Orleans Saints,4242214,Clyde Edwards-Helaire,RB,LSU,"{'city': 'Baton Rouge', 'state': 'LA', 'country': 'USA'}",6
2025-08-14,2025-08-18,401773014,2025-08-17T17:00Z,18,New Orleans Saints,30,Jacksonville Jaguars,18,New Orleans Saints,4570883,Josiah Ezirim,OT,Eastern Kentucky,"{'city': 'Hilliard', 'state': 'OH', 'country': 'USA'}",1
2025-08-14,2025-08-18,401773014,2025-08-17T17:00Z,18,New Orleans Saints,30,Jacksonville Jaguars,18,New Orleans Saints,4035048,Luke Fortner,C,Kentucky,"{'city': 'Sylvania', 'state': 'OH', 'country': 'USA'}",4
2025-08-14,2025-08-18,401773014,2025-08-17T17:00Z,18,New Orleans Saints,30,Jacksonville Jaguars,18,New Orleans Saints,4606711,Taliese Fuaga,OT,Oregon State,"{'city': 'Tacoma', 'state': 'WA', 'country': 'USA'}",2
2025-08-14,2025-08-18,401773014,2025-08-17T17:00Z,18,New Orleans Saints,30,Jacksonville Jaguars,18,New Orleans Saints,4034772,Seth Green,TE,Houston,"{'city': 'Woodbury', 'state': 'MN', 'country': 'USA'}",1
2025-08-14,2025-08-18,401773014,2025-08-17T17:00Z,18,New Orleans Saints,30,Jacksonville Jaguars,18,New Orleans Saints,4243322,Jake Haener,QB,Fresno State,"{'city': 'Danville', 'state': 'CA', 'country': 'USA'}",3
2025-08-14,2025-08-18,401773014,2025-08-17T17:00Z,18,New Orleans Saints,30,Jacksonville Jaguars,18,New Orleans Saints,4384683,Kyle Hergel,G,Boston College,"{'city': 'Toronto', 'state': 'ON', 'country': 'Canada'}",2
2025-08-14,2025-08-18,401773014,2025-08-17T17:00Z,18,New Orleans Saints,30,Jacksonville Jaguars,18,New Orleans Saints,2468609,Taysom Hill,TE,BYU,"{'city': 'Pocatello', 'state': 'ID', 'country': 'USA'}",9
2025-08-14,2025-08-18,401773014,2025-08-17T17:00Z,18,New Orleans Saints,30,Jacksonville Jaguars,18,New Orleans Saints,3911895,Michael Jacobson,TE,Iowa State,"{'city': 'Waukee', 'state': 'IA', 'country': 'USA'}",1
2025-08-14,2025-08-18,401773014,2025-08-17T17:00Z,18,New Orleans Saints,30,Jacksonville Jaguars,18,New Orleans Saints,3929645,Juwan Johnson,TE,Oregon,"{'city': 'Glassboro', 'state': 'NJ', 'country': 'USA'}",6
2025-08-14,2025-08-18,401773014,2025-08-17T17:00Z,18,New Orleans Saints,30,Jacksonville Jaguars,18,New Orleans Saints,4035693,Velus Jones Jr.,RB,Tennessee,"{'city': 'Saraland', 'state': 'AL', 'country': 'USA'}",5
2025-08-14,2025-08-18,401773014,2025-08-17T17:00Z,18,New Orleans Saints,30,Jacksonville Jaguars,18,New Orleans Saints,3054850,Alvin Kamara,RB,Tennessee,"{'city': 'Norcross', 'state': 'GA', 'country': 'USA'}",9
2025-08-14,2025-08-18,401773014,2025-08-17T17:00Z,18,New Orleans Saints,30,Jacksonville Jaguars,18,New Orleans Saints,4696488,Easton Kilty,OT,Kansas State,"{'city': 'Stratford', 'state': 'WI', 'country': 'USA'}",
2025-08-14,2025-08-18,401773014,2025-08-17T17:00Z,18,New Orleans Saints,30,Jacksonville Jaguars,18,New Orleans Saints,3915142,Shane Lemieux,C,Oregon,"{'city': 'Yakima', 'state': 'WA', 'country': 'USA'}",6
2025-08-14,2025-08-18,401773014,2025-08-17T17:00Z,18,New Orleans Saints,30,Jacksonville Jaguars,18,New Orleans Saints,4432731,Moliki Matavao,TE,UCLA,"{'city': 'Henderson', 'state': 'NV', 'country': 'USA'}",
2025-08-14,2025-08-18,401773014,2025-08-17T17:00Z,18,New Orleans Saints,30,Jacksonville Jaguars,18,New Orleans Saints,3917331,Erik McCoy,C,Texas A&M,"{'city': 'Lufkin', 'state': 'TX', 'country': 'USA'}",7
2025-08-14,2025-08-18,401773014,2025-08-17T17:00Z,18,New Orleans Saints,30,Jacksonville Jaguars,18,New Orleans Saints,4573696,Jonathan Mendoza,OT,Louisville,"{'city': 'Westhampton Beach', 'state': 'NY', 'country': 'USA'}",
2025-08-14,2025-08-18,401773014,2025-08-17T17:00Z,18,New Orleans Saints,30,Jacksonville Jaguars,18,New Orleans Saints,4599739,Kendre Miller,RB,TCU,"{'city': 'Mount Enterprise', 'state': 'TX', 'country': 'USA'}",3
2025-08-14,2025-08-18,401773014,2025-08-17T17:00Z,18,New Orleans Saints,30,Jacksonville Jaguars,18,New Orleans Saints,3843945,Foster Moreau,TE,LSU,"{'city': 'New Orleans', 'state': 'LA', 'country': 'USA'}",7
2025-08-14,2025-08-18,401773014,2025-08-17T17:00Z,18,New Orleans Saints,30,Jacksonville Jaguars,18,New Orleans Saints,4682652,Devin Neal,RB,Kansas,"{'city': 'Lawrence', 'state': 'KS', 'country': 'USA'}",
2025-08-14,2025-08-18,401773014,2025-08-17T17:00Z,18,New Orleans Saints,30,Jacksonville Jaguars,18,New Orleans Saints,4361370,Chris Olave,WR,Ohio State,"{'city': 'San Ysidro', 'state': 'CA', 'country': 'USA'}",4
2025-08-14,2025-08-18,401773014,2025-08-17T17:00Z,18,New Orleans Saints,30,Jacksonville Jaguars,18,New Orleans Saints,4046721,Mike Panasiuk,G,Michigan State,"{'city': 'Roselle', 'state': 'IL', 'country': 'USA'}",2
2025-08-14,2025-08-18,401773014,2025-08-17T17:00Z,18,New Orleans Saints,30,Jacksonville Jaguars,18,New Orleans Saints,4248627,Trevor Penning,OT,Northern Iowa,"{'city': 'Clear Lake', 'state': 'IA', 'country': 'USA'}",4
2025-08-14,2025-08-18,401773014,2025-08-17T17:00Z,18,New Orleans Saints,30,Jacksonville Jaguars,18,New Orleans Saints,3127306,Dante Pettis,WR,Washington,"{'city': 'San Clemente', 'state': 'CA', 'country': 'USA'}",7
2025-08-14,2025-08-18,401773014,2025-08-17T17:00Z,18,New Orleans Saints,30,Jacksonville Jaguars,18,New Orleans Saints,4040945,Dillon Radunz,OT,North Dakota State,"{'city': 'Becker', 'state': 'MN', 'country': 'USA'}",5
2025-08-14,2025-08-18,401773014,2025-08-17T17:00Z,18,New Orleans Saints,30,Jacksonville Jaguars,18,New Orleans Saints,4426339,Spencer Rattler,QB,South Carolina,"{'city': 'Phoenix', 'state': 'AZ', 'country': 'USA'}",2
2025-08-14,2025-08-18,401773014,2025-08-17T17:00Z,18,New Orleans Saints,30,Jacksonville Jaguars,18,New Orleans Saints,4258199,Cesar Ruiz,C,Michigan,"{'city': 'Camden', 'state': 'NJ', 'country': 'USA'}",6
2025-08-14,2025-08-18,401773014,2025-08-17T17:00Z,18,New Orleans Saints,30,Jacksonville Jaguars,18,New Orleans Saints,4032473,Rashid Shaheed,WR,Weber State,"{'city': 'San Diego', 'state': 'CA', 'country': 'USA'}",4
2025-08-14,2025-08-18,401773014,2025-08-17T17:00Z,18,New Orleans Saints,30,Jacksonville Jaguars,18,New Orleans Saints,4360689,Tyler Shough,QB,Louisville,"{'city': 'Chandler', 'state': 'AZ', 'country': 'USA'}",
2025-08-14,2025-08-18,401773014,2025-08-17T17:00Z,18,New Orleans Saints,30,Jacksonville Jaguars,18,New Orleans Saints,4696902,Torricelli Simpkins III,G,South Carolina,"{'city': 'Charlotte', 'state': 'NC', 'country': 'USA'}",
2025-08-14,2025-08-18,401773014,2025-08-17T17:00Z,18,New Orleans Saints,30,Jacksonville Jaguars,18,New Orleans Saints,4034862,Jack Stoll,TE,Nebraska,"{'city': 'Lone Tree', 'state': 'CO', 'country': 'USA'}",5
2025-08-14,2025-08-18,401773014,2025-08-17T17:00Z,18,New Orleans Saints,30,Jacksonville Jaguars,18,New Orleans Saints,4573697,Mason Tipton,WR,Yale,"{'city': 'Akron', 'state': 'OH', 'country': 'USA'}",2
2025-08-14,2025-08-18,401773014,2025-08-17T17:00Z,18,New Orleans Saints,30,Jacksonville Jaguars,18,New Orleans Saints,4569559,Devaughn Vele,WR,Utah,"{'city': 'San Diego', 'state': 'CA', 'country': 'USA'}",2
2025-08-14,2025-08-18,401773014,2025-08-17T17:00Z,18,New Orleans Saints,30,Jacksonville Jaguars,18,New Orleans Saints,4430684,Treyton Welch,TE,Wyoming,"{'city': 'Buffalo', 'state': 'MN', 'country': 'USA'}",1
2025-08-14,2025-08-18,401773014,2025-08-17T17:00Z,18,New Orleans Saints,30,Jacksonville Jaguars,18,New Orleans Saints,4256055,Barry Wesley,OT,Colorado State,"{'city': 'Morrison', 'state': 'CO', 'country': 'USA'}",1
2025-08-14,2025-08-18,401773014,2025-08-17T17:00Z,18,New Orleans Saints,30,Jacksonville Jaguars,18,New Orleans Saints,4036335,Cedrick Wilson Jr.,WR,Boise State,"{'city': 'Memphis', 'state': 'TN', 'country': 'USA'}",8
2025-08-14,2025-08-18,401773014,2025-08-17T17:00Z,18,New Orleans Saints,30,Jacksonville Jaguars,18,New Orleans Saints,4694302,Marcus Yarns,RB,Delaware,"{'city': 'Salisbury', 'state': 'MD', 'country': 'USA'}",
2025-08-14,2025-08-18,401773014,2025-08-17T17:00Z,18,New Orleans Saints,30,Jacksonville Jaguars,18,New Orleans Saints,4035079,Landon Young,OT,Kentucky,"{'city': 'Lexington', 'state': 'KY', 'country': 'USA'}",5
2025-08-14,2025-08-18,401773014,2025-08-17T17:00Z,18,New Orleans Saints,30,Jacksonville Jaguars,18,New Orleans Saints,3886834,Ugo Amadi,S,Oregon,"{'city': 'Nashville', 'state': 'TN', 'country': 'USA'}",7
2025-08-14,2025-08-18,401773014,2025-08-17T17:00Z,18,New Orleans Saints,30,Jacksonville Jaguars,18,New Orleans Saints,4695407,Dalys Beanum,CB,South Dakota State,"{'city': 'Omaha', 'state': 'NE', 'country': 'USA'}",
2025-08-14,2025-08-18,401773014,2025-08-17T17:00Z,18,New Orleans Saints,30,Jacksonville Jaguars,18,New Orleans Saints,4035661,Julian Blackmon,S,Utah,"{'city': 'Layton', 'state': 'UT', 'country': 'USA'}",6
2025-08-14,2025-08-18,401773014,2025-08-17T17:00Z,18,New Orleans Saints,30,Jacksonville Jaguars,18,New Orleans Saints,4384595,Khristian Boyd,DT,Northern Iowa,"{'city': 'Kansas City', 'state': 'MO', 'country': 'USA'}",2
2025-08-14,2025-08-18,401773014,2025-08-17T17:00Z,18,New Orleans Saints,30,Jacksonville Jaguars,18,New Orleans Saints,4428988,Bryan Bresee,DT,Clemson,"{'city': 'Damascus', 'state': 'MD', 'country': 'USA'}",3
2025-08-14,2025-08-18,401773014,2025-08-17T17:00Z,18,New Orleans Saints,30,Jacksonville Jaguars,18,New Orleans Saints,4429040,Vernon Broughton,DT,Texas,"{'city': 'Houston', 'state': 'TX', 'country': 'USA'}",
2025-08-14,2025-08-18,401773014,2025-08-17T17:00Z,18,New Orleans Saints,30,Jacksonville Jaguars,18,New Orleans Saints,2980097,Jonathan Bullard,DE,Florida,"{'city': 'Shelby', 'state': 'NC', 'country': 'USA'}",10
2025-08-14,2025-08-18,401773014,2025-08-17T17:00Z,18,New Orleans Saints,30,Jacksonville Jaguars,18,New Orleans Saints,4035663,Terrell Burgess,S,Utah,"{'city': 'San Marcos', 'state': 'CA', 'country': 'USA'}",5
2025-08-14,2025-08-18,401773014,2025-08-17T17:00Z,18,New Orleans Saints,30,Jacksonville Jaguars,18,New Orleans Saints,14958,Demario Davis,LB,Arkansas State,"{'city': 'Brandon', 'state': 'MS', 'country': 'USA'}",14
2025-08-14,2025-08-18,401773014,2025-08-17T17:00Z,18,New Orleans Saints,30,Jacksonville Jaguars,18,New Orleans Saints,4431008,Jasheen Davis,DE,Wake Forest,"{'city': 'Snellville', 'state': 'GA', 'country': 'USA'}",
2025-08-14,2025-08-18,401773014,2025-08-17T17:00Z,18,New Orleans Saints,30,Jacksonville Jaguars,18,New Orleans Saints,4688366,Elliott Davison,S,UTSA,"{'city': 'Tyler', 'state': 'TX', 'country': 'USA'}",
2025-08-14,2025-08-18,401773014,2025-08-17T17:00Z,18,New Orleans Saints,30,Jacksonville Jaguars,18,New Orleans Saints,4429073,Fadil Diggs,DE,Syracuse,"{'city': 'East Camden', 'state': 'NJ', 'country': 'USA'}",
2025-08-14,2025-08-18,401773014,2025-08-17T17:00Z,18,New Orleans Saints,30,Jacksonville Jaguars,18,New Orleans Saints,4566088,Jaylan Ford,LB,Texas,"{'city': 'Frisco', 'state': 'TX', 'country': 'USA'}",2
2025-08-14,2025-08-18,401773014,2025-08-17T17:00Z,18,New Orleans Saints,30,Jacksonville Jaguars,18,New Orleans Saints,4426457,Isaiah Foskey,DE,Notre Dame,"{'city': 'Antioch', 'state': 'CA', 'country': 'USA'}",3
2025-08-14,2025-08-18,401773014,2025-08-17T17:00Z,18,New Orleans Saints,30,Jacksonville Jaguars,18,New Orleans Saints,3115383,Davon Godchaux,DT,LSU,"{'city': 'Plaquemine', 'state': 'LA', 'country': 'USA'}",9
2025-08-14,2025-08-18,401773014,2025-08-17T17:00Z,18,New Orleans Saints,30,Jacksonville Jaguars,18,New Orleans Saints,3918310,Carl Granderson,DE,Wyoming,"{'city': 'Sacramento', 'state': 'CA', 'country': 'USA'}",7
2025-08-14,2025-08-18,401773014,2025-08-17T17:00Z,18,New Orleans Saints,30,Jacksonville Jaguars,18,New Orleans Saints,3115481,J.T. Gray,S,Mississippi State,"{'city': 'Clarksdale', 'state': 'MS', 'country': 'USA'}",8
2025-08-14,2025-08-18,401773014,2025-08-17T17:00Z,18,New Orleans Saints,30,Jacksonville Jaguars,18,New Orleans Saints,4360949,Jordan Howden,S,Minnesota,"{'city': 'San Diego', 'state': 'CA', 'country': 'USA'}",3
2025-08-14,2025-08-18,401773014,2025-08-17T17:00Z,18,New Orleans Saints,30,Jacksonville Jaguars,18,New Orleans Saints,4241007,D'Marco Jackson,LB,App State,"{'city': 'Spartanburg', 'state': 'SC', 'country': 'USA'}",4
2025-08-14,2025-08-18,401773014,2025-08-17T17:00Z,18,New Orleans Saints,30,Jacksonville Jaguars,18,New Orleans Saints,13971,Cameron Jordan,DE,California,"{'city': 'Chandler', 'state': 'AZ', 'country': 'USA'}",15
2025-08-14,2025-08-18,401773014,2025-08-17T17:00Z,18,New Orleans Saints,30,Jacksonville Jaguars,18,New Orleans Saints,4372523,Jeremiah Martin,DE,Washington,"{'city': 'San Bernardino', 'state': 'CA', 'country': 'USA'}",1
2025-08-14,2025-08-18,401773014,2025-08-17T17:00Z,18,New Orleans Saints,30,Jacksonville Jaguars,18,New Orleans Saints,4433975,Kool-Aid McKinstry,CB,Alabama,"{'city': 'Birmingham', 'state': 'AL', 'country': 'USA'}",2
2025-08-14,2025-08-18,401773014,2025-08-17T17:00Z,18,New Orleans Saints,30,Jacksonville Jaguars,18,New Orleans Saints,4368350,Rico Payton,CB,Pittsburg State,"{'city': 'St. Louis', 'state': 'MO', 'country': 'USA'}",2
2025-08-14,2025-08-18,401773014,2025-08-17T17:00Z,18,New Orleans Saints,30,Jacksonville Jaguars,18,New Orleans Saints,4240927,Jayden Peevy,DT,Texas A&M,"{'city': 'Bellaire', 'state': 'TX', 'country': 'USA'}",1
2025-08-14,2025-08-18,401773014,2025-08-17T17:00Z,18,New Orleans Saints,30,Jacksonville Jaguars,18,New Orleans Saints,4431333,Tyreem Powell,LB,Rutgers,"{'city': 'Vineland', 'state': 'NJ', 'country': 'USA'}",
2025-08-14,2025-08-18,401773014,2025-08-17T17:00Z,18,New Orleans Saints,30,Jacksonville Jaguars,18,New Orleans Saints,4383391,Jayden Price,CB,North Dakota State,"{'city': 'Derby', 'state': 'KS', 'country': 'USA'}",1
2025-08-14,2025-08-18,401773014,2025-08-17T17:00Z,18,New Orleans Saints,30,Jacksonville Jaguars,18,New Orleans Saints,3931399,Justin Reid,S,Stanford,"{'city': 'Prairieville', 'state': 'LA', 'country': 'USA'}",8
2025-08-14,2025-08-18,401773014,2025-08-17T17:00Z,18,New Orleans Saints,30,Jacksonville Jaguars,18,New Orleans Saints,4248047,John Ridgeway III,DT,Arkansas,"{'city': 'Bloomington', 'state': 'IL', 'country': 'USA'}",4
2025-08-14,2025-08-18,401773014,2025-08-17T17:00Z,18,New Orleans Saints,30,Jacksonville Jaguars,18,New Orleans Saints,4428350,Quincy Riley,CB,Louisville,"{'city': 'Columbia', 'state': 'SC', 'country': 'USA'}",
2025-08-14,2025-08-18,401773014,2025-08-17T17:00Z,18,New Orleans Saints,30,Jacksonville Jaguars,18,New Orleans Saints,4240475,Chris Rumph II,DE,Duke,"{'city': 'Gainesville', 'state': 'FL', 'country': 'USA'}",5
2025-08-14,2025-08-18,401773014,2025-08-17T17:00Z,18,New Orleans Saints,30,Jacksonville Jaguars,18,New Orleans Saints,4683813,Jonas Sanker,S,Virginia,"{'city': 'Charlottesville', 'state': 'VA', 'country': 'USA'}",
2025-08-14,2025-08-18,401773014,2025-08-17T17:00Z,18,New Orleans Saints,30,Jacksonville Jaguars,18,New Orleans Saints,4241611,Nephi Sewell,LB,Utah,"{'city': 'St. George', 'state': 'UT', 'country': 'USA'}",3
2025-08-14,2025-08-18,401773014,2025-08-17T17:00Z,18,New Orleans Saints,30,Jacksonville Jaguars,18,New Orleans Saints,4076951,Nathan Shepherd,DT,Fort Hays State,"{'city': 'Ajax', 'state': 'ON', 'country': 'Canada'}",8
2025-08-14,2025-08-18,401773014,2025-08-17T17:00Z,18,New Orleans Saints,30,Jacksonville Jaguars,18,New Orleans Saints,4361194,Isaiah Stalbird,LB,South Dakota State,"{'city': 'Kearney', 'state': 'NE', 'country': 'USA'}",1
2025-08-14,2025-08-18,401773014,2025-08-17T17:00Z,18,New Orleans Saints,30,Jacksonville Jaguars,18,New Orleans Saints,4683215,Danny Stutsman,LB,Oklahoma,"{'city': 'Windermere', 'state': 'FL', 'country': 'USA'}",
2025-08-14,2025-08-18,401773014,2025-08-17T17:00Z,18,New Orleans Saints,30,Jacksonville Jaguars,18,New Orleans Saints,4369835,Alontae Taylor,CB,Tennessee,"{'city': 'Manchester', 'state': 'TN', 'country': 'USA'}",4
2025-08-14,2025-08-18,401773014,2025-08-17T17:00Z,18,New Orleans Saints,30,Jacksonville Jaguars,18,New Orleans Saints,4429057,Omari Thomas,DE,Tennessee,"{'city': 'Memphis', 'state': 'TN', 'country': 'USA'}",
2025-08-14,2025-08-18,401773014,2025-08-17T17:00Z,18,New Orleans Saints,30,Jacksonville Jaguars,18,New Orleans Saints,4241993,Pete Werner,LB,Ohio State,"{'city': 'Indianapolis', 'state': 'IN', 'country': 'USA'}",5
2025-08-14,2025-08-18,401773014,2025-08-17T17:00Z,18,New Orleans Saints,30,Jacksonville Jaguars,18,New Orleans Saints,4032481,Jonah Williams,DE,Weber State,"{'city': 'Meridian', 'state': 'ID', 'country': 'USA'}",5
2025-08-14,2025-08-18,401773014,2025-08-17T17:00Z,18,New Orleans Saints,30,Jacksonville Jaguars,18,New Orleans Saints,4696043,Rejzohn Wright,CB,Oregon State,"{'city': 'East Palo Alto', 'state': 'CA', 'country': 'USA'}",2
2025-08-14,2025-08-18,401773014,2025-08-17T17:00Z,18,New Orleans Saints,30,Jacksonville Jaguars,18,New Orleans Saints,3122797,Isaac Yiadom,CB,Boston College,"{'city': 'Worcester', 'state': 'MA', 'country': 'USA'}",8
2025-08-14,2025-08-18,401773014,2025-08-17T17:00Z,18,New Orleans Saints,30,Jacksonville Jaguars,18,New Orleans Saints,4241986,Chase Young,DE,Ohio State,"{'city': 'Hyattsville', 'state': 'MD', 'country': 'USA'}",6
2025-08-14,2025-08-18,401773014,2025-08-17T17:00Z,18,New Orleans Saints,30,Jacksonville Jaguars,18,New Orleans Saints,4880048,James Burnip,P,Alabama,"{'city': 'Mount Macedon', 'state': 'VIC', 'country': 'Australia'}",
2025-08-14,2025-08-18,401773014,2025-08-17T17:00Z,18,New Orleans Saints,30,Jacksonville Jaguars,18,New Orleans Saints,4259619,Blake Grupe,PK,Notre Dame,"{'city': 'Sedalia', 'state': 'MO', 'country': 'USA'}",3
2025-08-14,2025-08-18,401773014,2025-08-17T17:00Z,18,New Orleans Saints,30,Jacksonville Jaguars,18,New Orleans Saints,4570033,Kai Kroeger,P,South Carolina,"{'city': 'Lake Forest', 'state': 'IL', 'country': 'USA'}",
2025-08-14,2025-08-18,401773014,2025-08-17T17:00Z,18,New Orleans Saints,30,Jacksonville Jaguars,18,New Orleans Saints,5208518,Charlie Smyth,PK,,"{'city': 'Newry', 'country': 'Ireland'}",1
2025-08-14,2025-08-18,401773014,2025-08-17T17:00Z,18,New Orleans Saints,30,Jacksonville Jaguars,18,New Orleans Saints,2575788,Zach Wood,LS,SMU,"{'city': 'Rowlett', 'state': 'TX', 'country': 'USA'}",9
2025-08-14,2025-08-18,401773014,2025-08-17T17:00Z,18,New Orleans Saints,30,Jacksonville Jaguars,18,New Orleans Saints,3115387,Will Clapp,C,LSU,"{'city': 'New Orleans', 'state': 'LA', 'country': 'USA'}",8
2025-08-14,2025-08-18,401773014,2025-08-17T17:00Z,18,New Orleans Saints,30,Jacksonville Jaguars,18,New Orleans Saints,4427985,Bub Means,WR,Pittsburgh,"{'city': 'Lovejoy', 'state': 'GA', 'country': 'USA'}",2
2025-08-14,2025-08-18,401773014,2025-08-17T17:00Z,18,New Orleans Saints,30,Jacksonville Jaguars,18,New Orleans Saints,4911517,Mason Pline,TE,Furman,"{'city': 'Fowler', 'state': 'MI', 'country': 'USA'}",1
2025-08-14,2025-08-18,401773014,2025-08-17T17:00Z,18,New Orleans Saints,30,Jacksonville Jaguars,18,New Orleans Saints,4361600,Nick Saldiveri,OT,Old Dominion,"{'city': 'Waxhaw', 'state': 'NC', 'country': 'USA'}",3
2025-08-14,2025-08-18,401773014,2025-08-17T17:00Z,18,New Orleans Saints,30,Jacksonville Jaguars,30,Jacksonville Jaguars,4911851,LeQuint Allen Jr.,RB,Syracuse,"{'city': 'Millville', 'state': 'NJ', 'country': 'USA'}",
2025-08-14,2025-08-18,401773014,2025-08-17T17:00Z,18,New Orleans Saints,30,Jacksonville Jaguars,30,Jacksonville Jaguars,4035478,Tremayne Anchrum,G,Clemson,"{'city': 'Powder Springs', 'state': 'GA', 'country': 'USA'}",5
2025-08-14,2025-08-18,401773014,2025-08-17T17:00Z,18,New Orleans Saints,30,Jacksonville Jaguars,30,Jacksonville Jaguars,4429013,Tank Bigsby,RB,Auburn,"{'city': 'LaGrange', 'state': 'GA', 'country': 'USA'}",3
2025-08-14,2025-08-18,401773014,2025-08-17T17:00Z,18,New Orleans Saints,30,Jacksonville Jaguars,30,Jacksonville Jaguars,4366910,Shawn Bowman,TE,Rutgers,"{'city': 'Bear', 'state': 'DE', 'country': 'USA'}",1
2025-08-14,2025-08-18,401773014,2025-08-17T17:00Z,18,New Orleans Saints,30,Jacksonville Jaguars,30,Jacksonville Jaguars,4573243,Chandler Brayboy,WR,Elon,"{'city': 'Pembroke', 'state': 'NC', 'country': 'USA'}",
2025-08-14,2025-08-18,401773014,2025-08-17T17:00Z,18,New Orleans Saints,30,Jacksonville Jaguars,30,Jacksonville Jaguars,4361577,Dyami Brown,WR,North Carolina,"{'city': 'Charlotte', 'state': 'NC', 'country': 'USA'}",5
2025-08-14,2025-08-18,401773014,2025-08-17T17:00Z,18,New Orleans Saints,30,Jacksonville Jaguars,30,Jacksonville Jaguars,5081322,Cam Camper,WR,Boise State,"{'city': 'Lancaster', 'state': 'TX', 'country': 'USA'}",
2025-08-14,2025-08-18,401773014,2025-08-17T17:00Z,18,New Orleans Saints,30,Jacksonville Jaguars,30,Jacksonville Jaguars,4369859,Jerome Carvin,G,Tennessee,"{'city': 'Memphis', 'state': 'TN', 'country': 'USA'}",1
2025-08-14,2025-08-18,401773014,2025-08-17T17:00Z,18,New Orleans Saints,30,Jacksonville Jaguars,30,Jacksonville Jaguars,4048231,Ezra Cleveland,G,Boise State,"{'city': 'Spanaway', 'state': 'WA', 'country': 'USA'}",6
2025-08-14,2025-08-18,401773014,2025-08-17T17:00Z,18,New Orleans Saints,30,Jacksonville Jaguars,30,Jacksonville Jaguars,4431045,John Copenhaver,TE,North Carolina,"{'city': 'Roswell', 'state': 'GA', 'country': 'USA'}",
2025-08-14,2025-08-18,401773014,2025-08-17T17:00Z,18,New Orleans Saints,30,Jacksonville Jaguars,30,Jacksonville Jaguars,3701582,Chuma Edoga,G,USC,"{'city': 'Atlanta', 'state': 'GA', 'country': 'USA'}",7
2025-08-14,2025-08-18,401773014,2025-08-17T17:00Z,18,New Orleans Saints,30,Jacksonville Jaguars,30,Jacksonville Jaguars,4239996,Travis Etienne Jr.,RB,Clemson,"{'city': 'Jennings', 'state': 'LA', 'country': 'USA'}",5
2025-08-14,2025-08-18,401773014,2025-08-17T17:00Z,18,New Orleans Saints,30,Jacksonville Jaguars,30,Jacksonville Jaguars,4362769,Javon Foster,OT,Missouri,"{'city': 'Detroit', 'state': 'MI', 'country': 'USA'}",2
2025-08-14,2025-08-18,401773014,2025-08-17T17:00Z,18,New Orleans Saints,30,Jacksonville Jaguars,30,Jacksonville Jaguars,4242391,Robert Hainsey,C,Notre Dame,"{'city': 'Pittsburgh', 'state': 'PA', 'country': 'USA'}",5
2025-08-14,2025-08-18,401773014,2025-08-17T17:00Z,18,New Orleans Saints,30,Jacksonville Jaguars,30,Jacksonville Jaguars,4570674,Kevin Harris,RB,South Carolina,"{'city': 'Hinesville', 'state': 'GA', 'country': 'USA'}",2
2025-08-14,2025-08-18,401773014,2025-08-17T17:00Z,18,New Orleans Saints,30,Jacksonville Jaguars,30,Jacksonville Jaguars,4692525,Anton Harrison,OT,Oklahoma,"{'city': 'Washington', 'state': 'DC', 'country': 'USA'}",3
2025-08-14,2025-08-18,401773014,2025-08-17T17:00Z,18,New Orleans Saints,30,Jacksonville Jaguars,30,Jacksonville Jaguars,4606194,Seth Henigan,QB,Memphis,"{'city': 'Denton', 'state': 'TX', 'country': 'USA'}",
2025-08-14,2025-08-18,401773014,2025-08-17T17:00Z,18,New Orleans Saints,30,Jacksonville Jaguars,30,Jacksonville Jaguars,4429811,Patrick Herbert,TE,Oregon,"{'city': 'Eugene', 'state': 'OR', 'country': 'USA'}",
2025-08-14,2025-08-18,401773014,2025-08-17T17:00Z,18,New Orleans Saints,30,Jacksonville Jaguars,30,Jacksonville Jaguars,4685415,Travis Hunter,WR,Colorado,"{'city': 'Suwanee', 'state': 'GA', 'country': 'USA'}",
2025-08-14,2025-08-18,401773014,2025-08-17T17:00Z,18,New Orleans Saints,30,Jacksonville Jaguars,30,Jacksonville Jaguars,3931391,Trenton Irwin,WR,Stanford,"{'city': 'Valencia', 'state': 'CA', 'country': 'USA'}",6
2025-08-14,2025-08-18,401773014,2025-08-17T17:00Z,18,New Orleans Saints,30,Jacksonville Jaguars,30,Jacksonville Jaguars,4690972,Ja'Quinden Jackson,RB,Arkansas,"{'city': 'Dallas', 'state': 'TX', 'country': 'USA'}",
2025-08-14,2025-08-18,401773014,2025-08-17T17:00Z,18,New Orleans Saints,30,Jacksonville Jaguars,30,Jacksonville Jaguars,3915106,Fred Johnson,OT,Florida,"{'city': 'West Palm Beach', 'state': 'FL', 'country': 'USA'}",7
2025-08-14,2025-08-18,401773014,2025-08-17T17:00Z,18,New Orleans Saints,30,Jacksonville Jaguars,30,Jacksonville Jaguars,5083198,Darius Lassiter,WR,BYU,"{'city': 'Chandler', 'state': 'AZ', 'country': 'USA'}",
2025-08-14,2025-08-18,401773014,2025-08-17T17:00Z,18,New Orleans Saints,30,Jacksonville Jaguars,30,Jacksonville Jaguars,4360310,Trevor Lawrence,QB,Clemson,"{'city': 'Cartersville', 'state': 'GA', 'country': 'USA'}",5
2025-08-14,2025-08-18,401773014,2025-08-17T17:00Z,18,New Orleans Saints,30,Jacksonville Jaguars,30,Jacksonville Jaguars,4369308,Ricky Lee,OT,North Carolina A&T,"{'city': 'Jacksonville', 'state': 'FL', 'country': 'USA'}",2
2025-08-14,2025-08-18,401773014,2025-08-17T17:00Z,18,New Orleans Saints,30,Jacksonville Jaguars,30,Jacksonville Jaguars,4242554,Walker Little,OT,Stanford,"{'city': 'Houston', 'state': 'TX', 'country': 'USA'}",5
2025-08-14,2025-08-18,401773014,2025-08-17T17:00Z,18,New Orleans Saints,30,Jacksonville Jaguars,30,Jacksonville Jaguars,4239944,Hunter Long,TE,Boston College,"{'city': 'Exeter', 'state': 'NH', 'country': 'USA'}",5
2025-08-14,2025-08-18,401773014,2025-08-17T17:00Z,18,New Orleans Saints,30,Jacksonville Jaguars,30,Jacksonville Jaguars,3863820,Patrick Mekari,G,California,"{'city': 'Westlake Village', 'state': 'CA', 'country': 'USA'}",7
2025-08-14,2025-08-18,401773014,2025-08-17T17:00Z,18,New Orleans Saints,30,Jacksonville Jaguars,30,Jacksonville Jaguars,4431463,Wyatt Milum,G,West Virginia,"{'city': 'Kenova', 'state': 'WV', 'country': 'USA'}",
2025-08-14,2025-08-18,401773014,2025-08-17T17:00Z,18,New Orleans Saints,30,Jacksonville Jaguars,30,Jacksonville Jaguars,4430481,Jonah Monheim,C,USC,"{'city': 'Moorpark', 'state': 'CA', 'country': 'USA'}",
2025-08-14,2025-08-18,401773014,2025-08-17T17:00Z,18,New Orleans Saints,30,Jacksonville Jaguars,30,Jacksonville Jaguars,4244049,Quintin Morris,TE,Bowling Green,"{'city': 'Richmond', 'state': 'TX', 'country': 'USA'}",4
2025-08-14,2025-08-18,401773014,2025-08-17T17:00Z,18,New Orleans Saints,30,Jacksonville Jaguars,30,Jacksonville Jaguars,3059989,Nick Mullens,QB,Southern Miss,"{'city': 'Hoover', 'state': 'AL', 'country': 'USA'}",7
2025-08-14,2025-08-18,401773014,2025-08-17T17:00Z,18,New Orleans Saints,30,Jacksonville Jaguars,30,Jacksonville Jaguars,3052096,Johnny Mundt,TE,Oregon,"{'city': 'Modesto', 'state': 'CA', 'country': 'USA'}",8
2025-08-14,2025-08-18,401773014,2025-08-17T17:00Z,18,New Orleans Saints,30,Jacksonville Jaguars,30,Jacksonville Jaguars,4430288,Eli Pancol,WR,Duke,"{'city': 'Pendleton', 'state': 'IN', 'country': 'USA'}",
2025-08-14,2025-08-18,401773014,2025-08-17T17:00Z,18,New Orleans Saints,30,Jacksonville Jaguars,30,Jacksonville Jaguars,4711055,Dorian Singer,WR,Utah,"{'city': 'Saint Paul', 'state': 'MN', 'country': 'USA'}",
2025-08-14,2025-08-18,401773014,2025-08-17T17:00Z,18,New Orleans Saints,30,Jacksonville Jaguars,30,Jacksonville Jaguars,4430539,Brenton Strange,TE,Penn State,"{'city': 'Parkersburg', 'state': 'WV', 'country': 'USA'}",3
2025-08-14,2025-08-18,401773014,2025-08-17T17:00Z,18,New Orleans Saints,30,Jacksonville Jaguars,30,Jacksonville Jaguars,4432773,Brian Thomas Jr.,WR,LSU,"{'city': 'Walker', 'state': 'LA', 'country': 'USA'}",2
2025-08-14,2025-08-18,401773014,2025-08-17T17:00Z,18,New Orleans Saints,30,Jacksonville Jaguars,30,Jacksonville Jaguars,4244856,Austin Trammell,WR,Rice,"{'city': 'Spring', 'state': 'TX', 'country': 'USA'}",3
2025-08-14,2025-08-18,401773014,2025-08-17T17:00Z,18,New Orleans Saints,30,Jacksonville Jaguars,30,Jacksonville Jaguars,4882093,Bhayshul Tuten,RB,Virginia Tech,"{'city': 'Paulsboro', 'state': 'NJ', 'country': 'USA'}",
2025-08-14,2025-08-18,401773014,2025-08-17T17:00Z,18,New Orleans Saints,30,Jacksonville Jaguars,30,Jacksonville Jaguars,4035791,Cole Van Lanen,OT,Wisconsin,"{'city': 'Green Bay', 'state': 'WI', 'country': 'USA'}",5
2025-08-14,2025-08-18,401773014,2025-08-17T17:00Z,18,New Orleans Saints,30,Jacksonville Jaguars,30,Jacksonville Jaguars,4432620,Parker Washington,WR,Penn State,"{'city': 'Sugar Land', 'state': 'TX', 'country': 'USA'}",3
2025-08-14,2025-08-18,401773014,2025-08-17T17:00Z,18,New Orleans Saints,30,Jacksonville Jaguars,30,Jacksonville Jaguars,3124092,John Wolford,QB,Wake Forest,"{'city': 'Jacksonville', 'state': 'FL', 'country': 'USA'}",5
2025-08-14,2025-08-18,401773014,2025-08-17T17:00Z,18,New Orleans Saints,30,Jacksonville Jaguars,30,Jacksonville Jaguars,4428935,Sal Wormley,G,Penn State,"{'city': 'Newark', 'state': 'NJ', 'country': 'USA'}",
2025-08-14,2025-08-18,401773014,2025-08-17T17:00Z,18,New Orleans Saints,30,Jacksonville Jaguars,30,Jacksonville Jaguars,4360807,Yasir Abdullah,LB,Louisville,"{'city': 'Miramar', 'state': 'FL', 'country': 'USA'}",3
2025-08-14,2025-08-18,401773014,2025-08-17T17:00Z,18,New Orleans Saints,30,Jacksonville Jaguars,30,Jacksonville Jaguars,2971275,Arik Armstead,DE,Oregon,"{'city': 'Sacramento', 'state': 'CA', 'country': 'USA'}",11
2025-08-14,2025-08-18,401773014,2025-08-17T17:00Z,18,New Orleans Saints,30,Jacksonville Jaguars,30,Jacksonville Jaguars,4257580,Christian Braswell,CB,Rutgers,"{'city': 'Washington', 'state': 'DC', 'country': 'USA'}",2
2025-08-14,2025-08-18,401773014,2025-08-17T17:00Z,18,New Orleans Saints,30,Jacksonville Jaguars,30,Jacksonville Jaguars,4242149,Montaric Brown,CB,Arkansas,"{'city': 'Ashdown', 'state': 'AR', 'country': 'USA'}",4
2025-08-14,2025-08-18,401773014,2025-08-17T17:00Z,18,New Orleans Saints,30,Jacksonville Jaguars,30,Jacksonville Jaguars,4379397,Tyson Campbell,CB,Georgia,"{'city': 'Plantation', 'state': 'FL', 'country': 'USA'}",5
2025-08-14,2025-08-18,401773014,2025-08-17T17:00Z,18,New Orleans Saints,30,Jacksonville Jaguars,30,Jacksonville Jaguars,4579591,James Carpenter,DT,Indiana,"{'city': 'Roanoke', 'state': 'VA', 'country': 'USA'}",
2025-08-14,2025-08-18,401773014,2025-08-17T17:00Z,18,New Orleans Saints,30,Jacksonville Jaguars,30,Jacksonville Jaguars,4365303,Myles Cole,DE,Texas Tech,"{'city': 'Shreveport', 'state': 'LA', 'country': 'USA'}",2
2025-08-14,2025-08-18,401773014,2025-08-17T17:00Z,18,New Orleans Saints,30,Jacksonville Jaguars,30,Jacksonville Jaguars,4572704,Branson Combs,LB,Wake Forest,"{'city': 'Evansville', 'state': 'IN', 'country': 'USA'}",
2025-08-14,2025-08-18,401773014,2025-08-17T17:00Z,18,New Orleans Saints,30,Jacksonville Jaguars,30,Jacksonville Jaguars,4431534,Ethan Downs,DE,Oklahoma,"{'city': 'Weatherford', 'state': 'OK', 'country': 'USA'}",
2025-08-14,2025-08-18,401773014,2025-08-17T17:00Z,18,New Orleans Saints,30,Jacksonville Jaguars,30,Jacksonville Jaguars,4334300,Dennis Gardeck,LB,Sioux Falls,"{'city': 'Lake In The H', 'state': 'IL', 'country': 'USA'}",8
2025-08-14,2025-08-18,401773014,2025-08-17T17:00Z,18,New Orleans Saints,30,Jacksonville Jaguars,30,Jacksonville Jaguars,4875266,BJ Green II,DE,Colorado,"{'city': 'Powder Springs', 'state': 'GA', 'country': 'USA'}",
2025-08-14,2025-08-18,401773014,2025-08-17T17:00Z,18,New Orleans Saints,30,Jacksonville Jaguars,30,Jacksonville Jaguars,3915520,DaVon Hamilton,DT,Ohio State,"{'city': 'Pickerington', 'state': 'OH', 'country': 'USA'}",6
2025-08-14,2025-08-18,401773014,2025-08-17T17:00Z,18,New Orleans Saints,30,Jacksonville Jaguars,30,Jacksonville Jaguars,3915239,Josh Hines-Allen,DE,Kentucky,"{'city': 'Montclair', 'state': 'NJ', 'country': 'USA'}",7
2025-08-14,2025-08-18,401773014,2025-08-17T17:00Z,18,New Orleans Saints,30,Jacksonville Jaguars,30,Jacksonville Jaguars,4569448,Jordan Jefferson,DT,LSU,"{'city': 'Navarre', 'state': 'FL', 'country': 'USA'}",2
2025-08-14,2025-08-18,401773014,2025-08-17T17:00Z,18,New Orleans Saints,30,Jacksonville Jaguars,30,Jacksonville Jaguars,4429168,Antonio Johnson,S,Texas A&M,"{'city': 'East Saint Louis', 'state': 'IL', 'country': 'USA'}",3
2025-08-14,2025-08-18,401773014,2025-08-17T17:00Z,18,New Orleans Saints,30,Jacksonville Jaguars,30,Jacksonville Jaguars,2979591,Austin Johnson,DT,Penn State,"{'city': 'Galloway', 'state': 'NJ', 'country': 'USA'}",9
2025-08-14,2025-08-18,401773014,2025-08-17T17:00Z,18,New Orleans Saints,30,Jacksonville Jaguars,30,Jacksonville Jaguars,4426448,Jarrian Jones,CB,Florida State,"{'city': 'Magee', 'state': 'MS', 'country': 'USA'}",2
2025-08-14,2025-08-18,401773014,2025-08-17T17:00Z,18,New Orleans Saints,30,Jacksonville Jaguars,30,Jacksonville Jaguars,4427716,Jack Kiser,LB,Notre Dame,"{'city': 'Royal Center', 'state': 'IN', 'country': 'USA'}",
2025-08-14,2025-08-18,401773014,2025-08-17T17:00Z,18,New Orleans Saints,30,Jacksonville Jaguars,30,Jacksonville Jaguars,4361861,Tyler Lacy,DT,Oklahoma State,"{'city': 'Sachse', 'state': 'TX', 'country': 'USA'}",3
2025-08-14,2025-08-18,401773014,2025-08-17T17:00Z,18,New Orleans Saints,30,Jacksonville Jaguars,30,Jacksonville Jaguars,4880675,Rayuan Lane III,S,Navy,"{'city': 'Jessup', 'state': 'MD', 'country': 'USA'}",
2025-08-14,2025-08-18,401773014,2025-08-17T17:00Z,18,New Orleans Saints,30,Jacksonville Jaguars,30,Jacksonville Jaguars,3045207,Jourdan Lewis,CB,Michigan,"{'city': 'Detroit', 'state': 'MI', 'country': 'USA'}",9
2025-08-14,2025-08-18,401773014,2025-08-17T17:00Z,18,New Orleans Saints,30,Jacksonville Jaguars,30,Jacksonville Jaguars,4243256,Devin Lloyd,LB,Utah,"{'city': 'Chula Vista', 'state': 'CA', 'country': 'USA'}",4
2025-08-14,2025-08-18,401773014,2025-08-17T17:00Z,18,New Orleans Saints,30,Jacksonville Jaguars,30,Jacksonville Jaguars,4362236,Keni-H Lovely,CB,Western Michigan,"{'city': 'Boynton Beach', 'state': 'FL', 'country': 'USA'}",1
2025-08-14,2025-08-18,401773014,2025-08-17T17:00Z,18,New Orleans Saints,30,Jacksonville Jaguars,30,Jacksonville Jaguars,4576129,Jalen McLeod,LB,Auburn,"{'city': 'Washington', 'state': 'DC', 'country': 'USA'}",
2025-08-14,2025-08-18,401773014,2025-08-17T17:00Z,18,New Orleans Saints,30,Jacksonville Jaguars,30,Jacksonville Jaguars,4240610,Ventrell Miller,LB,Florida,"{'city': 'Lakeland', 'state': 'FL', 'country': 'USA'}",3
2025-08-14,2025-08-18,401773014,2025-08-17T17:00Z,18,New Orleans Saints,30,Jacksonville Jaguars,30,Jacksonville Jaguars,4432440,Jabbar Muhammad,CB,Oregon,"{'city': 'Desoto', 'state': 'TX', 'country': 'USA'}",
2025-08-14,2025-08-18,401773014,2025-08-17T17:00Z,18,New Orleans Saints,30,Jacksonville Jaguars,30,Jacksonville Jaguars,4361707,Chad Muma,LB,Wyoming,"{'city': 'Lone Tree', 'state': 'CO', 'country': 'USA'}",4
2025-08-14,2025-08-18,401773014,2025-08-17T17:00Z,18,New Orleans Saints,30,Jacksonville Jaguars,30,Jacksonville Jaguars,2970716,Eric Murray,S,Minnesota,"{'city': 'Milwaukee', 'state': 'WI', 'country': 'USA'}",10
2025-08-14,2025-08-18,401773014,2025-08-17T17:00Z,18,New Orleans Saints,30,Jacksonville Jaguars,30,Jacksonville Jaguars,2977740,Emmanuel Ogbah,DE,Oklahoma State,"{'city': 'Houston', 'state': 'TX', 'country': 'USA'}",10
2025-08-14,2025-08-18,401773014,2025-08-17T17:00Z,18,New Orleans Saints,30,Jacksonville Jaguars,30,Jacksonville Jaguars,3050073,Foyesade Oluokun,LB,Yale,"{'city': 'St. Louis', 'state': 'MO', 'country': 'USA'}",8
2025-08-14,2025-08-18,401773014,2025-08-17T17:00Z,18,New Orleans Saints,30,Jacksonville Jaguars,30,Jacksonville Jaguars,4428283,De'Antre Prince,CB,Ole Miss,"{'city': 'Charleston', 'state': 'MS', 'country': 'USA'}",2
2025-08-14,2025-08-18,401773014,2025-08-17T17:00Z,18,New Orleans Saints,30,Jacksonville Jaguars,30,Jacksonville Jaguars,4683347,Caleb Ransaw,CB,Tulane,"{'city': 'Harvest', 'state': 'AL', 'country': 'USA'}",
2025-08-14,2025-08-18,401773014,2025-08-17T17:00Z,18,New Orleans Saints,30,Jacksonville Jaguars,30,Jacksonville Jaguars,4428390,Keivie Rose,DT,Arkansas,"{'city': 'Henderson', 'state': 'TX', 'country': 'USA'}",
2025-08-14,2025-08-18,401773014,2025-08-17T17:00Z,18,New Orleans Saints,30,Jacksonville Jaguars,30,Jacksonville Jaguars,3121634,Khalen Saunders,DT,Western Illinois,"{'city': 'St. Louis', 'state': 'MO', 'country': 'USA'}",7
2025-08-14,2025-08-18,401773014,2025-08-17T17:00Z,18,New Orleans Saints,30,Jacksonville Jaguars,30,Jacksonville Jaguars,3915419,Darnell Savage,S,Maryland,"{'city': 'Newark', 'state': 'DE', 'country': 'USA'}",7
2025-08-14,2025-08-18,401773014,2025-08-17T17:00Z,18,New Orleans Saints,30,Jacksonville Jaguars,30,Jacksonville Jaguars,4877475,Cam'Ron Silmon-Craig,S,Colorado,"{'city': 'Birmingham', 'state': 'AL', 'country': 'USA'}",
2025-08-14,2025-08-18,401773014,2025-08-17T17:00Z,18,New Orleans Saints,30,Jacksonville Jaguars,30,Jacksonville Jaguars,4692628,Doneiko Slaughter,CB,Arkansas,"{'city': 'Roswell', 'state': 'GA', 'country': 'USA'}",
2025-08-14,2025-08-18,401773014,2025-08-17T17:00Z,18,New Orleans Saints,30,Jacksonville Jaguars,30,Jacksonville Jaguars,4431567,Maason Smith,DT,LSU,"{'city': 'Houma', 'state': 'LA', 'country': 'USA'}",2
2025-08-14,2025-08-18,401773014,2025-08-17T17:00Z,18,New Orleans Saints,30,Jacksonville Jaguars,30,Jacksonville Jaguars,3042476,Dawuane Smoot,DE,Illinois,"{'city': 'Groveport', 'state': 'OH', 'country': 'USA'}",9
2025-08-14,2025-08-18,401773014,2025-08-17T17:00Z,18,New Orleans Saints,30,Jacksonville Jaguars,30,Jacksonville Jaguars,4573319,Danny Striggow,DE,Minnesota,"{'city': 'Long Lake', 'state': 'MN', 'country': 'USA'}",
2025-08-14,2025-08-18,401773014,2025-08-17T17:00Z,18,New Orleans Saints,30,Jacksonville Jaguars,30,Jacksonville Jaguars,4035505,Daniel Thomas,S,Auburn,"{'city': 'Montgomery', 'state': 'AL', 'country': 'USA'}",6
2025-08-14,2025-08-18,401773014,2025-08-17T17:00Z,18,New Orleans Saints,30,Jacksonville Jaguars,30,Jacksonville Jaguars,4426349,Travon Walker,DE,Georgia,"{'city': 'Thomaston', 'state': 'GA', 'country': 'USA'}",4
2025-08-14,2025-08-18,401773014,2025-08-17T17:00Z,18,New Orleans Saints,30,Jacksonville Jaguars,30,Jacksonville Jaguars,4432630,Aydan White,CB,NC State,"{'city': 'Asheville', 'state': 'NC', 'country': 'USA'}",
2025-08-14,2025-08-18,401773014,2025-08-17T17:00Z,18,New Orleans Saints,30,Jacksonville Jaguars,30,Jacksonville Jaguars,3918331,Andrew Wingard,S,Wyoming,"{'city': 'Arvada', 'state': 'CO', 'country': 'USA'}",7
2025-08-14,2025-08-18,401773014,2025-08-17T17:00Z,18,New Orleans Saints,30,Jacksonville Jaguars,30,Jacksonville Jaguars,3115480,Logan Cooke,P,Mississippi State,"{'city': 'Darbun', 'state': 'MS', 'country': 'USA'}",8
2025-08-14,2025-08-18,401773014,2025-08-17T17:00Z,18,New Orleans Saints,30,Jacksonville Jaguars,30,Jacksonville Jaguars,4686361,Cam Little,PK,Arkansas,"{'city': 'Moore', 'state': 'OK', 'country': 'USA'}",2
2025-08-14,2025-08-18,401773014,2025-08-17T17:00Z,18,New Orleans Saints,30,Jacksonville Jaguars,30,Jacksonville Jaguars,3928931,Ross Matiscik,LS,Baylor,"{'city': 'McKinney', 'state': 'TX', 'country': 'USA'}",6
2025-08-14,2025-08-18,401773014,2025-08-17T17:00Z,18,New Orleans Saints,30,Jacksonville Jaguars,30,Jacksonville Jaguars,4426893,Joshua Cephus,WR,UTSA,"{'city': 'Houston', 'state': 'TX', 'country': 'USA'}",1
2025-08-14,2025-08-18,401773014,2025-08-17T17:00Z,18,New Orleans Saints,30,Jacksonville Jaguars,30,Jacksonville Jaguars,4360786,Cooper Hodges,OT,App State,"{'city': 'Glen Saint Mary', 'state': 'FL', 'country': 'USA'}",3
2025-08-14,2025-08-18,401772972,2025-08-18T00:00Z,3,Chicago Bears,2,Buffalo Bills,3,Chicago Bears,3914307,Maurice Alexander,WR,Florida International,"{'city': 'Florida City', 'state': 'FL', 'country': 'USA'}",1
2025-08-14,2025-08-18,401772972,2025-08-18T00:00Z,3,Chicago Bears,2,Buffalo Bills,3,Chicago Bears,4883090,Kiran Amegadjie,OT,Yale,"{'city': 'Hinsdale', 'state': 'IL', 'country': 'USA'}",2
2025-08-14,2025-08-18,401772972,2025-08-18T00:00Z,3,Chicago Bears,2,Buffalo Bills,3,Chicago Bears,4434153,Tyson Bagent,QB,Shepherd,"{'city': 'Martinsburg', 'state': 'WV', 'country': 'USA'}",3
2025-08-14,2025-08-18,401772972,2025-08-18T00:00Z,3,Chicago Bears,2,Buffalo Bills,3,Chicago Bears,3929631,Ryan Bates,C,Penn State,"{'city': 'Warrington', 'state': 'PA', 'country': 'USA'}",7
2025-08-14,2025-08-18,401772972,2025-08-18T00:00Z,3,Chicago Bears,2,Buffalo Bills,3,Chicago Bears,5125873,Theo Benedet,G,British Columbia,"{'city': 'North Vancouver', 'state': 'BC', 'country': 'Canada'}",1
2025-08-14,2025-08-18,401772972,2025-08-18T00:00Z,3,Chicago Bears,2,Buffalo Bills,3,Chicago Bears,3932423,Miles Boykin,WR,Notre Dame,"{'city': 'Tinley Park', 'state': 'IL', 'country': 'USA'}",6
2025-08-14,2025-08-18,401772972,2025-08-18T00:00Z,3,Chicago Bears,2,Buffalo Bills,3,Chicago Bears,4036032,Brittain Brown,RB,UCLA,"{'city': 'Canton', 'state': 'GA', 'country': 'USA'}",3
2025-08-14,2025-08-18,401772972,2025-08-18T00:00Z,3,Chicago Bears,2,Buffalo Bills,3,Chicago Bears,4685278,Luther Burden III,WR,Missouri,"{'city': 'St. Louis', 'state': 'MO', 'country': 'USA'}",
2025-08-14,2025-08-18,401772972,2025-08-18T00:00Z,3,Chicago Bears,2,Buffalo Bills,3,Chicago Bears,3948283,Stephen Carlson,TE,Princeton,"{'city': 'Jamestown', 'state': 'NY', 'country': 'USA'}",4
2025-08-14,2025-08-18,401772972,2025-08-18T00:00Z,3,Chicago Bears,2,Buffalo Bills,3,Chicago Bears,4242553,Drew Dalman,C,Stanford,"{'city': 'Salinas', 'state': 'CA', 'country': 'USA'}",5
2025-08-14,2025-08-18,401772972,2025-08-18T00:00Z,3,Chicago Bears,2,Buffalo Bills,3,Chicago Bears,4039050,Devin Duvernay,WR,Texas,"{'city': 'Sachse', 'state': 'TX', 'country': 'USA'}",6
2025-08-14,2025-08-18,401772972,2025-08-18T00:00Z,3,Chicago Bears,2,Buffalo Bills,3,Chicago Bears,3122672,Royce Freeman,RB,Oregon,"{'city': 'Imperial', 'state': 'CA', 'country': 'USA'}",6
2025-08-14,2025-08-18,401772972,2025-08-18T00:00Z,3,Chicago Bears,2,Buffalo Bills,3,Chicago Bears,4240836,Chris Glaser,G,Virginia,"{'city': 'Solon', 'state': 'OH', 'country': 'USA'}",2
2025-08-14,2025-08-18,401772972,2025-08-18T00:00Z,3,Chicago Bears,2,Buffalo Bills,3,Chicago Bears,4569615,Thomas Gordon,TE,Northwestern,"{'city': 'Houston', 'state': 'TX', 'country': 'USA'}",
2025-08-14,2025-08-18,401772972,2025-08-18T00:00Z,3,Chicago Bears,2,Buffalo Bills,3,Chicago Bears,4037457,Travis Homer,RB,Miami,"{'city': 'West Palm Beach', 'state': 'FL', 'country': 'USA'}",7
2025-08-14,2025-08-18,401772972,2025-08-18T00:00Z,3,Chicago Bears,2,Buffalo Bills,3,Chicago Bears,3930040,Jonah Jackson,G,Ohio State,"{'city': 'Media', 'state': 'PA', 'country': 'USA'}",6
2025-08-14,2025-08-18,401772972,2025-08-18T00:00Z,3,Chicago Bears,2,Buffalo Bills,3,Chicago Bears,4426386,Roschon Johnson,RB,Texas,"{'city': 'Port Neches', 'state': 'TX', 'country': 'USA'}",3
2025-08-14,2025-08-18,401772972,2025-08-18T00:00Z,3,Chicago Bears,2,Buffalo Bills,3,Chicago Bears,4251007,Braxton Jones,OT,Southern Utah,"{'city': 'Murray', 'state': 'UT', 'country': 'USA'}",4
2025-08-14,2025-08-18,401772972,2025-08-18T00:00Z,3,Chicago Bears,2,Buffalo Bills,3,Chicago Bears,15168,Case Keenum,QB,Houston,"{'city': 'Abilene', 'state': 'TX', 'country': 'USA'}",13
2025-08-14,2025-08-18,401772972,2025-08-18T00:00Z,3,Chicago Bears,2,Buffalo Bills,3,Chicago Bears,4258595,Cole Kmet,TE,Notre Dame,"{'city': 'Lake Barrington', 'state': 'IL', 'country': 'USA'}",6
2025-08-14,2025-08-18,401772972,2025-08-18T00:00Z,3,Chicago Bears,2,Buffalo Bills,3,Chicago Bears,4047178,Doug Kramer Jr.,C,Illinois,"{'city': 'Hinsdale', 'state': 'IL', 'country': 'USA'}",4
2025-08-14,2025-08-18,401772972,2025-08-18T00:00Z,3,Chicago Bears,2,Buffalo Bills,3,Chicago Bears,4723086,Colston Loveland,TE,Michigan,"{'city': 'Gooding', 'state': 'ID', 'country': 'USA'}",
2025-08-14,2025-08-18,401772972,2025-08-18T00:00Z,3,Chicago Bears,2,Buffalo Bills,3,Chicago Bears,4360319,Jordan McFadden,G,Clemson,"{'city': 'Spartanburg', 'state': 'SC', 'country': 'USA'}",3
2025-08-14,2025-08-18,401772972,2025-08-18T00:00Z,3,Chicago Bears,2,Buffalo Bills,3,Chicago Bears,3120434,Joshua Miles,OT,Morgan State,"{'city': 'Baltimore', 'state': 'MD', 'country': 'USA'}",4
2025-08-14,2025-08-18,401772972,2025-08-18T00:00Z,3,Chicago Bears,2,Buffalo Bills,3,Chicago Bears,4608686,Kyle Monangai,RB,Rutgers,"{'city': 'Roseland', 'state': 'NJ', 'country': 'USA'}",
2025-08-14,2025-08-18,401772972,2025-08-18T00:00Z,3,Chicago Bears,2,Buffalo Bills,3,Chicago Bears,3915416,DJ Moore,WR,Maryland,"{'city': 'Philadelphia', 'state': 'PA', 'country': 'USA'}",8
2025-08-14,2025-08-18,401772972,2025-08-18T00:00Z,3,Chicago Bears,2,Buffalo Bills,3,Chicago Bears,3912189,Bill Murray,G,William & Mary,"{'city': 'Millington', 'state': 'NJ', 'country': 'USA'}",2
2025-08-14,2025-08-18,401772972,2025-08-18T00:00Z,3,Chicago Bears,2,Buffalo Bills,3,Chicago Bears,4695895,Luke Newman,OT,Michigan State,"{'city': 'Bloomfield Hills', 'state': 'MI', 'country': 'USA'}",
2025-08-14,2025-08-18,401772972,2025-08-18T00:00Z,3,Chicago Bears,2,Buffalo Bills,3,Chicago Bears,4431299,Rome Odunze,WR,Washington,"{'city': 'Las Vegas', 'state': 'NV', 'country': 'USA'}",2
2025-08-14,2025-08-18,401772972,2025-08-18T00:00Z,3,Chicago Bears,2,Buffalo Bills,3,Chicago Bears,4368343,Austin Reed,QB,Western Kentucky,"{'city': 'Saint Augustine Beach', 'state': 'FL', 'country': 'USA'}",1
2025-08-14,2025-08-18,401772972,2025-08-18T00:00Z,3,Chicago Bears,2,Buffalo Bills,3,Chicago Bears,4685183,JP Richardson,WR,TCU,"{'city': 'Missouri City', 'state': 'TX', 'country': 'USA'}",
2025-08-14,2025-08-18,401772972,2025-08-18T00:00Z,3,Chicago Bears,2,Buffalo Bills,3,Chicago Bears,4565908,Tyler Scott,WR,Cincinnati,"{'city': 'Norton', 'state': 'OH', 'country': 'USA'}",3
2025-08-14,2025-08-18,401772972,2025-08-18T00:00Z,3,Chicago Bears,2,Buffalo Bills,3,Chicago Bears,3052897,Durham Smythe,TE,Notre Dame,"{'city': 'Belton', 'state': 'TX', 'country': 'USA'}",8
2025-08-14,2025-08-18,401772972,2025-08-18T00:00Z,3,Chicago Bears,2,Buffalo Bills,3,Chicago Bears,4567173,Ricky Stromberg,C,Arkansas,"{'city': 'Tulsa', 'state': 'OK', 'country': 'USA'}",2
2025-08-14,2025-08-18,401772972,2025-08-18T00:00Z,3,Chicago Bears,2,Buffalo Bills,3,Chicago Bears,4259545,D'Andre Swift,RB,Georgia,"{'city': 'Philadelphia', 'state': 'PA', 'country': 'USA'}",6
2025-08-14,2025-08-18,401772972,2025-08-18T00:00Z,3,Chicago Bears,2,Buffalo Bills,3,Chicago Bears,2577773,Joe Thuney,G,NC State,"{'city': 'Centerville', 'state': 'OH', 'country': 'USA'}",10
2025-08-14,2025-08-18,401772972,2025-08-18T00:00Z,3,Chicago Bears,2,Buffalo Bills,3,Chicago Bears,4027873,Samori Toure,WR,Nebraska,"{'city': 'Portland', 'state': 'OR', 'country': 'USA'}",3
2025-08-14,2025-08-18,401772972,2025-08-18T00:00Z,3,Chicago Bears,2,Buffalo Bills,3,Chicago Bears,4432595,Ozzy Trapilo,OT,Boston College,"{'city': 'Norwell', 'state': 'MA', 'country': 'USA'}",
2025-08-14,2025-08-18,401772972,2025-08-18T00:00Z,3,Chicago Bears,2,Buffalo Bills,3,Chicago Bears,5160110,Jahdae Walker,WR,Texas A&M,"{'city': 'Cleveland', 'state': 'OH', 'country': 'USA'}",
2025-08-14,2025-08-18,401772972,2025-08-18T00:00Z,3,Chicago Bears,2,Buffalo Bills,3,Chicago Bears,4579554,Ian Wheeler,RB,Howard,"{'city': 'Houston', 'state': 'TX', 'country': 'USA'}",2
2025-08-14,2025-08-18,401772972,2025-08-18T00:00Z,3,Chicago Bears,2,Buffalo Bills,3,Chicago Bears,4431611,Caleb Williams,QB,USC,"{'city': 'Washington', 'state': 'DC', 'country': 'USA'}",2
2025-08-14,2025-08-18,401772972,2025-08-18T00:00Z,3,Chicago Bears,2,Buffalo Bills,3,Chicago Bears,4362570,Joel Wilson,TE,Central Michigan,"{'city': 'Petoskey', 'state': 'MI', 'country': 'USA'}",1
2025-08-14,2025-08-18,401772972,2025-08-18T00:00Z,3,Chicago Bears,2,Buffalo Bills,3,Chicago Bears,4426358,Darnell Wright,OT,Tennessee,"{'city': 'Huntington', 'state': 'WV', 'country': 'USA'}",3
2025-08-14,2025-08-18,401772972,2025-08-18T00:00Z,3,Chicago Bears,2,Buffalo Bills,3,Chicago Bears,3917914,Olamide Zaccheaus,WR,Virginia,"{'city': 'Plainfield', 'state': 'NJ', 'country': 'USA'}",7
2025-08-14,2025-08-18,401772972,2025-08-18T00:00Z,3,Chicago Bears,2,Buffalo Bills,3,Chicago Bears,3051775,Andrew Billings,DT,Baylor,"{'city': 'Waco', 'state': 'TX', 'country': 'USA'}",9
2025-08-14,2025-08-18,401772972,2025-08-18T00:00Z,3,Chicago Bears,2,Buffalo Bills,3,Chicago Bears,4240459,Josh Blackwell,CB,Duke,"{'city': 'Buford', 'state': 'GA', 'country': 'USA'}",4
2025-08-14,2025-08-18,401772972,2025-08-18T00:00Z,3,Chicago Bears,2,Buffalo Bills,3,Chicago Bears,4683553,Austin Booker,DE,Kansas,"{'city': 'Greenwood', 'state': 'IN', 'country': 'USA'}",2
2025-08-14,2025-08-18,401772972,2025-08-18T00:00Z,3,Chicago Bears,2,Buffalo Bills,3,Chicago Bears,4570546,Swayze Bozeman,LB,Southern Miss,"{'city': 'Flora', 'state': 'MS', 'country': 'USA'}",1
2025-08-14,2025-08-18,401772972,2025-08-18T00:00Z,3,Chicago Bears,2,Buffalo Bills,3,Chicago Bears,4569352,Millard Bradford,S,TCU,"{'city': 'Helotes', 'state': 'TX', 'country': 'USA'}",1
2025-08-14,2025-08-18,401772972,2025-08-18T00:00Z,3,Chicago Bears,2,Buffalo Bills,3,Chicago Bears,4570044,Jaquan Brisker,S,Penn State,"{'city': 'Pittsburgh', 'state': 'PA', 'country': 'USA'}",4
2025-08-14,2025-08-18,401772972,2025-08-18T00:00Z,3,Chicago Bears,2,Buffalo Bills,3,Chicago Bears,2574056,Kevin Byard III,S,Middle Tennessee,"{'city': 'Lithonia', 'state': 'GA', 'country': 'USA'}",10
2025-08-14,2025-08-18,401772972,2025-08-18T00:00Z,3,Chicago Bears,2,Buffalo Bills,3,Chicago Bears,4429189,Xavier Carlton,DE,California,"{'city': 'Modesto', 'state': 'CA', 'country': 'USA'}",
2025-08-14,2025-08-18,401772972,2025-08-18T00:00Z,3,Chicago Bears,2,Buffalo Bills,3,Chicago Bears,4243320,Alex Cook,S,Washington,"{'city': 'Sacramento', 'state': 'CA', 'country': 'USA'}",2
2025-08-14,2025-08-18,401772972,2025-08-18T00:00Z,3,Chicago Bears,2,Buffalo Bills,3,Chicago Bears,4429014,Gervon Dexter Sr.,DT,Florida,"{'city': 'Lake Wales', 'state': 'FL', 'country': 'USA'}",3
2025-08-14,2025-08-18,401772972,2025-08-18T00:00Z,3,Chicago Bears,2,Buffalo Bills,3,Chicago Bears,4432695,Power Echols,LB,North Carolina,"{'city': 'Charlotte', 'state': 'NC', 'country': 'USA'}",
2025-08-14,2025-08-18,401772972,2025-08-18T00:00Z,3,Chicago Bears,2,Buffalo Bills,3,Chicago Bears,3929950,Tremaine Edmunds,LB,Virginia Tech,"{'city': 'Danville', 'state': 'VA', 'country': 'USA'}",8
2025-08-14,2025-08-18,401772972,2025-08-18T00:00Z,3,Chicago Bears,2,Buffalo Bills,3,Chicago Bears,3121544,T.J. Edwards,LB,Wisconsin,"{'city': 'Lake Villa', 'state': 'IL', 'country': 'USA'}",7
2025-08-14,2025-08-18,401772972,2025-08-18T00:00Z,3,Chicago Bears,2,Buffalo Bills,3,Chicago Bears,3046326,Tre Flowers,CB,Oklahoma State,"{'city': 'Converse', 'state': 'TX', 'country': 'USA'}",8
2025-08-14,2025-08-18,401772972,2025-08-18T00:00Z,3,Chicago Bears,2,Buffalo Bills,3,Chicago Bears,4259762,Jonathan Ford,DT,Miami,"{'city': 'Fort Lauderdale', 'state': 'FL', 'country': 'USA'}",3
2025-08-14,2025-08-18,401772972,2025-08-18T00:00Z,3,Chicago Bears,2,Buffalo Bills,3,Chicago Bears,4572685,Zah Frazier,CB,UTSA,"{'city': 'Cedartown', 'state': 'GA', 'country': 'USA'}",
2025-08-14,2025-08-18,401772972,2025-08-18T00:00Z,3,Chicago Bears,2,Buffalo Bills,3,Chicago Bears,4570294,Mekhi Garner,CB,LSU,"{'city': 'Mesquite', 'state': 'TX', 'country': 'USA'}",1
2025-08-14,2025-08-18,401772972,2025-08-18T00:00Z,3,Chicago Bears,2,Buffalo Bills,3,Chicago Bears,4361093,Kyler Gordon,CB,Washington,"{'city': 'Mukilteo', 'state': 'WA', 'country': 'USA'}",4
2025-08-14,2025-08-18,401772972,2025-08-18T00:00Z,3,Chicago Bears,2,Buffalo Bills,3,Chicago Bears,4365629,Daniel Hardy,DE,Montana State,"{'city': 'Beaverton', 'state': 'OR', 'country': 'USA'}",3
2025-08-14,2025-08-18,401772972,2025-08-18T00:00Z,3,Chicago Bears,2,Buffalo Bills,3,Chicago Bears,4255984,Kaleb Hayes,CB,BYU,"{'city': 'San Bernardino', 'state': 'CA', 'country': 'USA'}",1
2025-08-14,2025-08-18,401772972,2025-08-18T00:00Z,3,Chicago Bears,2,Buffalo Bills,3,Chicago Bears,4242402,Elijah Hicks,S,California,"{'city': 'Long Beach', 'state': 'CA', 'country': 'USA'}",4
2025-08-14,2025-08-18,401772972,2025-08-18T00:00Z,3,Chicago Bears,2,Buffalo Bills,3,Chicago Bears,4429970,Ruben Hyppolite II,LB,Maryland,"{'city': 'Fort Lauderdale', 'state': 'FL', 'country': 'USA'}",
2025-08-14,2025-08-18,401772972,2025-08-18T00:00Z,3,Chicago Bears,2,Buffalo Bills,3,Chicago Bears,2576492,Grady Jarrett,DE,Clemson,"{'city': 'Conyers', 'state': 'GA', 'country': 'USA'}",11
2025-08-14,2025-08-18,401772972,2025-08-18T00:00Z,3,Chicago Bears,2,Buffalo Bills,3,Chicago Bears,4243253,Jaylon Johnson,CB,Utah,"{'city': 'Fresno', 'state': 'CA', 'country': 'USA'}",6
2025-08-14,2025-08-18,401772972,2025-08-18T00:00Z,3,Chicago Bears,2,Buffalo Bills,3,Chicago Bears,4431405,Tysheem Johnson,S,Oregon State,"{'city': 'Philadelphia', 'state': 'PA', 'country': 'USA'}",
2025-08-14,2025-08-18,401772972,2025-08-18T00:00Z,3,Chicago Bears,2,Buffalo Bills,3,Chicago Bears,4569428,Carl Jones,LB,UCLA,"{'city': 'Bakersfield', 'state': 'CA', 'country': 'USA'}",1
2025-08-14,2025-08-18,401772972,2025-08-18T00:00Z,3,Chicago Bears,2,Buffalo Bills,3,Chicago Bears,2982313,Tanoh Kpassagnon,DE,Villanova,"{'city': 'Ambler', 'state': 'PA', 'country': 'USA'}",8
2025-08-14,2025-08-18,401772972,2025-08-18T00:00Z,3,Chicago Bears,2,Buffalo Bills,3,Chicago Bears,4372463,Jamree Kromah,DE,James Madison,"{'city': 'Glenarden', 'state': 'MD', 'country': 'USA'}",1
2025-08-14,2025-08-18,401772972,2025-08-18T00:00Z,3,Chicago Bears,2,Buffalo Bills,3,Chicago Bears,4036169,Nick McCloud,CB,Notre Dame,"{'city': 'Rock Hill', 'state': 'SC', 'country': 'USA'}",5
2025-08-14,2025-08-18,401772972,2025-08-18T00:00Z,3,Chicago Bears,2,Buffalo Bills,3,Chicago Bears,4242659,Dayo Odeyingbo,DE,Vanderbilt,"{'city': 'Irving', 'state': 'TX', 'country': 'USA'}",5
2025-08-14,2025-08-18,401772972,2025-08-18T00:00Z,3,Chicago Bears,2,Buffalo Bills,3,Chicago Bears,4038432,Amen Ogbongbemiga,LB,Oklahoma State,"{'city': 'Calgary', 'state': 'AB', 'country': 'Canada'}",5
2025-08-14,2025-08-18,401772972,2025-08-18T00:00Z,3,Chicago Bears,2,Buffalo Bills,3,Chicago Bears,4331768,Jonathan Owens,S,Missouri Western,"{'city': 'St. Louis', 'state': 'MO', 'country': 'USA'}",7
2025-08-14,2025-08-18,401772972,2025-08-18T00:00Z,3,Chicago Bears,2,Buffalo Bills,3,Chicago Bears,4428223,Mark Perry,S,TCU,"{'city': 'Rancho Cucamonga', 'state': 'CA', 'country': 'USA'}",1
2025-08-14,2025-08-18,401772972,2025-08-18T00:00Z,3,Chicago Bears,2,Buffalo Bills,3,Chicago Bears,4426332,Zacch Pickens,DT,South Carolina,"{'city': 'Anderson', 'state': 'SC', 'country': 'USA'}",3
2025-08-14,2025-08-18,401772972,2025-08-18T00:00Z,3,Chicago Bears,2,Buffalo Bills,3,Chicago Bears,4244300,Dominique Robinson,DE,Miami (OH),"{'city': 'Canton', 'state': 'OH', 'country': 'USA'}",4
2025-08-14,2025-08-18,401772972,2025-08-18T00:00Z,3,Chicago Bears,2,Buffalo Bills,3,Chicago Bears,4430822,Noah Sewell,LB,Oregon,"{'city': 'Malaeimi', 'country': 'American Samoa'}",3
2025-08-14,2025-08-18,401772972,2025-08-18T00:00Z,3,Chicago Bears,2,Buffalo Bills,3,Chicago Bears,4360935,Terell Smith,CB,Minnesota,"{'city': 'Snellville', 'state': 'GA', 'country': 'USA'}",3
2025-08-14,2025-08-18,401772972,2025-08-18T00:00Z,3,Chicago Bears,2,Buffalo Bills,3,Chicago Bears,4426374,Tyrique Stevenson,CB,Miami,"{'city': 'Miami', 'state': 'FL', 'country': 'USA'}",3
2025-08-14,2025-08-18,401772972,2025-08-18T00:00Z,3,Chicago Bears,2,Buffalo Bills,3,Chicago Bears,3134690,Montez Sweat,DE,Mississippi State,"{'city': 'Stone Mountain', 'state': 'GA', 'country': 'USA'}",7
2025-08-14,2025-08-18,401772972,2025-08-18T00:00Z,3,Chicago Bears,2,Buffalo Bills,3,Chicago Bears,4432804,Shemar Turner,DT,Texas A&M,"{'city': 'Desoto', 'state': 'TX', 'country': 'USA'}",
2025-08-14,2025-08-18,401772972,2025-08-18T00:00Z,3,Chicago Bears,2,Buffalo Bills,3,Chicago Bears,4691085,Jeremiah Walker,CB,Stephen F. Austin,"{'city': 'Houston', 'state': 'TX', 'country': 'USA'}",
2025-08-14,2025-08-18,401772972,2025-08-18T00:00Z,3,Chicago Bears,2,Buffalo Bills,3,Chicago Bears,4034530,Chris Williams,DT,Wagner,"{'city': 'Brooklyn', 'state': 'NY', 'country': 'USA'}",4
2025-08-14,2025-08-18,401772972,2025-08-18T00:00Z,3,Chicago Bears,2,Buffalo Bills,3,Chicago Bears,4570470,Nahshon Wright,CB,Oregon State,"{'city': 'East Palo Alto', 'state': 'CA', 'country': 'USA'}",5
2025-08-14,2025-08-18,401772972,2025-08-18T00:00Z,3,Chicago Bears,2,Buffalo Bills,3,Chicago Bears,2980138,Scott Daly,LS,Notre Dame,"{'city': 'Downers Grove', 'state': 'IL', 'country': 'USA'}",5
2025-08-14,2025-08-18,401772972,2025-08-18T00:00Z,3,Chicago Bears,2,Buffalo Bills,3,Chicago Bears,4873482,Luke Elkin,LS,Iowa,"{'city': 'Neenah', 'state': 'WI', 'country': 'USA'}",
2025-08-14,2025-08-18,401772972,2025-08-18T00:00Z,3,Chicago Bears,2,Buffalo Bills,3,Chicago Bears,17427,Cairo Santos,PK,Tulane,"{'city': 'Saint Augustine', 'state': 'FL', 'country': 'USA'}",12
2025-08-14,2025-08-18,401772972,2025-08-18T00:00Z,3,Chicago Bears,2,Buffalo Bills,3,Chicago Bears,4686889,Tory Taylor,P,Iowa,"{'city': 'Melbourne', 'state': 'VIC', 'country': 'Australia'}",2
2025-08-14,2025-08-18,401772972,2025-08-18T00:00Z,3,Chicago Bears,2,Buffalo Bills,3,Chicago Bears,4575667,Deion Hankins,RB,Texas State,"{'city': 'El Paso', 'state': 'TX', 'country': 'USA'}",
2025-08-14,2025-08-18,401772972,2025-08-18T00:00Z,3,Chicago Bears,2,Buffalo Bills,3,Chicago Bears,4241995,Shaun Wade,CB,Ohio State,"{'city': 'Jacksonville', 'state': 'FL', 'country': 'USA'}",4
2025-08-14,2025-08-18,401772972,2025-08-18T00:00Z,3,Chicago Bears,2,Buffalo Bills,2,Buffalo Bills,3918298,Josh Allen,QB,Wyoming,"{'city': 'Firebaugh', 'state': 'CA', 'country': 'USA'}",8
2025-08-14,2025-08-18,401772972,2025-08-18T00:00Z,3,Chicago Bears,2,Buffalo Bills,2,Buffalo Bills,4367203,Alec Anderson,OT,UCLA,"{'city': 'Fontana', 'state': 'CA', 'country': 'USA'}",3
2025-08-14,2025-08-18,401772972,2025-08-18T00:00Z,3,Chicago Bears,2,Buffalo Bills,2,Buffalo Bills,4879478,Jacob Bayer,C,Arkansas State,"{'city': 'Grandview', 'state': 'TX', 'country': 'USA'}",
2025-08-14,2025-08-18,401772972,2025-08-18T00:00Z,3,Chicago Bears,2,Buffalo Bills,2,Buffalo Bills,4030899,Spencer Brown,OT,Northern Iowa,"{'city': 'Lenox', 'state': 'IA', 'country': 'USA'}",5
2025-08-14,2025-08-18,401772972,2025-08-18T00:00Z,3,Chicago Bears,2,Buffalo Bills,2,Buffalo Bills,4039034,Shane Buechele,QB,SMU,"{'city': 'Arlington', 'state': 'TX', 'country': 'USA'}",4
2025-08-14,2025-08-18,401772972,2025-08-18T00:00Z,3,Chicago Bears,2,Buffalo Bills,2,Buffalo Bills,3728254,Deon Cain,WR,Clemson,"{'city': 'Tampa', 'state': 'FL', 'country': 'USA'}",3
2025-08-14,2025-08-18,401772972,2025-08-18T00:00Z,3,Chicago Bears,2,Buffalo Bills,2,Buffalo Bills,5209587,Travis Clayton,OT,,"{'city': 'Basingstoke', 'country': 'England'}",2
2025-08-14,2025-08-18,401772972,2025-08-18T00:00Z,3,Chicago Bears,2,Buffalo Bills,2,Buffalo Bills,4635008,Keon Coleman,WR,Florida State,"{'city': 'Opelousas', 'state': 'LA', 'country': 'USA'}",2
2025-08-14,2025-08-18,401772972,2025-08-18T00:00Z,3,Chicago Bears,2,Buffalo Bills,2,Buffalo Bills,4379399,James Cook,RB,Georgia,"{'city': 'Miami', 'state': 'FL', 'country': 'USA'}",4
2025-08-14,2025-08-18,401772972,2025-08-18T00:00Z,3,Chicago Bears,2,Buffalo Bills,2,Buffalo Bills,4746079,Zach Davidson,TE,Central Missouri State,"{'city': 'Webb City', 'state': 'MO', 'country': 'USA'}",2
2025-08-14,2025-08-18,401772972,2025-08-18T00:00Z,3,Chicago Bears,2,Buffalo Bills,2,Buffalo Bills,4429501,Ray Davis,RB,Kentucky,"{'city': 'San Francisco', 'state': 'CA', 'country': 'USA'}",2
2025-08-14,2025-08-18,401772972,2025-08-18T00:00Z,3,Chicago Bears,2,Buffalo Bills,2,Buffalo Bills,3051324,Dion Dawkins,OT,Temple,"{'city': 'Rahway', 'state': 'NJ', 'country': 'USA'}",9
2025-08-14,2025-08-18,401772972,2025-08-18T00:00Z,3,Chicago Bears,2,Buffalo Bills,2,Buffalo Bills,4879650,Grant DuBose,WR,Charlotte,"{'city': 'Montgomery', 'state': 'AL', 'country': 'USA'}",2
2025-08-14,2025-08-18,401772972,2025-08-18T00:00Z,3,Chicago Bears,2,Buffalo Bills,2,Buffalo Bills,3917660,David Edwards,G,Wisconsin,"{'city': 'Downers Grove', 'state': 'IL', 'country': 'USA'}",7
2025-08-14,2025-08-18,401772972,2025-08-18T00:00Z,3,Chicago Bears,2,Buffalo Bills,2,Buffalo Bills,4362015,Mike Edwards,OT,Campbell,"{'city': 'Hope Mills', 'state': 'NC', 'country': 'USA'}",1
2025-08-14,2025-08-18,401772972,2025-08-18T00:00Z,3,Chicago Bears,2,Buffalo Bills,2,Buffalo Bills,2979482,Dan Feeney,G,Indiana,"{'city': 'Orland Park', 'state': 'IL', 'country': 'USA'}",9
2025-08-14,2025-08-18,401772972,2025-08-18T00:00Z,3,Chicago Bears,2,Buffalo Bills,2,Buffalo Bills,4039505,Reggie Gilliam,FB,Toledo,"{'city': 'Columbus', 'state': 'OH', 'country': 'USA'}",6
2025-08-14,2025-08-18,401772972,2025-08-18T00:00Z,3,Chicago Bears,2,Buffalo Bills,2,Buffalo Bills,4429805,Frank Gore Jr.,RB,Southern Miss,"{'city': 'Miami', 'state': 'FL', 'country': 'USA'}",1
2025-08-14,2025-08-18,401772972,2025-08-18T00:00Z,3,Chicago Bears,2,Buffalo Bills,2,Buffalo Bills,4432215,Stephen Gosnell,WR,Virginia Tech,"{'city': 'Pilot Mountain', 'state': 'NC', 'country': 'USA'}",
2025-08-14,2025-08-18,401772972,2025-08-18T00:00Z,3,Chicago Bears,2,Buffalo Bills,2,Buffalo Bills,4360246,Richard Gouraige,OT,Florida,"{'city': 'Tampa', 'state': 'FL', 'country': 'USA'}",1
2025-08-14,2025-08-18,401772972,2025-08-18T00:00Z,3,Chicago Bears,2,Buffalo Bills,2,Buffalo Bills,4368828,Tylan Grable,OT,UCF,"{'city': 'Gordon', 'state': 'GA', 'country': 'USA'}",2
2025-08-14,2025-08-18,401772972,2025-08-18T00:00Z,3,Chicago Bears,2,Buffalo Bills,2,Buffalo Bills,4240548,Kendrick Green,C,Illinois,"{'city': 'Peoria', 'state': 'IL', 'country': 'USA'}",5
2025-08-14,2025-08-18,401772972,2025-08-18T00:00Z,3,Chicago Bears,2,Buffalo Bills,2,Buffalo Bills,4240380,KJ Hamler,WR,Penn State,"{'city': 'Pontiac', 'state': 'MI', 'country': 'USA'}",4
2025-08-14,2025-08-18,401772972,2025-08-18T00:00Z,3,Chicago Bears,2,Buffalo Bills,2,Buffalo Bills,4573699,Jackson Hawes,TE,Georgia Tech,"{'city': 'Salt Lake City', 'state': 'UT', 'country': 'USA'}",
2025-08-14,2025-08-18,401772972,2025-08-18T00:00Z,3,Chicago Bears,2,Buffalo Bills,2,Buffalo Bills,3915411,Ty Johnson,RB,Maryland,"{'city': 'Cumberland', 'state': 'MD', 'country': 'USA'}",7
2025-08-14,2025-08-18,401772972,2025-08-18T00:00Z,3,Chicago Bears,2,Buffalo Bills,2,Buffalo Bills,4385690,Dalton Kincaid,TE,Utah,"{'city': 'Las Vegas', 'state': 'NV', 'country': 'USA'}",3
2025-08-14,2025-08-18,401772972,2025-08-18T00:00Z,3,Chicago Bears,2,Buffalo Bills,2,Buffalo Bills,3930086,Dawson Knox,TE,Ole Miss,"{'city': 'Brentwood', 'state': 'TN', 'country': 'USA'}",7
2025-08-14,2025-08-18,401772972,2025-08-18T00:00Z,3,Chicago Bears,2,Buffalo Bills,2,Buffalo Bills,4688552,Keleki Latu,TE,Washington,"{'city': 'Sacramento', 'state': 'CA', 'country': 'USA'}",
2025-08-14,2025-08-18,401772972,2025-08-18T00:00Z,3,Chicago Bears,2,Buffalo Bills,2,Buffalo Bills,4427843,Chase Lundt,OT,UConn,"{'city': 'Arlington', 'state': 'TX', 'country': 'USA'}",
2025-08-14,2025-08-18,401772972,2025-08-18T00:00Z,3,Chicago Bears,2,Buffalo Bills,2,Buffalo Bills,4033748,Connor McGovern,G,Penn State,"{'city': 'Larksville', 'state': 'PA', 'country': 'USA'}",7
2025-08-14,2025-08-18,401772972,2025-08-18T00:00Z,3,Chicago Bears,2,Buffalo Bills,2,Buffalo Bills,4372414,Elijah Moore,WR,Ole Miss,"{'city': 'Fort Lauderdale', 'state': 'FL', 'country': 'USA'}",5
2025-08-14,2025-08-18,401772972,2025-08-18T00:00Z,3,Chicago Bears,2,Buffalo Bills,2,Buffalo Bills,4242433,Joshua Palmer,WR,Tennessee,"{'city': 'Brampton', 'state': 'ON', 'country': 'Canada'}",5
2025-08-14,2025-08-18,401772972,2025-08-18T00:00Z,3,Chicago Bears,2,Buffalo Bills,2,Buffalo Bills,4775214,Rush Reimer,G,California,"{'city': 'Camas', 'state': 'WA', 'country': 'USA'}",
2025-08-14,2025-08-18,401772972,2025-08-18T00:00Z,3,Chicago Bears,2,Buffalo Bills,2,Buffalo Bills,3121427,Curtis Samuel,WR,Ohio State,"{'city': 'Brooklyn', 'state': 'NY', 'country': 'USA'}",9
2025-08-14,2025-08-18,401772972,2025-08-18T00:00Z,3,Chicago Bears,2,Buffalo Bills,2,Buffalo Bills,4373678,Khalil Shakir,WR,Boise State,"{'city': 'Murrieta', 'state': 'CA', 'country': 'USA'}",4
2025-08-14,2025-08-18,401772972,2025-08-18T00:00Z,3,Chicago Bears,2,Buffalo Bills,2,Buffalo Bills,4241476,Tyrell Shavers,WR,Middle Tennessee,"{'city': 'Lewisville', 'state': 'TX', 'country': 'USA'}",1
2025-08-14,2025-08-18,401772972,2025-08-18T00:00Z,3,Chicago Bears,2,Buffalo Bills,2,Buffalo Bills,4243160,Laviska Shenault Jr.,WR,Colorado,"{'city': 'Desoto', 'state': 'TX', 'country': 'USA'}",6
2025-08-14,2025-08-18,401772972,2025-08-18T00:00Z,3,Chicago Bears,2,Buffalo Bills,2,Buffalo Bills,3121378,Matt Sokol,TE,Michigan State,"{'city': 'Rochester', 'state': 'MI', 'country': 'USA'}",5
2025-08-14,2025-08-18,401772972,2025-08-18T00:00Z,3,Chicago Bears,2,Buffalo Bills,2,Buffalo Bills,4428696,O'Cyrus Torrence,G,Florida,"{'city': 'Greensburg', 'state': 'LA', 'country': 'USA'}",3
2025-08-14,2025-08-18,401772972,2025-08-18T00:00Z,3,Chicago Bears,2,Buffalo Bills,2,Buffalo Bills,3039707,Mitchell Trubisky,QB,North Carolina,"{'city': 'Mentor', 'state': 'OH', 'country': 'USA'}",9
2025-08-14,2025-08-18,401772972,2025-08-18T00:00Z,3,Chicago Bears,2,Buffalo Bills,2,Buffalo Bills,4239140,Ryan Van Demark,OT,UConn,"{'city': 'Wayne', 'state': 'NJ', 'country': 'USA'}",3
2025-08-14,2025-08-18,401772972,2025-08-18T00:00Z,3,Chicago Bears,2,Buffalo Bills,2,Buffalo Bills,4430815,Sedrick Van Pran-Granger,C,Georgia,"{'city': 'New Orleans', 'state': 'LA', 'country': 'USA'}",2
2025-08-14,2025-08-18,401772972,2025-08-18T00:00Z,3,Chicago Bears,2,Buffalo Bills,2,Buffalo Bills,3051381,Mike White,QB,Western Kentucky,"{'city': 'Pembroke Pines', 'state': 'FL', 'country': 'USA'}",6
2025-08-14,2025-08-18,401772972,2025-08-18T00:00Z,3,Chicago Bears,2,Buffalo Bills,2,Buffalo Bills,3910176,Kristian Wilkerson,WR,Southeast Missouri State,"{'city': 'Memphis', 'state': 'TN', 'country': 'USA'}",3
2025-08-14,2025-08-18,401772972,2025-08-18T00:00Z,3,Chicago Bears,2,Buffalo Bills,2,Buffalo Bills,4433945,Elijah Young,RB,Western Kentucky,"{'city': 'Knoxville', 'state': 'TN', 'country': 'USA'}",
2025-08-14,2025-08-18,401772972,2025-08-18T00:00Z,3,Chicago Bears,2,Buffalo Bills,2,Buffalo Bills,4696821,Zy Alexander,CB,LSU,"{'city': 'Loreauville', 'state': 'LA', 'country': 'USA'}",
2025-08-14,2025-08-18,401772972,2025-08-18T00:00Z,3,Chicago Bears,2,Buffalo Bills,2,Buffalo Bills,4366349,Joe Andreessen,LB,Buffalo,"{'city': 'Depew', 'state': 'NY', 'country': 'USA'}",2
2025-08-14,2025-08-18,401772972,2025-08-18T00:00Z,3,Chicago Bears,2,Buffalo Bills,2,Buffalo Bills,4379778,Christian Benford,CB,Villanova,"{'city': 'Randallstown', 'state': 'MD', 'country': 'USA'}",4
2025-08-14,2025-08-18,401772972,2025-08-18T00:00Z,3,Chicago Bears,2,Buffalo Bills,2,Buffalo Bills,4259166,Terrel Bernard,LB,Baylor,"{'city': 'La Porte', 'state': 'TX', 'country': 'USA'}",4
2025-08-14,2025-08-18,401772972,2025-08-18T00:00Z,3,Chicago Bears,2,Buffalo Bills,2,Buffalo Bills,4676004,Cole Bishop,S,Utah,"{'city': 'Peachtree City', 'state': 'GA', 'country': 'USA'}",2
2025-08-14,2025-08-18,401772972,2025-08-18T00:00Z,3,Chicago Bears,2,Buffalo Bills,2,Buffalo Bills,3051389,Joey Bosa,DE,Ohio State,"{'city': 'Fort Lauderdale', 'state': 'FL', 'country': 'USA'}",10
2025-08-14,2025-08-18,401772972,2025-08-18T00:00Z,3,Chicago Bears,2,Buffalo Bills,2,Buffalo Bills,4426883,DeWayne Carter,DT,Duke,"{'city': 'Pickerington', 'state': 'OH', 'country': 'USA'}",2
2025-08-14,2025-08-18,401772972,2025-08-18T00:00Z,3,Chicago Bears,2,Buffalo Bills,2,Buffalo Bills,4426888,Nelson Ceaser,DE,Houston,"{'city': 'Missouri City', 'state': 'TX', 'country': 'USA'}",1
2025-08-14,2025-08-18,401772972,2025-08-18T00:00Z,3,Chicago Bears,2,Buffalo Bills,2,Buffalo Bills,4689804,Jimmy Ciarlo,LB,Army,"{'city': 'Ringwood', 'state': 'NJ', 'country': 'USA'}",2
2025-08-14,2025-08-18,401772972,2025-08-18T00:00Z,3,Chicago Bears,2,Buffalo Bills,2,Buffalo Bills,4576069,Brandon Codrington,CB,North Carolina Central,"{'city': 'Raleigh', 'state': 'NC', 'country': 'USA'}",2
2025-08-14,2025-08-18,401772972,2025-08-18T00:00Z,3,Chicago Bears,2,Buffalo Bills,2,Buffalo Bills,4240585,AJ Epenesa,DE,Iowa,"{'city': 'Glen Carbon', 'state': 'IL', 'country': 'USA'}",6
2025-08-14,2025-08-18,401772972,2025-08-18T00:00Z,3,Chicago Bears,2,Buffalo Bills,2,Buffalo Bills,4239088,Darrick Forrest,S,Cincinnati,"{'city': 'Columbus', 'state': 'OH', 'country': 'USA'}",5
2025-08-14,2025-08-18,401772972,2025-08-18T00:00Z,3,Chicago Bears,2,Buffalo Bills,2,Buffalo Bills,4688931,Maxwell Hairston,CB,Kentucky,"{'city': 'West Bloomfield', 'state': 'MI', 'country': 'USA'}",
2025-08-14,2025-08-18,401772972,2025-08-18T00:00Z,3,Chicago Bears,2,Buffalo Bills,2,Buffalo Bills,4036060,Damar Hamlin,S,Pittsburgh,"{'city': 'Mckees Rocks', 'state': 'PA', 'country': 'USA'}",5
2025-08-14,2025-08-18,401772972,2025-08-18T00:00Z,3,Chicago Bears,2,Buffalo Bills,2,Buffalo Bills,4596480,Jordan Hancock,CB,Ohio State,"{'city': 'Suwanee', 'state': 'GA', 'country': 'USA'}",
2025-08-14,2025-08-18,401772972,2025-08-18T00:00Z,3,Chicago Bears,2,Buffalo Bills,2,Buffalo Bills,4429743,Daequan Hardy,CB,Penn State,"{'city': 'Pittsburgh', 'state': 'PA', 'country': 'USA'}",1
2025-08-14,2025-08-18,401772972,2025-08-18T00:00Z,3,Chicago Bears,2,Buffalo Bills,2,Buffalo Bills,4573152,Marcus Harris,DT,Auburn,"{'city': 'Montgomery', 'state': 'AL', 'country': 'USA'}",1
2025-08-14,2025-08-18,401772972,2025-08-18T00:00Z,3,Chicago Bears,2,Buffalo Bills,2,Buffalo Bills,3122160,Tre Herndon,S,Vanderbilt,"{'city': 'Chattanooga', 'state': 'TN', 'country': 'USA'}",7
2025-08-14,2025-08-18,401772972,2025-08-18T00:00Z,3,Chicago Bears,2,Buffalo Bills,2,Buffalo Bills,4033234,Michael Hoecht,DE,Brown,"{'city': 'Oakwood', 'state': 'OH', 'country': 'USA'}",5
2025-08-14,2025-08-18,401772972,2025-08-18T00:00Z,3,Chicago Bears,2,Buffalo Bills,2,Buffalo Bills,4240059,Ja'Marcus Ingram,CB,Buffalo,"{'city': 'Dallas', 'state': 'TX', 'country': 'USA'}",2
2025-08-14,2025-08-18,401772972,2025-08-18T00:00Z,3,Chicago Bears,2,Buffalo Bills,2,Buffalo Bills,3895791,Dane Jackson,CB,Pittsburgh,"{'city': 'Coraopolis', 'state': 'PA', 'country': 'USA'}",6
2025-08-14,2025-08-18,401772972,2025-08-18T00:00Z,3,Chicago Bears,2,Buffalo Bills,2,Buffalo Bills,4432715,Landon Jackson,DE,Arkansas,"{'city': 'Texarkana', 'state': 'TX', 'country': 'USA'}",
2025-08-14,2025-08-18,401772972,2025-08-18T00:00Z,3,Chicago Bears,2,Buffalo Bills,2,Buffalo Bills,4577066,Keonta Jenkins,LB,Virginia Tech,"{'city': 'Jacksonville', 'state': 'FL', 'country': 'USA'}",
2025-08-14,2025-08-18,401772972,2025-08-18T00:00Z,3,Chicago Bears,2,Buffalo Bills,2,Buffalo Bills,3121003,Taron Johnson,CB,Weber State,"{'city': 'Sacramento', 'state': 'CA', 'country': 'USA'}",8
2025-08-14,2025-08-18,401772972,2025-08-18T00:00Z,3,Chicago Bears,2,Buffalo Bills,2,Buffalo Bills,16910,DaQuan Jones,DT,Penn State,"{'city': 'Johnson City', 'state': 'NY', 'country': 'USA'}",12
2025-08-14,2025-08-18,401772972,2025-08-18T00:00Z,3,Chicago Bears,2,Buffalo Bills,2,Buffalo Bills,3916577,Cam Lewis,CB,Buffalo,"{'city': 'Detroit', 'state': 'MI', 'country': 'USA'}",6
2025-08-14,2025-08-18,401772972,2025-08-18T00:00Z,3,Chicago Bears,2,Buffalo Bills,2,Buffalo Bills,4427826,Zion Logue,DT,Georgia,"{'city': 'Lebanon', 'state': 'TN', 'country': 'USA'}",1
2025-08-14,2025-08-18,401772972,2025-08-18T00:00Z,3,Chicago Bears,2,Buffalo Bills,2,Buffalo Bills,3046287,Matt Milano,LB,Boston College,"{'city': 'Orlando', 'state': 'FL', 'country': 'USA'}",9
2025-08-14,2025-08-18,401772972,2025-08-18T00:00Z,3,Chicago Bears,2,Buffalo Bills,2,Buffalo Bills,3050122,Larry Ogunjobi,DT,Charlotte,"{'city': 'Greensboro', 'state': 'NC', 'country': 'USA'}",9
2025-08-14,2025-08-18,401772972,2025-08-18T00:00Z,3,Chicago Bears,2,Buffalo Bills,2,Buffalo Bills,4039303,Ed Oliver,DT,Houston,"{'city': 'Houston', 'state': 'TX', 'country': 'USA'}",7
2025-08-14,2025-08-18,401772972,2025-08-18T00:00Z,3,Chicago Bears,2,Buffalo Bills,2,Buffalo Bills,4573684,Wande Owens,S,New Hampshire,"{'city': 'Cooksville', 'state': 'MD', 'country': 'USA'}",
2025-08-14,2025-08-18,401772972,2025-08-18T00:00Z,3,Chicago Bears,2,Buffalo Bills,2,Buffalo Bills,4039007,Taylor Rapp,S,Washington,"{'city': 'Bellingham', 'state': 'WA', 'country': 'USA'}",7
2025-08-14,2025-08-18,401772972,2025-08-18T00:00Z,3,Chicago Bears,2,Buffalo Bills,2,Buffalo Bills,4361189,Casey Rogers,DT,Oregon,"{'city': 'Syracuse', 'state': 'NY', 'country': 'USA'}",1
2025-08-14,2025-08-18,401772972,2025-08-18T00:00Z,3,Chicago Bears,2,Buffalo Bills,2,Buffalo Bills,4362506,Greg Rousseau,DE,Miami,"{'city': 'Coconut Creek', 'state': 'FL', 'country': 'USA'}",5
2025-08-14,2025-08-18,401772972,2025-08-18T00:00Z,3,Chicago Bears,2,Buffalo Bills,2,Buffalo Bills,4684527,T.J. Sanders,DT,South Carolina,"{'city': 'Marion', 'state': 'SC', 'country': 'USA'}",
2025-08-14,2025-08-18,401772972,2025-08-18T00:00Z,3,Chicago Bears,2,Buffalo Bills,2,Buffalo Bills,4697755,Paris Shand,DE,LSU,"{'city': 'Toronto', 'state': 'ON', 'country': 'Canada'}",
2025-08-14,2025-08-18,401772972,2025-08-18T00:00Z,3,Chicago Bears,2,Buffalo Bills,2,Buffalo Bills,4428548,Javon Solomon,DE,Troy,"{'city': 'Tallahassee', 'state': 'FL', 'country': 'USA'}",2
2025-08-14,2025-08-18,401772972,2025-08-18T00:00Z,3,Chicago Bears,2,Buffalo Bills,2,Buffalo Bills,4568703,Dorian Strong,CB,Virginia Tech,"{'city': 'Upper Marlboro', 'state': 'MD', 'country': 'USA'}",
2025-08-14,2025-08-18,401772972,2025-08-18T00:00Z,3,Chicago Bears,2,Buffalo Bills,2,Buffalo Bills,2978313,Shaq Thompson,LB,Washington,"{'city': 'Sacramento', 'state': 'CA', 'country': 'USA'}",11
2025-08-14,2025-08-18,401772972,2025-08-18T00:00Z,3,Chicago Bears,2,Buffalo Bills,2,Buffalo Bills,4374280,Edefuan Ulofoshio,LB,Washington,"{'city': 'Anchorage', 'state': 'AK', 'country': 'USA'}",2
2025-08-14,2025-08-18,401772972,2025-08-18T00:00Z,3,Chicago Bears,2,Buffalo Bills,2,Buffalo Bills,4831989,Deone Walker,DT,Kentucky,"{'city': 'Detroit', 'state': 'MI', 'country': 'USA'}",
2025-08-14,2025-08-18,401772972,2025-08-18T00:00Z,3,Chicago Bears,2,Buffalo Bills,2,Buffalo Bills,3042717,Tre'Davious White,CB,LSU,"{'city': 'Shreveport', 'state': 'LA', 'country': 'USA'}",9
2025-08-14,2025-08-18,401772972,2025-08-18T00:00Z,3,Chicago Bears,2,Buffalo Bills,2,Buffalo Bills,4568624,Dorian Williams,LB,Tulane,"{'city': 'Indian Land', 'state': 'SC', 'country': 'USA'}",3
2025-08-14,2025-08-18,401772972,2025-08-18T00:00Z,3,Chicago Bears,2,Buffalo Bills,2,Buffalo Bills,3917232,Tyler Bass,PK,Georgia Southern,"{'city': 'Irmo', 'state': 'SC', 'country': 'USA'}",6
2025-08-14,2025-08-18,401772972,2025-08-18T00:00Z,3,Chicago Bears,2,Buffalo Bills,2,Buffalo Bills,2976549,Reid Ferguson,LS,LSU,"{'city': 'Buford', 'state': 'GA', 'country': 'USA'}",9
2025-08-14,2025-08-18,401772972,2025-08-18T00:00Z,3,Chicago Bears,2,Buffalo Bills,2,Buffalo Bills,4258197,Brad Robbins,P,Michigan,"{'city': 'Westerville', 'state': 'OH', 'country': 'USA'}",2
2025-08-14,2025-08-18,401772972,2025-08-18T00:00Z,3,Chicago Bears,2,Buffalo Bills,2,Buffalo Bills,4427348,Te'Cory Couch,CB,Miami,"{'city': 'Fort Lauderdale', 'state': 'FL', 'country': 'USA'}",1
2025-08-14,2025-08-18,401772972,2025-08-18T00:00Z,3,Chicago Bears,2,Buffalo Bills,2,Buffalo Bills,4036431,Darrynton Evans,RB,App State,"{'city': 'Oak Hill', 'state': 'FL', 'country': 'USA'}",6
2025-08-14,2025-08-18,401772972,2025-08-18T00:00Z,3,Chicago Bears,2,Buffalo Bills,2,Buffalo Bills,4361945,Jarveon Howard,RB,Alcorn State,"{'city': 'Columbia', 'state': 'MS', 'country': 'USA'}",
2025-08-14,2025-08-18,401772972,2025-08-18T00:00Z,3,Chicago Bears,2,Buffalo Bills,2,Buffalo Bills,4431509,Kaden Prather,WR,Maryland,"{'city': 'Montgomery Village', 'state': 'MD', 'country': 'USA'}",
2025-08-14,2025-08-18,401772973,2025-08-19T00:00Z,28,Washington Commanders,4,Cincinnati Bengals,28,Washington Commanders,3115922,Nick Allegretti,G,Illinois,"{'city': 'Frankfort', 'state': 'IL', 'country': 'USA'}",7
2025-08-14,2025-08-18,401772973,2025-08-19T00:00Z,28,Washington Commanders,4,Cincinnati Bengals,28,Washington Commanders,4367180,Kazmeir Allen,RB,UCLA,"{'city': 'Tulare', 'state': 'CA', 'country': 'USA'}",1
2025-08-14,2025-08-18,401772973,2025-08-19T00:00Z,28,Washington Commanders,4,Cincinnati Bengals,28,Washington Commanders,4048228,John Bates,TE,Boise State,"{'city': 'Lebanon', 'state': 'OR', 'country': 'USA'}",5
2025-08-14,2025-08-18,401772973,2025-08-19T00:00Z,28,Washington Commanders,4,Cincinnati Bengals,28,Washington Commanders,4035788,Tyler Biadasz,C,Wisconsin,"{'city': 'Amherst', 'state': 'WI', 'country': 'USA'}",6
2025-08-14,2025-08-18,401772973,2025-08-19T00:00Z,28,Washington Commanders,4,Cincinnati Bengals,28,Washington Commanders,4431506,Ja'Corey Brooks,WR,Louisville,"{'city': 'Bradenton', 'state': 'FL', 'country': 'USA'}",
2025-08-14,2025-08-18,401772973,2025-08-19T00:00Z,28,Washington Commanders,4,Cincinnati Bengals,28,Washington Commanders,3121409,Noah Brown,WR,Ohio State,"{'city': 'Flanders', 'state': 'NJ', 'country': 'USA'}",9
2025-08-14,2025-08-18,401772973,2025-08-19T00:00Z,28,Washington Commanders,4,Cincinnati Bengals,28,Washington Commanders,3917849,Lawrence Cager,WR,Georgia,"{'city': 'Baltimore', 'state': 'MD', 'country': 'USA'}",4
2025-08-14,2025-08-18,401772973,2025-08-19T00:00Z,28,Washington Commanders,4,Cincinnati Bengals,28,Washington Commanders,4685030,Brandon Coleman,OT,TCU,"{'city': 'Denton', 'state': 'TX', 'country': 'USA'}",2
2025-08-14,2025-08-18,401772973,2025-08-19T00:00Z,28,Washington Commanders,4,Cincinnati Bengals,28,Washington Commanders,4685326,Josh Conerly Jr.,OT,Oregon,"{'city': 'Seattle', 'state': 'WA', 'country': 'USA'}",
2025-08-14,2025-08-18,401772973,2025-08-19T00:00Z,28,Washington Commanders,4,Cincinnati Bengals,28,Washington Commanders,4262199,Sam Cosmi,G,Texas,"{'city': 'Humble', 'state': 'TX', 'country': 'USA'}",5
2025-08-14,2025-08-18,401772973,2025-08-19T00:00Z,28,Washington Commanders,4,Cincinnati Bengals,28,Washington Commanders,3052056,River Cracraft,WR,Washington State,"{'city': 'Rancho Santa Margarita', 'state': 'CA', 'country': 'USA'}",7
2025-08-14,2025-08-18,401772973,2025-08-19T00:00Z,28,Washington Commanders,4,Cincinnati Bengals,28,Washington Commanders,4575131,Jacory Croskey-Merritt,RB,Arizona,"{'city': 'Montgomery', 'state': 'AL', 'country': 'USA'}",
2025-08-14,2025-08-18,401772973,2025-08-19T00:00Z,28,Washington Commanders,4,Cincinnati Bengals,28,Washington Commanders,4426348,Jayden Daniels,QB,LSU,"{'city': 'San Bernardino', 'state': 'CA', 'country': 'USA'}",2
2025-08-14,2025-08-18,401772973,2025-08-19T00:00Z,28,Washington Commanders,4,Cincinnati Bengals,28,Washington Commanders,3121541,Michael Deiter,C,Wisconsin,"{'city': 'Curtice', 'state': 'OH', 'country': 'USA'}",7
2025-08-14,2025-08-18,401772973,2025-08-19T00:00Z,28,Washington Commanders,4,Cincinnati Bengals,28,Washington Commanders,3068267,Austin Ekeler,RB,Western Colorado,"{'city': 'Eaton', 'state': 'CO', 'country': 'USA'}",9
2025-08-14,2025-08-18,401772973,2025-08-19T00:00Z,28,Washington Commanders,4,Cincinnati Bengals,28,Washington Commanders,15835,Zach Ertz,TE,Stanford,"{'city': 'Alamo', 'state': 'CA', 'country': 'USA'}",13
2025-08-14,2025-08-18,401772973,2025-08-19T00:00Z,28,Washington Commanders,4,Cincinnati Bengals,28,Washington Commanders,2583951,George Fant,OT,Western Kentucky,"{'city': 'Bowling Green', 'state': 'KY', 'country': 'USA'}",10
2025-08-14,2025-08-18,401772973,2025-08-19T00:00Z,28,Washington Commanders,4,Cincinnati Bengals,28,Washington Commanders,4035826,Demetric Felton,RB,UCLA,"{'city': 'Temecula', 'state': 'CA', 'country': 'USA'}",3
2025-08-14,2025-08-18,401772973,2025-08-19T00:00Z,28,Washington Commanders,4,Cincinnati Bengals,28,Washington Commanders,4036348,Michael Gallup,WR,Colorado State,"{'city': 'Monroe', 'state': 'GA', 'country': 'USA'}",7
2025-08-14,2025-08-18,401772973,2025-08-19T00:00Z,28,Washington Commanders,4,Cincinnati Bengals,28,Washington Commanders,4039016,Nick Harris,G,Washington,"{'city': 'Inglewood', 'state': 'CA', 'country': 'USA'}",6
2025-08-14,2025-08-18,401772973,2025-08-19T00:00Z,28,Washington Commanders,4,Cincinnati Bengals,28,Washington Commanders,2576789,Bobby Hart,OT,Florida State,"{'city': 'Lauderhill', 'state': 'FL', 'country': 'USA'}",9
2025-08-14,2025-08-18,401772973,2025-08-19T00:00Z,28,Washington Commanders,4,Cincinnati Bengals,28,Washington Commanders,4361994,Sam Hartman,QB,Notre Dame,"{'city': 'Charlotte', 'state': 'NC', 'country': 'USA'}",1
2025-08-14,2025-08-18,401772973,2025-08-19T00:00Z,28,Washington Commanders,4,Cincinnati Bengals,28,Washington Commanders,11394,Josh Johnson,QB,San Diego,"{'city': 'Oakland', 'state': 'CA', 'country': 'USA'}",11
2025-08-14,2025-08-18,401772973,2025-08-19T00:00Z,28,Washington Commanders,4,Cincinnati Bengals,28,Washington Commanders,5083297,Jacoby Jones,WR,UCF,"{'city': 'Tunica', 'state': 'MS', 'country': 'USA'}",
2025-08-14,2025-08-18,401772973,2025-08-19T00:00Z,28,Washington Commanders,4,Cincinnati Bengals,28,Washington Commanders,4602667,Jaylin Lane,WR,Virginia Tech,"{'city': 'Clover', 'state': 'SC', 'country': 'USA'}",
2025-08-14,2025-08-18,401772973,2025-08-19T00:00Z,28,Washington Commanders,4,Cincinnati Bengals,28,Washington Commanders,2576980,Marcus Mariota,QB,Oregon,"{'city': 'Honolulu', 'state': 'HI', 'country': 'USA'}",11
2025-08-14,2025-08-18,401772973,2025-08-19T00:00Z,28,Washington Commanders,4,Cincinnati Bengals,28,Washington Commanders,4245144,Tay Martin,WR,Oklahoma State,"{'city': 'Houma', 'state': 'LA', 'country': 'USA'}",1
2025-08-14,2025-08-18,401772973,2025-08-19T00:00Z,28,Washington Commanders,4,Cincinnati Bengals,28,Washington Commanders,4426948,Luke McCaffrey,WR,Rice,"{'city': 'Highlands Ranch', 'state': 'CO', 'country': 'USA'}",2
2025-08-14,2025-08-18,401772973,2025-08-19T00:00Z,28,Washington Commanders,4,Cincinnati Bengals,28,Washington Commanders,4568320,Timothy McKay,G,NC State,"{'city': 'Raleigh', 'state': 'NC', 'country': 'USA'}",
2025-08-14,2025-08-18,401772973,2025-08-19T00:00Z,28,Washington Commanders,4,Cincinnati Bengals,28,Washington Commanders,3121422,Terry McLaurin,WR,Ohio State,"{'city': 'Indianapolis', 'state': 'IN', 'country': 'USA'}",7
2025-08-14,2025-08-18,401772973,2025-08-19T00:00Z,28,Washington Commanders,4,Cincinnati Bengals,28,Washington Commanders,3127586,Jeremy McNichols,RB,Boise State,"{'city': 'Long Beach', 'state': 'CA', 'country': 'USA'}",5
2025-08-14,2025-08-18,401772973,2025-08-19T00:00Z,28,Washington Commanders,4,Cincinnati Bengals,28,Washington Commanders,2576581,Chris Moore,WR,Cincinnati,"{'city': 'Tampa', 'state': 'FL', 'country': 'USA'}",9
2025-08-14,2025-08-18,401772973,2025-08-19T00:00Z,28,Washington Commanders,4,Cincinnati Bengals,28,Washington Commanders,3916566,K.J. Osborn,WR,Miami,"{'city': 'Ypsilanti', 'state': 'MI', 'country': 'USA'}",6
2025-08-14,2025-08-18,401772973,2025-08-19T00:00Z,28,Washington Commanders,4,Cincinnati Bengals,28,Washington Commanders,4244615,Chris Paul,G,Tulsa,"{'city': 'Houston', 'state': 'TX', 'country': 'USA'}",4
2025-08-14,2025-08-18,401772973,2025-08-19T00:00Z,28,Washington Commanders,4,Cincinnati Bengals,28,Washington Commanders,4242247,Tyre Phillips,OT,Mississippi State,"{'city': 'Grenada', 'state': 'MS', 'country': 'USA'}",4
2025-08-14,2025-08-18,401772973,2025-08-19T00:00Z,28,Washington Commanders,4,Cincinnati Bengals,28,Washington Commanders,4362619,Chris Rodriguez Jr.,RB,Kentucky,"{'city': 'Mcdonough', 'state': 'GA', 'country': 'USA'}",3
2025-08-14,2025-08-18,401772973,2025-08-19T00:00Z,28,Washington Commanders,4,Cincinnati Bengals,28,Washington Commanders,3126486,Deebo Samuel,WR,South Carolina,"{'city': 'Inman', 'state': 'SC', 'country': 'USA'}",7
2025-08-14,2025-08-18,401772973,2025-08-19T00:00Z,28,Washington Commanders,4,Cincinnati Bengals,28,Washington Commanders,4259908,Braylon Sanders,WR,Ole Miss,"{'city': 'Hogansville', 'state': 'GA', 'country': 'USA'}",1
2025-08-14,2025-08-18,401772973,2025-08-19T00:00Z,28,Washington Commanders,4,Cincinnati Bengals,28,Washington Commanders,4242555,Foster Sarell,OT,Stanford,"{'city': 'Graham', 'state': 'WA', 'country': 'USA'}",4
2025-08-14,2025-08-18,401772973,2025-08-19T00:00Z,28,Washington Commanders,4,Cincinnati Bengals,28,Washington Commanders,3123303,Trent Scott,OT,Grambling,"{'city': 'Huntsville', 'state': 'AL', 'country': 'USA'}",8
2025-08-14,2025-08-18,401772973,2025-08-19T00:00Z,28,Washington Commanders,4,Cincinnati Bengals,28,Washington Commanders,4690923,Ben Sinnott,TE,Kansas State,"{'city': 'Waterloo', 'state': 'IA', 'country': 'USA'}",2
2025-08-14,2025-08-18,401772973,2025-08-19T00:00Z,28,Washington Commanders,4,Cincinnati Bengals,28,Washington Commanders,3051890,Laremy Tunsil,OT,Ole Miss,"{'city': 'Lake City', 'state': 'FL', 'country': 'USA'}",10
2025-08-14,2025-08-18,401772973,2025-08-19T00:00Z,28,Washington Commanders,4,Cincinnati Bengals,28,Washington Commanders,4361438,Cole Turner,TE,Nevada,"{'city': 'Clackamas', 'state': 'OR', 'country': 'USA'}",3
2025-08-14,2025-08-18,401772973,2025-08-19T00:00Z,28,Washington Commanders,4,Cincinnati Bengals,28,Washington Commanders,3042702,Andrew Wylie,G,Eastern Michigan,"{'city': 'Midland', 'state': 'MI', 'country': 'USA'}",8
2025-08-14,2025-08-18,401772973,2025-08-19T00:00Z,28,Washington Commanders,4,Cincinnati Bengals,28,Washington Commanders,4361088,Colson Yankoff,TE,UCLA,"{'city': ""Coeur d'Alene"", 'state': 'ID', 'country': 'USA'}",2
2025-08-14,2025-08-18,401772973,2025-08-19T00:00Z,28,Washington Commanders,4,Cincinnati Bengals,28,Washington Commanders,4574689,Trey Amos,CB,Ole Miss,"{'city': 'New Iberia', 'state': 'LA', 'country': 'USA'}",
2025-08-14,2025-08-18,401772973,2025-08-19T00:00Z,28,Washington Commanders,4,Cincinnati Bengals,28,Washington Commanders,3928979,Dorance Armstrong,DE,Kansas,"{'city': 'Houston', 'state': 'TX', 'country': 'USA'}",8
2025-08-14,2025-08-18,401772973,2025-08-19T00:00Z,28,Washington Commanders,4,Cincinnati Bengals,28,Washington Commanders,4429224,Kam Arnold,LB,Boston College,"{'city': 'West Bloomfield', 'state': 'MI', 'country': 'USA'}",
2025-08-14,2025-08-18,401772973,2025-08-19T00:00Z,28,Washington Commanders,4,Cincinnati Bengals,28,Washington Commanders,4428343,Ricky Barber,DT,UCF,"{'city': 'Louisville', 'state': 'KY', 'country': 'USA'}",
2025-08-14,2025-08-18,401772973,2025-08-19T00:00Z,28,Washington Commanders,4,Cincinnati Bengals,28,Washington Commanders,4037216,Essang Bassey,CB,Wake Forest,"{'city': 'Columbus', 'state': 'GA', 'country': 'USA'}",5
2025-08-14,2025-08-18,401772973,2025-08-19T00:00Z,28,Washington Commanders,4,Cincinnati Bengals,28,Washington Commanders,14471,Nick Bellore,LB,Central Michigan,"{'city': 'Whitefish Bay', 'state': 'WI', 'country': 'USA'}",15
2025-08-14,2025-08-18,401772973,2025-08-19T00:00Z,28,Washington Commanders,4,Cincinnati Bengals,28,Washington Commanders,4363097,Percy Butler,S,Louisiana,"{'city': 'Plaquemine', 'state': 'LA', 'country': 'USA'}",4
2025-08-14,2025-08-18,401772973,2025-08-19T00:00Z,28,Washington Commanders,4,Cincinnati Bengals,28,Washington Commanders,2511690,Carl Davis Jr.,DT,Iowa,"{'city': 'Detroit', 'state': 'MI', 'country': 'USA'}",9
2025-08-14,2025-08-18,401772973,2025-08-19T00:00Z,28,Washington Commanders,4,Cincinnati Bengals,28,Washington Commanders,2976194,Sheldon Day,DT,Notre Dame,"{'city': 'Indianapolis', 'state': 'IN', 'country': 'USA'}",9
2025-08-14,2025-08-18,401772973,2025-08-19T00:00Z,28,Washington Commanders,4,Cincinnati Bengals,28,Washington Commanders,3728258,Clelin Ferrell,DE,Clemson,"{'city': 'Richmond', 'state': 'VA', 'country': 'USA'}",7
2025-08-14,2025-08-18,401772973,2025-08-19T00:00Z,28,Washington Commanders,4,Cincinnati Bengals,28,Washington Commanders,2969924,Eddie Goldman,DT,Florida State,"{'city': 'Washington', 'state': 'DC', 'country': 'USA'}",8
2025-08-14,2025-08-18,401772973,2025-08-19T00:00Z,28,Washington Commanders,4,Cincinnati Bengals,28,Washington Commanders,3056354,Antonio Hamilton Sr.,CB,South Carolina State,"{'city': 'Johnston', 'state': 'SC', 'country': 'USA'}",10
2025-08-14,2025-08-18,401772973,2025-08-19T00:00Z,28,Washington Commanders,4,Cincinnati Bengals,28,Washington Commanders,3915297,Will Harris,S,Boston College,"{'city': 'Suwanee', 'state': 'GA', 'country': 'USA'}",7
2025-08-14,2025-08-18,401772973,2025-08-19T00:00Z,28,Washington Commanders,4,Cincinnati Bengals,28,Washington Commanders,3121414,Jalyn Holmes,DE,Ohio State,"{'city': 'Norfolk', 'state': 'VA', 'country': 'USA'}",6
2025-08-14,2025-08-18,401772973,2025-08-19T00:00Z,28,Washington Commanders,4,Cincinnati Bengals,28,Washington Commanders,4242516,Noah Igbinoghene,CB,Auburn,"{'city': 'Trussville', 'state': 'AL', 'country': 'USA'}",6
2025-08-14,2025-08-18,401772973,2025-08-19T00:00Z,28,Washington Commanders,4,Cincinnati Bengals,28,Washington Commanders,4361357,Javontae Jean-Baptiste,DE,Notre Dame,"{'city': 'Spring Valley', 'state': 'NY', 'country': 'USA'}",2
2025-08-14,2025-08-18,401772973,2025-08-19T00:00Z,28,Washington Commanders,4,Cincinnati Bengals,28,Washington Commanders,2971027,Jonathan Jones,CB,Auburn,"{'city': 'Carrollton', 'state': 'GA', 'country': 'USA'}",10
2025-08-14,2025-08-18,401772973,2025-08-19T00:00Z,28,Washington Commanders,4,Cincinnati Bengals,28,Washington Commanders,4249214,Andre Jones Jr.,DE,Louisiana,"{'city': 'Varnado', 'state': 'LA', 'country': 'USA'}",2
2025-08-14,2025-08-18,401772973,2025-08-19T00:00Z,28,Washington Commanders,4,Cincinnati Bengals,28,Washington Commanders,4361090,Ale Kaho,LB,UCLA,"{'city': 'Reno', 'state': 'NV', 'country': 'USA'}",
2025-08-14,2025-08-18,401772973,2025-08-19T00:00Z,28,Washington Commanders,4,Cincinnati Bengals,28,Washington Commanders,4259491,Javon Kinlaw,DT,South Carolina,"{'city': 'Charleston', 'state': 'SC', 'country': 'USA'}",6
2025-08-14,2025-08-18,401772973,2025-08-19T00:00Z,28,Washington Commanders,4,Cincinnati Bengals,28,Washington Commanders,3121421,Marshon Lattimore,CB,Ohio State,"{'city': 'Cleveland', 'state': 'OH', 'country': 'USA'}",9
2025-08-14,2025-08-18,401772973,2025-08-19T00:00Z,28,Washington Commanders,4,Cincinnati Bengals,28,Washington Commanders,3127273,Frankie Luvu,LB,Washington State,"{'city': 'Tafuna', 'country': 'American Samoa'}",8
2025-08-14,2025-08-18,401772973,2025-08-19T00:00Z,28,Washington Commanders,4,Cincinnati Bengals,28,Washington Commanders,4568617,Jordan Magee,LB,Temple,"{'city': 'Dover', 'state': 'DE', 'country': 'USA'}",2
2025-08-14,2025-08-18,401772973,2025-08-19T00:00Z,28,Washington Commanders,4,Cincinnati Bengals,28,Washington Commanders,5278092,T.J. Maguranyanga,LB,,"{'city': 'Harare', 'country': 'Zimbabwe'}",
2025-08-14,2025-08-18,401772973,2025-08-19T00:00Z,28,Washington Commanders,4,Cincinnati Bengals,28,Washington Commanders,3138764,Jacob Martin,DE,Temple,"{'city': 'Aurora', 'state': 'CO', 'country': 'USA'}",8
2025-08-14,2025-08-18,401772973,2025-08-19T00:00Z,28,Washington Commanders,4,Cincinnati Bengals,28,Washington Commanders,4360378,Quan Martin,S,Illinois,"{'city': 'Lehigh Acres', 'state': 'FL', 'country': 'USA'}",3
2025-08-14,2025-08-18,401772973,2025-08-19T00:00Z,28,Washington Commanders,4,Cincinnati Bengals,28,Washington Commanders,4574814,Robert McDaniel,S,Jackson State,"{'city': 'Jackson', 'state': 'MS', 'country': 'USA'}",
2025-08-14,2025-08-18,401772973,2025-08-19T00:00Z,28,Washington Commanders,4,Cincinnati Bengals,28,Washington Commanders,4427984,Kain Medrano,LB,UCLA,"{'city': 'Pueblo', 'state': 'CO', 'country': 'USA'}",
2025-08-14,2025-08-18,401772973,2025-08-19T00:00Z,28,Washington Commanders,4,Cincinnati Bengals,28,Washington Commanders,13976,Von Miller,LB,Texas A&M,"{'city': 'Desoto', 'state': 'TX', 'country': 'USA'}",15
2025-08-14,2025-08-18,401772973,2025-08-19T00:00Z,28,Washington Commanders,4,Cincinnati Bengals,28,Washington Commanders,4430560,Jer'Zhan Newton,DT,Illinois,"{'city': 'St. Petersburg', 'state': 'FL', 'country': 'USA'}",2
2025-08-14,2025-08-18,401772973,2025-08-19T00:00Z,28,Washington Commanders,4,Cincinnati Bengals,28,Washington Commanders,4874465,Ben Nikkel,S,Iowa State,"{'city': 'Mcpherson', 'state': 'KS', 'country': 'USA'}",1
2025-08-14,2025-08-18,401772973,2025-08-19T00:00Z,28,Washington Commanders,4,Cincinnati Bengals,28,Washington Commanders,4572460,Tyler Owens,S,Texas Tech,"{'city': 'Plano', 'state': 'TX', 'country': 'USA'}",2
2025-08-14,2025-08-18,401772973,2025-08-19T00:00Z,28,Washington Commanders,4,Cincinnati Bengals,28,Washington Commanders,3925354,Daron Payne,DT,Alabama,"{'city': 'Birmingham', 'state': 'AL', 'country': 'USA'}",8
2025-08-14,2025-08-18,401772973,2025-08-19T00:00Z,28,Washington Commanders,4,Cincinnati Bengals,28,Washington Commanders,4430326,Norell Pollard,DE,Virginia Tech,"{'city': 'Apopka', 'state': 'FL', 'country': 'USA'}",2
2025-08-14,2025-08-18,401772973,2025-08-19T00:00Z,28,Washington Commanders,4,Cincinnati Bengals,28,Washington Commanders,4030779,Bobby Price,CB,Norfolk State,"{'city': 'Virginia Beach', 'state': 'VA', 'country': 'USA'}",5
2025-08-14,2025-08-18,401772973,2025-08-19T00:00Z,28,Washington Commanders,4,Cincinnati Bengals,28,Washington Commanders,3125248,Jeremy Reaves,S,South Alabama,"{'city': 'Pensacola', 'state': 'FL', 'country': 'USA'}",6
2025-08-14,2025-08-18,401772973,2025-08-19T00:00Z,28,Washington Commanders,4,Cincinnati Bengals,28,Washington Commanders,3042725,Duke Riley,LB,LSU,"{'city': 'Buras', 'state': 'LA', 'country': 'USA'}",10
2025-08-14,2025-08-18,401772973,2025-08-19T00:00Z,28,Washington Commanders,4,Cincinnati Bengals,28,Washington Commanders,4428414,Mike Sainristil,CB,Michigan,"{'city': 'Port-au-prince', 'country': 'Haiti'}",2
2025-08-14,2025-08-18,401772973,2025-08-19T00:00Z,28,Washington Commanders,4,Cincinnati Bengals,28,Washington Commanders,4917486,Car'lin Vigers,CB,Auburn,"{'city': 'Eunice', 'state': 'LA', 'country': 'USA'}",
2025-08-14,2025-08-18,401772973,2025-08-19T00:00Z,28,Washington Commanders,4,Cincinnati Bengals,28,Washington Commanders,14979,Bobby Wagner,LB,Utah State,"{'city': 'Ontario', 'state': 'CA', 'country': 'USA'}",14
2025-08-14,2025-08-18,401772973,2025-08-19T00:00Z,28,Washington Commanders,4,Cincinnati Bengals,28,Washington Commanders,2980080,Deatrich Wise Jr.,DE,Arkansas,"{'city': 'Carrollton', 'state': 'TX', 'country': 'USA'}",9
2025-08-14,2025-08-18,401772973,2025-08-19T00:00Z,28,Washington Commanders,4,Cincinnati Bengals,28,Washington Commanders,3042436,Daryl Worley,S,West Virginia,"{'city': 'Philadelphia', 'state': 'PA', 'country': 'USA'}",10
2025-08-14,2025-08-18,401772973,2025-08-19T00:00Z,28,Washington Commanders,4,Cincinnati Bengals,28,Washington Commanders,4249087,Matt Gay,PK,Utah,"{'city': 'Orem', 'state': 'UT', 'country': 'USA'}",7
2025-08-14,2025-08-18,401772973,2025-08-19T00:00Z,28,Washington Commanders,4,Cincinnati Bengals,28,Washington Commanders,17378,Tyler Ott,LS,Harvard,"{'city': 'Tulsa', 'state': 'OK', 'country': 'USA'}",11
2025-08-14,2025-08-18,401772973,2025-08-19T00:00Z,28,Washington Commanders,4,Cincinnati Bengals,28,Washington Commanders,16166,Tress Way,P,Oklahoma,"{'city': 'Tulsa', 'state': 'OK', 'country': 'USA'}",12
2025-08-14,2025-08-18,401772973,2025-08-19T00:00Z,28,Washington Commanders,4,Cincinnati Bengals,28,Washington Commanders,3917949,Julian Good-Jones,G,Iowa State,"{'city': 'Cedar Rapids', 'state': 'IA', 'country': 'USA'}",2
2025-08-14,2025-08-18,401772973,2025-08-19T00:00Z,28,Washington Commanders,4,Cincinnati Bengals,28,Washington Commanders,3916564,Tyree Jackson,TE,Buffalo,"{'city': 'Norton Shores', 'state': 'MI', 'country': 'USA'}",3
2025-08-14,2025-08-18,401772973,2025-08-19T00:00Z,28,Washington Commanders,4,Cincinnati Bengals,28,Washington Commanders,4038552,Lucas Niang,OT,TCU,"{'city': 'New Canaan', 'state': 'CT', 'country': 'USA'}",4
2025-08-14,2025-08-18,401772973,2025-08-19T00:00Z,28,Washington Commanders,4,Cincinnati Bengals,4,Cincinnati Bengals,4427834,Erick All Jr.,TE,Iowa,"{'city': 'Fairfield', 'state': 'OH', 'country': 'USA'}",2
2025-08-14,2025-08-18,401772973,2025-08-19T00:00Z,28,Washington Commanders,4,Cincinnati Bengals,4,Cincinnati Bengals,4245645,Gary Brightwell,RB,Arizona,"{'city': 'Chester', 'state': 'PA', 'country': 'USA'}",4
2025-08-14,2025-08-18,401772973,2025-08-19T00:00Z,28,Washington Commanders,4,Cincinnati Bengals,4,Cincinnati Bengals,4429299,Tahj Brooks,RB,Texas Tech,"{'city': 'Manor', 'state': 'TX', 'country': 'USA'}",
2025-08-14,2025-08-18,401772973,2025-08-19T00:00Z,28,Washington Commanders,4,Cincinnati Bengals,4,Cincinnati Bengals,4362238,Chase Brown,RB,Illinois,"{'city': 'London', 'state': 'ON', 'country': 'Canada'}",3
2025-08-14,2025-08-18,401772973,2025-08-19T00:00Z,28,Washington Commanders,4,Cincinnati Bengals,4,Cincinnati Bengals,3116370,Orlando Brown Jr.,OT,Oklahoma,"{'city': 'Duluth', 'state': 'GA', 'country': 'USA'}",8
2025-08-14,2025-08-18,401772973,2025-08-19T00:00Z,28,Washington Commanders,4,Cincinnati Bengals,4,Cincinnati Bengals,3886812,Jake Browning,QB,Washington,"{'city': 'Folsom', 'state': 'CA', 'country': 'USA'}",3
2025-08-14,2025-08-18,401772973,2025-08-19T00:00Z,28,Washington Commanders,4,Cincinnati Bengals,4,Cincinnati Bengals,5192448,Cole Burgess,WR,Cortland,"{'city': 'Cold Brook', 'state': 'NY', 'country': 'USA'}",1
2025-08-14,2025-08-18,401772973,2025-08-19T00:00Z,28,Washington Commanders,4,Cincinnati Bengals,4,Cincinnati Bengals,3915511,Joe Burrow,QB,LSU,"{'city': 'Athens', 'state': 'OH', 'country': 'USA'}",6
2025-08-14,2025-08-18,401772973,2025-08-19T00:00Z,28,Washington Commanders,4,Cincinnati Bengals,4,Cincinnati Bengals,4429033,Jermaine Burton,WR,Alabama,"{'city': 'Calabasas', 'state': 'CA', 'country': 'USA'}",2
2025-08-14,2025-08-18,401772973,2025-08-19T00:00Z,28,Washington Commanders,4,Cincinnati Bengals,4,Cincinnati Bengals,4362628,Ja'Marr Chase,WR,LSU,"{'city': 'Harvey', 'state': 'LA', 'country': 'USA'}",5
2025-08-14,2025-08-18,401772973,2025-08-19T00:00Z,28,Washington Commanders,4,Cincinnati Bengals,4,Cincinnati Bengals,4035270,Devin Cochran,OT,Georgia Tech,"{'city': 'Norcross', 'state': 'GA', 'country': 'USA'}",3
2025-08-14,2025-08-18,401772973,2025-08-19T00:00Z,28,Washington Commanders,4,Cincinnati Bengals,4,Cincinnati Bengals,4429430,Andrew Coker,OT,TCU,"{'city': 'Katy', 'state': 'TX', 'country': 'USA'}",1
2025-08-14,2025-08-18,401772973,2025-08-19T00:00Z,28,Washington Commanders,4,Cincinnati Bengals,4,Cincinnati Bengals,4694583,Quali Conley,RB,Arizona,"{'city': 'Fresno', 'state': 'CA', 'country': 'USA'}",
2025-08-14,2025-08-18,401772973,2025-08-19T00:00Z,28,Washington Commanders,4,Cincinnati Bengals,4,Cincinnati Bengals,4880297,Caleb Etienne,OT,BYU,"{'city': 'New Orleans', 'state': 'LA', 'country': 'USA'}",
2025-08-14,2025-08-18,401772973,2025-08-19T00:00Z,28,Washington Commanders,4,Cincinnati Bengals,4,Cincinnati Bengals,4646773,Dylan Fairchild,G,Georgia,"{'city': 'Cumming', 'state': 'GA', 'country': 'USA'}",
2025-08-14,2025-08-18,401772973,2025-08-19T00:00Z,28,Washington Commanders,4,Cincinnati Bengals,4,Cincinnati Bengals,4036131,Noah Fant,TE,Iowa,"{'city': 'Omaha', 'state': 'NE', 'country': 'USA'}",7
2025-08-14,2025-08-18,401772973,2025-08-19T00:00Z,28,Washington Commanders,4,Cincinnati Bengals,4,Cincinnati Bengals,3707061,Cody Ford,G,Oklahoma,"{'city': 'Pineville', 'state': 'LA', 'country': 'USA'}",7
2025-08-14,2025-08-18,401772973,2025-08-19T00:00Z,28,Washington Commanders,4,Cincinnati Bengals,4,Cincinnati Bengals,3116164,Mike Gesicki,TE,Penn State,"{'city': 'Manahawkin', 'state': 'NJ', 'country': 'USA'}",8
2025-08-14,2025-08-18,401772973,2025-08-19T00:00Z,28,Washington Commanders,4,Cincinnati Bengals,4,Cincinnati Bengals,4700712,Cam Grandy,TE,Illinois State,"{'city': 'Benson', 'state': 'IL', 'country': 'USA'}",2
2025-08-14,2025-08-18,401772973,2025-08-19T00:00Z,28,Washington Commanders,4,Cincinnati Bengals,4,Cincinnati Bengals,4239993,Tee Higgins,WR,Clemson,"{'city': 'Oak Ridge', 'state': 'TN', 'country': 'USA'}",6
2025-08-14,2025-08-18,401772973,2025-08-19T00:00Z,28,Washington Commanders,4,Cincinnati Bengals,4,Cincinnati Bengals,3050481,Tanner Hudson,TE,Southern Arkansas,"{'city': 'Big Sandy', 'state': 'TN', 'country': 'USA'}",6
2025-08-14,2025-08-18,401772973,2025-08-19T00:00Z,28,Washington Commanders,4,Cincinnati Bengals,4,Cincinnati Bengals,4368003,Andrei Iosivas,WR,Princeton,"{'city': 'Honolulu', 'state': 'HI', 'country': 'USA'}",3
2025-08-14,2025-08-18,401772973,2025-08-19T00:00Z,28,Washington Commanders,4,Cincinnati Bengals,4,Cincinnati Bengals,4257188,Charlie Jones,WR,Purdue,"{'city': 'Deerfield', 'state': 'IL', 'country': 'USA'}",3
2025-08-14,2025-08-18,401772973,2025-08-19T00:00Z,28,Washington Commanders,4,Cincinnati Bengals,4,Cincinnati Bengals,2576188,Ted Karras,C,Illinois,"{'city': 'Indianapolis', 'state': 'IN', 'country': 'USA'}",10
2025-08-14,2025-08-18,401772973,2025-08-19T00:00Z,28,Washington Commanders,4,Cincinnati Bengals,4,Cincinnati Bengals,4243324,Jaxson Kirkland,G,Washington,"{'city': 'Portland', 'state': 'OR', 'country': 'USA'}",2
2025-08-14,2025-08-18,401772973,2025-08-19T00:00Z,28,Washington Commanders,4,Cincinnati Bengals,4,Cincinnati Bengals,4568986,Matt Lee,C,Miami,"{'city': 'Oviedo', 'state': 'FL', 'country': 'USA'}",2
2025-08-14,2025-08-18,401772973,2025-08-19T00:00Z,28,Washington Commanders,4,Cincinnati Bengals,4,Cincinnati Bengals,4692972,Jamoi Mayes,WR,Cincinnati,"{'city': 'Griffin', 'state': 'GA', 'country': 'USA'}",
2025-08-14,2025-08-18,401772973,2025-08-19T00:00Z,28,Washington Commanders,4,Cincinnati Bengals,4,Cincinnati Bengals,4384171,Tanner McLachlan,TE,Arizona,"{'city': 'Lethbridge', 'state': 'AB', 'country': 'Canada'}",2
2025-08-14,2025-08-18,401772973,2025-08-19T00:00Z,28,Washington Commanders,4,Cincinnati Bengals,4,Cincinnati Bengals,4429187,Seth McLaughlin,C,Ohio State,"{'city': 'Buford', 'state': 'GA', 'country': 'USA'}",
2025-08-14,2025-08-18,401772973,2025-08-19T00:00Z,28,Washington Commanders,4,Cincinnati Bengals,4,Cincinnati Bengals,4429012,Kendall Milton,RB,Georgia,"{'city': 'Fresno', 'state': 'CA', 'country': 'USA'}",1
2025-08-14,2025-08-18,401772973,2025-08-19T00:00Z,28,Washington Commanders,4,Cincinnati Bengals,4,Cincinnati Bengals,4431571,Amarius Mims,OT,Georgia,"{'city': 'Cochran', 'state': 'GA', 'country': 'USA'}",2
2025-08-14,2025-08-18,401772973,2025-08-19T00:00Z,28,Washington Commanders,4,Cincinnati Bengals,4,Cincinnati Bengals,4594444,Jordan Moore,WR,Duke,"{'city': 'Sykesville', 'state': 'MD', 'country': 'USA'}",
2025-08-14,2025-08-18,401772973,2025-08-19T00:00Z,28,Washington Commanders,4,Cincinnati Bengals,4,Cincinnati Bengals,4430577,Rashod Owens,WR,Oklahoma State,"{'city': 'San Antonio', 'state': 'TX', 'country': 'USA'}",
2025-08-14,2025-08-18,401772973,2025-08-19T00:00Z,28,Washington Commanders,4,Cincinnati Bengals,4,Cincinnati Bengals,2576736,Lucas Patrick,G,Duke,"{'city': 'Brentwood', 'state': 'TN', 'country': 'USA'}",9
2025-08-14,2025-08-18,401772973,2025-08-19T00:00Z,28,Washington Commanders,4,Cincinnati Bengals,4,Cincinnati Bengals,3116389,Samaje Perine,RB,Oklahoma,"{'city': 'Pflugerville', 'state': 'TX', 'country': 'USA'}",9
2025-08-14,2025-08-18,401772973,2025-08-19T00:00Z,28,Washington Commanders,4,Cincinnati Bengals,4,Cincinnati Bengals,4035776,Kendric Pryor,WR,Wisconsin,"{'city': 'Hazel Crest', 'state': 'IL', 'country': 'USA'}",2
2025-08-14,2025-08-18,401772973,2025-08-19T00:00Z,28,Washington Commanders,4,Cincinnati Bengals,4,Cincinnati Bengals,4429030,Andrew Raym,C,Oklahoma,"{'city': 'Broken Arrow', 'state': 'OK', 'country': 'USA'}",2
2025-08-14,2025-08-18,401772973,2025-08-19T00:00Z,28,Washington Commanders,4,Cincinnati Bengals,4,Cincinnati Bengals,4239086,Desmond Ridder,QB,Cincinnati,"{'city': 'Louisville', 'state': 'KY', 'country': 'USA'}",4
2025-08-14,2025-08-18,401772973,2025-08-19T00:00Z,28,Washington Commanders,4,Cincinnati Bengals,4,Cincinnati Bengals,4429010,Jalen Rivers,OT,Miami,"{'city': 'Jacksonville', 'state': 'FL', 'country': 'USA'}",
2025-08-14,2025-08-18,401772973,2025-08-19T00:00Z,28,Washington Commanders,4,Cincinnati Bengals,4,Cincinnati Bengals,3127310,Drew Sample,TE,Washington,"{'city': 'Bellevue', 'state': 'WA', 'country': 'USA'}",7
2025-08-14,2025-08-18,401772973,2025-08-19T00:00Z,28,Washington Commanders,4,Cincinnati Bengals,4,Cincinnati Bengals,4258207,Andrew Stueber,OT,Michigan,"{'city': 'Darien', 'state': 'CT', 'country': 'USA'}",2
2025-08-14,2025-08-18,401772973,2025-08-19T00:00Z,28,Washington Commanders,4,Cincinnati Bengals,4,Cincinnati Bengals,4430590,Payton Thorne,QB,Auburn,"{'city': 'Naperville', 'state': 'IL', 'country': 'USA'}",
2025-08-14,2025-08-18,401772973,2025-08-19T00:00Z,28,Washington Commanders,4,Cincinnati Bengals,4,Cincinnati Bengals,4690070,Mitchell Tinsley,WR,Penn State,"{'city': ""Lee's Summit"", 'state': 'MO', 'country': 'USA'}",2
2025-08-14,2025-08-18,401772973,2025-08-19T00:00Z,28,Washington Commanders,4,Cincinnati Bengals,4,Cincinnati Bengals,4040950,Cordell Volson,G,North Dakota State,"{'city': 'Balfour', 'state': 'ND', 'country': 'USA'}",4
2025-08-14,2025-08-18,401772973,2025-08-19T00:00Z,28,Washington Commanders,4,Cincinnati Bengals,4,Cincinnati Bengals,4569371,Isaiah Williams,WR,Illinois,"{'city': 'St. Louis', 'state': 'MO', 'country': 'USA'}",2
2025-08-14,2025-08-18,401772973,2025-08-19T00:00Z,28,Washington Commanders,4,Cincinnati Bengals,4,Cincinnati Bengals,4035566,McTelvin Agim,DT,Arkansas,"{'city': 'Texarkana', 'state': 'TX', 'country': 'USA'}",3
2025-08-14,2025-08-18,401772973,2025-08-19T00:00Z,28,Washington Commanders,4,Cincinnati Bengals,4,Cincinnati Bengals,4257240,Tycen Anderson,S,Toledo,"{'city': 'Toledo', 'state': 'OH', 'country': 'USA'}",4
2025-08-14,2025-08-18,401772973,2025-08-19T00:00Z,28,Washington Commanders,4,Cincinnati Bengals,4,Cincinnati Bengals,4874448,Daijahn Anthony,S,Ole Miss,"{'city': 'Richmond', 'state': 'VA', 'country': 'USA'}",2
2025-08-14,2025-08-18,401772973,2025-08-19T00:00Z,28,Washington Commanders,4,Cincinnati Bengals,4,Cincinnati Bengals,4567098,Jordan Battle,S,Alabama,"{'city': 'Fort Lauderdale', 'state': 'FL', 'country': 'USA'}",3
2025-08-14,2025-08-18,401772973,2025-08-19T00:00Z,28,Washington Commanders,4,Cincinnati Bengals,4,Cincinnati Bengals,3914477,Nate Brooks,CB,North Texas,"{'city': 'Whitehouse', 'state': 'TX', 'country': 'USA'}",1
2025-08-14,2025-08-18,401772973,2025-08-19T00:00Z,28,Washington Commanders,4,Cincinnati Bengals,4,Cincinnati Bengals,3115249,Taven Bryan,DT,Florida,"{'city': 'Casper', 'state': 'WY', 'country': 'USA'}",8
2025-08-14,2025-08-18,401772973,2025-08-19T00:00Z,28,Washington Commanders,4,Cincinnati Bengals,4,Cincinnati Bengals,3051746,Oren Burks,LB,Vanderbilt,"{'city': 'Fairfax Station', 'state': 'VA', 'country': 'USA'}",8
2025-08-14,2025-08-18,401772973,2025-08-19T00:00Z,28,Washington Commanders,4,Cincinnati Bengals,4,Cincinnati Bengals,4431519,Barrett Carter,LB,Clemson,"{'city': 'Suwanee', 'state': 'GA', 'country': 'USA'}",
2025-08-14,2025-08-18,401772973,2025-08-19T00:00Z,28,Washington Commanders,4,Cincinnati Bengals,4,Cincinnati Bengals,4426992,Howard Cross III,DT,Notre Dame,"{'city': 'Paramus', 'state': 'NJ', 'country': 'USA'}",
2025-08-14,2025-08-18,401772973,2025-08-19T00:00Z,28,Washington Commanders,4,Cincinnati Bengals,4,Cincinnati Bengals,3125356,Jalen Davis,CB,Utah State,"{'city': 'La Mesa', 'state': 'CA', 'country': 'USA'}",5
2025-08-14,2025-08-18,401772973,2025-08-19T00:00Z,28,Washington Commanders,4,Cincinnati Bengals,4,Cincinnati Bengals,3917797,Joe Giles-Harris,LB,Duke,"{'city': 'Nyack', 'state': 'NY', 'country': 'USA'}",2
2025-08-14,2025-08-18,401772973,2025-08-19T00:00Z,28,Washington Commanders,4,Cincinnati Bengals,4,Cincinnati Bengals,4567171,Eric Gregory,DT,Arkansas,"{'city': 'Memphis', 'state': 'TN', 'country': 'USA'}",
2025-08-14,2025-08-18,401772973,2025-08-19T00:00Z,28,Washington Commanders,4,Cincinnati Bengals,4,Cincinnati Bengals,3052743,Trey Hendrickson,DE,Florida Atlantic,"{'city': 'Apopka', 'state': 'FL', 'country': 'USA'}",9
2025-08-14,2025-08-18,401772973,2025-08-19T00:00Z,28,Washington Commanders,4,Cincinnati Bengals,4,Cincinnati Bengals,4360413,Shaka Heyward,LB,Duke,"{'city': 'Dacula', 'state': 'GA', 'country': 'USA'}",2
2025-08-14,2025-08-18,401772973,2025-08-19T00:00Z,28,Washington Commanders,4,Cincinnati Bengals,4,Cincinnati Bengals,3116748,B.J. Hill,DT,NC State,"{'city': 'Oakboro', 'state': 'NC', 'country': 'USA'}",8
2025-08-14,2025-08-18,401772973,2025-08-19T00:00Z,28,Washington Commanders,4,Cincinnati Bengals,4,Cincinnati Bengals,4426422,Dax Hill,CB,Michigan,"{'city': 'Tulsa', 'state': 'OK', 'country': 'USA'}",4
2025-08-14,2025-08-18,401772973,2025-08-19T00:00Z,28,Washington Commanders,4,Cincinnati Bengals,4,Cincinnati Bengals,4362502,DJ Ivey,CB,Miami,"{'city': 'Florida City', 'state': 'FL', 'country': 'USA'}",3
2025-08-14,2025-08-18,401772973,2025-08-19T00:00Z,28,Washington Commanders,4,Cincinnati Bengals,4,Cincinnati Bengals,4692680,McKinnley Jackson,DT,Texas A&M,"{'city': 'Lucedale', 'state': 'MS', 'country': 'USA'}",2
2025-08-14,2025-08-18,401772973,2025-08-19T00:00Z,28,Washington Commanders,4,Cincinnati Bengals,4,Cincinnati Bengals,4432301,Kris Jenkins Jr.,DT,Michigan,"{'city': 'Olney', 'state': 'MD', 'country': 'USA'}",2
2025-08-14,2025-08-18,401772973,2025-08-19T00:00Z,28,Washington Commanders,4,Cincinnati Bengals,4,Cincinnati Bengals,4430065,Cedric Johnson,DE,Ole Miss,"{'city': 'Mobile', 'state': 'AL', 'country': 'USA'}",2
2025-08-14,2025-08-18,401772973,2025-08-19T00:00Z,28,Washington Commanders,4,Cincinnati Bengals,4,Cincinnati Bengals,4241135,Raymond Johnson III,DE,Georgia Southern,"{'city': 'Sumter', 'state': 'SC', 'country': 'USA'}",2
2025-08-14,2025-08-18,401772973,2025-08-19T00:00Z,28,Washington Commanders,4,Cincinnati Bengals,4,Cincinnati Bengals,4429946,PJ Jules,S,Southern Illinois,"{'city': 'Orlando', 'state': 'FL', 'country': 'USA'}",1
2025-08-14,2025-08-18,401772973,2025-08-19T00:00Z,28,Washington Commanders,4,Cincinnati Bengals,4,Cincinnati Bengals,4363417,Jaylen Key,S,Alabama,"{'city': 'Quincy', 'state': 'FL', 'country': 'USA'}",1
2025-08-14,2025-08-18,401772973,2025-08-19T00:00Z,28,Washington Commanders,4,Cincinnati Bengals,4,Cincinnati Bengals,4427729,Demetrius Knight Jr.,LB,South Carolina,"{'city': 'Locust Grove', 'state': 'GA', 'country': 'USA'}",
2025-08-14,2025-08-18,401772973,2025-08-19T00:00Z,28,Washington Commanders,4,Cincinnati Bengals,4,Cincinnati Bengals,4682634,Shaquan Loyal,S,Rutgers,"{'city': 'Newark', 'state': 'NJ', 'country': 'USA'}",
2025-08-14,2025-08-18,401772973,2025-08-19T00:00Z,28,Washington Commanders,4,Cincinnati Bengals,4,Cincinnati Bengals,4575559,Bralyn Lux,CB,Texas Tech,"{'city': 'San Jose', 'state': 'CA', 'country': 'USA'}",
2025-08-14,2025-08-18,401772973,2025-08-19T00:00Z,28,Washington Commanders,4,Cincinnati Bengals,4,Cincinnati Bengals,4428985,Myles Murphy,DE,Clemson,"{'city': 'Marietta', 'state': 'GA', 'country': 'USA'}",3
2025-08-14,2025-08-18,401772973,2025-08-19T00:00Z,28,Washington Commanders,4,Cincinnati Bengals,4,Cincinnati Bengals,4365319,Josh Newton,CB,TCU,"{'city': 'Monroe', 'state': 'LA', 'country': 'USA'}",2
2025-08-14,2025-08-18,401772973,2025-08-19T00:00Z,28,Washington Commanders,4,Cincinnati Bengals,4,Cincinnati Bengals,4428125,Maema Njongmeta,LB,Wisconsin,"{'city': 'Buffalo Grove', 'state': 'IL', 'country': 'USA'}",2
2025-08-14,2025-08-18,401772973,2025-08-19T00:00Z,28,Washington Commanders,4,Cincinnati Bengals,4,Cincinnati Bengals,4362094,Joseph Ossai,DE,Texas,"{'city': 'Conroe', 'state': 'TX', 'country': 'USA'}",5
2025-08-14,2025-08-18,401772973,2025-08-19T00:00Z,28,Washington Commanders,4,Cincinnati Bengals,4,Cincinnati Bengals,4373087,Lance Robinson,CB,Tulane,"{'city': 'New Orleans', 'state': 'LA', 'country': 'USA'}",2
2025-08-14,2025-08-18,401772973,2025-08-19T00:00Z,28,Washington Commanders,4,Cincinnati Bengals,4,Cincinnati Bengals,4243923,Cam Sample,DE,Tulane,"{'city': 'Snellville', 'state': 'GA', 'country': 'USA'}",5
2025-08-14,2025-08-18,401772973,2025-08-19T00:00Z,28,Washington Commanders,4,Cincinnati Bengals,4,Cincinnati Bengals,4240612,T.J. Slaton Jr.,DT,Florida,"{'city': 'Fort Lauderdale', 'state': 'FL', 'country': 'USA'}",5
2025-08-14,2025-08-18,401772973,2025-08-19T00:00Z,28,Washington Commanders,4,Cincinnati Bengals,4,Cincinnati Bengals,4685562,Shemar Stewart,DE,Texas A&M,"{'city': 'Miami', 'state': 'FL', 'country': 'USA'}",
2025-08-14,2025-08-18,401772973,2025-08-19T00:00Z,28,Washington Commanders,4,Cincinnati Bengals,4,Cincinnati Bengals,4240575,Geno Stone,S,Iowa,"{'city': 'New Castle', 'state': 'PA', 'country': 'USA'}",6
2025-08-14,2025-08-18,401772973,2025-08-19T00:00Z,28,Washington Commanders,4,Cincinnati Bengals,4,Cincinnati Bengals,4361196,Cam Taylor-Britt,CB,Nebraska,"{'city': 'Montgomery', 'state': 'AL', 'country': 'USA'}",4
2025-08-14,2025-08-18,401772973,2025-08-19T00:00Z,28,Washington Commanders,4,Cincinnati Bengals,4,Cincinnati Bengals,4241404,Isaiah Thomas,DE,Oklahoma,"{'city': 'Tulsa', 'state': 'OK', 'country': 'USA'}",3
2025-08-14,2025-08-18,401772973,2025-08-19T00:00Z,28,Washington Commanders,4,Cincinnati Bengals,4,Cincinnati Bengals,4572036,DJ Turner II,CB,Michigan,"{'city': 'Suwanee', 'state': 'GA', 'country': 'USA'}",3
2025-08-14,2025-08-18,401772973,2025-08-19T00:00Z,28,Washington Commanders,4,Cincinnati Bengals,4,Cincinnati Bengals,3918330,Logan Wilson,LB,Wyoming,"{'city': 'Casper', 'state': 'WY', 'country': 'USA'}",6
2025-08-14,2025-08-18,401772973,2025-08-19T00:00Z,28,Washington Commanders,4,Cincinnati Bengals,4,Cincinnati Bengals,4240595,Marco Wilson,CB,Florida,"{'city': 'Fort Lauderdale', 'state': 'FL', 'country': 'USA'}",5
2025-08-14,2025-08-18,401772973,2025-08-19T00:00Z,28,Washington Commanders,4,Cincinnati Bengals,4,Cincinnati Bengals,4428962,Craig Young,LB,Kansas,"{'city': 'Fort Wayne', 'state': 'IN', 'country': 'USA'}",1
2025-08-14,2025-08-18,401772973,2025-08-19T00:00Z,28,Washington Commanders,4,Cincinnati Bengals,4,Cincinnati Bengals,4240719,Cal Adomitis,LS,Pittsburgh,"{'city': 'Pittsburgh', 'state': 'PA', 'country': 'USA'}",4
2025-08-14,2025-08-18,401772973,2025-08-19T00:00Z,28,Washington Commanders,4,Cincinnati Bengals,4,Cincinnati Bengals,4360234,Evan McPherson,PK,Florida,"{'city': 'Fort Payne', 'state': 'AL', 'country': 'USA'}",5
2025-08-14,2025-08-18,401772973,2025-08-19T00:00Z,28,Washington Commanders,4,Cincinnati Bengals,4,Cincinnati Bengals,4608820,Ryan Rehkow,P,BYU,"{'city': 'Veradale', 'state': 'WA', 'country': 'USA'}",2
2025-08-14,2025-08-18,401772973,2025-08-19T00:00Z,28,Washington Commanders,4,Cincinnati Bengals,4,Cincinnati Bengals,4572051,William Wagner,LS,Michigan,"{'city': 'Alpharetta', 'state': 'GA', 'country': 'USA'}",
