week_window_start,week_window_end,event_id,event_date,home_team_id,home_team,away_team_id,away_team,team_id,team_name,player_id,player_name,position,college,hometown,hometown_city,hometown_state,hometown_country,hometown_city_state,years_experience
2025-09-04,2025-09-09,401772810,2025-09-09T00:15Z,3,Chicago Bears,16,Minnesota Vikings,3,Chicago Bears,4883090,Kiran Amegadjie,OT,Yale,"{'city': 'Hinsdale', 'state': 'IL', 'country': 'USA'}",Hinsdale,IL,USA,"Hinsdale, IL",2
2025-09-04,2025-09-09,401772810,2025-09-09T00:15Z,3,Chicago Bears,16,Minnesota Vikings,3,Chicago Bears,4434153,Tyson Bagent,QB,Shepherd,"{'city': 'Martinsburg', 'state': 'WV', 'country': 'USA'}",Martinsburg,WV,USA,"Martinsburg, WV",3
2025-09-04,2025-09-09,401772810,2025-09-09T00:15Z,3,Chicago Bears,16,Minnesota Vikings,3,Chicago Bears,3929631,Ryan Bates,C,Penn State,"{'city': 'Warrington', 'state': 'PA', 'country': 'USA'}",Warrington,PA,USA,"Warrington, PA",7
2025-09-04,2025-09-09,401772810,2025-09-09T00:15Z,3,Chicago Bears,16,Minnesota Vikings,3,Chicago Bears,5125873,Theo Benedet,G,British Columbia,"{'city': 'North Vancouver', 'state': 'BC', 'country': 'Canada'}",North Vancouver,BC,Canada,"North Vancouver, BC",1
2025-09-04,2025-09-09,401772810,2025-09-09T00:15Z,3,Chicago Bears,16,Minnesota Vikings,3,Chicago Bears,4685278,Luther Burden III,WR,Missouri,"{'city': 'St. Louis', 'state': 'MO', 'country': 'USA'}",St. Louis,MO,USA,"St. Louis, MO",
2025-09-04,2025-09-09,401772810,2025-09-09T00:15Z,3,Chicago Bears,16,Minnesota Vikings,3,Chicago Bears,4242553,Drew Dalman,C,Stanford,"{'city': 'Salinas', 'state': 'CA', 'country': 'USA'}",Salinas,CA,USA,"Salinas, CA",5
2025-09-04,2025-09-09,401772810,2025-09-09T00:15Z,3,Chicago Bears,16,Minnesota Vikings,3,Chicago Bears,4039050,Devin Duvernay,WR,Texas,"{'city': 'Sachse', 'state': 'TX', 'country': 'USA'}",Sachse,TX,USA,"Sachse, TX",6
2025-09-04,2025-09-09,401772810,2025-09-09T00:15Z,3,Chicago Bears,16,Minnesota Vikings,3,Chicago Bears,3930040,Jonah Jackson,G,Ohio State,"{'city': 'Media', 'state': 'PA', 'country': 'USA'}",Media,PA,USA,"Media, PA",6
2025-09-04,2025-09-09,401772810,2025-09-09T00:15Z,3,Chicago Bears,16,Minnesota Vikings,3,Chicago Bears,4426386,Roschon Johnson,RB,Texas,"{'city': 'Port Neches', 'state': 'TX', 'country': 'USA'}",Port Neches,TX,USA,"Port Neches, TX",3
2025-09-04,2025-09-09,401772810,2025-09-09T00:15Z,3,Chicago Bears,16,Minnesota Vikings,3,Chicago Bears,4251007,Braxton Jones,OT,Southern Utah,"{'city': 'Murray', 'state': 'UT', 'country': 'USA'}",Murray,UT,USA,"Murray, UT",4
2025-09-04,2025-09-09,401772810,2025-09-09T00:15Z,3,Chicago Bears,16,Minnesota Vikings,3,Chicago Bears,15168,Case Keenum,QB,Houston,"{'city': 'Abilene', 'state': 'TX', 'country': 'USA'}",Abilene,TX,USA,"Abilene, TX",13
2025-09-04,2025-09-09,401772810,2025-09-09T00:15Z,3,Chicago Bears,16,Minnesota Vikings,3,Chicago Bears,4258595,Cole Kmet,TE,Notre Dame,"{'city': 'Lake Barrington', 'state': 'IL', 'country': 'USA'}",Lake Barrington,IL,USA,"Lake Barrington, IL",6
2025-09-04,2025-09-09,401772810,2025-09-09T00:15Z,3,Chicago Bears,16,Minnesota Vikings,3,Chicago Bears,4723086,Colston Loveland,TE,Michigan,"{'city': 'Gooding', 'state': 'ID', 'country': 'USA'}",Gooding,ID,USA,"Gooding, ID",
2025-09-04,2025-09-09,401772810,2025-09-09T00:15Z,3,Chicago Bears,16,Minnesota Vikings,3,Chicago Bears,4608686,Kyle Monangai,RB,Rutgers,"{'city': 'Roseland', 'state': 'NJ', 'country': 'USA'}",Roseland,NJ,USA,"Roseland, NJ",
2025-09-04,2025-09-09,401772810,2025-09-09T00:15Z,3,Chicago Bears,16,Minnesota Vikings,3,Chicago Bears,3915416,DJ Moore,WR,Maryland,"{'city': 'Philadelphia', 'state': 'PA', 'country': 'USA'}",Philadelphia,PA,USA,"Philadelphia, PA",8
2025-09-04,2025-09-09,401772810,2025-09-09T00:15Z,3,Chicago Bears,16,Minnesota Vikings,3,Chicago Bears,4695895,Luke Newman,OT,Michigan State,"{'city': 'Bloomfield Hills', 'state': 'MI', 'country': 'USA'}",Bloomfield Hills,MI,USA,"Bloomfield Hills, MI",
2025-09-04,2025-09-09,401772810,2025-09-09T00:15Z,3,Chicago Bears,16,Minnesota Vikings,3,Chicago Bears,4431299,Rome Odunze,WR,Washington,"{'city': 'Las Vegas', 'state': 'NV', 'country': 'USA'}",Las Vegas,NV,USA,"Las Vegas, NV",2
2025-09-04,2025-09-09,401772810,2025-09-09T00:15Z,3,Chicago Bears,16,Minnesota Vikings,3,Chicago Bears,3052897,Durham Smythe,TE,Notre Dame,"{'city': 'Belton', 'state': 'TX', 'country': 'USA'}",Belton,TX,USA,"Belton, TX",8
2025-09-04,2025-09-09,401772810,2025-09-09T00:15Z,3,Chicago Bears,16,Minnesota Vikings,3,Chicago Bears,4259545,D'Andre Swift,RB,Georgia,"{'city': 'Philadelphia', 'state': 'PA', 'country': 'USA'}",Philadelphia,PA,USA,"Philadelphia, PA",6
2025-09-04,2025-09-09,401772810,2025-09-09T00:15Z,3,Chicago Bears,16,Minnesota Vikings,3,Chicago Bears,2577773,Joe Thuney,G,NC State,"{'city': 'Centerville', 'state': 'OH', 'country': 'USA'}",Centerville,OH,USA,"Centerville, OH",10
2025-09-04,2025-09-09,401772810,2025-09-09T00:15Z,3,Chicago Bears,16,Minnesota Vikings,3,Chicago Bears,4432595,Ozzy Trapilo,OT,Boston College,"{'city': 'Norwell', 'state': 'MA', 'country': 'USA'}",Norwell,MA,USA,"Norwell, MA",
2025-09-04,2025-09-09,401772810,2025-09-09T00:15Z,3,Chicago Bears,16,Minnesota Vikings,3,Chicago Bears,5160110,Jahdae Walker,WR,Texas A&M,"{'city': 'Cleveland', 'state': 'OH', 'country': 'USA'}",Cleveland,OH,USA,"Cleveland, OH",
2025-09-04,2025-09-09,401772810,2025-09-09T00:15Z,3,Chicago Bears,16,Minnesota Vikings,3,Chicago Bears,4431611,Caleb Williams,QB,USC,"{'city': 'Washington', 'state': 'DC', 'country': 'USA'}",Washington,DC,USA,"Washington, DC",2
2025-09-04,2025-09-09,401772810,2025-09-09T00:15Z,3,Chicago Bears,16,Minnesota Vikings,3,Chicago Bears,4426358,Darnell Wright,OT,Tennessee,"{'city': 'Huntington', 'state': 'WV', 'country': 'USA'}",Huntington,WV,USA,"Huntington, WV",3
2025-09-04,2025-09-09,401772810,2025-09-09T00:15Z,3,Chicago Bears,16,Minnesota Vikings,3,Chicago Bears,3917914,Olamide Zaccheaus,WR,Virginia,"{'city': 'Plainfield', 'state': 'NJ', 'country': 'USA'}",Plainfield,NJ,USA,"Plainfield, NJ",7
2025-09-04,2025-09-09,401772810,2025-09-09T00:15Z,3,Chicago Bears,16,Minnesota Vikings,3,Chicago Bears,3051775,Andrew Billings,DT,Baylor,"{'city': 'Waco', 'state': 'TX', 'country': 'USA'}",Waco,TX,USA,"Waco, TX",9
2025-09-04,2025-09-09,401772810,2025-09-09T00:15Z,3,Chicago Bears,16,Minnesota Vikings,3,Chicago Bears,4240459,Josh Blackwell,CB,Duke,"{'city': 'Buford', 'state': 'GA', 'country': 'USA'}",Buford,GA,USA,"Buford, GA",4
2025-09-04,2025-09-09,401772810,2025-09-09T00:15Z,3,Chicago Bears,16,Minnesota Vikings,3,Chicago Bears,4570044,Jaquan Brisker,S,Penn State,"{'city': 'Pittsburgh', 'state': 'PA', 'country': 'USA'}",Pittsburgh,PA,USA,"Pittsburgh, PA",4
2025-09-04,2025-09-09,401772810,2025-09-09T00:15Z,3,Chicago Bears,16,Minnesota Vikings,3,Chicago Bears,2574056,Kevin Byard III,S,Middle Tennessee,"{'city': 'Lithonia', 'state': 'GA', 'country': 'USA'}",Lithonia,GA,USA,"Lithonia, GA",10
2025-09-04,2025-09-09,401772810,2025-09-09T00:15Z,3,Chicago Bears,16,Minnesota Vikings,3,Chicago Bears,4429014,Gervon Dexter Sr.,DT,Florida,"{'city': 'Lake Wales', 'state': 'FL', 'country': 'USA'}",Lake Wales,FL,USA,"Lake Wales, FL",3
2025-09-04,2025-09-09,401772810,2025-09-09T00:15Z,3,Chicago Bears,16,Minnesota Vikings,3,Chicago Bears,3929950,Tremaine Edmunds,LB,Virginia Tech,"{'city': 'Danville', 'state': 'VA', 'country': 'USA'}",Danville,VA,USA,"Danville, VA",8
2025-09-04,2025-09-09,401772810,2025-09-09T00:15Z,3,Chicago Bears,16,Minnesota Vikings,3,Chicago Bears,3121544,T.J. Edwards,LB,Wisconsin,"{'city': 'Lake Villa', 'state': 'IL', 'country': 'USA'}",Lake Villa,IL,USA,"Lake Villa, IL",7
2025-09-04,2025-09-09,401772810,2025-09-09T00:15Z,3,Chicago Bears,16,Minnesota Vikings,3,Chicago Bears,4361093,Kyler Gordon,CB,Washington,"{'city': 'Mukilteo', 'state': 'WA', 'country': 'USA'}",Mukilteo,WA,USA,"Mukilteo, WA",4
2025-09-04,2025-09-09,401772810,2025-09-09T00:15Z,3,Chicago Bears,16,Minnesota Vikings,3,Chicago Bears,4365629,Daniel Hardy,DE,Montana State,"{'city': 'Beaverton', 'state': 'OR', 'country': 'USA'}",Beaverton,OR,USA,"Beaverton, OR",3
2025-09-04,2025-09-09,401772810,2025-09-09T00:15Z,3,Chicago Bears,16,Minnesota Vikings,3,Chicago Bears,4242402,Elijah Hicks,S,California,"{'city': 'Long Beach', 'state': 'CA', 'country': 'USA'}",Long Beach,CA,USA,"Long Beach, CA",4
2025-09-04,2025-09-09,401772810,2025-09-09T00:15Z,3,Chicago Bears,16,Minnesota Vikings,3,Chicago Bears,4429970,Ruben Hyppolite II,LB,Maryland,"{'city': 'Fort Lauderdale', 'state': 'FL', 'country': 'USA'}",Fort Lauderdale,FL,USA,"Fort Lauderdale, FL",
2025-09-04,2025-09-09,401772810,2025-09-09T00:15Z,3,Chicago Bears,16,Minnesota Vikings,3,Chicago Bears,4241007,D'Marco Jackson,LB,App State,"{'city': 'Spartanburg', 'state': 'SC', 'country': 'USA'}",Spartanburg,SC,USA,"Spartanburg, SC",4
2025-09-04,2025-09-09,401772810,2025-09-09T00:15Z,3,Chicago Bears,16,Minnesota Vikings,3,Chicago Bears,2576492,Grady Jarrett,DE,Clemson,"{'city': 'Conyers', 'state': 'GA', 'country': 'USA'}",Conyers,GA,USA,"Conyers, GA",11
2025-09-04,2025-09-09,401772810,2025-09-09T00:15Z,3,Chicago Bears,16,Minnesota Vikings,3,Chicago Bears,4243253,Jaylon Johnson,CB,Utah,"{'city': 'Fresno', 'state': 'CA', 'country': 'USA'}",Fresno,CA,USA,"Fresno, CA",6
2025-09-04,2025-09-09,401772810,2025-09-09T00:15Z,3,Chicago Bears,16,Minnesota Vikings,3,Chicago Bears,4047655,Jaylon Jones,CB,Ole Miss,"{'city': 'Allen', 'state': 'TX', 'country': 'USA'}",Allen,TX,USA,"Allen, TX",4
2025-09-04,2025-09-09,401772810,2025-09-09T00:15Z,3,Chicago Bears,16,Minnesota Vikings,3,Chicago Bears,4036169,Nick McCloud,CB,Notre Dame,"{'city': 'Rock Hill', 'state': 'SC', 'country': 'USA'}",Rock Hill,SC,USA,"Rock Hill, SC",5
2025-09-04,2025-09-09,401772810,2025-09-09T00:15Z,3,Chicago Bears,16,Minnesota Vikings,3,Chicago Bears,4242659,Dayo Odeyingbo,DE,Vanderbilt,"{'city': 'Irving', 'state': 'TX', 'country': 'USA'}",Irving,TX,USA,"Irving, TX",5
2025-09-04,2025-09-09,401772810,2025-09-09T00:15Z,3,Chicago Bears,16,Minnesota Vikings,3,Chicago Bears,4331768,Jonathan Owens,S,Missouri Western,"{'city': 'St. Louis', 'state': 'MO', 'country': 'USA'}",St. Louis,MO,USA,"St. Louis, MO",7
2025-09-04,2025-09-09,401772810,2025-09-09T00:15Z,3,Chicago Bears,16,Minnesota Vikings,3,Chicago Bears,4244300,Dominique Robinson,DE,Miami (OH),"{'city': 'Canton', 'state': 'OH', 'country': 'USA'}",Canton,OH,USA,"Canton, OH",4
2025-09-04,2025-09-09,401772810,2025-09-09T00:15Z,3,Chicago Bears,16,Minnesota Vikings,3,Chicago Bears,4430822,Noah Sewell,LB,Oregon,"{'city': 'Malaeimi', 'country': 'American Samoa'}",Malaeimi,,American Samoa,Malaeimi,3
2025-09-04,2025-09-09,401772810,2025-09-09T00:15Z,3,Chicago Bears,16,Minnesota Vikings,3,Chicago Bears,4426374,Tyrique Stevenson,CB,Miami,"{'city': 'Miami', 'state': 'FL', 'country': 'USA'}",Miami,FL,USA,"Miami, FL",3
2025-09-04,2025-09-09,401772810,2025-09-09T00:15Z,3,Chicago Bears,16,Minnesota Vikings,3,Chicago Bears,3134690,Montez Sweat,DE,Mississippi State,"{'city': 'Stone Mountain', 'state': 'GA', 'country': 'USA'}",Stone Mountain,GA,USA,"Stone Mountain, GA",7
2025-09-04,2025-09-09,401772810,2025-09-09T00:15Z,3,Chicago Bears,16,Minnesota Vikings,3,Chicago Bears,4432804,Shemar Turner,DT,Texas A&M,"{'city': 'Desoto', 'state': 'TX', 'country': 'USA'}",Desoto,TX,USA,"Desoto, TX",
2025-09-04,2025-09-09,401772810,2025-09-09T00:15Z,3,Chicago Bears,16,Minnesota Vikings,3,Chicago Bears,4034530,Chris Williams,DT,Wagner,"{'city': 'Brooklyn', 'state': 'NY', 'country': 'USA'}",Brooklyn,NY,USA,"Brooklyn, NY",4
2025-09-04,2025-09-09,401772810,2025-09-09T00:15Z,3,Chicago Bears,16,Minnesota Vikings,3,Chicago Bears,4570470,Nahshon Wright,CB,Oregon State,"{'city': 'East Palo Alto', 'state': 'CA', 'country': 'USA'}",East Palo Alto,CA,USA,"East Palo Alto, CA",5
2025-09-04,2025-09-09,401772810,2025-09-09T00:15Z,3,Chicago Bears,16,Minnesota Vikings,3,Chicago Bears,2980138,Scott Daly,LS,Notre Dame,"{'city': 'Downers Grove', 'state': 'IL', 'country': 'USA'}",Downers Grove,IL,USA,"Downers Grove, IL",5
2025-09-04,2025-09-09,401772810,2025-09-09T00:15Z,3,Chicago Bears,16,Minnesota Vikings,3,Chicago Bears,17427,Cairo Santos,PK,Tulane,"{'city': 'Saint Augustine', 'state': 'FL', 'country': 'USA'}",Saint Augustine,FL,USA,"Saint Augustine, FL",12
2025-09-04,2025-09-09,401772810,2025-09-09T00:15Z,3,Chicago Bears,16,Minnesota Vikings,3,Chicago Bears,4686889,Tory Taylor,P,Iowa,"{'city': 'Melbourne', 'state': 'VIC', 'country': 'Australia'}",Melbourne,VIC,Australia,"Melbourne, VIC",2
2025-09-04,2025-09-09,401772810,2025-09-09T00:15Z,3,Chicago Bears,16,Minnesota Vikings,3,Chicago Bears,4683553,Austin Booker,DE,Kansas,"{'city': 'Greenwood', 'state': 'IN', 'country': 'USA'}",Greenwood,IN,USA,"Greenwood, IN",2
2025-09-04,2025-09-09,401772810,2025-09-09T00:15Z,3,Chicago Bears,16,Minnesota Vikings,3,Chicago Bears,4572685,Zah Frazier,CB,UTSA,"{'city': 'Cedartown', 'state': 'GA', 'country': 'USA'}",Cedartown,GA,USA,"Cedartown, GA",
2025-09-04,2025-09-09,401772810,2025-09-09T00:15Z,3,Chicago Bears,16,Minnesota Vikings,3,Chicago Bears,4575667,Deion Hankins,RB,Texas State,"{'city': 'El Paso', 'state': 'TX', 'country': 'USA'}",El Paso,TX,USA,"El Paso, TX",
2025-09-04,2025-09-09,401772810,2025-09-09T00:15Z,3,Chicago Bears,16,Minnesota Vikings,3,Chicago Bears,4037457,Travis Homer,RB,Miami,"{'city': 'West Palm Beach', 'state': 'FL', 'country': 'USA'}",West Palm Beach,FL,USA,"West Palm Beach, FL",7
2025-09-04,2025-09-09,401772810,2025-09-09T00:15Z,3,Chicago Bears,16,Minnesota Vikings,3,Chicago Bears,4038432,Amen Ogbongbemiga,LB,Oklahoma State,"{'city': 'Calgary', 'state': 'AB', 'country': 'Canada'}",Calgary,AB,Canada,"Calgary, AB",5
2025-09-04,2025-09-09,401772810,2025-09-09T00:15Z,3,Chicago Bears,16,Minnesota Vikings,3,Chicago Bears,4360935,Terell Smith,CB,Minnesota,"{'city': 'Snellville', 'state': 'GA', 'country': 'USA'}",Snellville,GA,USA,"Snellville, GA",3
2025-09-04,2025-09-09,401772810,2025-09-09T00:15Z,3,Chicago Bears,16,Minnesota Vikings,3,Chicago Bears,3914307,Maurice Alexander,WR,Florida International,"{'city': 'Florida City', 'state': 'FL', 'country': 'USA'}",Florida City,FL,USA,"Florida City, FL",1
2025-09-04,2025-09-09,401772810,2025-09-09T00:15Z,3,Chicago Bears,16,Minnesota Vikings,3,Chicago Bears,3932423,Miles Boykin,WR,Notre Dame,"{'city': 'Tinley Park', 'state': 'IL', 'country': 'USA'}",Tinley Park,IL,USA,"Tinley Park, IL",6
2025-09-04,2025-09-09,401772810,2025-09-09T00:15Z,3,Chicago Bears,16,Minnesota Vikings,3,Chicago Bears,4036032,Brittain Brown,RB,UCLA,"{'city': 'Canton', 'state': 'GA', 'country': 'USA'}",Canton,GA,USA,"Canton, GA",3
2025-09-04,2025-09-09,401772810,2025-09-09T00:15Z,3,Chicago Bears,16,Minnesota Vikings,3,Chicago Bears,3948283,Stephen Carlson,TE,Princeton,"{'city': 'Jamestown', 'state': 'NY', 'country': 'USA'}",Jamestown,NY,USA,"Jamestown, NY",4
2025-09-04,2025-09-09,401772810,2025-09-09T00:15Z,3,Chicago Bears,16,Minnesota Vikings,3,Chicago Bears,4429189,Xavier Carlton,DE,California,"{'city': 'Modesto', 'state': 'CA', 'country': 'USA'}",Modesto,CA,USA,"Modesto, CA",
2025-09-04,2025-09-09,401772810,2025-09-09T00:15Z,3,Chicago Bears,16,Minnesota Vikings,3,Chicago Bears,3046326,Tre Flowers,CB,Oklahoma State,"{'city': 'Converse', 'state': 'TX', 'country': 'USA'}",Converse,TX,USA,"Converse, TX",8
2025-09-04,2025-09-09,401772810,2025-09-09T00:15Z,3,Chicago Bears,16,Minnesota Vikings,3,Chicago Bears,4259762,Jonathan Ford,DT,Miami,"{'city': 'Fort Lauderdale', 'state': 'FL', 'country': 'USA'}",Fort Lauderdale,FL,USA,"Fort Lauderdale, FL",3
2025-09-04,2025-09-09,401772810,2025-09-09T00:15Z,3,Chicago Bears,16,Minnesota Vikings,3,Chicago Bears,4569428,Carl Jones,LB,UCLA,"{'city': 'Bakersfield', 'state': 'CA', 'country': 'USA'}",Bakersfield,CA,USA,"Bakersfield, CA",1
2025-09-04,2025-09-09,401772810,2025-09-09T00:15Z,3,Chicago Bears,16,Minnesota Vikings,3,Chicago Bears,4916349,Nikola Kalinic,TE,,"{'city': 'Toronto', 'state': 'ON', 'country': 'Canada'}",Toronto,ON,Canada,"Toronto, ON",2
2025-09-04,2025-09-09,401772810,2025-09-09T00:15Z,3,Chicago Bears,16,Minnesota Vikings,3,Chicago Bears,2982313,Tanoh Kpassagnon,DE,Villanova,"{'city': 'Ambler', 'state': 'PA', 'country': 'USA'}",Ambler,PA,USA,"Ambler, PA",8
2025-09-04,2025-09-09,401772810,2025-09-09T00:15Z,3,Chicago Bears,16,Minnesota Vikings,3,Chicago Bears,4372463,Jamree Kromah,DE,James Madison,"{'city': 'Glenarden', 'state': 'MD', 'country': 'USA'}",Glenarden,MD,USA,"Glenarden, MD",1
2025-09-04,2025-09-09,401772810,2025-09-09T00:15Z,3,Chicago Bears,16,Minnesota Vikings,3,Chicago Bears,4430805,Dontae Manning,CB,Oregon,"{'city': 'Kansas City', 'state': 'MO', 'country': 'USA'}",Kansas City,MO,USA,"Kansas City, MO",
2025-09-04,2025-09-09,401772810,2025-09-09T00:15Z,3,Chicago Bears,16,Minnesota Vikings,3,Chicago Bears,4360319,Jordan McFadden,G,Clemson,"{'city': 'Spartanburg', 'state': 'SC', 'country': 'USA'}",Spartanburg,SC,USA,"Spartanburg, SC",3
2025-09-04,2025-09-09,401772810,2025-09-09T00:15Z,3,Chicago Bears,16,Minnesota Vikings,3,Chicago Bears,4567482,Gervarrius Owens,S,Houston,"{'city': 'Moore', 'state': 'OK', 'country': 'USA'}",Moore,OK,USA,"Moore, OK",2
2025-09-04,2025-09-09,401772810,2025-09-09T00:15Z,3,Chicago Bears,16,Minnesota Vikings,3,Chicago Bears,4685183,JP Richardson,WR,TCU,"{'city': 'Missouri City', 'state': 'TX', 'country': 'USA'}",Missouri City,TX,USA,"Missouri City, TX",
2025-09-04,2025-09-09,401772810,2025-09-09T00:15Z,3,Chicago Bears,16,Minnesota Vikings,3,Chicago Bears,4567173,Ricky Stromberg,C,Arkansas,"{'city': 'Tulsa', 'state': 'OK', 'country': 'USA'}",Tulsa,OK,USA,"Tulsa, OK",2
2025-09-04,2025-09-09,401772810,2025-09-09T00:15Z,3,Chicago Bears,16,Minnesota Vikings,16,Minnesota Vikings,4429205,Jordan Addison,WR,USC,"{'city': 'Frederick', 'state': 'MD', 'country': 'USA'}",Frederick,MD,USA,"Frederick, MD",3
2025-09-04,2025-09-09,401772810,2025-09-09T00:15Z,3,Chicago Bears,16,Minnesota Vikings,16,Minnesota Vikings,3930270,Blake Brandel,G,Oregon State,"{'city': 'Milwaukie', 'state': 'OR', 'country': 'USA'}",Milwaukie,OR,USA,"Milwaukie, OR",5
2025-09-04,2025-09-09,401772810,2025-09-09T00:15Z,3,Chicago Bears,16,Minnesota Vikings,16,Minnesota Vikings,4573398,Max Brosmer,QB,Minnesota,"{'city': 'Roswell', 'state': 'GA', 'country': 'USA'}",Roswell,GA,USA,"Roswell, GA",
2025-09-04,2025-09-09,401772810,2025-09-09T00:15Z,3,Chicago Bears,16,Minnesota Vikings,16,Minnesota Vikings,4242431,Ty Chandler,RB,North Carolina,"{'city': 'Nashville', 'state': 'TN', 'country': 'USA'}",Nashville,TN,USA,"Nashville, TN",4
2025-09-04,2025-09-09,401772810,2025-09-09T00:15Z,3,Chicago Bears,16,Minnesota Vikings,16,Minnesota Vikings,4361985,Christian Darrisaw,OT,Virginia Tech,"{'city': 'Upper Marlboro', 'state': 'MD', 'country': 'USA'}",Upper Marlboro,MD,USA,"Upper Marlboro, MD",5
2025-09-04,2025-09-09,401772810,2025-09-09T00:15Z,3,Chicago Bears,16,Minnesota Vikings,16,Minnesota Vikings,4565185,Tai Felton,WR,Maryland,"{'city': 'Ashburn', 'state': 'VA', 'country': 'USA'}",Ashburn,VA,USA,"Ashburn, VA",
2025-09-04,2025-09-09,401772810,2025-09-09T00:15Z,3,Chicago Bears,16,Minnesota Vikings,16,Minnesota Vikings,4045176,Will Fries,G,Penn State,"{'city': 'Cranford', 'state': 'NJ', 'country': 'USA'}",Cranford,NJ,USA,"Cranford, NJ",5
2025-09-04,2025-09-09,401772810,2025-09-09T00:15Z,3,Chicago Bears,16,Minnesota Vikings,16,Minnesota Vikings,4036133,T.J. Hockenson,TE,Iowa,"{'city': 'Chariton', 'state': 'IA', 'country': 'USA'}",Chariton,IA,USA,"Chariton, IA",7
2025-09-04,2025-09-09,401772810,2025-09-09T00:15Z,3,Chicago Bears,16,Minnesota Vikings,16,Minnesota Vikings,4690210,Joe Huber,G,Wisconsin,"{'city': 'Dublin', 'state': 'OH', 'country': 'USA'}",Dublin,OH,USA,"Dublin, OH",
2025-09-04,2025-09-09,401772810,2025-09-09T00:15Z,3,Chicago Bears,16,Minnesota Vikings,16,Minnesota Vikings,4431553,Donovan Jackson,G,Ohio State,"{'city': 'Cypress', 'state': 'TX', 'country': 'USA'}",Cypress,TX,USA,"Cypress, TX",
2025-09-04,2025-09-09,401772810,2025-09-09T00:15Z,3,Chicago Bears,16,Minnesota Vikings,16,Minnesota Vikings,4262921,Justin Jefferson,WR,LSU,"{'city': 'Saint Rose', 'state': 'LA', 'country': 'USA'}",Saint Rose,LA,USA,"Saint Rose, LA",6
2025-09-04,2025-09-09,401772810,2025-09-09T00:15Z,3,Chicago Bears,16,Minnesota Vikings,16,Minnesota Vikings,3042519,Aaron Jones Sr.,RB,UTEP,"{'city': 'El Paso', 'state': 'TX', 'country': 'USA'}",El Paso,TX,USA,"El Paso, TX",9
2025-09-04,2025-09-09,401772810,2025-09-09T00:15Z,3,Chicago Bears,16,Minnesota Vikings,16,Minnesota Vikings,4362010,Michael Jurgens,G,Wake Forest,"{'city': 'Damascus', 'state': 'MD', 'country': 'USA'}",Damascus,MD,USA,"Damascus, MD",2
2025-09-04,2025-09-09,401772810,2025-09-09T00:15Z,3,Chicago Bears,16,Minnesota Vikings,16,Minnesota Vikings,2578475,Ryan Kelly,C,Alabama,"{'city': 'West Chester', 'state': 'OH', 'country': 'USA'}",West Chester,OH,USA,"West Chester, OH",10
2025-09-04,2025-09-09,401772810,2025-09-09T00:15Z,3,Chicago Bears,16,Minnesota Vikings,16,Minnesota Vikings,4360569,Jordan Mason,RB,Georgia Tech,"{'city': 'Gallatin', 'state': 'TN', 'country': 'USA'}",Gallatin,TN,USA,"Gallatin, TN",4
2025-09-04,2025-09-09,401772810,2025-09-09T00:15Z,3,Chicago Bears,16,Minnesota Vikings,16,Minnesota Vikings,4433970,J.J. McCarthy,QB,Michigan,"{'city': 'La Grange Park', 'state': 'IL', 'country': 'USA'}",La Grange Park,IL,USA,"La Grange Park, IL",2
2025-09-04,2025-09-09,401772810,2025-09-09T00:15Z,3,Chicago Bears,16,Minnesota Vikings,16,Minnesota Vikings,4382466,Jalen Nailor,WR,Michigan State,"{'city': 'Palmdale', 'state': 'CA', 'country': 'USA'}",Palmdale,CA,USA,"Palmdale, CA",4
2025-09-04,2025-09-09,401772810,2025-09-09T00:15Z,3,Chicago Bears,16,Minnesota Vikings,16,Minnesota Vikings,3123954,Brian O'Neill,OT,Pittsburgh,"{'city': 'Wilmington', 'state': 'DE', 'country': 'USA'}",Wilmington,DE,USA,"Wilmington, DE",8
2025-09-04,2025-09-09,401772810,2025-09-09T00:15Z,3,Chicago Bears,16,Minnesota Vikings,16,Minnesota Vikings,3921690,Josh Oliver,TE,San José State,"{'city': 'Paso Robles', 'state': 'CA', 'country': 'USA'}",Paso Robles,CA,USA,"Paso Robles, CA",7
2025-09-04,2025-09-09,401772810,2025-09-09T00:15Z,3,Chicago Bears,16,Minnesota Vikings,16,Minnesota Vikings,4430656,Myles Price,WR,Indiana,"{'city': 'Dallas', 'state': 'TX', 'country': 'USA'}",Dallas,TX,USA,"Dallas, TX",
2025-09-04,2025-09-09,401772810,2025-09-09T00:15Z,3,Chicago Bears,16,Minnesota Vikings,16,Minnesota Vikings,4428394,Walter Rouse,OT,Oklahoma,"{'city': 'Silver Spring', 'state': 'MD', 'country': 'USA'}",Silver Spring,MD,USA,"Silver Spring, MD",2
2025-09-04,2025-09-09,401772810,2025-09-09T00:15Z,3,Chicago Bears,16,Minnesota Vikings,16,Minnesota Vikings,4257364,Zavier Scott,RB,Maine,"{'city': 'Fort Hood', 'state': 'TX', 'country': 'USA'}",Fort Hood,TX,USA,"Fort Hood, TX",1
2025-09-04,2025-09-09,401772810,2025-09-09T00:15Z,3,Chicago Bears,16,Minnesota Vikings,16,Minnesota Vikings,3915777,Justin Skule,OT,Vanderbilt,"{'city': 'Clifton', 'state': 'VA', 'country': 'USA'}",Clifton,VA,USA,"Clifton, VA",6
2025-09-04,2025-09-09,401772810,2025-09-09T00:15Z,3,Chicago Bears,16,Minnesota Vikings,16,Minnesota Vikings,16460,Adam Thielen,WR,Minnesota State,"{'city': 'Detroit Lakes', 'state': 'MN', 'country': 'USA'}",Detroit Lakes,MN,USA,"Detroit Lakes, MN",12
2025-09-04,2025-09-09,401772810,2025-09-09T00:15Z,3,Chicago Bears,16,Minnesota Vikings,16,Minnesota Vikings,2573079,Carson Wentz,QB,North Dakota State,"{'city': 'Bismarck', 'state': 'ND', 'country': 'USA'}",Bismarck,ND,USA,"Bismarck, ND",10
2025-09-04,2025-09-09,401772810,2025-09-09T00:15Z,3,Chicago Bears,16,Minnesota Vikings,16,Minnesota Vikings,4433959,Ben Yurosek,TE,Georgia,"{'city': 'Bakersfield', 'state': 'CA', 'country': 'USA'}",Bakersfield,CA,USA,"Bakersfield, CA",
2025-09-04,2025-09-09,401772810,2025-09-09T00:15Z,3,Chicago Bears,16,Minnesota Vikings,16,Minnesota Vikings,3054840,Jonathan Allen,DT,Alabama,"{'city': 'Leesburg', 'state': 'VA', 'country': 'USA'}",Leesburg,VA,USA,"Leesburg, VA",9
2025-09-04,2025-09-09,401772810,2025-09-09T00:15Z,3,Chicago Bears,16,Minnesota Vikings,16,Minnesota Vikings,3728281,Blake Cashman,LB,Minnesota,"{'city': 'Eden Prairie', 'state': 'MN', 'country': 'USA'}",Eden Prairie,MN,USA,"Eden Prairie, MN",7
2025-09-04,2025-09-09,401772810,2025-09-09T00:15Z,3,Chicago Bears,16,Minnesota Vikings,16,Minnesota Vikings,4431520,Chaz Chambliss,LB,Georgia,"{'city': 'Carrollton', 'state': 'GA', 'country': 'USA'}",Carrollton,GA,USA,"Carrollton, GA",
2025-09-04,2025-09-09,401772810,2025-09-09T00:15Z,3,Chicago Bears,16,Minnesota Vikings,16,Minnesota Vikings,3916409,Jonathan Greenard,LB,Florida,"{'city': 'Hiram', 'state': 'GA', 'country': 'USA'}",Hiram,GA,USA,"Hiram, GA",6
2025-09-04,2025-09-09,401772810,2025-09-09T00:15Z,3,Chicago Bears,16,Minnesota Vikings,16,Minnesota Vikings,2983055,Javon Hargrave,DT,South Carolina State,"{'city': 'Salisbury', 'state': 'NC', 'country': 'USA'}",Salisbury,NC,USA,"Salisbury, NC",10
2025-09-04,2025-09-09,401772810,2025-09-09T00:15Z,3,Chicago Bears,16,Minnesota Vikings,16,Minnesota Vikings,4629149,Tyrion Ingram-Dawkins,DE,Georgia,"{'city': 'Gaffney', 'state': 'SC', 'country': 'USA'}",Gaffney,SC,USA,"Gaffney, SC",
2025-09-04,2025-09-09,401772810,2025-09-09T00:15Z,3,Chicago Bears,16,Minnesota Vikings,16,Minnesota Vikings,4242436,Theo Jackson,S,Tennessee,"{'city': 'Nashville', 'state': 'TN', 'country': 'USA'}",Nashville,TN,USA,"Nashville, TN",4
2025-09-04,2025-09-09,401772810,2025-09-09T00:15Z,3,Chicago Bears,16,Minnesota Vikings,16,Minnesota Vikings,4429185,Austin Keys,LB,Auburn,"{'city': 'Taylorsville', 'state': 'MS', 'country': 'USA'}",Taylorsville,MS,USA,"Taylorsville, MS",
2025-09-04,2025-09-09,401772810,2025-09-09T00:15Z,3,Chicago Bears,16,Minnesota Vikings,16,Minnesota Vikings,4588300,Kobe King,LB,Penn State,"{'city': 'Detroit', 'state': 'MI', 'country': 'USA'}",Detroit,MI,USA,"Detroit, MI",
2025-09-04,2025-09-09,401772810,2025-09-09T00:15Z,3,Chicago Bears,16,Minnesota Vikings,16,Minnesota Vikings,4429128,Dwight McGlothern,CB,Arkansas,"{'city': 'Houston', 'state': 'TX', 'country': 'USA'}",Houston,TX,USA,"Houston, TX",2
2025-09-04,2025-09-09,401772810,2025-09-09T00:15Z,3,Chicago Bears,16,Minnesota Vikings,16,Minnesota Vikings,4046537,Joshua Metellus,S,Michigan,"{'city': 'Pembroke Pines', 'state': 'FL', 'country': 'USA'}",Pembroke Pines,FL,USA,"Pembroke Pines, FL",6
2025-09-04,2025-09-09,401772810,2025-09-09T00:15Z,3,Chicago Bears,16,Minnesota Vikings,16,Minnesota Vikings,4038999,Byron Murphy Jr.,CB,Washington,"{'city': 'Scottsdale', 'state': 'AZ', 'country': 'USA'}",Scottsdale,AZ,USA,"Scottsdale, AZ",7
2025-09-04,2025-09-09,401772810,2025-09-09T00:15Z,3,Chicago Bears,16,Minnesota Vikings,16,Minnesota Vikings,4241984,Jeff Okudah,CB,Ohio State,"{'city': 'Grand Prairie', 'state': 'TX', 'country': 'USA'}",Grand Prairie,TX,USA,"Grand Prairie, TX",6
2025-09-04,2025-09-09,401772810,2025-09-09T00:15Z,3,Chicago Bears,16,Minnesota Vikings,16,Minnesota Vikings,4430280,Ivan Pace Jr.,LB,Cincinnati,"{'city': 'Cincinnati', 'state': 'OH', 'country': 'USA'}",Cincinnati,OH,USA,"Cincinnati, OH",3
2025-09-04,2025-09-09,401772810,2025-09-09T00:15Z,3,Chicago Bears,16,Minnesota Vikings,16,Minnesota Vikings,4360277,Jalen Redmond,DT,Oklahoma,"{'city': 'Midwest City', 'state': 'OK', 'country': 'USA'}",Midwest City,OK,USA,"Midwest City, OK",2
2025-09-04,2025-09-09,401772810,2025-09-09T00:15Z,3,Chicago Bears,16,Minnesota Vikings,16,Minnesota Vikings,4875564,Bo Richter,LB,Air Force,"{'city': 'Naperville', 'state': 'IL', 'country': 'USA'}",Naperville,IL,USA,"Naperville, IL",2
2025-09-04,2025-09-09,401772810,2025-09-09T00:15Z,3,Chicago Bears,16,Minnesota Vikings,16,Minnesota Vikings,4044540,Isaiah Rodgers,CB,Massachusetts,"{'city': 'Tampa', 'state': 'FL', 'country': 'USA'}",Tampa,FL,USA,"Tampa, FL",5
2025-09-04,2025-09-09,401772810,2025-09-09T00:15Z,3,Chicago Bears,16,Minnesota Vikings,16,Minnesota Vikings,5093973,Levi Drake Rodriguez,DT,East Texas A&M,"{'city': 'Georgetown', 'state': 'TX', 'country': 'USA'}",Georgetown,TX,USA,"Georgetown, TX",2
2025-09-04,2025-09-09,401772810,2025-09-09T00:15Z,3,Chicago Bears,16,Minnesota Vikings,16,Minnesota Vikings,14945,Harrison Smith,S,Notre Dame,"{'city': 'Knoxville', 'state': 'TN', 'country': 'USA'}",Knoxville,TN,USA,"Knoxville, TN",14
2025-09-04,2025-09-09,401772810,2025-09-09T00:15Z,3,Chicago Bears,16,Minnesota Vikings,16,Minnesota Vikings,4334405,Tavierre Thomas,S,Ferris State,"{'city': 'Detroit', 'state': 'MI', 'country': 'USA'}",Detroit,MI,USA,"Detroit, MI",8
2025-09-04,2025-09-09,401772810,2025-09-09T00:15Z,3,Chicago Bears,16,Minnesota Vikings,16,Minnesota Vikings,4565190,Dallas Turner,LB,Alabama,"{'city': 'Fort Lauderdale', 'state': 'FL', 'country': 'USA'}",Fort Lauderdale,FL,USA,"Fort Lauderdale, FL",2
2025-09-04,2025-09-09,401772810,2025-09-09T00:15Z,3,Chicago Bears,16,Minnesota Vikings,16,Minnesota Vikings,3133487,Andrew Van Ginkel,LB,Wisconsin,"{'city': 'Rock Valley', 'state': 'IA', 'country': 'USA'}",Rock Valley,IA,USA,"Rock Valley, IA",7
2025-09-04,2025-09-09,401772810,2025-09-09T00:15Z,3,Chicago Bears,16,Minnesota Vikings,16,Minnesota Vikings,4568007,Jay Ward,S,LSU,"{'city': 'Moultrie', 'state': 'GA', 'country': 'USA'}",Moultrie,GA,USA,"Moultrie, GA",3
2025-09-04,2025-09-09,401772810,2025-09-09T00:15Z,3,Chicago Bears,16,Minnesota Vikings,16,Minnesota Vikings,4696782,Elijah Williams,DE,Morgan State,"{'city': 'Jersey City', 'state': 'NJ', 'country': 'USA'}",Jersey City,NJ,USA,"Jersey City, NJ",
2025-09-04,2025-09-09,401772810,2025-09-09T00:15Z,3,Chicago Bears,16,Minnesota Vikings,16,Minnesota Vikings,3056916,Eric Wilson,LB,Cincinnati,"{'city': 'Redford', 'state': 'MI', 'country': 'USA'}",Redford,MI,USA,"Redford, MI",9
2025-09-04,2025-09-09,401772810,2025-09-09T00:15Z,3,Chicago Bears,16,Minnesota Vikings,16,Minnesota Vikings,15726,Andrew DePaola,LS,Rutgers,"{'city': 'Parkton', 'state': 'MD', 'country': 'USA'}",Parkton,MD,USA,"Parkton, MD",11
2025-09-04,2025-09-09,401772810,2025-09-09T00:15Z,3,Chicago Bears,16,Minnesota Vikings,16,Minnesota Vikings,4567104,Will Reichard,PK,Alabama,"{'city': 'Hoover', 'state': 'AL', 'country': 'USA'}",Hoover,AL,USA,"Hoover, AL",2
2025-09-04,2025-09-09,401772810,2025-09-09T00:15Z,3,Chicago Bears,16,Minnesota Vikings,16,Minnesota Vikings,4361823,Ryan Wright,P,Tulane,"{'city': 'San Ramon', 'state': 'CA', 'country': 'USA'}",San Ramon,CA,USA,"San Ramon, CA",4
2025-09-04,2025-09-09,401772810,2025-09-09T00:15Z,3,Chicago Bears,16,Minnesota Vikings,16,Minnesota Vikings,4708049,Gavin Bartholomew,TE,Pittsburgh,"{'city': 'Schuylkill Haven', 'state': 'PA', 'country': 'USA'}",Schuylkill Haven,PA,USA,"Schuylkill Haven, PA",
2025-09-04,2025-09-09,401772810,2025-09-09T00:15Z,3,Chicago Bears,16,Minnesota Vikings,16,Minnesota Vikings,4608794,Tyler Batty,LB,BYU,"{'city': 'Payson', 'state': 'UT', 'country': 'USA'}",Payson,UT,USA,"Payson, UT",
2025-09-04,2025-09-09,401772810,2025-09-09T00:15Z,3,Chicago Bears,16,Minnesota Vikings,16,Minnesota Vikings,4426414,Zeke Correll,C,NC State,"{'city': 'Cincinnati', 'state': 'OH', 'country': 'USA'}",Cincinnati,OH,USA,"Cincinnati, OH",
2025-09-04,2025-09-09,401772810,2025-09-09T00:15Z,3,Chicago Bears,16,Minnesota Vikings,16,Minnesota Vikings,4012556,C.J. Ham,FB,Augustana University (SD),"{'city': 'Duluth', 'state': 'MN', 'country': 'USA'}",Duluth,MN,USA,"Duluth, MN",9
2025-09-04,2025-09-09,401772810,2025-09-09T00:15Z,3,Chicago Bears,16,Minnesota Vikings,16,Minnesota Vikings,4372485,Rondale Moore,WR,Purdue,"{'city': 'New Albany', 'state': 'IN', 'country': 'USA'}",New Albany,IN,USA,"New Albany, IN",5
2025-09-04,2025-09-09,401772810,2025-09-09T00:15Z,3,Chicago Bears,16,Minnesota Vikings,16,Minnesota Vikings,3145005,Matt Nelson,OT,Iowa,"{'city': 'Cedar Rapids', 'state': 'IA', 'country': 'USA'}",Cedar Rapids,IA,USA,"Cedar Rapids, IA",5
2025-09-04,2025-09-09,401772810,2025-09-09T00:15Z,3,Chicago Bears,16,Minnesota Vikings,16,Minnesota Vikings,4361346,Alex Williams,DE,Middle Tennessee,"{'city': 'Akron', 'state': 'OH', 'country': 'USA'}",Akron,OH,USA,"Akron, OH",
2025-09-04,2025-09-09,401772810,2025-09-09T00:15Z,3,Chicago Bears,16,Minnesota Vikings,16,Minnesota Vikings,4367995,Henry Byrd,G,Princeton,"{'city': 'Nashville', 'state': 'TN', 'country': 'USA'}",Nashville,TN,USA,"Nashville, TN",1
2025-09-04,2025-09-09,401772810,2025-09-09T00:15Z,3,Chicago Bears,16,Minnesota Vikings,16,Minnesota Vikings,4565297,Dontae Fleming,WR,Tulane,"{'city': 'Laplace', 'state': 'LA', 'country': 'USA'}",Laplace,LA,USA,"Laplace, LA",
2025-09-04,2025-09-09,401772810,2025-09-09T00:15Z,3,Chicago Bears,16,Minnesota Vikings,16,Minnesota Vikings,4373814,Kahlef Hailassie,CB,Western Kentucky,"{'city': 'Elk Grove', 'state': 'CA', 'country': 'USA'}",Elk Grove,CA,USA,"Elk Grove, CA",3
2025-09-04,2025-09-09,401772810,2025-09-09T00:15Z,3,Chicago Bears,16,Minnesota Vikings,16,Minnesota Vikings,4422407,Jonathan Harris,DE,Lindenwood,"{'city': 'Aurora', 'state': 'IL', 'country': 'USA'}",Aurora,IL,USA,"Aurora, IL",5
2025-09-04,2025-09-09,401772810,2025-09-09T00:15Z,3,Chicago Bears,16,Minnesota Vikings,16,Minnesota Vikings,3915802,Lucky Jackson,WR,Western Kentucky,,,,,,1
2025-09-04,2025-09-09,401772810,2025-09-09T00:15Z,3,Chicago Bears,16,Minnesota Vikings,16,Minnesota Vikings,4360637,Jeshaun Jones,WR,Maryland,"{'city': 'Fort Myers', 'state': 'FL', 'country': 'USA'}",Fort Myers,FL,USA,"Fort Myers, FL",1
2025-09-04,2025-09-09,401772810,2025-09-09T00:15Z,3,Chicago Bears,16,Minnesota Vikings,16,Minnesota Vikings,4245131,Tim Jones,WR,Southern Miss,"{'city': 'Biloxi', 'state': 'MS', 'country': 'USA'}",Biloxi,MS,USA,"Biloxi, MS",4
2025-09-04,2025-09-09,401772810,2025-09-09T00:15Z,3,Chicago Bears,16,Minnesota Vikings,16,Minnesota Vikings,4430218,Vershon Lee,G,South Carolina,"{'city': 'Woodbridge', 'state': 'VA', 'country': 'USA'}",Woodbridge,VA,USA,"Woodbridge, VA",
2025-09-04,2025-09-09,401772810,2025-09-09T00:15Z,3,Chicago Bears,16,Minnesota Vikings,16,Minnesota Vikings,2971586,Fabian Moreau,CB,UCLA,"{'city': 'Sunrise', 'state': 'FL', 'country': 'USA'}",Sunrise,FL,USA,"Sunrise, FL",8
2025-09-04,2025-09-09,401772810,2025-09-09T00:15Z,3,Chicago Bears,16,Minnesota Vikings,16,Minnesota Vikings,4428080,Gabriel Murphy,LB,UCLA,"{'city': 'Dallas', 'state': 'TX', 'country': 'USA'}",Dallas,TX,USA,"Dallas, TX",2
2025-09-04,2025-09-09,401772810,2025-09-09T00:15Z,3,Chicago Bears,16,Minnesota Vikings,16,Minnesota Vikings,4602969,Bryson Nesbit,TE,North Carolina,"{'city': 'Charlotte', 'state': 'NC', 'country': 'USA'}",Charlotte,NC,USA,"Charlotte, NC",
2025-09-04,2025-09-09,401772810,2025-09-09T00:15Z,3,Chicago Bears,16,Minnesota Vikings,16,Minnesota Vikings,4844640,Max Pircher,OT,,"{'city': 'Bolzano', 'country': 'Italy'}",Bolzano,,Italy,Bolzano,1
2025-09-04,2025-09-09,401772810,2025-09-09T00:15Z,3,Chicago Bears,16,Minnesota Vikings,16,Minnesota Vikings,4361114,Taki Taimani,DT,Oregon,"{'city': 'Salt Lake City', 'state': 'UT', 'country': 'USA'}",Salt Lake City,UT,USA,"Salt Lake City, UT",2
2025-09-04,2025-09-09,401772810,2025-09-09T00:15Z,3,Chicago Bears,16,Minnesota Vikings,16,Minnesota Vikings,4240350,Xazavian Valladay,RB,Arizona State,"{'city': 'Chicago', 'state': 'IL', 'country': 'USA'}",Chicago,IL,USA,"Chicago, IL",1
2025-09-04,2025-09-09,401772810,2025-09-09T00:15Z,3,Chicago Bears,16,Minnesota Vikings,16,Minnesota Vikings,2576399,Nick Vannett,TE,Ohio State,"{'city': 'Westerville', 'state': 'OH', 'country': 'USA'}",Westerville,OH,USA,"Westerville, OH",10
2025-09-04,2025-09-09,401772810,2025-09-09T00:15Z,3,Chicago Bears,16,Minnesota Vikings,16,Minnesota Vikings,4695609,Zemaiah Vaughn,CB,Utah,"{'city': 'Beaumont', 'state': 'TX', 'country': 'USA'}",Beaumont,TX,USA,"Beaumont, TX",
2025-09-04,2025-09-09,401772810,2025-09-09T00:15Z,3,Chicago Bears,16,Minnesota Vikings,16,Minnesota Vikings,4035463,K'Von Wallace,S,Clemson,"{'city': 'Richmond', 'state': 'VA', 'country': 'USA'}",Richmond,VA,USA,"Richmond, VA",6
2025-09-04,2025-09-09,401772510,2025-09-05T00:20Z,21,Philadelphia Eagles,6,Dallas Cowboys,21,Philadelphia Eagles,3929630,Saquon Barkley,RB,Penn State,"{'city': 'Coplay', 'state': 'PA', 'country': 'USA'}",Coplay,PA,USA,"Coplay, PA",8
2025-09-04,2025-09-09,401772510,2025-09-05T00:20Z,21,Philadelphia Eagles,6,Dallas Cowboys,21,Philadelphia Eagles,4047646,A.J. Brown,WR,Ole Miss,"{'city': 'Starkville', 'state': 'MS', 'country': 'USA'}",Starkville,MS,USA,"Starkville, MS",7
2025-09-04,2025-09-09,401772510,2025-09-05T00:20Z,21,Philadelphia Eagles,6,Dallas Cowboys,21,Philadelphia Eagles,4241374,Grant Calcaterra,TE,SMU,"{'city': 'Rancho Santa Margarita', 'state': 'CA', 'country': 'USA'}",Rancho Santa Margarita,CA,USA,"Rancho Santa Margarita, CA",4
2025-09-04,2025-09-09,401772510,2025-09-05T00:20Z,21,Philadelphia Eagles,6,Dallas Cowboys,21,Philadelphia Eagles,4715355,Darius Cooper,WR,Tarleton State,"{'city': 'St. Louis', 'state': 'MO', 'country': 'USA'}",St. Louis,MO,USA,"St. Louis, MO",
2025-09-04,2025-09-09,401772510,2025-09-05T00:20Z,21,Philadelphia Eagles,6,Dallas Cowboys,21,Philadelphia Eagles,4035624,Landon Dickerson,G,Alabama,"{'city': 'Hickory', 'state': 'NC', 'country': 'USA'}",Hickory,NC,USA,"Hickory, NC",5
2025-09-04,2025-09-09,401772510,2025-09-05T00:20Z,21,Philadelphia Eagles,6,Dallas Cowboys,21,Philadelphia Eagles,4239934,AJ Dillon,RB,Boston College,"{'city': 'New London', 'state': 'CT', 'country': 'USA'}",New London,CT,USA,"New London, CT",6
2025-09-04,2025-09-09,401772510,2025-09-05T00:20Z,21,Philadelphia Eagles,6,Dallas Cowboys,21,Philadelphia Eagles,4361409,Jahan Dotson,WR,Penn State,"{'city': 'Nazareth', 'state': 'PA', 'country': 'USA'}",Nazareth,PA,USA,"Nazareth, PA",4
2025-09-04,2025-09-09,401772510,2025-09-05T00:20Z,21,Philadelphia Eagles,6,Dallas Cowboys,21,Philadelphia Eagles,3121023,Dallas Goedert,TE,South Dakota State,"{'city': 'Britton', 'state': 'SD', 'country': 'USA'}",Britton,SD,USA,"Britton, SD",8
2025-09-04,2025-09-09,401772510,2025-09-05T00:20Z,21,Philadelphia Eagles,6,Dallas Cowboys,21,Philadelphia Eagles,4039160,Kylen Granson,TE,SMU,"{'city': 'Austin', 'state': 'TX', 'country': 'USA'}",Austin,TX,USA,"Austin, TX",5
2025-09-04,2025-09-09,401772510,2025-09-05T00:20Z,21,Philadelphia Eagles,6,Dallas Cowboys,21,Philadelphia Eagles,4426875,Sam Howell,QB,North Carolina,"{'city': 'Indian Trail', 'state': 'NC', 'country': 'USA'}",Indian Trail,NC,USA,"Indian Trail, NC",4
2025-09-04,2025-09-09,401772510,2025-09-05T00:20Z,21,Philadelphia Eagles,6,Dallas Cowboys,21,Philadelphia Eagles,4040715,Jalen Hurts,QB,Oklahoma,"{'city': 'Houston', 'state': 'TX', 'country': 'USA'}",Houston,TX,USA,"Houston, TX",6
2025-09-04,2025-09-09,401772510,2025-09-05T00:20Z,21,Philadelphia Eagles,6,Dallas Cowboys,21,Philadelphia Eagles,3915106,Fred Johnson,OT,Florida,"{'city': 'West Palm Beach', 'state': 'FL', 'country': 'USA'}",West Palm Beach,FL,USA,"West Palm Beach, FL",7
2025-09-04,2025-09-09,401772510,2025-09-05T00:20Z,21,Philadelphia Eagles,6,Dallas Cowboys,21,Philadelphia Eagles,15797,Lane Johnson,OT,Oklahoma,"{'city': 'Groveton', 'state': 'TX', 'country': 'USA'}",Groveton,TX,USA,"Groveton, TX",13
2025-09-04,2025-09-09,401772510,2025-09-05T00:20Z,21,Philadelphia Eagles,6,Dallas Cowboys,21,Philadelphia Eagles,4361178,Cam Jurgens,C,Nebraska,"{'city': 'Beatrice', 'state': 'NE', 'country': 'USA'}",Beatrice,NE,USA,"Beatrice, NE",4
2025-09-04,2025-09-09,401772510,2025-09-05T00:20Z,21,Philadelphia Eagles,6,Dallas Cowboys,21,Philadelphia Eagles,4567802,Drew Kendall,C,Boston College,"{'city': 'Norwell', 'state': 'MA', 'country': 'USA'}",Norwell,MA,USA,"Norwell, MA",
2025-09-04,2025-09-09,401772510,2025-09-05T00:20Z,21,Philadelphia Eagles,6,Dallas Cowboys,21,Philadelphia Eagles,4334215,Jordan Mailata,OT,,"{'city': 'Sydney', 'state': 'NSW', 'country': 'Australia'}",Sydney,NSW,Australia,"Sydney, NSW",8
2025-09-04,2025-09-09,401772510,2025-09-05T00:20Z,21,Philadelphia Eagles,6,Dallas Cowboys,21,Philadelphia Eagles,4685201,Tanner McKee,QB,Stanford,"{'city': 'Corona', 'state': 'CA', 'country': 'USA'}",Corona,CA,USA,"Corona, CA",3
2025-09-04,2025-09-09,401772510,2025-09-05T00:20Z,21,Philadelphia Eagles,6,Dallas Cowboys,21,Philadelphia Eagles,4567096,John Metchie III,WR,Alabama,"{'city': 'Brampton', 'state': 'ON', 'country': 'Canada'}",Brampton,ON,Canada,"Brampton, ON",3
2025-09-04,2025-09-09,401772510,2025-09-05T00:20Z,21,Philadelphia Eagles,6,Dallas Cowboys,21,Philadelphia Eagles,3055886,Matt Pryor,OT,TCU,"{'city': 'Long Beach', 'state': 'CA', 'country': 'USA'}",Long Beach,CA,USA,"Long Beach, CA",8
2025-09-04,2025-09-09,401772510,2025-09-05T00:20Z,21,Philadelphia Eagles,6,Dallas Cowboys,21,Philadelphia Eagles,4431545,Will Shipley,RB,Clemson,"{'city': 'Weddington', 'state': 'NC', 'country': 'USA'}",Weddington,NC,USA,"Weddington, NC",2
2025-09-04,2025-09-09,401772510,2025-09-05T00:20Z,21,Philadelphia Eagles,6,Dallas Cowboys,21,Philadelphia Eagles,4241478,DeVonta Smith,WR,Alabama,"{'city': 'Amite', 'state': 'LA', 'country': 'USA'}",Amite,LA,USA,"Amite, LA",5
2025-09-04,2025-09-09,401772510,2025-09-05T00:20Z,21,Philadelphia Eagles,6,Dallas Cowboys,21,Philadelphia Eagles,4362805,Tyler Steen,G,Alabama,"{'city': 'Miami', 'state': 'FL', 'country': 'USA'}",Miami,FL,USA,"Miami, FL",3
2025-09-04,2025-09-09,401772510,2025-09-05T00:20Z,21,Philadelphia Eagles,6,Dallas Cowboys,21,Philadelphia Eagles,3129116,Brett Toth,OT,Army,"{'city': 'Charleston', 'state': 'SC', 'country': 'USA'}",Charleston,SC,USA,"Charleston, SC",6
2025-09-04,2025-09-09,401772510,2025-09-05T00:20Z,21,Philadelphia Eagles,6,Dallas Cowboys,21,Philadelphia Eagles,4685590,Cameron Williams,OT,Texas,"{'city': 'Duncanville', 'state': 'TX', 'country': 'USA'}",Duncanville,TX,USA,"Duncanville, TX",
2025-09-04,2025-09-09,401772510,2025-09-05T00:20Z,21,Philadelphia Eagles,6,Dallas Cowboys,21,Philadelphia Eagles,3917657,Zack Baun,LB,Wisconsin,"{'city': 'Brown Deer', 'state': 'WI', 'country': 'USA'}",Brown Deer,WI,USA,"Brown Deer, WI",6
2025-09-04,2025-09-09,401772510,2025-09-05T00:20Z,21,Philadelphia Eagles,6,Dallas Cowboys,21,Philadelphia Eagles,4686911,Jakorian Bennett,CB,Maryland,"{'city': 'Mobile', 'state': 'AL', 'country': 'USA'}",Mobile,AL,USA,"Mobile, AL",3
2025-09-04,2025-09-09,401772510,2025-09-05T00:20Z,21,Philadelphia Eagles,6,Dallas Cowboys,21,Philadelphia Eagles,4243956,Reed Blankenship,S,Middle Tennessee,"{'city': 'Athens', 'state': 'AL', 'country': 'USA'}",Athens,AL,USA,"Athens, AL",4
2025-09-04,2025-09-09,401772510,2025-09-05T00:20Z,21,Philadelphia Eagles,6,Dallas Cowboys,21,Philadelphia Eagles,4360386,Sydney Brown,S,Illinois,"{'city': 'London', 'state': 'ON', 'country': 'Canada'}",London,ON,Canada,"London, ON",3
2025-09-04,2025-09-09,401772510,2025-09-05T00:20Z,21,Philadelphia Eagles,6,Dallas Cowboys,21,Philadelphia Eagles,4685287,Jihaad Campbell,LB,Alabama,"{'city': 'Erial', 'state': 'NJ', 'country': 'USA'}",Erial,NJ,USA,"Erial, NJ",
2025-09-04,2025-09-09,401772510,2025-09-05T00:20Z,21,Philadelphia Eagles,6,Dallas Cowboys,21,Philadelphia Eagles,4685759,Jalen Carter,DT,Georgia,"{'city': 'Apopka', 'state': 'FL', 'country': 'USA'}",Apopka,FL,USA,"Apopka, FL",3
2025-09-04,2025-09-09,401772510,2025-09-05T00:20Z,21,Philadelphia Eagles,6,Dallas Cowboys,21,Philadelphia Eagles,4381558,Jordan Davis,DT,Georgia,"{'city': 'Charlotte', 'state': 'NC', 'country': 'USA'}",Charlotte,NC,USA,"Charlotte, NC",4
2025-09-04,2025-09-09,401772510,2025-09-05T00:20Z,21,Philadelphia Eagles,6,Dallas Cowboys,21,Philadelphia Eagles,4682618,Cooper DeJean,CB,Iowa,"{'city': 'Odebolt', 'state': 'IA', 'country': 'USA'}",Odebolt,IA,USA,"Odebolt, IA",2
2025-09-04,2025-09-09,401772510,2025-09-05T00:20Z,21,Philadelphia Eagles,6,Dallas Cowboys,21,Philadelphia Eagles,3139368,Marcus Epps,S,Wyoming,"{'city': 'Los Angeles', 'state': 'CA', 'country': 'USA'}",Los Angeles,CA,USA,"Los Angeles, CA",7
2025-09-04,2025-09-09,401772510,2025-09-05T00:20Z,21,Philadelphia Eagles,6,Dallas Cowboys,21,Philadelphia Eagles,4429731,Gabe Hall,DT,Baylor,"{'city': 'Waller', 'state': 'TX', 'country': 'USA'}",Waller,TX,USA,"Waller, TX",1
2025-09-04,2025-09-09,401772510,2025-09-05T00:20Z,21,Philadelphia Eagles,6,Dallas Cowboys,21,Philadelphia Eagles,4571162,Jalyx Hunt,LB,Houston Christian,"{'city': 'Debary', 'state': 'FL', 'country': 'USA'}",Debary,FL,USA,"Debary, FL",2
2025-09-04,2025-09-09,401772510,2025-09-05T00:20Z,21,Philadelphia Eagles,6,Dallas Cowboys,21,Philadelphia Eagles,3120347,Adoree' Jackson,CB,USC,"{'city': 'Belleville', 'state': 'IL', 'country': 'USA'}",Belleville,IL,USA,"Belleville, IL",9
2025-09-04,2025-09-09,401772510,2025-09-05T00:20Z,21,Philadelphia Eagles,6,Dallas Cowboys,21,Philadelphia Eagles,4243916,Patrick Johnson,LB,Tulane,"{'city': 'Chattanooga', 'state': 'TN', 'country': 'USA'}",Chattanooga,TN,USA,"Chattanooga, TN",5
2025-09-04,2025-09-09,401772510,2025-09-05T00:20Z,21,Philadelphia Eagles,6,Dallas Cowboys,21,Philadelphia Eagles,4689651,Mac McWilliams,CB,UCF,"{'city': 'Pensacola', 'state': 'FL', 'country': 'USA'}",Pensacola,FL,USA,"Pensacola, FL",
2025-09-04,2025-09-09,401772510,2025-09-05T00:20Z,21,Philadelphia Eagles,6,Dallas Cowboys,21,Philadelphia Eagles,4686273,Quinyon Mitchell,CB,Toledo,"{'city': 'Williston', 'state': 'FL', 'country': 'USA'}",Williston,FL,USA,"Williston, FL",2
2025-09-04,2025-09-09,401772510,2025-09-05T00:20Z,21,Philadelphia Eagles,6,Dallas Cowboys,21,Philadelphia Eagles,4431573,Smael Mondon Jr.,LB,Georgia,"{'city': 'Dallas', 'state': 'GA', 'country': 'USA'}",Dallas,GA,USA,"Dallas, GA",
2025-09-04,2025-09-09,401772510,2025-09-05T00:20Z,21,Philadelphia Eagles,6,Dallas Cowboys,21,Philadelphia Eagles,4602197,Andrew Mukuba,S,Texas,"{'city': 'Harare', 'country': 'Zimbabwe'}",Harare,,Zimbabwe,Harare,
2025-09-04,2025-09-09,401772510,2025-09-05T00:20Z,21,Philadelphia Eagles,6,Dallas Cowboys,21,Philadelphia Eagles,4362116,Moro Ojomo,DT,Texas,"{'city': 'Katy', 'state': 'TX', 'country': 'USA'}",Katy,TX,USA,"Katy, TX",3
2025-09-04,2025-09-09,401772510,2025-09-05T00:20Z,21,Philadelphia Eagles,6,Dallas Cowboys,21,Philadelphia Eagles,4379409,Azeez Ojulari,LB,Georgia,"{'city': 'Marietta', 'state': 'GA', 'country': 'USA'}",Marietta,GA,USA,"Marietta, GA",5
2025-09-04,2025-09-09,401772510,2025-09-05T00:20Z,21,Philadelphia Eagles,6,Dallas Cowboys,21,Philadelphia Eagles,3052667,Ogbo Okoronkwo,DE,Oklahoma,"{'city': 'Houston', 'state': 'TX', 'country': 'USA'}",Houston,TX,USA,"Houston, TX",8
2025-09-04,2025-09-09,401772510,2025-09-05T00:20Z,21,Philadelphia Eagles,6,Dallas Cowboys,21,Philadelphia Eagles,4428992,Kelee Ringo,CB,Georgia,"{'city': 'Tacoma', 'state': 'WA', 'country': 'USA'}",Tacoma,WA,USA,"Tacoma, WA",3
2025-09-04,2025-09-09,401772510,2025-09-05T00:20Z,21,Philadelphia Eagles,6,Dallas Cowboys,21,Philadelphia Eagles,4569586,Ty Robinson,DT,Nebraska,"{'city': 'Gilbert', 'state': 'AZ', 'country': 'USA'}",Gilbert,AZ,USA,"Gilbert, AZ",
2025-09-04,2025-09-09,401772510,2025-09-05T00:20Z,21,Philadelphia Eagles,6,Dallas Cowboys,21,Philadelphia Eagles,3043168,Za'Darius Smith,DE,Kentucky,"{'city': 'Greenville', 'state': 'AL', 'country': 'USA'}",Greenville,AL,USA,"Greenville, AL",10
2025-09-04,2025-09-09,401772510,2025-09-05T00:20Z,21,Philadelphia Eagles,6,Dallas Cowboys,21,Philadelphia Eagles,4426331,Nolan Smith Jr.,LB,Georgia,"{'city': 'Savannah', 'state': 'GA', 'country': 'USA'}",Savannah,GA,USA,"Savannah, GA",3
2025-09-04,2025-09-09,401772510,2025-09-05T00:20Z,21,Philadelphia Eagles,6,Dallas Cowboys,21,Philadelphia Eagles,4432777,Jeremiah Trotter Jr.,LB,Clemson,"{'city': 'Hainesport', 'state': 'NJ', 'country': 'USA'}",Hainesport,NJ,USA,"Hainesport, NJ",2
2025-09-04,2025-09-09,401772510,2025-09-05T00:20Z,21,Philadelphia Eagles,6,Dallas Cowboys,21,Philadelphia Eagles,4046528,Joshua Uche,LB,Michigan,"{'city': 'Miami', 'state': 'FL', 'country': 'USA'}",Miami,FL,USA,"Miami, FL",6
2025-09-04,2025-09-09,401772510,2025-09-05T00:20Z,21,Philadelphia Eagles,6,Dallas Cowboys,21,Philadelphia Eagles,4567123,Byron Young,DT,Alabama,"{'city': 'Laurel', 'state': 'MS', 'country': 'USA'}",Laurel,MS,USA,"Laurel, MS",3
2025-09-04,2025-09-09,401772510,2025-09-05T00:20Z,21,Philadelphia Eagles,6,Dallas Cowboys,21,Philadelphia Eagles,3050478,Jake Elliott,PK,Memphis,"{'city': 'Western Springs', 'state': 'IL', 'country': 'USA'}",Western Springs,IL,USA,"Western Springs, IL",9
2025-09-04,2025-09-09,401772510,2025-09-05T00:20Z,21,Philadelphia Eagles,6,Dallas Cowboys,21,Philadelphia Eagles,15379,Charley Hughlett,LS,UCF,"{'city': 'Tampa', 'state': 'FL', 'country': 'USA'}",Tampa,FL,USA,"Tampa, FL",11
2025-09-04,2025-09-09,401772510,2025-09-05T00:20Z,21,Philadelphia Eagles,6,Dallas Cowboys,21,Philadelphia Eagles,4035239,Braden Mann,P,Texas A&M,"{'city': 'Houston', 'state': 'TX', 'country': 'USA'}",Houston,TX,USA,"Houston, TX",6
2025-09-04,2025-09-09,401772510,2025-09-05T00:20Z,21,Philadelphia Eagles,6,Dallas Cowboys,21,Philadelphia Eagles,4426536,Lewis Cine,S,Georgia,"{'city': 'Cedar Hill', 'state': 'TX', 'country': 'USA'}",Cedar Hill,TX,USA,"Cedar Hill, TX",3
2025-09-04,2025-09-09,401772510,2025-09-05T00:20Z,21,Philadelphia Eagles,6,Dallas Cowboys,21,Philadelphia Eagles,4426340,Nakobe Dean,LB,Georgia,"{'city': 'Horn Lake', 'state': 'MS', 'country': 'USA'}",Horn Lake,MS,USA,"Horn Lake, MS",4
2025-09-04,2025-09-09,401772510,2025-09-05T00:20Z,21,Philadelphia Eagles,6,Dallas Cowboys,21,Philadelphia Eagles,4429000,Myles Hinton,OT,Michigan,"{'city': 'Johns Creek', 'state': 'GA', 'country': 'USA'}",Johns Creek,GA,USA,"Johns Creek, GA",
2025-09-04,2025-09-09,401772510,2025-09-05T00:20Z,21,Philadelphia Eagles,6,Dallas Cowboys,21,Philadelphia Eagles,4582836,Willie Lampkin,C,North Carolina,"{'city': 'Lakeland', 'state': 'FL', 'country': 'USA'}",Lakeland,FL,USA,"Lakeland, FL",
2025-09-04,2025-09-09,401772510,2025-09-05T00:20Z,21,Philadelphia Eagles,6,Dallas Cowboys,21,Philadelphia Eagles,4372070,Ben VanSumeren,FB,Michigan State,"{'city': 'Bay City', 'state': 'MI', 'country': 'USA'}",Bay City,MI,USA,"Bay City, MI",3
2025-09-04,2025-09-09,401772510,2025-09-05T00:20Z,21,Philadelphia Eagles,6,Dallas Cowboys,21,Philadelphia Eagles,4686104,Johnny Wilson,WR,Florida State,"{'city': 'Pacoima', 'state': 'CA', 'country': 'USA'}",Pacoima,CA,USA,"Pacoima, CA",2
2025-09-04,2025-09-09,401772510,2025-09-05T00:20Z,21,Philadelphia Eagles,6,Dallas Cowboys,21,Philadelphia Eagles,4692022,Javon Baker,WR,UCF,"{'city': 'Atlanta', 'state': 'GA', 'country': 'USA'}",Atlanta,GA,USA,"Atlanta, GA",2
2025-09-04,2025-09-09,401772510,2025-09-05T00:20Z,21,Philadelphia Eagles,6,Dallas Cowboys,21,Philadelphia Eagles,4372051,Chance Campbell,LB,Ole Miss,"{'city': 'Ellicott City', 'state': 'MD', 'country': 'USA'}",Ellicott City,MD,USA,"Ellicott City, MD",4
2025-09-04,2025-09-09,401772510,2025-09-05T00:20Z,21,Philadelphia Eagles,6,Dallas Cowboys,21,Philadelphia Eagles,4241588,Elijah Cooks,WR,San José State,"{'city': 'Atascadero', 'state': 'CA', 'country': 'USA'}",Atascadero,CA,USA,"Atascadero, CA",2
2025-09-04,2025-09-09,401772510,2025-09-05T00:20Z,21,Philadelphia Eagles,6,Dallas Cowboys,21,Philadelphia Eagles,3926231,Britain Covey,WR,Utah,"{'city': 'Provo', 'state': 'UT', 'country': 'USA'}",Provo,UT,USA,"Provo, UT",4
2025-09-04,2025-09-09,401772510,2025-09-05T00:20Z,21,Philadelphia Eagles,6,Dallas Cowboys,21,Philadelphia Eagles,4569682,Audric Estime,RB,Notre Dame,"{'city': 'Nyack', 'state': 'NY', 'country': 'USA'}",Nyack,NY,USA,"Nyack, NY",2
2025-09-04,2025-09-09,401772510,2025-09-05T00:20Z,21,Philadelphia Eagles,6,Dallas Cowboys,21,Philadelphia Eagles,4427173,Luke Felix-Fualalo,OT,Hawai'i,"{'city': 'Brisbane', 'state': 'QLD', 'country': 'Australia'}",Brisbane,QLD,Australia,"Brisbane, QLD",
2025-09-04,2025-09-09,401772510,2025-09-05T00:20Z,21,Philadelphia Eagles,6,Dallas Cowboys,21,Philadelphia Eagles,4248557,E.J. Jenkins,TE,Georgia Tech,"{'city': 'Fredericksburg', 'state': 'VA', 'country': 'USA'}",Fredericksburg,VA,USA,"Fredericksburg, VA",2
2025-09-04,2025-09-09,401772510,2025-09-05T00:20Z,21,Philadelphia Eagles,6,Dallas Cowboys,21,Philadelphia Eagles,4594338,Brandon Johnson,S,Oregon,"{'city': 'Newton', 'state': 'NC', 'country': 'USA'}",Newton,NC,USA,"Newton, NC",
2025-09-04,2025-09-09,401772510,2025-09-05T00:20Z,21,Philadelphia Eagles,6,Dallas Cowboys,21,Philadelphia Eagles,4372026,Cameron Latu,TE,Alabama,"{'city': 'Salt Lake City', 'state': 'UT', 'country': 'USA'}",Salt Lake City,UT,USA,"Salt Lake City, UT",2
2025-09-04,2025-09-09,401772510,2025-09-05T00:20Z,21,Philadelphia Eagles,6,Dallas Cowboys,21,Philadelphia Eagles,4362630,Terrace Marshall Jr.,WR,LSU,"{'city': 'Bossier City', 'state': 'LA', 'country': 'USA'}",Bossier City,LA,USA,"Bossier City, LA",5
2025-09-04,2025-09-09,401772510,2025-09-05T00:20Z,21,Philadelphia Eagles,6,Dallas Cowboys,21,Philadelphia Eagles,4433971,Kyle McCord,QB,Syracuse,"{'city': 'Mount Laurel', 'state': 'NJ', 'country': 'USA'}",Mount Laurel,NJ,USA,"Mount Laurel, NJ",
2025-09-04,2025-09-09,401772510,2025-09-05T00:20Z,21,Philadelphia Eagles,6,Dallas Cowboys,21,Philadelphia Eagles,3041098,Parry Nickerson,CB,Tulane,"{'city': 'Algiers', 'state': 'LA', 'country': 'USA'}",Algiers,LA,USA,"Algiers, LA",5
2025-09-04,2025-09-09,401772510,2025-09-05T00:20Z,21,Philadelphia Eagles,6,Dallas Cowboys,21,Philadelphia Eagles,4429011,Eli Ricks,CB,Alabama,"{'city': 'Rancho Cucamonga', 'state': 'CA', 'country': 'USA'}",Rancho Cucamonga,CA,USA,"Rancho Cucamonga, CA",3
2025-09-04,2025-09-09,401772510,2025-09-05T00:20Z,21,Philadelphia Eagles,6,Dallas Cowboys,21,Philadelphia Eagles,4250510,Andre' Sam,S,LSU,"{'city': 'Iowa', 'state': 'LA', 'country': 'USA'}",Iowa,LA,USA,"Iowa, LA",1
2025-09-04,2025-09-09,401772510,2025-09-05T00:20Z,21,Philadelphia Eagles,6,Dallas Cowboys,21,Philadelphia Eagles,4258209,Ambry Thomas,CB,Michigan,"{'city': 'Detroit', 'state': 'MI', 'country': 'USA'}",Detroit,MI,USA,"Detroit, MI",5
2025-09-04,2025-09-09,401772510,2025-09-05T00:20Z,21,Philadelphia Eagles,6,Dallas Cowboys,6,Dallas Cowboys,4046557,Hakeem Adeniji,OT,Kansas,"{'city': 'Garland', 'state': 'TX', 'country': 'USA'}",Garland,TX,USA,"Garland, TX",6
2025-09-04,2025-09-09,401772510,2025-09-05T00:20Z,21,Philadelphia Eagles,6,Dallas Cowboys,6,Dallas Cowboys,4685120,T.J. Bass,G,Oregon,"{'city': 'Deming', 'state': 'WA', 'country': 'USA'}",Deming,WA,USA,"Deming, WA",3
2025-09-04,2025-09-09,401772510,2025-09-05T00:20Z,21,Philadelphia Eagles,6,Dallas Cowboys,6,Dallas Cowboys,4426663,Cooper Beebe,C,Kansas State,"{'city': 'Kansas City', 'state': 'KS', 'country': 'USA'}",Kansas City,KS,USA,"Kansas City, KS",2
2025-09-04,2025-09-09,401772510,2025-09-05T00:20Z,21,Philadelphia Eagles,6,Dallas Cowboys,6,Dallas Cowboys,4685279,Jaydon Blue,RB,Texas,"{'city': 'Houston', 'state': 'TX', 'country': 'USA'}",Houston,TX,USA,"Houston, TX",
2025-09-04,2025-09-09,401772510,2025-09-05T00:20Z,21,Philadelphia Eagles,6,Dallas Cowboys,6,Dallas Cowboys,4685263,Tyler Booker,G,Alabama,"{'city': 'New Haven', 'state': 'CT', 'country': 'USA'}",New Haven,CT,USA,"New Haven, CT",
2025-09-04,2025-09-09,401772510,2025-09-05T00:20Z,21,Philadelphia Eagles,6,Dallas Cowboys,6,Dallas Cowboys,4696203,Ajani Cornelius,OT,Oregon,"{'city': 'Harlem', 'state': 'NY', 'country': 'USA'}",Harlem,NY,USA,"Harlem, NY",
2025-09-04,2025-09-09,401772510,2025-09-05T00:20Z,21,Philadelphia Eagles,6,Dallas Cowboys,6,Dallas Cowboys,4242355,Jake Ferguson,TE,Wisconsin,"{'city': 'Madison', 'state': 'WI', 'country': 'USA'}",Madison,WI,USA,"Madison, WI",4
2025-09-04,2025-09-09,401772510,2025-09-05T00:20Z,21,Philadelphia Eagles,6,Dallas Cowboys,6,Dallas Cowboys,5083754,Ryan Flournoy,WR,Southeast Missouri State,"{'city': 'Hazel Crest', 'state': 'IL', 'country': 'USA'}",Hazel Crest,IL,USA,"Hazel Crest, IL",2
2025-09-04,2025-09-09,401772510,2025-09-05T00:20Z,21,Philadelphia Eagles,6,Dallas Cowboys,6,Dallas Cowboys,4609048,Tyler Guyton,OT,Oklahoma,"{'city': 'Manor', 'state': 'TX', 'country': 'USA'}",Manor,TX,USA,"Manor, TX",2
2025-09-04,2025-09-09,401772510,2025-09-05T00:20Z,21,Philadelphia Eagles,6,Dallas Cowboys,6,Dallas Cowboys,4241087,Brock Hoffman,C,Virginia Tech,"{'city': 'Statesville', 'state': 'NC', 'country': 'USA'}",Statesville,NC,USA,"Statesville, NC",3
2025-09-04,2025-09-09,401772510,2025-09-05T00:20Z,21,Philadelphia Eagles,6,Dallas Cowboys,6,Dallas Cowboys,4427140,Trevor Keegan,G,Michigan,"{'city': 'Crystal Lake', 'state': 'IL', 'country': 'USA'}",Crystal Lake,IL,USA,"Crystal Lake, IL",2
2025-09-04,2025-09-09,401772510,2025-09-05T00:20Z,21,Philadelphia Eagles,6,Dallas Cowboys,6,Dallas Cowboys,4241389,CeeDee Lamb,WR,Oklahoma,"{'city': 'Richmond', 'state': 'TX', 'country': 'USA'}",Richmond,TX,USA,"Richmond, TX",6
2025-09-04,2025-09-09,401772510,2025-09-05T00:20Z,21,Philadelphia Eagles,6,Dallas Cowboys,6,Dallas Cowboys,4383396,Hunter Luepke,RB,North Dakota State,"{'city': 'Spencer', 'state': 'WI', 'country': 'USA'}",Spencer,WI,USA,"Spencer, WI",3
2025-09-04,2025-09-09,401772510,2025-09-05T00:20Z,21,Philadelphia Eagles,6,Dallas Cowboys,6,Dallas Cowboys,4360698,Joe Milton III,QB,Tennessee,"{'city': 'Pahokee', 'state': 'FL', 'country': 'USA'}",Pahokee,FL,USA,"Pahokee, FL",2
2025-09-04,2025-09-09,401772510,2025-09-05T00:20Z,21,Philadelphia Eagles,6,Dallas Cowboys,6,Dallas Cowboys,4426354,George Pickens,WR,Georgia,"{'city': 'Hoover', 'state': 'AL', 'country': 'USA'}",Hoover,AL,USA,"Hoover, AL",4
2025-09-04,2025-09-09,401772510,2025-09-05T00:20Z,21,Philadelphia Eagles,6,Dallas Cowboys,6,Dallas Cowboys,2577417,Dak Prescott,QB,Mississippi State,"{'city': 'Haughton', 'state': 'LA', 'country': 'USA'}",Haughton,LA,USA,"Haughton, LA",10
2025-09-04,2025-09-09,401772510,2025-09-05T00:20Z,21,Philadelphia Eagles,6,Dallas Cowboys,6,Dallas Cowboys,4045163,Miles Sanders,RB,Penn State,"{'city': 'Pittsburgh', 'state': 'PA', 'country': 'USA'}",Pittsburgh,PA,USA,"Pittsburgh, PA",7
2025-09-04,2025-09-09,401772510,2025-09-05T00:20Z,21,Philadelphia Eagles,6,Dallas Cowboys,6,Dallas Cowboys,4372096,Luke Schoonmaker,TE,Michigan,"{'city': 'Hamden', 'state': 'CT', 'country': 'USA'}",Hamden,CT,USA,"Hamden, CT",3
2025-09-04,2025-09-09,401772510,2025-09-05T00:20Z,21,Philadelphia Eagles,6,Dallas Cowboys,6,Dallas Cowboys,4568652,Tyler Smith,G,Tulsa,"{'city': 'Fort Worth', 'state': 'TX', 'country': 'USA'}",Fort Worth,TX,USA,"Fort Worth, TX",4
2025-09-04,2025-09-09,401772510,2025-09-05T00:20Z,21,Philadelphia Eagles,6,Dallas Cowboys,6,Dallas Cowboys,4360967,Brevyn Spann-Ford,TE,Minnesota,"{'city': 'Saint Cloud', 'state': 'MN', 'country': 'USA'}",Saint Cloud,MN,USA,"Saint Cloud, MN",2
2025-09-04,2025-09-09,401772510,2025-09-05T00:20Z,21,Philadelphia Eagles,6,Dallas Cowboys,6,Dallas Cowboys,3915834,Terence Steele,OT,Texas Tech,"{'city': 'Cibolo', 'state': 'TX', 'country': 'USA'}",Cibolo,TX,USA,"Cibolo, TX",6
2025-09-04,2025-09-09,401772510,2025-09-05T00:20Z,21,Philadelphia Eagles,6,Dallas Cowboys,6,Dallas Cowboys,4428656,Nate Thomas,OT,Louisiana,"{'city': 'Chalmette', 'state': 'LA', 'country': 'USA'}",Chalmette,LA,USA,"Chalmette, LA",2
2025-09-04,2025-09-09,401772510,2025-09-05T00:20Z,21,Philadelphia Eagles,6,Dallas Cowboys,6,Dallas Cowboys,4249417,Jalen Tolbert,WR,South Alabama,"{'city': 'Mobile', 'state': 'AL', 'country': 'USA'}",Mobile,AL,USA,"Mobile, AL",4
2025-09-04,2025-09-09,401772510,2025-09-05T00:20Z,21,Philadelphia Eagles,6,Dallas Cowboys,6,Dallas Cowboys,3676833,KaVontae Turpin,WR,TCU,"{'city': 'Monroe', 'state': 'LA', 'country': 'USA'}",Monroe,LA,USA,"Monroe, LA",4
2025-09-04,2025-09-09,401772510,2025-09-05T00:20Z,21,Philadelphia Eagles,6,Dallas Cowboys,6,Dallas Cowboys,4361579,Javonte Williams,RB,North Carolina,"{'city': 'Wallace', 'state': 'NC', 'country': 'USA'}",Wallace,NC,USA,"Wallace, NC",5
2025-09-04,2025-09-09,401772510,2025-09-05T00:20Z,21,Philadelphia Eagles,6,Dallas Cowboys,6,Dallas Cowboys,4241921,Markquese Bell,S,Florida A&M,"{'city': 'Bridgeton', 'state': 'NJ', 'country': 'USA'}",Bridgeton,NJ,USA,"Bridgeton, NJ",4
2025-09-04,2025-09-09,401772510,2025-09-05T00:20Z,21,Philadelphia Eagles,6,Dallas Cowboys,6,Dallas Cowboys,4248911,DaRon Bland,CB,Fresno State,"{'city': 'Modesto', 'state': 'CA', 'country': 'USA'}",Modesto,CA,USA,"Modesto, CA",4
2025-09-04,2025-09-09,401772510,2025-09-05T00:20Z,21,Philadelphia Eagles,6,Dallas Cowboys,6,Dallas Cowboys,4426513,Trikweze Bridges,CB,Florida,"{'city': 'Lanett', 'state': 'AL', 'country': 'USA'}",Lanett,AL,USA,"Lanett, AL",
2025-09-04,2025-09-09,401772510,2025-09-05T00:20Z,21,Philadelphia Eagles,6,Dallas Cowboys,6,Dallas Cowboys,4362636,Damone Clark,LB,LSU,"{'city': 'Baton Rouge', 'state': 'LA', 'country': 'USA'}",Baton Rouge,LA,USA,"Baton Rouge, LA",4
2025-09-04,2025-09-09,401772510,2025-09-05T00:20Z,21,Philadelphia Eagles,6,Dallas Cowboys,6,Dallas Cowboys,3122752,Kenny Clark,DT,UCLA,"{'city': 'San Bernardino', 'state': 'CA', 'country': 'USA'}",San Bernardino,CA,USA,"San Bernardino, CA",10
2025-09-04,2025-09-09,401772510,2025-09-05T00:20Z,21,Philadelphia Eagles,6,Dallas Cowboys,6,Dallas Cowboys,4040966,Trevon Diggs,CB,Alabama,"{'city': 'Gaithersburg', 'state': 'MD', 'country': 'USA'}",Gaithersburg,MD,USA,"Gaithersburg, MD",6
2025-09-04,2025-09-09,401772510,2025-09-05T00:20Z,21,Philadelphia Eagles,6,Dallas Cowboys,6,Dallas Cowboys,4567399,Kaiir Elam,CB,Florida,"{'city': 'Riviera Beach', 'state': 'FL', 'country': 'USA'}",Riviera Beach,FL,USA,"Riviera Beach, FL",4
2025-09-04,2025-09-09,401772510,2025-09-05T00:20Z,21,Philadelphia Eagles,6,Dallas Cowboys,6,Dallas Cowboys,4683848,Donovan Ezeiruaku,DE,Boston College,"{'city': 'Williamstown', 'state': 'NJ', 'country': 'USA'}",Williamstown,NJ,USA,"Williamstown, NJ",
2025-09-04,2025-09-09,401772510,2025-09-05T00:20Z,21,Philadelphia Eagles,6,Dallas Cowboys,6,Dallas Cowboys,2980100,Dante Fowler Jr.,DE,Florida,"{'city': 'St. Petersburg', 'state': 'FL', 'country': 'USA'}",St. Petersburg,FL,USA,"St. Petersburg, FL",11
2025-09-04,2025-09-09,401772510,2025-09-05T00:20Z,21,Philadelphia Eagles,6,Dallas Cowboys,6,Dallas Cowboys,17474,C.J. Goodwin,CB,California (PA),"{'city': 'Wheeling', 'state': 'WV', 'country': 'USA'}",Wheeling,WV,USA,"Wheeling, WV",10
2025-09-04,2025-09-09,401772510,2025-09-05T00:20Z,21,Philadelphia Eagles,6,Dallas Cowboys,6,Dallas Cowboys,3121415,Malik Hooker,S,Ohio State,"{'city': 'New Castle', 'state': 'PA', 'country': 'USA'}",New Castle,PA,USA,"New Castle, PA",9
2025-09-04,2025-09-09,401772510,2025-09-05T00:20Z,21,Philadelphia Eagles,6,Dallas Cowboys,6,Dallas Cowboys,4240608,James Houston,DE,Jackson State,"{'city': 'Fort Lauderdale', 'state': 'FL', 'country': 'USA'}",Fort Lauderdale,FL,USA,"Fort Lauderdale, FL",4
2025-09-04,2025-09-09,401772510,2025-09-05T00:20Z,21,Philadelphia Eagles,6,Dallas Cowboys,6,Dallas Cowboys,4685400,Shemar James,LB,Florida,"{'city': 'Mobile', 'state': 'AL', 'country': 'USA'}",Mobile,AL,USA,"Mobile, AL",
2025-09-04,2025-09-09,401772510,2025-09-05T00:20Z,21,Philadelphia Eagles,6,Dallas Cowboys,6,Dallas Cowboys,4240900,Buddy Johnson,LB,Texas A&M,"{'city': 'Dallas', 'state': 'TX', 'country': 'USA'}",Dallas,TX,USA,"Dallas, TX",4
2025-09-04,2025-09-09,401772510,2025-09-05T00:20Z,21,Philadelphia Eagles,6,Dallas Cowboys,6,Dallas Cowboys,4429996,Marshawn Kneeland,DE,Western Michigan,"{'city': 'Grand Rapids', 'state': 'MI', 'country': 'USA'}",Grand Rapids,MI,USA,"Grand Rapids, MI",2
2025-09-04,2025-09-09,401772510,2025-09-05T00:20Z,21,Philadelphia Eagles,6,Dallas Cowboys,6,Dallas Cowboys,4427816,Marist Liufau,LB,Notre Dame,"{'city': 'Kalihi', 'state': 'HI', 'country': 'USA'}",Kalihi,HI,USA,"Kalihi, HI",2
2025-09-04,2025-09-09,401772510,2025-09-05T00:20Z,21,Philadelphia Eagles,6,Dallas Cowboys,6,Dallas Cowboys,4241394,Kenneth Murray Jr.,LB,Oklahoma,"{'city': 'Missouri City', 'state': 'TX', 'country': 'USA'}",Missouri City,TX,USA,"Missouri City, TX",6
2025-09-04,2025-09-09,401772510,2025-09-05T00:20Z,21,Philadelphia Eagles,6,Dallas Cowboys,6,Dallas Cowboys,4035840,Osa Odighizuwa,DT,UCLA,"{'city': 'Portland', 'state': 'OR', 'country': 'USA'}",Portland,OR,USA,"Portland, OR",5
2025-09-04,2025-09-09,401772510,2025-09-05T00:20Z,21,Philadelphia Eagles,6,Dallas Cowboys,6,Dallas Cowboys,4372576,Jack Sanborn,LB,Wisconsin,"{'city': 'Deer Park', 'state': 'IL', 'country': 'USA'}",Deer Park,IL,USA,"Deer Park, IL",4
2025-09-04,2025-09-09,401772510,2025-09-05T00:20Z,21,Philadelphia Eagles,6,Dallas Cowboys,6,Dallas Cowboys,4426347,Mazi Smith,DT,Michigan,"{'city': 'Grand Rapids', 'state': 'MI', 'country': 'USA'}",Grand Rapids,MI,USA,"Grand Rapids, MI",3
2025-09-04,2025-09-09,401772510,2025-09-05T00:20Z,21,Philadelphia Eagles,6,Dallas Cowboys,6,Dallas Cowboys,4428584,Reddy Steward,DB,Troy,"{'city': 'Decatur', 'state': 'AL', 'country': 'USA'}",Decatur,AL,USA,"Decatur, AL",1
2025-09-04,2025-09-09,401772510,2025-09-05T00:20Z,21,Philadelphia Eagles,6,Dallas Cowboys,6,Dallas Cowboys,4360590,Juanyeh Thomas,S,Georgia Tech,"{'city': 'Niceville', 'state': 'FL', 'country': 'USA'}",Niceville,FL,USA,"Niceville, FL",3
2025-09-04,2025-09-09,401772510,2025-09-05T00:20Z,21,Philadelphia Eagles,6,Dallas Cowboys,6,Dallas Cowboys,3117258,Solomon Thomas,DT,Stanford,"{'city': 'Coppell', 'state': 'TX', 'country': 'USA'}",Coppell,TX,USA,"Coppell, TX",9
2025-09-04,2025-09-09,401772510,2025-09-05T00:20Z,21,Philadelphia Eagles,6,Dallas Cowboys,6,Dallas Cowboys,4431603,Jay Toia,DT,UCLA,"{'city': 'Inglewood', 'state': 'CA', 'country': 'USA'}",Inglewood,CA,USA,"Inglewood, CA",
2025-09-04,2025-09-09,401772510,2025-09-05T00:20Z,21,Philadelphia Eagles,6,Dallas Cowboys,6,Dallas Cowboys,4567242,Sam Williams,DE,Ole Miss,"{'city': 'Montgomery', 'state': 'AL', 'country': 'USA'}",Montgomery,AL,USA,"Montgomery, AL",4
2025-09-04,2025-09-09,401772510,2025-09-05T00:20Z,21,Philadelphia Eagles,6,Dallas Cowboys,6,Dallas Cowboys,3122135,Donovan Wilson,S,Texas A&M,"{'city': 'Shreveport', 'state': 'LA', 'country': 'USA'}",Shreveport,LA,USA,"Shreveport, LA",7
2025-09-04,2025-09-09,401772510,2025-09-05T00:20Z,21,Philadelphia Eagles,6,Dallas Cowboys,6,Dallas Cowboys,4686470,Perrion Winfrey,DT,Oklahoma,"{'city': 'Maywood', 'state': 'IL', 'country': 'USA'}",Maywood,IL,USA,"Maywood, IL",2
2025-09-04,2025-09-09,401772510,2025-09-05T00:20Z,21,Philadelphia Eagles,6,Dallas Cowboys,6,Dallas Cowboys,14950,Bryan Anger,P,California,"{'city': 'Camarillo', 'state': 'CA', 'country': 'USA'}",Camarillo,CA,USA,"Camarillo, CA",14
2025-09-04,2025-09-09,401772510,2025-09-05T00:20Z,21,Philadelphia Eagles,6,Dallas Cowboys,6,Dallas Cowboys,3953687,Brandon Aubrey,PK,Notre Dame,,,,,,3
2025-09-04,2025-09-09,401772510,2025-09-05T00:20Z,21,Philadelphia Eagles,6,Dallas Cowboys,6,Dallas Cowboys,3052357,Trent Sieg,LS,Colorado State,"{'city': 'Eaton', 'state': 'CO', 'country': 'USA'}",Eaton,CO,USA,"Eaton, CO",8
2025-09-04,2025-09-09,401772510,2025-09-05T00:20Z,21,Philadelphia Eagles,6,Dallas Cowboys,6,Dallas Cowboys,3929814,Josh Butler,CB,Michigan State,"{'city': 'Mesquite', 'state': 'TX', 'country': 'USA'}",Mesquite,TX,USA,"Mesquite, TX",2
2025-09-04,2025-09-09,401772510,2025-09-05T00:20Z,21,Philadelphia Eagles,6,Dallas Cowboys,6,Dallas Cowboys,4431006,Caelen Carson,CB,Wake Forest,"{'city': 'Waldorf', 'state': 'MD', 'country': 'USA'}",Waldorf,MD,USA,"Waldorf, MD",2
2025-09-04,2025-09-09,401772510,2025-09-05T00:20Z,21,Philadelphia Eagles,6,Dallas Cowboys,6,Dallas Cowboys,4570495,Rob Jones,G,Middle Tennessee,"{'city': 'Chicago', 'state': 'IL', 'country': 'USA'}",Chicago,IL,USA,"Chicago, IL",5
2025-09-04,2025-09-09,401772510,2025-09-05T00:20Z,21,Philadelphia Eagles,6,Dallas Cowboys,6,Dallas Cowboys,4431562,Phil Mafah,RB,Clemson,"{'city': 'Loganville', 'state': 'GA', 'country': 'USA'}",Loganville,GA,USA,"Loganville, GA",
2025-09-04,2025-09-09,401772510,2025-09-05T00:20Z,21,Philadelphia Eagles,6,Dallas Cowboys,6,Dallas Cowboys,4911023,Christian Matthew,CB,Valdosta State,"{'city': 'Columbus', 'state': 'GA', 'country': 'USA'}",Columbus,GA,USA,"Columbus, GA",4
2025-09-04,2025-09-09,401772510,2025-09-05T00:20Z,21,Philadelphia Eagles,6,Dallas Cowboys,6,Dallas Cowboys,4426485,Jonathan Mingo,WR,Ole Miss,"{'city': 'Brandon', 'state': 'MS', 'country': 'USA'}",Brandon,MS,USA,"Brandon, MS",3
2025-09-04,2025-09-09,401772510,2025-09-05T00:20Z,21,Philadelphia Eagles,6,Dallas Cowboys,6,Dallas Cowboys,4362088,DeMarvion Overshown,LB,Texas,"{'city': 'Arp', 'state': 'TX', 'country': 'USA'}",Arp,TX,USA,"Arp, TX",3
2025-09-04,2025-09-09,401772510,2025-09-05T00:20Z,21,Philadelphia Eagles,6,Dallas Cowboys,6,Dallas Cowboys,5095865,Shavon Revel Jr.,CB,East Carolina,"{'city': 'Winston-Salem', 'state': 'NC', 'country': 'USA'}",Winston-Salem,NC,USA,"Winston-Salem, NC",
2025-09-04,2025-09-09,401772510,2025-09-05T00:20Z,21,Philadelphia Eagles,6,Dallas Cowboys,6,Dallas Cowboys,4362489,John Stephens Jr.,TE,Louisiana,"{'city': 'Logansport', 'state': 'LA', 'country': 'USA'}",Logansport,LA,USA,"Logansport, LA",3
2025-09-04,2025-09-09,401772510,2025-09-05T00:20Z,21,Philadelphia Eagles,6,Dallas Cowboys,6,Dallas Cowboys,4240269,Payton Turner,DE,Houston,"{'city': 'Houston', 'state': 'TX', 'country': 'USA'}",Houston,TX,USA,"Houston, TX",5
2025-09-04,2025-09-09,401772510,2025-09-05T00:20Z,21,Philadelphia Eagles,6,Dallas Cowboys,6,Dallas Cowboys,4429249,Justin Barron,LB,Syracuse,"{'city': 'Rocky Hill', 'state': 'CT', 'country': 'USA'}",Rocky Hill,CT,USA,"Rocky Hill, CT",
2025-09-04,2025-09-09,401772510,2025-09-05T00:20Z,21,Philadelphia Eagles,6,Dallas Cowboys,6,Dallas Cowboys,4692835,Jalen Brooks,WR,South Carolina,"{'city': 'Harrisburg', 'state': 'NC', 'country': 'USA'}",Harrisburg,NC,USA,"Harrisburg, NC",3
2025-09-04,2025-09-09,401772510,2025-09-05T00:20Z,21,Philadelphia Eagles,6,Dallas Cowboys,6,Dallas Cowboys,4242292,Earnest Brown IV,DE,Northwestern,"{'city': 'Aubrey', 'state': 'TX', 'country': 'USA'}",Aubrey,TX,USA,"Aubrey, TX",3
2025-09-04,2025-09-09,401772510,2025-09-05T00:20Z,21,Philadelphia Eagles,6,Dallas Cowboys,6,Dallas Cowboys,4685841,Zion Childress,CB,Kentucky,"{'city': 'Houston', 'state': 'TX', 'country': 'USA'}",Houston,TX,USA,"Houston, TX",
2025-09-04,2025-09-09,401772510,2025-09-05T00:20Z,21,Philadelphia Eagles,6,Dallas Cowboys,6,Dallas Cowboys,3916414,Geron Christian,OT,Louisville,"{'city': 'Ocala', 'state': 'FL', 'country': 'USA'}",Ocala,FL,USA,"Ocala, FL",8
2025-09-04,2025-09-09,401772510,2025-09-05T00:20Z,21,Philadelphia Eagles,6,Dallas Cowboys,6,Dallas Cowboys,4595352,Alijah Clark,S,Syracuse,"{'city': 'Camden', 'state': 'NJ', 'country': 'USA'}",Camden,NJ,USA,"Camden, NJ",
2025-09-04,2025-09-09,401772510,2025-09-05T00:20Z,21,Philadelphia Eagles,6,Dallas Cowboys,6,Dallas Cowboys,4426990,Jalen Cropper,WR,Fresno State,"{'city': 'Parlier', 'state': 'CA', 'country': 'USA'}",Parlier,CA,USA,"Parlier, CA",1
2025-09-04,2025-09-09,401772510,2025-09-05T00:20Z,21,Philadelphia Eagles,6,Dallas Cowboys,6,Dallas Cowboys,4240603,Malik Davis,RB,Florida,"{'city': 'Tampa', 'state': 'FL', 'country': 'USA'}",Tampa,FL,USA,"Tampa, FL",2
2025-09-04,2025-09-09,401772510,2025-09-05T00:20Z,21,Philadelphia Eagles,6,Dallas Cowboys,6,Dallas Cowboys,4605858,Rivaldo Fairweather,TE,Auburn,"{'city': 'Lauderhill', 'state': 'FL', 'country': 'USA'}",Lauderhill,FL,USA,"Lauderhill, FL",
2025-09-04,2025-09-09,401772510,2025-09-05T00:20Z,21,Philadelphia Eagles,6,Dallas Cowboys,6,Dallas Cowboys,4242442,Princeton Fant,TE,Tennessee,"{'city': 'Nashville', 'state': 'TN', 'country': 'USA'}",Nashville,TN,USA,"Nashville, TN",2
2025-09-04,2025-09-09,401772510,2025-09-05T00:20Z,21,Philadelphia Eagles,6,Dallas Cowboys,6,Dallas Cowboys,3115252,Will Grier,QB,West Virginia,"{'city': 'Charlotte', 'state': 'NC', 'country': 'USA'}",Charlotte,NC,USA,"Charlotte, NC",6
2025-09-04,2025-09-09,401772510,2025-09-05T00:20Z,21,Philadelphia Eagles,6,Dallas Cowboys,6,Dallas Cowboys,4429172,Traeshon Holden,WR,Oregon,"{'city': 'Kissimmee', 'state': 'FL', 'country': 'USA'}",Kissimmee,FL,USA,"Kissimmee, FL",
2025-09-04,2025-09-09,401772510,2025-09-05T00:20Z,21,Philadelphia Eagles,6,Dallas Cowboys,6,Dallas Cowboys,4574551,Isaiah Land,LB,Florida A&M,"{'city': 'Buffalo', 'state': 'NY', 'country': 'USA'}",Buffalo,NY,USA,"Buffalo, NY",3
2025-09-04,2025-09-09,401772510,2025-09-05T00:20Z,21,Philadelphia Eagles,6,Dallas Cowboys,6,Dallas Cowboys,5066095,Adedayo Odeleye,DB,,,,,,,1
2025-09-04,2025-09-09,401772510,2025-09-05T00:20Z,21,Philadelphia Eagles,6,Dallas Cowboys,6,Dallas Cowboys,4032200,Robert Rochell,CB,Central Arkansas,"{'city': 'Shreveport', 'state': 'LA', 'country': 'USA'}",Shreveport,LA,USA,"Shreveport, LA",5
2025-09-04,2025-09-09,401772714,2025-09-06T00:00Z,24,Los Angeles Chargers,12,Kansas City Chiefs,24,Los Angeles Chargers,15818,Keenan Allen,WR,California,"{'city': 'Greensboro', 'state': 'NC', 'country': 'USA'}",Greensboro,NC,USA,"Greensboro, NC",13
2025-09-04,2025-09-09,401772714,2025-09-06T00:00Z,24,Los Angeles Chargers,12,Kansas City Chiefs,24,Los Angeles Chargers,4683487,Joe Alt,OT,Notre Dame,"{'city': 'North Oaks', 'state': 'MN', 'country': 'USA'}",North Oaks,MN,USA,"North Oaks, MN",2
2025-09-04,2025-09-09,401772714,2025-09-06T00:00Z,24,Los Angeles Chargers,12,Kansas City Chiefs,24,Los Angeles Chargers,4240090,Mekhi Becton,G,Louisville,"{'city': 'Highland Springs', 'state': 'VA', 'country': 'USA'}",Highland Springs,VA,USA,"Highland Springs, VA",6
2025-09-04,2025-09-09,401772714,2025-09-06T00:00Z,24,Los Angeles Chargers,12,Kansas City Chiefs,24,Los Angeles Chargers,3054842,Bradley Bozeman,C,Alabama,"{'city': 'Roanoke', 'state': 'AL', 'country': 'USA'}",Roanoke,AL,USA,"Roanoke, AL",8
2025-09-04,2025-09-09,401772714,2025-09-06T00:00Z,24,Los Angeles Chargers,12,Kansas City Chiefs,24,Los Angeles Chargers,3915486,Tyler Conklin,TE,Central Michigan,"{'city': 'Chesterfield', 'state': 'MI', 'country': 'USA'}",Chesterfield,MI,USA,"Chesterfield, MI",8
2025-09-04,2025-09-09,401772714,2025-09-06T00:00Z,24,Los Angeles Chargers,12,Kansas City Chiefs,24,Los Angeles Chargers,4362477,Derius Davis,WR,TCU,"{'city': 'Saint Francisville', 'state': 'LA', 'country': 'USA'}",Saint Francisville,LA,USA,"Saint Francisville, LA",3
2025-09-04,2025-09-09,401772714,2025-09-06T00:00Z,24,Los Angeles Chargers,12,Kansas City Chiefs,24,Los Angeles Chargers,4242229,Austin Deculus,OT,LSU,"{'city': 'Mamou', 'state': 'LA', 'country': 'USA'}",Mamou,LA,USA,"Mamou, LA",3
2025-09-04,2025-09-09,401772714,2025-09-06T00:00Z,24,Los Angeles Chargers,12,Kansas City Chiefs,24,Los Angeles Chargers,3127292,Will Dissly,TE,Washington,"{'city': 'Bozeman', 'state': 'MT', 'country': 'USA'}",Bozeman,MT,USA,"Bozeman, MT",8
2025-09-04,2025-09-09,401772714,2025-09-06T00:00Z,24,Los Angeles Chargers,12,Kansas City Chiefs,24,Los Angeles Chargers,4685382,Omarion Hampton,RB,North Carolina,"{'city': 'Clayton', 'state': 'NC', 'country': 'USA'}",Clayton,NC,USA,"Clayton, NC",
2025-09-04,2025-09-09,401772714,2025-09-06T00:00Z,24,Los Angeles Chargers,12,Kansas City Chiefs,24,Los Angeles Chargers,4241457,Najee Harris,RB,Alabama,"{'city': 'Antioch', 'state': 'CA', 'country': 'USA'}",Antioch,CA,USA,"Antioch, CA",5
2025-09-04,2025-09-09,401772714,2025-09-06T00:00Z,24,Los Angeles Chargers,12,Kansas City Chiefs,24,Los Angeles Chargers,4686612,Tre' Harris,WR,Ole Miss,"{'city': 'Lafayette', 'state': 'LA', 'country': 'USA'}",Lafayette,LA,USA,"Lafayette, LA",
2025-09-04,2025-09-09,401772714,2025-09-06T00:00Z,24,Los Angeles Chargers,12,Kansas City Chiefs,24,Los Angeles Chargers,4372071,Hassan Haskins,RB,Michigan,"{'city': 'St. Louis', 'state': 'MO', 'country': 'USA'}",St. Louis,MO,USA,"St. Louis, MO",4
2025-09-04,2025-09-09,401772714,2025-09-06T00:00Z,24,Los Angeles Chargers,12,Kansas City Chiefs,24,Los Angeles Chargers,4038941,Justin Herbert,QB,Oregon,"{'city': 'Eugene', 'state': 'OR', 'country': 'USA'}",Eugene,OR,USA,"Eugene, OR",6
2025-09-04,2025-09-09,401772714,2025-09-06T00:00Z,24,Los Angeles Chargers,12,Kansas City Chiefs,24,Los Angeles Chargers,3932244,Andre James,C,UCLA,"{'city': 'Herriman', 'state': 'UT', 'country': 'USA'}",Herriman,UT,USA,"Herriman, UT",7
2025-09-04,2025-09-09,401772714,2025-09-06T00:00Z,24,Los Angeles Chargers,12,Kansas City Chiefs,24,Los Angeles Chargers,4247347,Zion Johnson,G,Boston College,"{'city': 'Bowie', 'state': 'MD', 'country': 'USA'}",Bowie,MD,USA,"Bowie, MD",4
2025-09-04,2025-09-09,401772714,2025-09-06T00:00Z,24,Los Angeles Chargers,12,Kansas City Chiefs,24,Los Angeles Chargers,4429025,Quentin Johnston,WR,TCU,"{'city': 'Temple', 'state': 'TX', 'country': 'USA'}",Temple,TX,USA,"Temple, TX",3
2025-09-04,2025-09-09,401772714,2025-09-06T00:00Z,24,Los Angeles Chargers,12,Kansas City Chiefs,24,Los Angeles Chargers,4430870,KeAndre Lambert-Smith,WR,Auburn,"{'city': 'Norfolk', 'state': 'VA', 'country': 'USA'}",Norfolk,VA,USA,"Norfolk, VA",
2025-09-04,2025-09-09,401772714,2025-09-06T00:00Z,24,Los Angeles Chargers,12,Kansas City Chiefs,24,Los Angeles Chargers,4383351,Trey Lance,QB,North Dakota State,"{'city': 'Marshall', 'state': 'MN', 'country': 'USA'}",Marshall,MN,USA,"Marshall, MN",5
2025-09-04,2025-09-09,401772714,2025-09-06T00:00Z,24,Los Angeles Chargers,12,Kansas City Chiefs,24,Los Angeles Chargers,4373684,Scott Matlock,FB,Boise State,"{'city': 'Homedale', 'state': 'ID', 'country': 'USA'}",Homedale,ID,USA,"Homedale, ID",3
2025-09-04,2025-09-09,401772714,2025-09-06T00:00Z,24,Los Angeles Chargers,12,Kansas City Chiefs,24,Los Angeles Chargers,4612826,Ladd McConkey,WR,Georgia,"{'city': 'Chatsworth', 'state': 'GA', 'country': 'USA'}",Chatsworth,GA,USA,"Chatsworth, GA",2
2025-09-04,2025-09-09,401772714,2025-09-06T00:00Z,24,Los Angeles Chargers,12,Kansas City Chiefs,24,Los Angeles Chargers,4411189,Trey Pipkins III,G,Sioux Falls,"{'city': 'Apple Valley', 'state': 'MN', 'country': 'USA'}",Apple Valley,MN,USA,"Apple Valley, MN",7
2025-09-04,2025-09-09,401772714,2025-09-06T00:00Z,24,Los Angeles Chargers,12,Kansas City Chiefs,24,Los Angeles Chargers,4379412,Jamaree Salyer,G,Georgia,"{'city': 'Atlanta', 'state': 'GA', 'country': 'USA'}",Atlanta,GA,USA,"Atlanta, GA",4
2025-09-04,2025-09-09,401772714,2025-09-06T00:00Z,24,Los Angeles Chargers,12,Kansas City Chiefs,24,Los Angeles Chargers,5089178,Jamaree Caldwell,DT,Oregon,"{'city': 'Newberry', 'state': 'SC', 'country': 'USA'}",Newberry,SC,USA,"Newberry, SC",
2025-09-04,2025-09-09,401772714,2025-09-06T00:00Z,24,Los Angeles Chargers,12,Kansas City Chiefs,24,Los Angeles Chargers,2576702,Bud Dupree,LB,Kentucky,"{'city': 'Irwinton', 'state': 'GA', 'country': 'USA'}",Irwinton,GA,USA,"Irwinton, GA",11
2025-09-04,2025-09-09,401772714,2025-09-06T00:00Z,24,Los Angeles Chargers,12,Kansas City Chiefs,24,Los Angeles Chargers,4038946,Troy Dye,LB,Oregon,"{'city': 'Norco', 'state': 'CA', 'country': 'USA'}",Norco,CA,USA,"Norco, CA",6
2025-09-04,2025-09-09,401772714,2025-09-06T00:00Z,24,Los Angeles Chargers,12,Kansas City Chiefs,24,Los Angeles Chargers,4567138,Justin Eboigbe,DT,Alabama,"{'city': 'Forest Park', 'state': 'GA', 'country': 'USA'}",Forest Park,GA,USA,"Forest Park, GA",2
2025-09-04,2025-09-09,401772714,2025-09-06T00:00Z,24,Los Angeles Chargers,12,Kansas City Chiefs,24,Los Angeles Chargers,4039413,Alohi Gilman,S,Notre Dame,"{'city': 'Laie', 'state': 'HI', 'country': 'USA'}",Laie,HI,USA,"Laie, HI",6
2025-09-04,2025-09-09,401772714,2025-09-06T00:00Z,24,Los Angeles Chargers,12,Kansas City Chiefs,24,Los Angeles Chargers,3126352,Da'Shawn Hand,DT,Alabama,"{'city': 'Woodbridge', 'state': 'VA', 'country': 'USA'}",Woodbridge,VA,USA,"Woodbridge, VA",8
2025-09-04,2025-09-09,401772714,2025-09-06T00:00Z,24,Los Angeles Chargers,12,Kansas City Chiefs,24,Los Angeles Chargers,4427404,Cam Hart,CB,Notre Dame,"{'city': 'Baltimore', 'state': 'MD', 'country': 'USA'}",Baltimore,MD,USA,"Baltimore, MD",2
2025-09-04,2025-09-09,401772714,2025-09-06T00:00Z,24,Los Angeles Chargers,12,Kansas City Chiefs,24,Los Angeles Chargers,4241597,Daiyan Henley,LB,Washington State,"{'city': 'Los Angeles', 'state': 'CA', 'country': 'USA'}",Los Angeles,CA,USA,"Los Angeles, CA",3
2025-09-04,2025-09-09,401772714,2025-09-06T00:00Z,24,Los Angeles Chargers,12,Kansas City Chiefs,24,Los Angeles Chargers,3843769,Donte Jackson,CB,LSU,"{'city': 'Metairie', 'state': 'LA', 'country': 'USA'}",Metairie,LA,USA,"Metairie, LA",7
2025-09-04,2025-09-09,401772714,2025-09-06T00:00Z,24,Los Angeles Chargers,12,Kansas City Chiefs,24,Los Angeles Chargers,3691739,Derwin James Jr.,S,Florida State,"{'city': 'Haines City', 'state': 'FL', 'country': 'USA'}",Haines City,FL,USA,"Haines City, FL",8
2025-09-04,2025-09-09,401772714,2025-09-06T00:00Z,24,Los Angeles Chargers,12,Kansas City Chiefs,24,Los Angeles Chargers,16710,Khalil Mack,LB,Buffalo,"{'city': 'Fort Pierce', 'state': 'FL', 'country': 'USA'}",Fort Pierce,FL,USA,"Fort Pierce, FL",12
2025-09-04,2025-09-09,401772714,2025-09-06T00:00Z,24,Los Angeles Chargers,12,Kansas City Chiefs,24,Los Angeles Chargers,4243328,Elijah Molden,CB,Washington,"{'city': 'West Linn', 'state': 'OR', 'country': 'USA'}",West Linn,OR,USA,"West Linn, OR",5
2025-09-04,2025-09-09,401772714,2025-09-06T00:00Z,24,Los Angeles Chargers,12,Kansas City Chiefs,24,Los Angeles Chargers,4911489,Caleb Murphy,LB,Ferris State,"{'city': 'Dowagiac', 'state': 'MI', 'country': 'USA'}",Dowagiac,MI,USA,"Dowagiac, MI",3
2025-09-04,2025-09-09,401772714,2025-09-06T00:00Z,24,Los Angeles Chargers,12,Kansas City Chiefs,24,Los Angeles Chargers,4367210,Otito Ogbonnia,DT,UCLA,"{'city': 'Houston', 'state': 'TX', 'country': 'USA'}",Houston,TX,USA,"Houston, TX",4
2025-09-04,2025-09-09,401772714,2025-09-06T00:00Z,24,Los Angeles Chargers,12,Kansas City Chiefs,24,Los Angeles Chargers,2579621,Denzel Perryman,LB,Miami,"{'city': 'Coral Gables', 'state': 'FL', 'country': 'USA'}",Coral Gables,FL,USA,"Coral Gables, FL",11
2025-09-04,2025-09-09,401772714,2025-09-06T00:00Z,24,Los Angeles Chargers,12,Kansas City Chiefs,24,Los Angeles Chargers,4240528,Del'Shawn Phillips,LB,Illinois,"{'city': 'Highland Park', 'state': 'MI', 'country': 'USA'}",Highland Park,MI,USA,"Highland Park, MI",6
2025-09-04,2025-09-09,401772714,2025-09-06T00:00Z,24,Los Angeles Chargers,12,Kansas City Chiefs,24,Los Angeles Chargers,4258206,Benjamin St-Juste,CB,Minnesota,"{'city': 'Montreal', 'state': 'PQ', 'country': 'Canada'}",Montreal,PQ,Canada,"Montreal, PQ",5
2025-09-04,2025-09-09,401772714,2025-09-06T00:00Z,24,Los Angeles Chargers,12,Kansas City Chiefs,24,Los Angeles Chargers,4432571,Tarheeb Still,CB,Maryland,"{'city': 'Sicklerville', 'state': 'NJ', 'country': 'USA'}",Sicklerville,NJ,USA,"Sicklerville, NJ",2
2025-09-04,2025-09-09,401772714,2025-09-06T00:00Z,24,Los Angeles Chargers,12,Kansas City Chiefs,24,Los Angeles Chargers,4374269,Teair Tart,DT,Florida International,"{'city': 'Philadelphia', 'state': 'PA', 'country': 'USA'}",Philadelphia,PA,USA,"Philadelphia, PA",6
2025-09-04,2025-09-09,401772714,2025-09-06T00:00Z,24,Los Angeles Chargers,12,Kansas City Chiefs,24,Los Angeles Chargers,4240434,Ja'Sir Taylor,CB,Wake Forest,"{'city': 'Asbury Park', 'state': 'NJ', 'country': 'USA'}",Asbury Park,NJ,USA,"Asbury Park, NJ",4
2025-09-04,2025-09-09,401772714,2025-09-06T00:00Z,24,Los Angeles Chargers,12,Kansas City Chiefs,24,Los Angeles Chargers,4431442,Tuli Tuipulotu,LB,USC,"{'city': 'Hawthorne', 'state': 'CA', 'country': 'USA'}",Hawthorne,CA,USA,"Hawthorne, CA",3
2025-09-04,2025-09-09,401772714,2025-09-06T00:00Z,24,Los Angeles Chargers,12,Kansas City Chiefs,24,Los Angeles Chargers,4431467,Marlowe Wax,LB,Syracuse,"{'city': 'Baltimore', 'state': 'MD', 'country': 'USA'}",Baltimore,MD,USA,"Baltimore, MD",
2025-09-04,2025-09-09,401772714,2025-09-06T00:00Z,24,Los Angeles Chargers,12,Kansas City Chiefs,24,Los Angeles Chargers,4360745,Kendall Williamson,S,Stanford,"{'city': 'Snellville', 'state': 'GA', 'country': 'USA'}",Snellville,GA,USA,"Snellville, GA",1
2025-09-04,2025-09-09,401772714,2025-09-06T00:00Z,24,Los Angeles Chargers,12,Kansas City Chiefs,24,Los Angeles Chargers,4362081,Cameron Dicker,PK,Texas,"{'city': 'Austin', 'state': 'TX', 'country': 'USA'}",Austin,TX,USA,"Austin, TX",4
2025-09-04,2025-09-09,401772714,2025-09-06T00:00Z,24,Los Angeles Chargers,12,Kansas City Chiefs,24,Los Angeles Chargers,2565971,Rick Lovato,LS,Old Dominion,"{'city': 'Middletown', 'state': 'NJ', 'country': 'USA'}",Middletown,NJ,USA,"Middletown, NJ",9
2025-09-04,2025-09-09,401772714,2025-09-06T00:00Z,24,Los Angeles Chargers,12,Kansas City Chiefs,24,Los Angeles Chargers,3126368,JK Scott,P,Alabama,"{'city': 'Denver', 'state': 'CO', 'country': 'USA'}",Denver,CO,USA,"Denver, CO",7
2025-09-04,2025-09-09,401772714,2025-09-06T00:00Z,24,Los Angeles Chargers,12,Kansas City Chiefs,24,Los Angeles Chargers,4431212,Junior Colson,LB,Michigan,"{'city': 'Mirebalais', 'country': 'Haiti'}",Mirebalais,,Haiti,Mirebalais,2
2025-09-04,2025-09-09,401772714,2025-09-06T00:00Z,24,Los Angeles Chargers,12,Kansas City Chiefs,24,Los Angeles Chargers,4427234,Josh Fuga,DT,Virginia Tech,"{'city': 'Woodbridge', 'state': 'VA', 'country': 'USA'}",Woodbridge,VA,USA,"Woodbridge, VA",
2025-09-04,2025-09-09,401772714,2025-09-06T00:00Z,24,Los Angeles Chargers,12,Kansas City Chiefs,24,Los Angeles Chargers,15151,Josh Harris,LS,Auburn,"{'city': 'Carrollton', 'state': 'GA', 'country': 'USA'}",Carrollton,GA,USA,"Carrollton, GA",14
2025-09-04,2025-09-09,401772714,2025-09-06T00:00Z,24,Los Angeles Chargers,12,Kansas City Chiefs,24,Los Angeles Chargers,4690171,Deane Leonard,CB,Ole Miss,"{'city': 'Calgary', 'state': 'AB', 'country': 'Canada'}",Calgary,AB,Canada,"Calgary, AB",4
2025-09-04,2025-09-09,401772714,2025-09-06T00:00Z,24,Los Angeles Chargers,12,Kansas City Chiefs,24,Los Angeles Chargers,4601079,Jordan Oladokun,CB,Bowling Green,"{'city': 'Tampa', 'state': 'FL', 'country': 'USA'}",Tampa,FL,USA,"Tampa, FL",
2025-09-04,2025-09-09,401772714,2025-09-06T00:00Z,24,Los Angeles Chargers,12,Kansas City Chiefs,24,Los Angeles Chargers,4433895,Eric Rogers,CB,Rutgers,"{'city': 'Burlington', 'state': 'NJ', 'country': 'USA'}",Burlington,NJ,USA,"Burlington, NJ",
2025-09-04,2025-09-09,401772714,2025-09-06T00:00Z,24,Los Angeles Chargers,12,Kansas City Chiefs,24,Los Angeles Chargers,4242283,Rashawn Slater,OT,Northwestern,"{'city': 'Sugar Land', 'state': 'TX', 'country': 'USA'}",Sugar Land,TX,USA,"Sugar Land, TX",5
2025-09-04,2025-09-09,401772714,2025-09-06T00:00Z,24,Los Angeles Chargers,12,Kansas City Chiefs,24,Los Angeles Chargers,4431077,TeRah Edwards,DT,Illinois,"{'city': 'Groveport', 'state': 'OH', 'country': 'USA'}",Groveport,OH,USA,"Groveport, OH",
2025-09-04,2025-09-09,401772714,2025-09-06T00:00Z,24,Los Angeles Chargers,12,Kansas City Chiefs,24,Los Angeles Chargers,4242558,Tucker Fisk,TE,Stanford,"{'city': 'Davis', 'state': 'CA', 'country': 'USA'}",Davis,CA,USA,"Davis, CA",2
2025-09-04,2025-09-09,401772714,2025-09-06T00:00Z,24,Los Angeles Chargers,12,Kansas City Chiefs,24,Los Angeles Chargers,4595342,Oronde Gadsden II,TE,Syracuse,"{'city': 'Fort Lauderdale', 'state': 'FL', 'country': 'USA'}",Fort Lauderdale,FL,USA,"Fort Lauderdale, FL",
2025-09-04,2025-09-09,401772714,2025-09-06T00:00Z,24,Los Angeles Chargers,12,Kansas City Chiefs,24,Los Angeles Chargers,4433830,Luke Grimm,WR,Kansas,"{'city': 'Raymore', 'state': 'MO', 'country': 'USA'}",Raymore,MO,USA,"Raymore, MO",
2025-09-04,2025-09-09,401772714,2025-09-06T00:00Z,24,Los Angeles Chargers,12,Kansas City Chiefs,24,Los Angeles Chargers,5160748,JaQuae Jackson,WR,Rutgers,"{'city': 'Pittsburgh', 'state': 'PA', 'country': 'USA'}",Pittsburgh,PA,USA,"Pittsburgh, PA",2
2025-09-04,2025-09-09,401772714,2025-09-06T00:00Z,24,Los Angeles Chargers,12,Kansas City Chiefs,24,Los Angeles Chargers,16195,Tony Jefferson,S,Oklahoma,"{'city': 'Chula Vista', 'state': 'CA', 'country': 'USA'}",Chula Vista,CA,USA,"Chula Vista, CA",11
2025-09-04,2025-09-09,401772714,2025-09-06T00:00Z,24,Los Angeles Chargers,12,Kansas City Chiefs,24,Los Angeles Chargers,4878878,Amar Johnson,RB,South Dakota State,"{'city': ""O' Fallon"", 'state': 'MO', 'country': 'USA'}",O' Fallon,MO,USA,"O' Fallon, MO",
2025-09-04,2025-09-09,401772714,2025-09-06T00:00Z,24,Los Angeles Chargers,12,Kansas City Chiefs,24,Los Angeles Chargers,4361437,Emany Johnson,LB,Nevada,"{'city': 'Richmond', 'state': 'CA', 'country': 'USA'}",Richmond,CA,USA,"Richmond, CA",1
2025-09-04,2025-09-09,401772714,2025-09-06T00:00Z,24,Los Angeles Chargers,12,Kansas City Chiefs,24,Los Angeles Chargers,4046716,Naquan Jones,DT,Michigan State,"{'city': 'Evanston', 'state': 'IL', 'country': 'USA'}",Evanston,IL,USA,"Evanston, IL",5
2025-09-04,2025-09-09,401772714,2025-09-06T00:00Z,24,Los Angeles Chargers,12,Kansas City Chiefs,24,Los Angeles Chargers,4430114,Josh Kaltenberger,C,Maryland,"{'city': 'Pittsburgh', 'state': 'PA', 'country': 'USA'}",Pittsburgh,PA,USA,"Pittsburgh, PA",
2025-09-04,2025-09-09,401772714,2025-09-06T00:00Z,24,Los Angeles Chargers,12,Kansas City Chiefs,24,Los Angeles Chargers,4432333,Kyle Kennard,LB,South Carolina,"{'city': 'Atlanta', 'state': 'GA', 'country': 'USA'}",Atlanta,GA,USA,"Atlanta, GA",
2025-09-04,2025-09-09,401772714,2025-09-06T00:00Z,24,Los Angeles Chargers,12,Kansas City Chiefs,24,Los Angeles Chargers,4429018,RJ Mickens,S,Clemson,"{'city': 'Southlake', 'state': 'TX', 'country': 'USA'}",Southlake,TX,USA,"Southlake, TX",
2025-09-04,2025-09-09,401772714,2025-09-06T00:00Z,24,Los Angeles Chargers,12,Kansas City Chiefs,24,Los Angeles Chargers,3916430,Nyheim Miller-Hines,RB,NC State,"{'city': 'Garner', 'state': 'NC', 'country': 'USA'}",Garner,NC,USA,"Garner, NC",6
2025-09-04,2025-09-09,401772714,2025-09-06T00:00Z,24,Los Angeles Chargers,12,Kansas City Chiefs,24,Los Angeles Chargers,4701177,Myles Purchase,CB,Iowa State,"{'city': 'Denver', 'state': 'CO', 'country': 'USA'}",Denver,CO,USA,"Denver, CO",
2025-09-04,2025-09-09,401772714,2025-09-06T00:00Z,24,Los Angeles Chargers,12,Kansas City Chiefs,24,Los Angeles Chargers,4428304,Garmon Randolph,LB,Baylor,"{'city': 'Jefferson', 'state': 'GA', 'country': 'USA'}",Jefferson,GA,USA,"Jefferson, GA",
2025-09-04,2025-09-09,401772714,2025-09-06T00:00Z,24,Los Angeles Chargers,12,Kansas City Chiefs,24,Los Angeles Chargers,4241802,Jalen Reagor,WR,TCU,"{'city': 'Waxahachie', 'state': 'TX', 'country': 'USA'}",Waxahachie,TX,USA,"Waxahachie, TX",6
2025-09-04,2025-09-09,401772714,2025-09-06T00:00Z,24,Los Angeles Chargers,12,Kansas City Chiefs,24,Los Angeles Chargers,4691043,Nikko Reed,CB,Oregon,"{'city': 'Oakland', 'state': 'CA', 'country': 'USA'}",Oakland,CA,USA,"Oakland, CA",
2025-09-04,2025-09-09,401772714,2025-09-06T00:00Z,24,Los Angeles Chargers,12,Kansas City Chiefs,24,Los Angeles Chargers,4242555,Foster Sarell,OT,Stanford,"{'city': 'Graham', 'state': 'WA', 'country': 'USA'}",Graham,WA,USA,"Graham, WA",4
2025-09-04,2025-09-09,401772714,2025-09-06T00:00Z,24,Los Angeles Chargers,12,Kansas City Chiefs,24,Los Angeles Chargers,3121656,David Sharpe,OT,Florida,"{'city': 'Jacksonville', 'state': 'FL', 'country': 'USA'}",Jacksonville,FL,USA,"Jacksonville, FL",6
2025-09-04,2025-09-09,401772714,2025-09-06T00:00Z,24,Los Angeles Chargers,12,Kansas City Chiefs,24,Los Angeles Chargers,4433914,Branson Taylor,G,Pittsburgh,"{'city': 'Lorain', 'state': 'OH', 'country': 'USA'}",Lorain,OH,USA,"Lorain, OH",
2025-09-04,2025-09-09,401772714,2025-09-06T00:00Z,24,Los Angeles Chargers,12,Kansas City Chiefs,24,Los Angeles Chargers,4429020,DJ Uiagalelei,QB,Florida State,"{'city': 'Inland Empire', 'state': 'CA', 'country': 'USA'}",Inland Empire,CA,USA,"Inland Empire, CA",
2025-09-04,2025-09-09,401772714,2025-09-06T00:00Z,24,Los Angeles Chargers,12,Kansas City Chiefs,24,Los Angeles Chargers,4430968,Kimani Vidal,RB,Troy,"{'city': 'Marietta', 'state': 'GA', 'country': 'USA'}",Marietta,GA,USA,"Marietta, GA",2
2025-09-04,2025-09-09,401772714,2025-09-06T00:00Z,24,Los Angeles Chargers,12,Kansas City Chiefs,24,Los Angeles Chargers,4361027,Thomas Yassmin,TE,Utah,"{'city': 'Sydney', 'state': 'NSW', 'country': 'Australia'}",Sydney,NSW,Australia,"Sydney, NSW",1
2025-09-04,2025-09-09,401772714,2025-09-06T00:00Z,24,Los Angeles Chargers,12,Kansas City Chiefs,12,Kansas City Chiefs,4241372,Hollywood Brown,WR,Oklahoma,"{'city': 'Hollywood', 'state': 'FL', 'country': 'USA'}",Hollywood,FL,USA,"Hollywood, FL",7
2025-09-04,2025-09-09,401772714,2025-09-06T00:00Z,24,Los Angeles Chargers,12,Kansas City Chiefs,12,Kansas City Chiefs,4689988,Jason Brownlee,WR,Southern Miss,"{'city': 'West Point', 'state': 'MS', 'country': 'USA'}",West Point,MS,USA,"West Point, MS",2
2025-09-04,2025-09-09,401772714,2025-09-06T00:00Z,24,Los Angeles Chargers,12,Kansas City Chiefs,12,Kansas City Chiefs,4043039,Mike Caliendo,G,Western Michigan,"{'city': 'Brookfield', 'state': 'WI', 'country': 'USA'}",Brookfield,WI,USA,"Brookfield, WI",3
2025-09-04,2025-09-09,401772714,2025-09-06T00:00Z,24,Los Angeles Chargers,12,Kansas City Chiefs,12,Kansas City Chiefs,4240472,Noah Gray,TE,Duke,"{'city': 'Leominster', 'state': 'MA', 'country': 'USA'}",Leominster,MA,USA,"Leominster, MA",5
2025-09-04,2025-09-09,401772714,2025-09-06T00:00Z,24,Los Angeles Chargers,12,Kansas City Chiefs,12,Kansas City Chiefs,4241385,Creed Humphrey,C,Oklahoma,"{'city': 'Shawnee', 'state': 'OK', 'country': 'USA'}",Shawnee,OK,USA,"Shawnee, OK",5
2025-09-04,2025-09-09,401772714,2025-09-06T00:00Z,24,Los Angeles Chargers,12,Kansas City Chiefs,12,Kansas City Chiefs,3059915,Kareem Hunt,RB,Toledo,"{'city': 'Willoughby', 'state': 'OH', 'country': 'USA'}",Willoughby,OH,USA,"Willoughby, OH",9
2025-09-04,2025-09-09,401772714,2025-09-06T00:00Z,24,Los Angeles Chargers,12,Kansas City Chiefs,12,Kansas City Chiefs,15847,Travis Kelce,TE,Cincinnati,"{'city': 'Cleveland Heights', 'state': 'OH', 'country': 'USA'}",Cleveland Heights,OH,USA,"Cleveland Heights, OH",13
2025-09-04,2025-09-09,401772714,2025-09-06T00:00Z,24,Los Angeles Chargers,12,Kansas City Chiefs,12,Kansas City Chiefs,3139477,Patrick Mahomes,QB,Texas Tech,"{'city': 'Whitehouse', 'state': 'TX', 'country': 'USA'}",Whitehouse,TX,USA,"Whitehouse, TX",9
2025-09-04,2025-09-09,401772714,2025-09-06T00:00Z,24,Los Angeles Chargers,12,Kansas City Chiefs,12,Kansas City Chiefs,4038524,Gardner Minshew,QB,Washington State,"{'city': 'Brandon', 'state': 'MS', 'country': 'USA'}",Brandon,MS,USA,"Brandon, MS",7
2025-09-04,2025-09-09,401772714,2025-09-06T00:00Z,24,Los Angeles Chargers,12,Kansas City Chiefs,12,Kansas City Chiefs,4043041,Jaylon Moore,G,Western Michigan,"{'city': 'Detroit', 'state': 'MI', 'country': 'USA'}",Detroit,MI,USA,"Detroit, MI",5
2025-09-04,2025-09-09,401772714,2025-09-06T00:00Z,24,Los Angeles Chargers,12,Kansas City Chiefs,12,Kansas City Chiefs,4570577,Wanya Morris,OT,Oklahoma,"{'city': 'Grayson', 'state': 'GA', 'country': 'USA'}",Grayson,GA,USA,"Grayson, GA",3
2025-09-04,2025-09-09,401772714,2025-09-06T00:00Z,24,Los Angeles Chargers,12,Kansas City Chiefs,12,Kansas City Chiefs,4361529,Isiah Pacheco,RB,Rutgers,"{'city': 'Vineland', 'state': 'NJ', 'country': 'USA'}",Vineland,NJ,USA,"Vineland, NJ",4
2025-09-04,2025-09-09,401772714,2025-09-06T00:00Z,24,Los Angeles Chargers,12,Kansas City Chiefs,12,Kansas City Chiefs,4372716,Nikko Remigio,WR,Fresno State,"{'city': 'Orange', 'state': 'CA', 'country': 'USA'}",Orange,CA,USA,"Orange, CA",1
2025-09-04,2025-09-09,401772714,2025-09-06T00:00Z,24,Los Angeles Chargers,12,Kansas City Chiefs,12,Kansas City Chiefs,4428331,Rashee Rice,WR,SMU,"{'city': 'North Richland Hills', 'state': 'TX', 'country': 'USA'}",North Richland Hills,TX,USA,"North Richland Hills, TX",3
2025-09-04,2025-09-09,401772714,2025-09-06T00:00Z,24,Los Angeles Chargers,12,Kansas City Chiefs,12,Kansas City Chiefs,4569659,Josh Simmons,OT,Ohio State,"{'city': 'San Diego', 'state': 'CA', 'country': 'USA'}",San Diego,CA,USA,"San Diego, CA",
2025-09-04,2025-09-09,401772714,2025-09-06T00:00Z,24,Los Angeles Chargers,12,Kansas City Chiefs,12,Kansas City Chiefs,4596602,Brashard Smith,RB,SMU,"{'city': 'Richmond Heights', 'state': 'FL', 'country': 'USA'}",Richmond Heights,FL,USA,"Richmond Heights, FL",
2025-09-04,2025-09-09,401772714,2025-09-06T00:00Z,24,Los Angeles Chargers,12,Kansas City Chiefs,12,Kansas City Chiefs,4242459,Trey Smith,G,Tennessee,"{'city': 'Jackson', 'state': 'TN', 'country': 'USA'}",Jackson,TN,USA,"Jackson, TN",5
2025-09-04,2025-09-09,401772714,2025-09-06T00:00Z,24,Los Angeles Chargers,12,Kansas City Chiefs,12,Kansas City Chiefs,3120348,JuJu Smith-Schuster,WR,USC,"{'city': 'Long Beach', 'state': 'CA', 'country': 'USA'}",Long Beach,CA,USA,"Long Beach, CA",9
2025-09-04,2025-09-09,401772714,2025-09-06T00:00Z,24,Los Angeles Chargers,12,Kansas City Chiefs,12,Kansas City Chiefs,4431595,Kingsley Suamataia,OT,BYU,"{'city': 'Orem', 'state': 'UT', 'country': 'USA'}",Orem,UT,USA,"Orem, UT",2
2025-09-04,2025-09-09,401772714,2025-09-06T00:00Z,24,Los Angeles Chargers,12,Kansas City Chiefs,12,Kansas City Chiefs,4034961,Jawaan Taylor,OT,Florida,"{'city': 'Cocoa', 'state': 'FL', 'country': 'USA'}",Cocoa,FL,USA,"Cocoa, FL",7
2025-09-04,2025-09-09,401772714,2025-09-06T00:00Z,24,Los Angeles Chargers,12,Kansas City Chiefs,12,Kansas City Chiefs,4362921,Tyquan Thornton,WR,Baylor,"{'city': 'Miami', 'state': 'FL', 'country': 'USA'}",Miami,FL,USA,"Miami, FL",4
2025-09-04,2025-09-09,401772714,2025-09-06T00:00Z,24,Los Angeles Chargers,12,Kansas City Chiefs,12,Kansas City Chiefs,2975674,Robert Tonyan,TE,Indiana State,"{'city': 'Mchenry', 'state': 'IL', 'country': 'USA'}",Mchenry,IL,USA,"Mchenry, IL",7
2025-09-04,2025-09-09,401772714,2025-09-06T00:00Z,24,Los Angeles Chargers,12,Kansas City Chiefs,12,Kansas City Chiefs,4683062,Xavier Worthy,WR,Texas,"{'city': 'Fresno', 'state': 'CA', 'country': 'USA'}",Fresno,CA,USA,"Fresno, CA",2
2025-09-04,2025-09-09,401772714,2025-09-06T00:00Z,24,Los Angeles Chargers,12,Kansas City Chiefs,12,Kansas City Chiefs,4602389,Jeffrey Bassa,LB,Oregon,"{'city': 'Salt Lake City', 'state': 'UT', 'country': 'USA'}",Salt Lake City,UT,USA,"Salt Lake City, UT",
2025-09-04,2025-09-09,401772714,2025-09-06T00:00Z,24,Los Angeles Chargers,12,Kansas City Chiefs,12,Kansas City Chiefs,4362759,Nick Bolton,LB,Missouri,"{'city': 'Frisco', 'state': 'TX', 'country': 'USA'}",Frisco,TX,USA,"Frisco, TX",5
2025-09-04,2025-09-09,401772714,2025-09-06T00:00Z,24,Los Angeles Chargers,12,Kansas City Chiefs,12,Kansas City Chiefs,4426901,Leo Chenal,LB,Wisconsin,"{'city': 'Grantsburg', 'state': 'WI', 'country': 'USA'}",Grantsburg,WI,USA,"Grantsburg, WI",4
2025-09-04,2025-09-09,401772714,2025-09-06T00:00Z,24,Los Angeles Chargers,12,Kansas City Chiefs,12,Kansas City Chiefs,4249766,Jack Cochrane,LB,South Dakota,"{'city': 'Mount Vernon', 'state': 'IA', 'country': 'USA'}",Mount Vernon,IA,USA,"Mount Vernon, IA",4
2025-09-04,2025-09-09,401772714,2025-09-06T00:00Z,24,Los Angeles Chargers,12,Kansas City Chiefs,12,Kansas City Chiefs,4361964,Chamarri Conner,S,Virginia Tech,"{'city': 'Jacksonville', 'state': 'FL', 'country': 'USA'}",Jacksonville,FL,USA,"Jacksonville, FL",3
2025-09-04,2025-09-09,401772714,2025-09-06T00:00Z,24,Los Angeles Chargers,12,Kansas City Chiefs,12,Kansas City Chiefs,4247726,Bryan Cook,S,Cincinnati,"{'city': 'Cincinnati', 'state': 'OH', 'country': 'USA'}",Cincinnati,OH,USA,"Cincinnati, OH",4
2025-09-04,2025-09-09,401772714,2025-09-06T00:00Z,24,Los Angeles Chargers,12,Kansas City Chiefs,12,Kansas City Chiefs,3915487,Mike Danna,DE,Michigan,"{'city': 'Detroit', 'state': 'MI', 'country': 'USA'}",Detroit,MI,USA,"Detroit, MI",6
2025-09-04,2025-09-09,401772714,2025-09-06T00:00Z,24,Los Angeles Chargers,12,Kansas City Chiefs,12,Kansas City Chiefs,4035433,Kristian Fulton,CB,LSU,"{'city': 'New Orleans', 'state': 'LA', 'country': 'USA'}",New Orleans,LA,USA,"New Orleans, LA",5
2025-09-04,2025-09-09,401772714,2025-09-06T00:00Z,24,Los Angeles Chargers,12,Kansas City Chiefs,12,Kansas City Chiefs,4684432,Ashton Gillotte,DE,Louisville,"{'city': 'Boca Raton', 'state': 'FL', 'country': 'USA'}",Boca Raton,FL,USA,"Boca Raton, FL",
2025-09-04,2025-09-09,401772714,2025-09-06T00:00Z,24,Los Angeles Chargers,12,Kansas City Chiefs,12,Kansas City Chiefs,4685232,Jaden Hicks,S,Washington State,"{'city': 'Las Vegas', 'state': 'NV', 'country': 'USA'}",Las Vegas,NV,USA,"Las Vegas, NV",2
2025-09-04,2025-09-09,401772714,2025-09-06T00:00Z,24,Los Angeles Chargers,12,Kansas City Chiefs,12,Kansas City Chiefs,3044859,Chris Jones,DT,Mississippi State,"{'city': 'Houston', 'state': 'MS', 'country': 'USA'}",Houston,MS,USA,"Houston, MS",10
2025-09-04,2025-09-09,401772714,2025-09-06T00:00Z,24,Los Angeles Chargers,12,Kansas City Chiefs,12,Kansas City Chiefs,4426659,George Karlaftis,DE,Purdue,"{'city': 'West Lafayette', 'state': 'IN', 'country': 'USA'}",West Lafayette,IN,USA,"West Lafayette, IN",4
2025-09-04,2025-09-09,401772714,2025-09-06T00:00Z,24,Los Angeles Chargers,12,Kansas City Chiefs,12,Kansas City Chiefs,4567826,Cooper McDonald,LB,TCU,"{'city': 'Haslet', 'state': 'TX', 'country': 'USA'}",Haslet,TX,USA,"Haslet, TX",
2025-09-04,2025-09-09,401772714,2025-09-06T00:00Z,24,Los Angeles Chargers,12,Kansas City Chiefs,12,Kansas City Chiefs,4426405,Trent McDuffie,CB,Washington,"{'city': 'Westminster', 'state': 'CA', 'country': 'USA'}",Westminster,CA,USA,"Westminster, CA",4
2025-09-04,2025-09-09,401772714,2025-09-06T00:00Z,24,Los Angeles Chargers,12,Kansas City Chiefs,12,Kansas City Chiefs,3122930,Derrick Nnadi,DT,Florida State,"{'city': 'Virginia Beach', 'state': 'VA', 'country': 'USA'}",Virginia Beach,VA,USA,"Virginia Beach, VA",8
2025-09-04,2025-09-09,401772714,2025-09-06T00:00Z,24,Los Angeles Chargers,12,Kansas City Chiefs,12,Kansas City Chiefs,3929865,Charles Omenihu,DE,Texas,"{'city': 'Rowlett', 'state': 'TX', 'country': 'USA'}",Rowlett,TX,USA,"Rowlett, TX",7
2025-09-04,2025-09-09,401772714,2025-09-06T00:00Z,24,Los Angeles Chargers,12,Kansas City Chiefs,12,Kansas City Chiefs,4428383,Chris Roland-Wallace,CB,USC,"{'city': 'Palmdale', 'state': 'CA', 'country': 'USA'}",Palmdale,CA,USA,"Palmdale, CA",2
2025-09-04,2025-09-09,401772714,2025-09-06T00:00Z,24,Los Angeles Chargers,12,Kansas City Chiefs,12,Kansas City Chiefs,3863182,Jerry Tillery,DT,Notre Dame,"{'city': 'Shreveport', 'state': 'LA', 'country': 'USA'}",Shreveport,LA,USA,"Shreveport, LA",7
2025-09-04,2025-09-09,401772714,2025-09-06T00:00Z,24,Los Angeles Chargers,12,Kansas City Chiefs,12,Kansas City Chiefs,3129310,Drue Tranquill,LB,Notre Dame,"{'city': 'Fort Wayne', 'state': 'IN', 'country': 'USA'}",Fort Wayne,IN,USA,"Fort Wayne, IN",7
2025-09-04,2025-09-09,401772714,2025-09-06T00:00Z,24,Los Angeles Chargers,12,Kansas City Chiefs,12,Kansas City Chiefs,4243218,Marlon Tuipulotu,DT,USC,"{'city': 'Independence', 'state': 'OR', 'country': 'USA'}",Independence,OR,USA,"Independence, OR",5
2025-09-04,2025-09-09,401772714,2025-09-06T00:00Z,24,Los Angeles Chargers,12,Kansas City Chiefs,12,Kansas City Chiefs,4697639,Jaylen Watson,CB,Washington State,"{'city': 'Augusta', 'state': 'GA', 'country': 'USA'}",Augusta,GA,USA,"Augusta, GA",4
2025-09-04,2025-09-09,401772714,2025-09-06T00:00Z,24,Los Angeles Chargers,12,Kansas City Chiefs,12,Kansas City Chiefs,4917635,Joshua Williams,CB,Fayetteville State,"{'city': 'Fayetteville', 'state': 'NC', 'country': 'USA'}",Fayetteville,NC,USA,"Fayetteville, NC",4
2025-09-04,2025-09-09,401772714,2025-09-06T00:00Z,24,Los Angeles Chargers,12,Kansas City Chiefs,12,Kansas City Chiefs,4610705,Nohl Williams,CB,California,"{'city': 'Oxnard', 'state': 'CA', 'country': 'USA'}",Oxnard,CA,USA,"Oxnard, CA",
2025-09-04,2025-09-09,401772714,2025-09-06T00:00Z,24,Los Angeles Chargers,12,Kansas City Chiefs,12,Kansas City Chiefs,4361496,Matt Araiza,P,San Diego State,"{'city': 'San Diego', 'state': 'CA', 'country': 'USA'}",San Diego,CA,USA,"San Diego, CA",2
2025-09-04,2025-09-09,401772714,2025-09-06T00:00Z,24,Los Angeles Chargers,12,Kansas City Chiefs,12,Kansas City Chiefs,3055899,Harrison Butker,PK,Georgia Tech,"{'city': 'Decatur', 'state': 'GA', 'country': 'USA'}",Decatur,GA,USA,"Decatur, GA",9
2025-09-04,2025-09-09,401772714,2025-09-06T00:00Z,24,Los Angeles Chargers,12,Kansas City Chiefs,12,Kansas City Chiefs,16665,James Winchester,LS,Oklahoma,"{'city': 'Washington', 'state': 'OK', 'country': 'USA'}",Washington,OK,USA,"Washington, OK",11
2025-09-04,2025-09-09,401772714,2025-09-06T00:00Z,24,Los Angeles Chargers,12,Kansas City Chiefs,12,Kansas City Chiefs,4612387,Felix Anudike-Uzomah,DE,Kansas State,"{'city': 'Kansas City', 'state': 'MO', 'country': 'USA'}",Kansas City,MO,USA,"Kansas City, MO",3
2025-09-04,2025-09-09,401772714,2025-09-06T00:00Z,24,Los Angeles Chargers,12,Kansas City Chiefs,12,Kansas City Chiefs,4431196,Jake Briningstool,TE,Clemson,"{'city': 'Brentwood', 'state': 'TN', 'country': 'USA'}",Brentwood,TN,USA,"Brentwood, TN",
2025-09-04,2025-09-09,401772714,2025-09-06T00:00Z,24,Los Angeles Chargers,12,Kansas City Chiefs,12,Kansas City Chiefs,2969944,Deon Bush,S,Miami,"{'city': 'Miami', 'state': 'FL', 'country': 'USA'}",Miami,FL,USA,"Miami, FL",9
2025-09-04,2025-09-09,401772714,2025-09-06T00:00Z,24,Los Angeles Chargers,12,Kansas City Chiefs,12,Kansas City Chiefs,4571627,Ethan Driskell,OT,Marshall,"{'city': 'Louisville', 'state': 'KY', 'country': 'USA'}",Louisville,KY,USA,"Louisville, KY",2
2025-09-04,2025-09-09,401772714,2025-09-06T00:00Z,24,Los Angeles Chargers,12,Kansas City Chiefs,12,Kansas City Chiefs,4568661,Brandon George,LB,Pittsburgh,"{'city': 'Reading', 'state': 'PA', 'country': 'USA'}",Reading,PA,USA,"Reading, PA",
2025-09-04,2025-09-09,401772714,2025-09-06T00:00Z,24,Los Angeles Chargers,12,Kansas City Chiefs,12,Kansas City Chiefs,4362087,Keaontay Ingram,RB,USC,"{'city': 'Carthage', 'state': 'TX', 'country': 'USA'}",Carthage,TX,USA,"Carthage, TX",3
2025-09-04,2025-09-09,401772714,2025-09-06T00:00Z,24,Los Angeles Chargers,12,Kansas City Chiefs,12,Kansas City Chiefs,4043625,Nazeeh Johnson,S,Marshall,"{'city': 'Martinsburg', 'state': 'WV', 'country': 'USA'}",Martinsburg,WV,USA,"Martinsburg, WV",4
2025-09-04,2025-09-09,401772714,2025-09-06T00:00Z,24,Los Angeles Chargers,12,Kansas City Chiefs,12,Kansas City Chiefs,4035604,Janarius Robinson,DE,Florida State,"{'city': 'Panama City', 'state': 'FL', 'country': 'USA'}",Panama City,FL,USA,"Panama City, FL",5
2025-09-04,2025-09-09,401772714,2025-09-06T00:00Z,24,Los Angeles Chargers,12,Kansas City Chiefs,12,Kansas City Chiefs,4248032,Eric Scott Jr.,CB,Southern Miss,"{'city': 'Basehor', 'state': 'KS', 'country': 'USA'}",Basehor,KS,USA,"Basehor, KS",2
2025-09-04,2025-09-09,401772714,2025-09-06T00:00Z,24,Los Angeles Chargers,12,Kansas City Chiefs,12,Kansas City Chiefs,4691084,BJ Thompson,DE,Stephen F. Austin,"{'city': 'England', 'state': 'AR', 'country': 'USA'}",England,AR,USA,"England, AR",2
2025-09-04,2025-09-09,401772714,2025-09-06T00:00Z,24,Los Angeles Chargers,12,Kansas City Chiefs,12,Kansas City Chiefs,4036959,Cole Christiansen,LB,Army,"{'city': 'Suffolk', 'state': 'VA', 'country': 'USA'}",Suffolk,VA,USA,"Suffolk, VA",2
2025-09-04,2025-09-09,401772714,2025-09-06T00:00Z,24,Los Angeles Chargers,12,Kansas City Chiefs,12,Kansas City Chiefs,4431534,Ethan Downs,DE,Oklahoma,"{'city': 'Weatherford', 'state': 'OK', 'country': 'USA'}",Weatherford,OK,USA,"Weatherford, OK",
2025-09-04,2025-09-09,401772714,2025-09-06T00:00Z,24,Los Angeles Chargers,12,Kansas City Chiefs,12,Kansas City Chiefs,3155647,Mike Edwards,S,Kentucky,"{'city': 'Cincinnati', 'state': 'OH', 'country': 'USA'}",Cincinnati,OH,USA,"Cincinnati, OH",7
2025-09-04,2025-09-09,401772714,2025-09-06T00:00Z,24,Los Angeles Chargers,12,Kansas City Chiefs,12,Kansas City Chiefs,4242214,Clyde Edwards-Helaire,RB,LSU,"{'city': 'Baton Rouge', 'state': 'LA', 'country': 'USA'}",Baton Rouge,LA,USA,"Baton Rouge, LA",6
2025-09-04,2025-09-09,401772714,2025-09-06T00:00Z,24,Los Angeles Chargers,12,Kansas City Chiefs,12,Kansas City Chiefs,5144457,Chukwuebuka Godrick,OT,,"{'city': 'Aguleri', 'country': 'Nigeria'}",Aguleri,,Nigeria,Aguleri,1
2025-09-04,2025-09-09,401772714,2025-09-06T00:00Z,24,Los Angeles Chargers,12,Kansas City Chiefs,12,Kansas City Chiefs,4571810,C.J. Hanson,G,Holy Cross,"{'city': 'Wyckoff', 'state': 'NJ', 'country': 'USA'}",Wyckoff,NJ,USA,"Wyckoff, NJ",2
2025-09-04,2025-09-09,401772714,2025-09-06T00:00Z,24,Los Angeles Chargers,12,Kansas City Chiefs,12,Kansas City Chiefs,4259547,Malik Herring,DE,Georgia,"{'city': 'Forsyth', 'state': 'GA', 'country': 'USA'}",Forsyth,GA,USA,"Forsyth, GA",5
2025-09-04,2025-09-09,401772714,2025-09-06T00:00Z,24,Los Angeles Chargers,12,Kansas City Chiefs,12,Kansas City Chiefs,4431142,Jimmy Holiday,WR,Louisiana Tech,"{'city': 'Flora', 'state': 'MS', 'country': 'USA'}",Flora,MS,USA,"Flora, MS",
2025-09-04,2025-09-09,401772714,2025-09-06T00:00Z,24,Los Angeles Chargers,12,Kansas City Chiefs,12,Kansas City Chiefs,4602648,Kevin Knowles,CB,Florida State,"{'city': 'Hollywood', 'state': 'FL', 'country': 'USA'}",Hollywood,FL,USA,"Hollywood, FL",
2025-09-04,2025-09-09,401772714,2025-09-06T00:00Z,24,Los Angeles Chargers,12,Kansas City Chiefs,12,Kansas City Chiefs,4365457,Brodric Martin,DT,Western Kentucky,"{'city': 'Tuscaloosa', 'state': 'AL', 'country': 'USA'}",Tuscaloosa,AL,USA,"Tuscaloosa, AL",3
2025-09-04,2025-09-09,401772714,2025-09-06T00:00Z,24,Los Angeles Chargers,12,Kansas City Chiefs,12,Kansas City Chiefs,4241555,Elijah Mitchell,RB,Louisiana,"{'city': 'Erath', 'state': 'LA', 'country': 'USA'}",Erath,LA,USA,"Erath, LA",5
2025-09-04,2025-09-09,401772714,2025-09-06T00:00Z,24,Los Angeles Chargers,12,Kansas City Chiefs,12,Kansas City Chiefs,4591008,Omarr Norman-Lott,DT,Tennessee,"{'city': 'North Highlands', 'state': 'CA', 'country': 'USA'}",North Highlands,CA,USA,"North Highlands, CA",
2025-09-04,2025-09-09,401772714,2025-09-06T00:00Z,24,Los Angeles Chargers,12,Kansas City Chiefs,12,Kansas City Chiefs,4367645,Hunter Nourzad,C,Penn State,"{'city': 'Marietta', 'state': 'GA', 'country': 'USA'}",Marietta,GA,USA,"Marietta, GA",2
2025-09-04,2025-09-09,401772714,2025-09-06T00:00Z,24,Los Angeles Chargers,12,Kansas City Chiefs,12,Kansas City Chiefs,4044111,Chris Oladokun,QB,South Dakota State,"{'city': 'Tampa', 'state': 'FL', 'country': 'USA'}",Tampa,FL,USA,"Tampa, FL",1
2025-09-04,2025-09-09,401772714,2025-09-06T00:00Z,24,Los Angeles Chargers,12,Kansas City Chiefs,12,Kansas City Chiefs,4426332,Zacch Pickens,DT,South Carolina,"{'city': 'Anderson', 'state': 'SC', 'country': 'USA'}",Anderson,SC,USA,"Anderson, SC",3
2025-09-04,2025-09-09,401772714,2025-09-06T00:00Z,24,Los Angeles Chargers,12,Kansas City Chiefs,12,Kansas City Chiefs,4430411,Jammie Robinson,S,Florida State,"{'city': 'Cordele', 'state': 'GA', 'country': 'USA'}",Cordele,GA,USA,"Cordele, GA",3
2025-09-04,2025-09-09,401772714,2025-09-06T00:00Z,24,Los Angeles Chargers,12,Kansas City Chiefs,12,Kansas City Chiefs,5082630,Jalen Royals,WR,Utah State,"{'city': 'Powder Springs', 'state': 'GA', 'country': 'USA'}",Powder Springs,GA,USA,"Powder Springs, GA",
2025-09-04,2025-09-09,401772714,2025-09-06T00:00Z,24,Los Angeles Chargers,12,Kansas City Chiefs,12,Kansas City Chiefs,4361340,Tyreke Smith,LB,Ohio State,"{'city': 'Cleveland', 'state': 'OH', 'country': 'USA'}",Cleveland,OH,USA,"Cleveland, OH",3
2025-09-04,2025-09-09,401772714,2025-09-06T00:00Z,24,Los Angeles Chargers,12,Kansas City Chiefs,12,Kansas City Chiefs,5278708,Melvin Smith Jr.,CB,Southern Arkansas,"{'city': 'Bossier City', 'state': 'LA', 'country': 'USA'}",Bossier City,LA,USA,"Bossier City, LA",
2025-09-04,2025-09-09,401772714,2025-09-06T00:00Z,24,Los Angeles Chargers,12,Kansas City Chiefs,12,Kansas City Chiefs,4714365,Carson Steele,FB,UCLA,"{'city': 'Greenwood', 'state': 'IN', 'country': 'USA'}",Greenwood,IN,USA,"Greenwood, IN",2
2025-09-04,2025-09-09,401772714,2025-09-06T00:00Z,24,Los Angeles Chargers,12,Kansas City Chiefs,12,Kansas City Chiefs,4685784,Tre Watson,TE,Texas A&M,"{'city': 'Rio Rancho', 'state': 'NM', 'country': 'USA'}",Rio Rancho,NM,USA,"Rio Rancho, NM",
2025-09-04,2025-09-09,401772714,2025-09-06T00:00Z,24,Los Angeles Chargers,12,Kansas City Chiefs,12,Kansas City Chiefs,4430723,Jared Wiley,TE,TCU,"{'city': 'Temple', 'state': 'TX', 'country': 'USA'}",Temple,TX,USA,"Temple, TX",2
2025-09-04,2025-09-09,401772830,2025-09-07T17:00Z,1,Atlanta Falcons,27,Tampa Bay Buccaneers,1,Atlanta Falcons,3061612,Jamal Agnew,WR,San Diego,"{'city': 'San Diego', 'state': 'CA', 'country': 'USA'}",San Diego,CA,USA,"San Diego, CA",9
2025-09-04,2025-09-09,401772830,2025-09-07T17:00Z,1,Atlanta Falcons,27,Tampa Bay Buccaneers,1,Atlanta Falcons,4373626,Tyler Allgeier,RB,BYU,"{'city': 'Fontana', 'state': 'CA', 'country': 'USA'}",Fontana,CA,USA,"Fontana, CA",4
2025-09-04,2025-09-09,401772830,2025-09-07T17:00Z,1,Atlanta Falcons,27,Tampa Bay Buccaneers,1,Atlanta Falcons,4568510,Matthew Bergeron,G,Syracuse,"{'city': 'Victoriaville', 'state': 'PQ', 'country': 'Canada'}",Victoriaville,PQ,Canada,"Victoriaville, PQ",3
2025-09-04,2025-09-09,401772830,2025-09-07T17:00Z,1,Atlanta Falcons,27,Tampa Bay Buccaneers,1,Atlanta Falcons,4605841,Nathan Carter,RB,Michigan State,"{'city': 'Rochester', 'state': 'NY', 'country': 'USA'}",Rochester,NY,USA,"Rochester, NY",
2025-09-04,2025-09-09,401772830,2025-09-07T17:00Z,1,Atlanta Falcons,27,Tampa Bay Buccaneers,1,Atlanta Falcons,14880,Kirk Cousins,QB,Michigan State,"{'city': 'Holland', 'state': 'MI', 'country': 'USA'}",Holland,MI,USA,"Holland, MI",14
2025-09-04,2025-09-09,401772830,2025-09-07T17:00Z,1,Atlanta Falcons,27,Tampa Bay Buccaneers,1,Atlanta Falcons,4034948,Feleipe Franks,TE,Arkansas,"{'city': 'Crawfordville', 'state': 'FL', 'country': 'USA'}",Crawfordville,FL,USA,"Crawfordville, FL",3
2025-09-04,2025-09-09,401772830,2025-09-07T17:00Z,1,Atlanta Falcons,27,Tampa Bay Buccaneers,1,Atlanta Falcons,4362845,Jovaughn Gwyn,G,South Carolina,"{'city': 'Charlotte', 'state': 'NC', 'country': 'USA'}",Charlotte,NC,USA,"Charlotte, NC",3
2025-09-04,2025-09-09,401772830,2025-09-07T17:00Z,1,Atlanta Falcons,27,Tampa Bay Buccaneers,1,Atlanta Falcons,4682831,Kyle Hinton,G,Washburn,"{'city': 'Peoria', 'state': 'AZ', 'country': 'USA'}",Peoria,AZ,USA,"Peoria, AZ",3
2025-09-04,2025-09-09,401772830,2025-09-07T17:00Z,1,Atlanta Falcons,27,Tampa Bay Buccaneers,1,Atlanta Falcons,3047876,KhaDarel Hodge,WR,Prairie View A&M,"{'city': 'D Lo', 'state': 'MS', 'country': 'USA'}",D Lo,MS,USA,"D Lo, MS",8
2025-09-04,2025-09-09,401772830,2025-09-07T17:00Z,1,Atlanta Falcons,27,Tampa Bay Buccaneers,1,Atlanta Falcons,5209093,Michael Jerrell,OT,Findlay,"{'city': 'Indianapolis', 'state': 'IN', 'country': 'USA'}",Indianapolis,IN,USA,"Indianapolis, IN",2
2025-09-04,2025-09-09,401772830,2025-09-07T17:00Z,1,Atlanta Falcons,27,Tampa Bay Buccaneers,1,Atlanta Falcons,3672833,Chris Lindstrom,G,Boston College,"{'city': 'Dudley', 'state': 'MA', 'country': 'USA'}",Dudley,MA,USA,"Dudley, MA",7
2025-09-04,2025-09-09,401772830,2025-09-07T17:00Z,1,Atlanta Falcons,27,Tampa Bay Buccaneers,1,Atlanta Falcons,4426502,Drake London,WR,USC,"{'city': 'Moorpark', 'state': 'CA', 'country': 'USA'}",Moorpark,CA,USA,"Moorpark, CA",4
2025-09-04,2025-09-09,401772830,2025-09-07T17:00Z,1,Atlanta Falcons,27,Tampa Bay Buccaneers,1,Atlanta Falcons,16713,Jake Matthews,OT,Texas A&M,"{'city': 'Missouri City', 'state': 'TX', 'country': 'USA'}",Missouri City,TX,USA,"Missouri City, TX",12
2025-09-04,2025-09-09,401772830,2025-09-07T17:00Z,1,Atlanta Falcons,27,Tampa Bay Buccaneers,1,Atlanta Falcons,3728262,Ray-Ray McCloud III,WR,Clemson,"{'city': 'Tampa', 'state': 'FL', 'country': 'USA'}",Tampa,FL,USA,"Tampa, FL",8
2025-09-04,2025-09-09,401772830,2025-09-07T17:00Z,1,Atlanta Falcons,27,Tampa Bay Buccaneers,1,Atlanta Falcons,4040655,Darnell Mooney,WR,Tulane,"{'city': 'Gadsden', 'state': 'AL', 'country': 'USA'}",Gadsden,AL,USA,"Gadsden, AL",6
2025-09-04,2025-09-09,401772830,2025-09-07T17:00Z,1,Atlanta Falcons,27,Tampa Bay Buccaneers,1,Atlanta Falcons,4693369,Jack Nelson,OT,Wisconsin,"{'city': 'Stoughton', 'state': 'WI', 'country': 'USA'}",Stoughton,WI,USA,"Stoughton, WI",
2025-09-04,2025-09-09,401772830,2025-09-07T17:00Z,1,Atlanta Falcons,27,Tampa Bay Buccaneers,1,Atlanta Falcons,4036444,Ryan Neuzil,G,App State,"{'city': 'Bradenton', 'state': 'FL', 'country': 'USA'}",Bradenton,FL,USA,"Bradenton, FL",4
2025-09-04,2025-09-09,401772830,2025-09-07T17:00Z,1,Atlanta Falcons,27,Tampa Bay Buccaneers,1,Atlanta Falcons,4360423,Michael Penix Jr.,QB,Washington,"{'city': 'Tampa', 'state': 'FL', 'country': 'USA'}",Tampa,FL,USA,"Tampa, FL",2
2025-09-04,2025-09-09,401772830,2025-09-07T17:00Z,1,Atlanta Falcons,27,Tampa Bay Buccaneers,1,Atlanta Falcons,4360248,Kyle Pitts Sr.,TE,Florida,"{'city': 'Philadelphia', 'state': 'PA', 'country': 'USA'}",Philadelphia,PA,USA,"Philadelphia, PA",5
2025-09-04,2025-09-09,401772830,2025-09-07T17:00Z,1,Atlanta Falcons,27,Tampa Bay Buccaneers,1,Atlanta Falcons,4374045,Teagan Quitoriano,TE,Oregon State,"{'city': 'Salem', 'state': 'OR', 'country': 'USA'}",Salem,OR,USA,"Salem, OR",4
2025-09-04,2025-09-09,401772830,2025-09-07T17:00Z,1,Atlanta Falcons,27,Tampa Bay Buccaneers,1,Atlanta Falcons,4430807,Bijan Robinson,RB,Texas,"{'city': 'Tucson', 'state': 'AZ', 'country': 'USA'}",Tucson,AZ,USA,"Tucson, AZ",3
2025-09-04,2025-09-09,401772830,2025-09-07T17:00Z,1,Atlanta Falcons,27,Tampa Bay Buccaneers,1,Atlanta Falcons,3871102,David Sills V,WR,West Virginia,"{'city': 'Wilmington', 'state': 'DE', 'country': 'USA'}",Wilmington,DE,USA,"Wilmington, DE",3
2025-09-04,2025-09-09,401772830,2025-09-07T17:00Z,1,Atlanta Falcons,27,Tampa Bay Buccaneers,1,Atlanta Falcons,4428796,Casey Washington,WR,Illinois,"{'city': 'Round Rock', 'state': 'TX', 'country': 'USA'}",Round Rock,TX,USA,"Round Rock, TX",2
2025-09-04,2025-09-09,401772830,2025-09-07T17:00Z,1,Atlanta Falcons,27,Tampa Bay Buccaneers,1,Atlanta Falcons,4248425,Carlos Washington Jr.,RB,SE Louisiana,"{'city': 'Clinton', 'state': 'MD', 'country': 'USA'}",Clinton,MD,USA,"Clinton, MD",1
2025-09-04,2025-09-09,401772830,2025-09-07T17:00Z,1,Atlanta Falcons,27,Tampa Bay Buccaneers,1,Atlanta Falcons,3059839,Elijah Wilkinson,OT,Massachusetts,"{'city': 'Downingtown', 'state': 'PA', 'country': 'USA'}",Downingtown,PA,USA,"Downingtown, PA",9
2025-09-04,2025-09-09,401772830,2025-09-07T17:00Z,1,Atlanta Falcons,27,Tampa Bay Buccaneers,1,Atlanta Falcons,4035020,Charlie Woerner,TE,Georgia,"{'city': 'Tiger', 'state': 'GA', 'country': 'USA'}",Tiger,GA,USA,"Tiger, GA",6
2025-09-04,2025-09-09,401772830,2025-09-07T17:00Z,1,Atlanta Falcons,27,Tampa Bay Buccaneers,1,Atlanta Falcons,4401823,Dee Alford,CB,Tusculum,"{'city': 'Griffin', 'state': 'GA', 'country': 'USA'}",Griffin,GA,USA,"Griffin, GA",4
2025-09-04,2025-09-09,401772830,2025-09-07T17:00Z,1,Atlanta Falcons,27,Tampa Bay Buccaneers,1,Atlanta Falcons,3919512,Jessie Bates III,S,Wake Forest,"{'city': 'Fort Wayne', 'state': 'IN', 'country': 'USA'}",Fort Wayne,IN,USA,"Fort Wayne, IN",8
2025-09-04,2025-09-09,401772830,2025-09-07T17:00Z,1,Atlanta Falcons,27,Tampa Bay Buccaneers,1,Atlanta Falcons,4428872,JD Bertrand,LB,Notre Dame,"{'city': 'Alpharetta', 'state': 'GA', 'country': 'USA'}",Alpharetta,GA,USA,"Alpharetta, GA",2
2025-09-04,2025-09-09,401772830,2025-09-07T17:00Z,1,Atlanta Falcons,27,Tampa Bay Buccaneers,1,Atlanta Falcons,4431194,Billy Bowman Jr.,S,Oklahoma,"{'city': 'Denton', 'state': 'TX', 'country': 'USA'}",Denton,TX,USA,"Denton, TX",
2025-09-04,2025-09-09,401772830,2025-09-07T17:00Z,1,Atlanta Falcons,27,Tampa Bay Buccaneers,1,Atlanta Falcons,4689989,Natrone Brooks,CB,Southern Miss,"{'city': 'Starkville', 'state': 'MS', 'country': 'USA'}",Starkville,MS,USA,"Starkville, MS",2
2025-09-04,2025-09-09,401772830,2025-09-07T17:00Z,1,Atlanta Falcons,27,Tampa Bay Buccaneers,1,Atlanta Falcons,4037626,Divine Deablo,LB,Virginia Tech,"{'city': 'Winston-Salem', 'state': 'NC', 'country': 'USA'}",Winston-Salem,NC,USA,"Winston-Salem, NC",5
2025-09-04,2025-09-09,401772830,2025-09-07T17:00Z,1,Atlanta Falcons,27,Tampa Bay Buccaneers,1,Atlanta Falcons,4427090,Brandon Dorlus,DT,Oregon,"{'city': 'Fort Lauderdale', 'state': 'FL', 'country': 'USA'}",Fort Lauderdale,FL,USA,"Fort Lauderdale, FL",2
2025-09-04,2025-09-09,401772830,2025-09-07T17:00Z,1,Atlanta Falcons,27,Tampa Bay Buccaneers,1,Atlanta Falcons,4257591,Arnold Ebiketie,LB,Penn State,"{'city': 'Silver Spring', 'state': 'MD', 'country': 'USA'}",Silver Spring,MD,USA,"Silver Spring, MD",4
2025-09-04,2025-09-09,401772830,2025-09-07T17:00Z,1,Atlanta Falcons,27,Tampa Bay Buccaneers,1,Atlanta Falcons,3124890,Kaden Elliss,LB,Idaho,"{'city': 'Salt Lake City', 'state': 'UT', 'country': 'USA'}",Salt Lake City,UT,USA,"Salt Lake City, UT",7
2025-09-04,2025-09-09,401772830,2025-09-07T17:00Z,1,Atlanta Falcons,27,Tampa Bay Buccaneers,1,Atlanta Falcons,3043136,Leonard Floyd,DE,Georgia,"{'city': 'Eastman', 'state': 'GA', 'country': 'USA'}",Eastman,GA,USA,"Eastman, GA",10
2025-09-04,2025-09-09,401772830,2025-09-07T17:00Z,1,Atlanta Falcons,27,Tampa Bay Buccaneers,1,Atlanta Falcons,3050916,Mike Ford Jr.,CB,Southeast Missouri State,"{'city': 'Alton', 'state': 'IL', 'country': 'USA'}",Alton,IL,USA,"Alton, IL",8
2025-09-04,2025-09-09,401772830,2025-09-07T17:00Z,1,Atlanta Falcons,27,Tampa Bay Buccaneers,1,Atlanta Falcons,4040613,Jordan Fuller,S,Ohio State,"{'city': 'Old Tappan', 'state': 'NJ', 'country': 'USA'}",Old Tappan,NJ,USA,"Old Tappan, NJ",6
2025-09-04,2025-09-09,401772830,2025-09-07T17:00Z,1,Atlanta Falcons,27,Tampa Bay Buccaneers,1,Atlanta Falcons,4426412,Zach Harrison,DE,Ohio State,"{'city': 'Lewis Center', 'state': 'OH', 'country': 'USA'}",Lewis Center,OH,USA,"Lewis Center, OH",3
2025-09-04,2025-09-09,401772830,2025-09-07T17:00Z,1,Atlanta Falcons,27,Tampa Bay Buccaneers,1,Atlanta Falcons,4567111,DeMarcco Hellams,S,Alabama,"{'city': 'Washington', 'state': 'DC', 'country': 'USA'}",Washington,DC,USA,"Washington, DC",3
2025-09-04,2025-09-09,401772830,2025-09-07T17:00Z,1,Atlanta Falcons,27,Tampa Bay Buccaneers,1,Atlanta Falcons,3895841,Mike Hughes,CB,UCF,"{'city': 'New Bern', 'state': 'NC', 'country': 'USA'}",New Bern,NC,USA,"New Bern, NC",8
2025-09-04,2025-09-09,401772830,2025-09-07T17:00Z,1,Atlanta Falcons,27,Tampa Bay Buccaneers,1,Atlanta Falcons,4376288,LaCale London,DE,Western Illinois,"{'city': 'Peoria', 'state': 'IL', 'country': 'USA'}",Peoria,IL,USA,"Peoria, IL",2
2025-09-04,2025-09-09,401772830,2025-09-07T17:00Z,1,Atlanta Falcons,27,Tampa Bay Buccaneers,1,Atlanta Falcons,4243457,DeAngelo Malone,LB,Western Kentucky,"{'city': 'Atlanta', 'state': 'GA', 'country': 'USA'}",Atlanta,GA,USA,"Atlanta, GA",4
2025-09-04,2025-09-09,401772830,2025-09-07T17:00Z,1,Atlanta Falcons,27,Tampa Bay Buccaneers,1,Atlanta Falcons,4002046,David Onyemata,DT,Manitoba,"{'city': 'Lagos', 'country': 'Nigeria'}",Lagos,,Nigeria,Lagos,10
2025-09-04,2025-09-09,401772830,2025-09-07T17:00Z,1,Atlanta Falcons,27,Tampa Bay Buccaneers,1,Atlanta Falcons,4430271,Ruke Orhorhoro,DT,Clemson,"{'city': 'Lagos', 'country': 'Nigeria'}",Lagos,,Nigeria,Lagos,2
2025-09-04,2025-09-09,401772830,2025-09-07T17:00Z,1,Atlanta Falcons,27,Tampa Bay Buccaneers,1,Atlanta Falcons,5081394,James Pearce Jr.,LB,Tennessee,"{'city': 'Charlotte', 'state': 'NC', 'country': 'USA'}",Charlotte,NC,USA,"Charlotte, NC",
2025-09-04,2025-09-09,401772830,2025-09-07T17:00Z,1,Atlanta Falcons,27,Tampa Bay Buccaneers,1,Atlanta Falcons,4429067,Clark Phillips III,CB,Utah,"{'city': 'Lakewood', 'state': 'CA', 'country': 'USA'}",Lakewood,CA,USA,"Lakewood, CA",3
2025-09-04,2025-09-09,401772830,2025-09-07T17:00Z,1,Atlanta Falcons,27,Tampa Bay Buccaneers,1,Atlanta Falcons,4077786,Sam Roberts,DT,Northwest Missouri State,"{'city': 'Waynesville', 'state': 'MO', 'country': 'USA'}",Waynesville,MO,USA,"Waynesville, MO",3
2025-09-04,2025-09-09,401772830,2025-09-07T17:00Z,1,Atlanta Falcons,27,Tampa Bay Buccaneers,1,Atlanta Falcons,4239995,A.J. Terrell Jr.,CB,Clemson,"{'city': 'Atlanta', 'state': 'GA', 'country': 'USA'}",Atlanta,GA,USA,"Atlanta, GA",6
2025-09-04,2025-09-09,401772830,2025-09-07T17:00Z,1,Atlanta Falcons,27,Tampa Bay Buccaneers,1,Atlanta Falcons,4685597,Jalon Walker,LB,Georgia,"{'city': 'Salisbury', 'state': 'NC', 'country': 'USA'}",Salisbury,NC,USA,"Salisbury, NC",
2025-09-04,2025-09-09,401772830,2025-09-07T17:00Z,1,Atlanta Falcons,27,Tampa Bay Buccaneers,1,Atlanta Falcons,4431005,Xavier Watts,S,Notre Dame,"{'city': 'Omaha', 'state': 'NE', 'country': 'USA'}",Omaha,NE,USA,"Omaha, NE",
2025-09-04,2025-09-09,401772830,2025-09-07T17:00Z,1,Atlanta Falcons,27,Tampa Bay Buccaneers,1,Atlanta Falcons,3128303,Josh Woods,LB,Maryland,"{'city': 'Baltimore', 'state': 'MD', 'country': 'USA'}",Baltimore,MD,USA,"Baltimore, MD",6
2025-09-04,2025-09-09,401772830,2025-09-07T17:00Z,1,Atlanta Falcons,27,Tampa Bay Buccaneers,1,Atlanta Falcons,3049899,Younghoe Koo,PK,Georgia Southern,"{'city': 'Ridgewood', 'state': 'NJ', 'country': 'USA'}",Ridgewood,NJ,USA,"Ridgewood, NJ",8
2025-09-04,2025-09-09,401772830,2025-09-07T17:00Z,1,Atlanta Falcons,27,Tampa Bay Buccaneers,1,Atlanta Falcons,3915528,Liam McCullough,LS,Ohio State,"{'city': 'Columbus', 'state': 'OH', 'country': 'USA'}",Columbus,OH,USA,"Columbus, OH",3
2025-09-04,2025-09-09,401772830,2025-09-07T17:00Z,1,Atlanta Falcons,27,Tampa Bay Buccaneers,1,Atlanta Falcons,2977680,Bradley Pinion,P,Clemson,"{'city': 'Concord', 'state': 'NC', 'country': 'USA'}",Concord,NC,USA,"Concord, NC",11
2025-09-04,2025-09-09,401772830,2025-09-07T17:00Z,1,Atlanta Falcons,27,Tampa Bay Buccaneers,1,Atlanta Falcons,4247807,Troy Andersen,LB,Montana State,"{'city': 'Dillon', 'state': 'MT', 'country': 'USA'}",Dillon,MT,USA,"Dillon, MT",4
2025-09-04,2025-09-09,401772830,2025-09-07T17:00Z,1,Atlanta Falcons,27,Tampa Bay Buccaneers,1,Atlanta Falcons,4262197,Ta'Quon Graham,DT,Texas,"{'city': 'Temple', 'state': 'TX', 'country': 'USA'}",Temple,TX,USA,"Temple, TX",5
2025-09-04,2025-09-09,401772830,2025-09-07T17:00Z,1,Atlanta Falcons,27,Tampa Bay Buccaneers,1,Atlanta Falcons,4360230,Emory Jones,QB,Cincinnati,"{'city': 'LaGrange', 'state': 'GA', 'country': 'USA'}",LaGrange,GA,USA,"LaGrange, GA",1
2025-09-04,2025-09-09,401772830,2025-09-07T17:00Z,1,Atlanta Falcons,27,Tampa Bay Buccaneers,1,Atlanta Falcons,3127304,Kaleb McGary,OT,Washington,"{'city': 'Fife', 'state': 'WA', 'country': 'USA'}",Fife,WA,USA,"Fife, WA",7
2025-09-04,2025-09-09,401772830,2025-09-07T17:00Z,1,Atlanta Falcons,27,Tampa Bay Buccaneers,1,Atlanta Falcons,2973014,Storm Norton,OT,Toledo,"{'city': 'Toledo', 'state': 'OH', 'country': 'USA'}",Toledo,OH,USA,"Toledo, OH",6
2025-09-04,2025-09-09,401772830,2025-09-07T17:00Z,1,Atlanta Falcons,27,Tampa Bay Buccaneers,1,Atlanta Falcons,4428713,Bralen Trice,LB,Washington,"{'city': 'Phoenix', 'state': 'AZ', 'country': 'USA'}",Phoenix,AZ,USA,"Phoenix, AZ",2
2025-09-04,2025-09-09,401772830,2025-09-07T17:00Z,1,Atlanta Falcons,27,Tampa Bay Buccaneers,1,Atlanta Falcons,4684636,Malik Verdon,S,Iowa State,"{'city': 'Cincinnati', 'state': 'OH', 'country': 'USA'}",Cincinnati,OH,USA,"Cincinnati, OH",
2025-09-04,2025-09-09,401772830,2025-09-07T17:00Z,1,Atlanta Falcons,27,Tampa Bay Buccaneers,1,Atlanta Falcons,3929922,Tyrone Wheatley Jr.,OT,Morgan State,"{'city': 'Buffalo', 'state': 'NY', 'country': 'USA'}",Buffalo,NY,USA,"Buffalo, NY",2
2025-09-04,2025-09-09,401772830,2025-09-07T17:00Z,1,Atlanta Falcons,27,Tampa Bay Buccaneers,1,Atlanta Falcons,4369886,Chris Blair,WR,Alcorn State,"{'city': 'Louisville', 'state': 'MS', 'country': 'USA'}",Louisville,MS,USA,"Louisville, MS",2
2025-09-04,2025-09-09,401772830,2025-09-07T17:00Z,1,Atlanta Falcons,27,Tampa Bay Buccaneers,1,Atlanta Falcons,4429324,Cobee Bryant,CB,Kansas,"{'city': 'Evergreen', 'state': 'AL', 'country': 'USA'}",Evergreen,AL,USA,"Evergreen, AL",
2025-09-04,2025-09-09,401772830,2025-09-07T17:00Z,1,Atlanta Falcons,27,Tampa Bay Buccaneers,1,Atlanta Falcons,4363551,Dylan Drummond,WR,Eastern Michigan,"{'city': 'Cleveland', 'state': 'OH', 'country': 'USA'}",Cleveland,OH,USA,"Cleveland, OH",1
2025-09-04,2025-09-09,401772830,2025-09-07T17:00Z,1,Atlanta Falcons,27,Tampa Bay Buccaneers,1,Atlanta Falcons,4570485,Joshua Gray,G,Oregon State,"{'city': 'Rancho Cucamonga', 'state': 'CA', 'country': 'USA'}",Rancho Cucamonga,CA,USA,"Rancho Cucamonga, CA",
2025-09-04,2025-09-09,401772830,2025-09-07T17:00Z,1,Atlanta Falcons,27,Tampa Bay Buccaneers,1,Atlanta Falcons,3859006,Ronnie Harrison Jr.,S,Alabama,"{'city': 'Tallahassee', 'state': 'FL', 'country': 'USA'}",Tallahassee,FL,USA,"Tallahassee, FL",8
2025-09-04,2025-09-09,401772830,2025-09-07T17:00Z,1,Atlanta Falcons,27,Tampa Bay Buccaneers,1,Atlanta Falcons,4372091,Ryan Hayes,OT,Michigan,"{'city': 'Traverse City', 'state': 'MI', 'country': 'USA'}",Traverse City,MI,USA,"Traverse City, MI",1
2025-09-04,2025-09-09,401772830,2025-09-07T17:00Z,1,Atlanta Falcons,27,Tampa Bay Buccaneers,1,Atlanta Falcons,4240596,C.J. Henderson,CB,Florida,"{'city': 'Miami', 'state': 'FL', 'country': 'USA'}",Miami,FL,USA,"Miami, FL",6
2025-09-04,2025-09-09,401772830,2025-09-07T17:00Z,1,Atlanta Falcons,27,Tampa Bay Buccaneers,1,Atlanta Falcons,4039029,Khalid Kareem,LB,Notre Dame,"{'city': 'Detroit', 'state': 'MI', 'country': 'USA'}",Detroit,MI,USA,"Detroit, MI",4
2025-09-04,2025-09-09,401772830,2025-09-07T17:00Z,1,Atlanta Falcons,27,Tampa Bay Buccaneers,1,Atlanta Falcons,5277116,Lenny Krieg,PK,,"{'city': 'Berlin', 'country': 'Germany'}",Berlin,,Germany,Berlin,
2025-09-04,2025-09-09,401772830,2025-09-07T17:00Z,1,Atlanta Falcons,27,Tampa Bay Buccaneers,1,Atlanta Falcons,4570242,Nick Nash,WR,San José State,"{'city': 'Irvine', 'state': 'CA', 'country': 'USA'}",Irvine,CA,USA,"Irvine, CA",
2025-09-04,2025-09-09,401772830,2025-09-07T17:00Z,1,Atlanta Falcons,27,Tampa Bay Buccaneers,1,Atlanta Falcons,4360274,Ronnie Perkins,LB,Oklahoma,"{'city': 'St. Louis', 'state': 'MO', 'country': 'USA'}",St. Louis,MO,USA,"St. Louis, MO",4
2025-09-04,2025-09-09,401772830,2025-09-07T17:00Z,1,Atlanta Falcons,27,Tampa Bay Buccaneers,1,Atlanta Falcons,4430482,Joshua Simon,TE,South Carolina,"{'city': 'Dalzell', 'state': 'SC', 'country': 'USA'}",Dalzell,SC,USA,"Dalzell, SC",
2025-09-04,2025-09-09,401772830,2025-09-07T17:00Z,1,Atlanta Falcons,27,Tampa Bay Buccaneers,1,Atlanta Falcons,3120590,Easton Stick,QB,North Dakota State,"{'city': 'Omaha', 'state': 'NE', 'country': 'USA'}",Omaha,NE,USA,"Omaha, NE",6
2025-09-04,2025-09-09,401772830,2025-09-07T17:00Z,1,Atlanta Falcons,27,Tampa Bay Buccaneers,1,Atlanta Falcons,3116726,Kentavius Street,DT,NC State,"{'city': 'Greenville', 'state': 'NC', 'country': 'USA'}",Greenville,NC,USA,"Greenville, NC",7
2025-09-04,2025-09-09,401772830,2025-09-07T17:00Z,1,Atlanta Falcons,27,Tampa Bay Buccaneers,1,Atlanta Falcons,4240723,Carter Warren,OT,Pittsburgh,"{'city': 'Paterson', 'state': 'NJ', 'country': 'USA'}",Paterson,NJ,USA,"Paterson, NJ",3
2025-09-04,2025-09-09,401772830,2025-09-07T17:00Z,1,Atlanta Falcons,27,Tampa Bay Buccaneers,27,Tampa Bay Buccaneers,4429251,Graham Barton,C,Duke,"{'city': 'Brentwood', 'state': 'TN', 'country': 'USA'}",Brentwood,TN,USA,"Brentwood, TN",2
2025-09-04,2025-09-09,401772830,2025-09-07T17:00Z,1,Atlanta Falcons,27,Tampa Bay Buccaneers,27,Tampa Bay Buccaneers,4046551,Ben Bredeson,G,Michigan,"{'city': 'Hartland', 'state': 'WI', 'country': 'USA'}",Hartland,WI,USA,"Hartland, WI",6
2025-09-04,2025-09-09,401772830,2025-09-07T17:00Z,1,Atlanta Falcons,27,Tampa Bay Buccaneers,27,Tampa Bay Buccaneers,16728,Teddy Bridgewater,QB,Louisville,"{'city': 'Miami', 'state': 'FL', 'country': 'USA'}",Miami,FL,USA,"Miami, FL",11
2025-09-04,2025-09-09,401772830,2025-09-07T17:00Z,1,Atlanta Falcons,27,Tampa Bay Buccaneers,27,Tampa Bay Buccaneers,4690787,Benjamin Chukwuma,OT,Georgia State,"{'city': 'Austell', 'state': 'GA', 'country': 'USA'}",Austell,GA,USA,"Austell, GA",
2025-09-04,2025-09-09,401772830,2025-09-07T17:00Z,1,Atlanta Falcons,27,Tampa Bay Buccaneers,27,Tampa Bay Buccaneers,4361112,Devin Culp,TE,Washington,"{'city': 'Spokane', 'state': 'WA', 'country': 'USA'}",Spokane,WA,USA,"Spokane, WA",2
2025-09-04,2025-09-09,401772830,2025-09-07T17:00Z,1,Atlanta Falcons,27,Tampa Bay Buccaneers,27,Tampa Bay Buccaneers,4372505,Payne Durham,TE,Purdue,"{'city': 'Suwanee', 'state': 'GA', 'country': 'USA'}",Suwanee,GA,USA,"Suwanee, GA",3
2025-09-04,2025-09-09,401772830,2025-09-07T17:00Z,1,Atlanta Falcons,27,Tampa Bay Buccaneers,27,Tampa Bay Buccaneers,4567750,Emeka Egbuka,WR,Ohio State,"{'city': 'Steilacoom', 'state': 'WA', 'country': 'USA'}",Steilacoom,WA,USA,"Steilacoom, WA",
2025-09-04,2025-09-09,401772830,2025-09-07T17:00Z,1,Atlanta Falcons,27,Tampa Bay Buccaneers,27,Tampa Bay Buccaneers,16737,Mike Evans,WR,Texas A&M,"{'city': 'Galveston', 'state': 'TX', 'country': 'USA'}",Galveston,TX,USA,"Galveston, TX",12
2025-09-04,2025-09-09,401772830,2025-09-07T17:00Z,1,Atlanta Falcons,27,Tampa Bay Buccaneers,27,Tampa Bay Buccaneers,3116165,Chris Godwin Jr.,WR,Penn State,"{'city': 'Middletown', 'state': 'DE', 'country': 'USA'}",Middletown,DE,USA,"Middletown, DE",9
2025-09-04,2025-09-09,401772830,2025-09-07T17:00Z,1,Atlanta Falcons,27,Tampa Bay Buccaneers,27,Tampa Bay Buccaneers,4380507,Luke Goedeke,OT,Central Michigan,"{'city': 'Whitelaw', 'state': 'WI', 'country': 'USA'}",Whitelaw,WI,USA,"Whitelaw, WI",4
2025-09-04,2025-09-09,401772830,2025-09-07T17:00Z,1,Atlanta Falcons,27,Tampa Bay Buccaneers,27,Tampa Bay Buccaneers,3895840,Charlie Heck,OT,North Carolina,"{'city': 'Kansas City', 'state': 'MO', 'country': 'USA'}",Kansas City,MO,USA,"Kansas City, MO",6
2025-09-04,2025-09-09,401772830,2025-09-07T17:00Z,1,Atlanta Falcons,27,Tampa Bay Buccaneers,27,Tampa Bay Buccaneers,4596448,Bucky Irving,RB,Oregon,"{'city': 'Chicago', 'state': 'IL', 'country': 'USA'}",Chicago,IL,USA,"Chicago, IL",2
2025-09-04,2025-09-09,401772830,2025-09-07T17:00Z,1,Atlanta Falcons,27,Tampa Bay Buccaneers,27,Tampa Bay Buccaneers,5097554,Kameron Johnson,WR,Barton College,"{'city': 'Rocky Mount', 'state': 'NC', 'country': 'USA'}",Rocky Mount,NC,USA,"Rocky Mount, NC",2
2025-09-04,2025-09-09,401772830,2025-09-07T17:00Z,1,Atlanta Falcons,27,Tampa Bay Buccaneers,27,Tampa Bay Buccaneers,4608810,Tez Johnson,WR,Oregon,"{'city': 'Pinson', 'state': 'AL', 'country': 'USA'}",Pinson,AL,USA,"Pinson, AL",
2025-09-04,2025-09-09,401772830,2025-09-07T17:00Z,1,Atlanta Falcons,27,Tampa Bay Buccaneers,27,Tampa Bay Buccaneers,4040622,Mike Jordan,G,Ohio State,"{'city': 'Canton', 'state': 'MI', 'country': 'USA'}",Canton,MI,USA,"Canton, MI",6
2025-09-04,2025-09-09,401772830,2025-09-07T17:00Z,1,Atlanta Falcons,27,Tampa Bay Buccaneers,27,Tampa Bay Buccaneers,4034779,Ko Kieft,TE,Minnesota,"{'city': 'Sioux Center', 'state': 'IA', 'country': 'USA'}",Sioux Center,IA,USA,"Sioux Center, IA",4
2025-09-04,2025-09-09,401772830,2025-09-07T17:00Z,1,Atlanta Falcons,27,Tampa Bay Buccaneers,27,Tampa Bay Buccaneers,4362066,Elijah Klein,G,UTEP,"{'city': 'San Bernardino', 'state': 'CA', 'country': 'USA'}",San Bernardino,CA,USA,"San Bernardino, CA",2
2025-09-04,2025-09-09,401772830,2025-09-07T17:00Z,1,Atlanta Falcons,27,Tampa Bay Buccaneers,27,Tampa Bay Buccaneers,4248545,Cody Mauch,G,North Dakota State,"{'city': 'Hankinson', 'state': 'ND', 'country': 'USA'}",Hankinson,ND,USA,"Hankinson, ND",3
2025-09-04,2025-09-09,401772830,2025-09-07T17:00Z,1,Atlanta Falcons,27,Tampa Bay Buccaneers,27,Tampa Bay Buccaneers,3052587,Baker Mayfield,QB,Oklahoma,"{'city': 'Austin', 'state': 'TX', 'country': 'USA'}",Austin,TX,USA,"Austin, TX",8
2025-09-04,2025-09-09,401772830,2025-09-07T17:00Z,1,Atlanta Falcons,27,Tampa Bay Buccaneers,27,Tampa Bay Buccaneers,4369466,Ryan Miller,WR,Furman,"{'city': 'Jackson', 'state': 'TN', 'country': 'USA'}",Jackson,TN,USA,"Jackson, TN",2
2025-09-04,2025-09-09,401772830,2025-09-07T17:00Z,1,Atlanta Falcons,27,Tampa Bay Buccaneers,27,Tampa Bay Buccaneers,4243331,Cade Otton,TE,Washington,"{'city': 'Tumwater', 'state': 'WA', 'country': 'USA'}",Tumwater,WA,USA,"Tumwater, WA",4
2025-09-04,2025-09-09,401772830,2025-09-07T17:00Z,1,Atlanta Falcons,27,Tampa Bay Buccaneers,27,Tampa Bay Buccaneers,2976592,Sterling Shepard,WR,Oklahoma,"{'city': 'Oklahoma City', 'state': 'OK', 'country': 'USA'}",Oklahoma City,OK,USA,"Oklahoma City, OK",10
2025-09-04,2025-09-09,401772830,2025-09-07T17:00Z,1,Atlanta Falcons,27,Tampa Bay Buccaneers,27,Tampa Bay Buccaneers,4430871,Sean Tucker,RB,Syracuse,"{'city': 'Owings Mills', 'state': 'MD', 'country': 'USA'}",Owings Mills,MD,USA,"Owings Mills, MD",3
2025-09-04,2025-09-09,401772830,2025-09-07T17:00Z,1,Atlanta Falcons,27,Tampa Bay Buccaneers,27,Tampa Bay Buccaneers,4697815,Rachaad White,RB,Arizona State,"{'city': 'Kansas City', 'state': 'MO', 'country': 'USA'}",Kansas City,MO,USA,"Kansas City, MO",4
2025-09-04,2025-09-09,401772830,2025-09-07T17:00Z,1,Atlanta Falcons,27,Tampa Bay Buccaneers,27,Tampa Bay Buccaneers,4568024,Josh Williams,RB,LSU,"{'city': 'Houston', 'state': 'TX', 'country': 'USA'}",Houston,TX,USA,"Houston, TX",
2025-09-04,2025-09-09,401772830,2025-09-07T17:00Z,1,Atlanta Falcons,27,Tampa Bay Buccaneers,27,Tampa Bay Buccaneers,4240589,Tristan Wirfs,OT,Iowa,"{'city': 'Mount Vernon', 'state': 'IA', 'country': 'USA'}",Mount Vernon,IA,USA,"Mount Vernon, IA",6
2025-09-04,2025-09-09,401772830,2025-09-07T17:00Z,1,Atlanta Falcons,27,Tampa Bay Buccaneers,27,Tampa Bay Buccaneers,4428989,Chris Braswell,LB,Alabama,"{'city': 'Baltimore', 'state': 'MD', 'country': 'USA'}",Baltimore,MD,USA,"Baltimore, MD",2
2025-09-04,2025-09-09,401772830,2025-09-07T17:00Z,1,Atlanta Falcons,27,Tampa Bay Buccaneers,27,Tampa Bay Buccaneers,4569563,John Bullock,LB,Nebraska,"{'city': 'Omaha', 'state': 'NE', 'country': 'USA'}",Omaha,NE,USA,"Omaha, NE",
2025-09-04,2025-09-09,401772830,2025-09-07T17:00Z,1,Atlanta Falcons,27,Tampa Bay Buccaneers,27,Tampa Bay Buccaneers,14985,Lavonte David,LB,Nebraska,"{'city': 'Miami', 'state': 'FL', 'country': 'USA'}",Miami,FL,USA,"Miami, FL",14
2025-09-04,2025-09-09,401772830,2025-09-07T17:00Z,1,Atlanta Falcons,27,Tampa Bay Buccaneers,27,Tampa Bay Buccaneers,3873935,Jamel Dean,CB,Auburn,"{'city': 'Cocoa', 'state': 'FL', 'country': 'USA'}",Cocoa,FL,USA,"Cocoa, FL",7
2025-09-04,2025-09-09,401772830,2025-09-07T17:00Z,1,Atlanta Falcons,27,Tampa Bay Buccaneers,27,Tampa Bay Buccaneers,4429511,SirVocea Dennis,LB,Pittsburgh,"{'city': 'Syracuse', 'state': 'NY', 'country': 'USA'}",Syracuse,NY,USA,"Syracuse, NY",3
2025-09-04,2025-09-09,401772830,2025-09-07T17:00Z,1,Atlanta Falcons,27,Tampa Bay Buccaneers,27,Tampa Bay Buccaneers,4686334,Yaya Diaby,LB,Louisville,"{'city': 'Atlanta', 'state': 'GA', 'country': 'USA'}",Atlanta,GA,USA,"Atlanta, GA",3
2025-09-04,2025-09-09,401772830,2025-09-07T17:00Z,1,Atlanta Falcons,27,Tampa Bay Buccaneers,27,Tampa Bay Buccaneers,3127294,Greg Gaines,DT,Washington,"{'city': 'La Habra', 'state': 'CA', 'country': 'USA'}",La Habra,CA,USA,"La Habra, CA",7
2025-09-04,2025-09-09,401772830,2025-09-07T17:00Z,1,Atlanta Falcons,27,Tampa Bay Buccaneers,27,Tampa Bay Buccaneers,2971498,Adam Gotsis,DT,Georgia Tech,"{'city': 'Melbourne', 'state': 'VIC', 'country': 'Australia'}",Melbourne,VIC,Australia,"Melbourne, VIC",10
2025-09-04,2025-09-09,401772830,2025-09-07T17:00Z,1,Atlanta Falcons,27,Tampa Bay Buccaneers,27,Tampa Bay Buccaneers,4360189,Logan Hall,DE,Houston,"{'city': 'Belton', 'state': 'TX', 'country': 'USA'}",Belton,TX,USA,"Belton, TX",4
2025-09-04,2025-09-09,401772830,2025-09-07T17:00Z,1,Atlanta Falcons,27,Tampa Bay Buccaneers,27,Tampa Bay Buccaneers,4248533,Josh Hayes,CB,Kansas State,"{'city': 'Lakeland', 'state': 'FL', 'country': 'USA'}",Lakeland,FL,USA,"Lakeland, FL",3
2025-09-04,2025-09-09,401772830,2025-09-07T17:00Z,1,Atlanta Falcons,27,Tampa Bay Buccaneers,27,Tampa Bay Buccaneers,4372459,Christian Izien,S,Rutgers,"{'city': 'Far Rockaway', 'state': 'NY', 'country': 'USA'}",Far Rockaway,NY,USA,"Far Rockaway, NY",3
2025-09-04,2025-09-09,401772830,2025-09-07T17:00Z,1,Atlanta Falcons,27,Tampa Bay Buccaneers,27,Tampa Bay Buccaneers,2976545,Deion Jones,LB,LSU,"{'city': 'New Orleans', 'state': 'LA', 'country': 'USA'}",New Orleans,LA,USA,"New Orleans, LA",9
2025-09-04,2025-09-09,401772830,2025-09-07T17:00Z,1,Atlanta Falcons,27,Tampa Bay Buccaneers,27,Tampa Bay Buccaneers,4427673,Calijah Kancey,DT,Pittsburgh,"{'city': 'Miami', 'state': 'FL', 'country': 'USA'}",Miami,FL,USA,"Miami, FL",3
2025-09-04,2025-09-09,401772830,2025-09-07T17:00Z,1,Atlanta Falcons,27,Tampa Bay Buccaneers,27,Tampa Bay Buccaneers,4250392,Zyon McCollum,CB,Sam Houston,"{'city': 'Galveston', 'state': 'TX', 'country': 'USA'}",Galveston,TX,USA,"Galveston, TX",4
2025-09-04,2025-09-09,401772830,2025-09-07T17:00Z,1,Atlanta Falcons,27,Tampa Bay Buccaneers,27,Tampa Bay Buccaneers,4360502,Kaevon Merriweather,S,Iowa,"{'city': 'Belleville', 'state': 'MI', 'country': 'USA'}",Belleville,MI,USA,"Belleville, MI",3
2025-09-04,2025-09-09,401772830,2025-09-07T17:00Z,1,Atlanta Falcons,27,Tampa Bay Buccaneers,27,Tampa Bay Buccaneers,4816107,Benjamin Morrison,CB,Notre Dame,"{'city': 'Phoenix', 'state': 'AZ', 'country': 'USA'}",Phoenix,AZ,USA,"Phoenix, AZ",
2025-09-04,2025-09-09,401772830,2025-09-07T17:00Z,1,Atlanta Falcons,27,Tampa Bay Buccaneers,27,Tampa Bay Buccaneers,3894856,Anthony Nelson,LB,Iowa,"{'city': 'Urbandale', 'state': 'IA', 'country': 'USA'}",Urbandale,IA,USA,"Urbandale, IA",7
2025-09-04,2025-09-09,401772830,2025-09-07T17:00Z,1,Atlanta Falcons,27,Tampa Bay Buccaneers,27,Tampa Bay Buccaneers,4912847,Jacob Parrish,CB,Kansas State,"{'city': 'Olathe', 'state': 'KS', 'country': 'USA'}",Olathe,KS,USA,"Olathe, KS",
2025-09-04,2025-09-09,401772830,2025-09-07T17:00Z,1,Atlanta Falcons,27,Tampa Bay Buccaneers,27,Tampa Bay Buccaneers,2980504,Haason Reddick,LB,Temple,"{'city': 'Camden', 'state': 'NJ', 'country': 'USA'}",Camden,NJ,USA,"Camden, NJ",9
2025-09-04,2025-09-09,401772830,2025-09-07T17:00Z,1,Atlanta Falcons,27,Tampa Bay Buccaneers,27,Tampa Bay Buccaneers,4690795,Elijah Roberts,DE,SMU,"{'city': 'Miami', 'state': 'FL', 'country': 'USA'}",Miami,FL,USA,"Miami, FL",
2025-09-04,2025-09-09,401772830,2025-09-07T17:00Z,1,Atlanta Falcons,27,Tampa Bay Buccaneers,27,Tampa Bay Buccaneers,4428522,Tykee Smith,S,Georgia,"{'city': 'Philadelphia', 'state': 'PA', 'country': 'USA'}",Philadelphia,PA,USA,"Philadelphia, PA",2
2025-09-04,2025-09-09,401772830,2025-09-07T17:00Z,1,Atlanta Falcons,27,Tampa Bay Buccaneers,27,Tampa Bay Buccaneers,3134362,Vita Vea,DT,Washington,"{'city': 'Milpitas', 'state': 'CA', 'country': 'USA'}",Milpitas,CA,USA,"Milpitas, CA",8
2025-09-04,2025-09-09,401772830,2025-09-07T17:00Z,1,Atlanta Falcons,27,Tampa Bay Buccaneers,27,Tampa Bay Buccaneers,4036651,Kindle Vildor,CB,Georgia Southern,"{'city': 'College Park', 'state': 'GA', 'country': 'USA'}",College Park,GA,USA,"College Park, GA",6
2025-09-04,2025-09-09,401772830,2025-09-07T17:00Z,1,Atlanta Falcons,27,Tampa Bay Buccaneers,27,Tampa Bay Buccaneers,4373706,Markees Watts,LB,Charlotte,"{'city': 'Lancaster', 'state': 'SC', 'country': 'USA'}",Lancaster,SC,USA,"Lancaster, SC",3
2025-09-04,2025-09-09,401772830,2025-09-07T17:00Z,1,Atlanta Falcons,27,Tampa Bay Buccaneers,27,Tampa Bay Buccaneers,4034790,Antoine Winfield Jr.,S,Minnesota,"{'city': 'The Woodlands', 'state': 'TX', 'country': 'USA'}",The Woodlands,TX,USA,"The Woodlands, TX",6
2025-09-04,2025-09-09,401772830,2025-09-07T17:00Z,1,Atlanta Falcons,27,Tampa Bay Buccaneers,27,Tampa Bay Buccaneers,4428917,Rashad Wisdom,S,UTSA,"{'city': 'Converse', 'state': 'TX', 'country': 'USA'}",Converse,TX,USA,"Converse, TX",1
2025-09-04,2025-09-09,401772830,2025-09-07T17:00Z,1,Atlanta Falcons,27,Tampa Bay Buccaneers,27,Tampa Bay Buccaneers,4361727,Evan Deckers,LS,Duke,"{'city': 'Avon', 'state': 'CT', 'country': 'USA'}",Avon,CT,USA,"Avon, CT",2
2025-09-04,2025-09-09,401772830,2025-09-07T17:00Z,1,Atlanta Falcons,27,Tampa Bay Buccaneers,27,Tampa Bay Buccaneers,2577619,Riley Dixon,P,Syracuse,"{'city': 'Blossvale', 'state': 'NY', 'country': 'USA'}",Blossvale,NY,USA,"Blossvale, NY",10
2025-09-04,2025-09-09,401772830,2025-09-07T17:00Z,1,Atlanta Falcons,27,Tampa Bay Buccaneers,27,Tampa Bay Buccaneers,3150744,Chase McLaughlin,PK,Illinois,"{'city': 'Cypress', 'state': 'TX', 'country': 'USA'}",Cypress,TX,USA,"Cypress, TX",7
2025-09-04,2025-09-09,401772830,2025-09-07T17:00Z,1,Atlanta Falcons,27,Tampa Bay Buccaneers,27,Tampa Bay Buccaneers,4430834,Jalen McMillan,WR,Washington,"{'city': 'Fresno', 'state': 'CA', 'country': 'USA'}",Fresno,CA,USA,"Fresno, CA",2
2025-09-04,2025-09-09,401772830,2025-09-07T17:00Z,1,Atlanta Falcons,27,Tampa Bay Buccaneers,27,Tampa Bay Buccaneers,4566165,JJ Roberts,S,Marshall,"{'city': 'Ona', 'state': 'WV', 'country': 'USA'}",Ona,WV,USA,"Ona, WV",
2025-09-04,2025-09-09,401772830,2025-09-07T17:00Z,1,Atlanta Falcons,27,Tampa Bay Buccaneers,27,Tampa Bay Buccaneers,4581750,Jaden Smith,WR,Tarleton State,"{'city': 'Fort Worth', 'state': 'TX', 'country': 'USA'}",Fort Worth,TX,USA,"Fort Worth, TX",
2025-09-04,2025-09-09,401772830,2025-09-07T17:00Z,1,Atlanta Falcons,27,Tampa Bay Buccaneers,27,Tampa Bay Buccaneers,5085355,David Walker,LB,Central Arkansas,"{'city': 'Stuttgart', 'state': 'AR', 'country': 'USA'}",Stuttgart,AR,USA,"Stuttgart, AR",
2025-09-04,2025-09-09,401772830,2025-09-07T17:00Z,1,Atlanta Falcons,27,Tampa Bay Buccaneers,27,Tampa Bay Buccaneers,4426444,Connor Bazelak,QB,Bowling Green,"{'city': 'Dayton', 'state': 'OH', 'country': 'USA'}",Dayton,OH,USA,"Dayton, OH",
2025-09-04,2025-09-09,401772830,2025-09-07T17:00Z,1,Atlanta Falcons,27,Tampa Bay Buccaneers,27,Tampa Bay Buccaneers,4052017,C.J. Brewer,DT,Coastal Carolina,"{'city': 'Bowdon', 'state': 'GA', 'country': 'USA'}",Bowdon,GA,USA,"Bowdon, GA",2
2025-09-04,2025-09-09,401772830,2025-09-07T17:00Z,1,Atlanta Falcons,27,Tampa Bay Buccaneers,27,Tampa Bay Buccaneers,4429847,Garrett Greene,WR,West Virginia,"{'city': 'Tallahassee', 'state': 'FL', 'country': 'USA'}",Tallahassee,FL,USA,"Tallahassee, FL",
2025-09-04,2025-09-09,401772830,2025-09-07T17:00Z,1,Atlanta Falcons,27,Tampa Bay Buccaneers,27,Tampa Bay Buccaneers,4686884,Luke Haggard,OT,Indiana,"{'city': 'Petaluma', 'state': 'CA', 'country': 'USA'}",Petaluma,CA,USA,"Petaluma, CA",1
2025-09-04,2025-09-09,401772830,2025-09-07T17:00Z,1,Atlanta Falcons,27,Tampa Bay Buccaneers,27,Tampa Bay Buccaneers,4037584,Bryce Hall,CB,Virginia,"{'city': 'Harrisburg', 'state': 'PA', 'country': 'USA'}",Harrisburg,PA,USA,"Harrisburg, PA",6
2025-09-04,2025-09-09,401772830,2025-09-07T17:00Z,1,Atlanta Falcons,27,Tampa Bay Buccaneers,27,Tampa Bay Buccaneers,4696820,Jack Henderson,S,Minnesota,"{'city': 'Mandeville', 'state': 'LA', 'country': 'USA'}",Mandeville,LA,USA,"Mandeville, LA",
2025-09-04,2025-09-09,401772830,2025-09-07T17:00Z,1,Atlanta Falcons,27,Tampa Bay Buccaneers,27,Tampa Bay Buccaneers,4572786,Dennis Houston,WR,Western Illinois,"{'city': 'San Antonio', 'state': 'TX', 'country': 'USA'}",San Antonio,TX,USA,"San Antonio, TX",1
2025-09-04,2025-09-09,401772830,2025-09-07T17:00Z,1,Atlanta Falcons,27,Tampa Bay Buccaneers,27,Tampa Bay Buccaneers,4431153,Nash Hutmacher,DT,Nebraska,"{'city': 'Oacoma', 'state': 'SD', 'country': 'USA'}",Oacoma,SD,USA,"Oacoma, SD",
2025-09-04,2025-09-09,401772830,2025-09-07T17:00Z,1,Atlanta Falcons,27,Tampa Bay Buccaneers,27,Tampa Bay Buccaneers,4568492,Nick Jackson,LB,Iowa,"{'city': 'Atlanta', 'state': 'GA', 'country': 'USA'}",Atlanta,GA,USA,"Atlanta, GA",
2025-09-04,2025-09-09,401772830,2025-09-07T17:00Z,1,Atlanta Falcons,27,Tampa Bay Buccaneers,27,Tampa Bay Buccaneers,4431184,Jayson Jones,DT,Auburn,"{'city': 'Calera', 'state': 'AL', 'country': 'USA'}",Calera,AL,USA,"Calera, AL",
2025-09-04,2025-09-09,401772830,2025-09-07T17:00Z,1,Atlanta Falcons,27,Tampa Bay Buccaneers,27,Tampa Bay Buccaneers,4427677,Mohamed Kamara,LB,Colorado State,"{'city': 'Newark', 'state': 'NJ', 'country': 'USA'}",Newark,NJ,USA,"Newark, NJ",2
2025-09-04,2025-09-09,401772830,2025-09-07T17:00Z,1,Atlanta Falcons,27,Tampa Bay Buccaneers,27,Tampa Bay Buccaneers,4247248,Tyler McLellan,OT,Campbell,"{'city': 'North Charleston', 'state': 'SC', 'country': 'USA'}",North Charleston,SC,USA,"North Charleston, SC",2
2025-09-04,2025-09-09,401772830,2025-09-07T17:00Z,1,Atlanta Falcons,27,Tampa Bay Buccaneers,27,Tampa Bay Buccaneers,4360063,Lorenz Metz,OT,Cincinnati,"{'city': 'Neuotting', 'country': 'Germany'}",Neuotting,,Germany,Neuotting,1
2025-09-04,2025-09-09,401772830,2025-09-07T17:00Z,1,Atlanta Falcons,27,Tampa Bay Buccaneers,27,Tampa Bay Buccaneers,4569202,Ben Scott,G,Nebraska,"{'city': 'Honolulu', 'state': 'HI', 'country': 'USA'}",Honolulu,HI,USA,"Honolulu, HI",
2025-09-04,2025-09-09,401772830,2025-09-07T17:00Z,1,Atlanta Falcons,27,Tampa Bay Buccaneers,27,Tampa Bay Buccaneers,4248052,Tanner Taula,TE,Illinois State,"{'city': 'Independence', 'state': 'MO', 'country': 'USA'}",Independence,MO,USA,"Independence, MO",1
2025-09-04,2025-09-09,401772829,2025-09-07T17:00Z,5,Cleveland Browns,4,Cincinnati Bengals,5,Cleveland Browns,16740,Joel Bitonio,G,Nevada,"{'city': 'Long Beach', 'state': 'CA', 'country': 'USA'}",Long Beach,CA,USA,"Long Beach, CA",12
2025-09-04,2025-09-09,401772829,2025-09-07T17:00Z,5,Cleveland Browns,4,Cincinnati Bengals,5,Cleveland Browns,4808839,Isaiah Bond,WR,Texas,"{'city': 'Buford', 'state': 'GA', 'country': 'USA'}",Buford,GA,USA,"Buford, GA",
2025-09-04,2025-09-09,401772829,2025-09-07T17:00Z,5,Cleveland Browns,4,Cincinnati Bengals,5,Cleveland Browns,2580216,DeAndre Carter,WR,Sacramento State,"{'city': 'San Jose', 'state': 'CA', 'country': 'USA'}",San Jose,CA,USA,"San Jose, CA",8
2025-09-04,2025-09-09,401772829,2025-09-07T17:00Z,5,Cleveland Browns,4,Cincinnati Bengals,5,Cleveland Browns,2979534,Jack Conklin,OT,Michigan State,"{'city': 'Plainwell', 'state': 'MI', 'country': 'USA'}",Plainwell,MI,USA,"Plainwell, MI",10
2025-09-04,2025-09-09,401772829,2025-09-07T17:00Z,5,Cleveland Browns,4,Cincinnati Bengals,5,Cleveland Browns,5083076,Harold Fannin Jr.,TE,Bowling Green,"{'city': 'Canton', 'state': 'OH', 'country': 'USA'}",Canton,OH,USA,"Canton, OH",
2025-09-04,2025-09-09,401772829,2025-09-07T17:00Z,5,Cleveland Browns,4,Cincinnati Bengals,5,Cleveland Browns,11252,Joe Flacco,QB,Delaware,"{'city': 'Audubon', 'state': 'NJ', 'country': 'USA'}",Audubon,NJ,USA,"Audubon, NJ",18
2025-09-04,2025-09-09,401772829,2025-09-07T17:00Z,5,Cleveland Browns,4,Cincinnati Bengals,5,Cleveland Browns,4372019,Jerome Ford,RB,Cincinnati,"{'city': 'Tampa', 'state': 'FL', 'country': 'USA'}",Tampa,FL,USA,"Tampa, FL",4
2025-09-04,2025-09-09,401772829,2025-09-07T17:00Z,5,Cleveland Browns,4,Cincinnati Bengals,5,Cleveland Browns,4427238,Dillon Gabriel,QB,Oregon,"{'city': 'Mililani', 'state': 'HI', 'country': 'USA'}",Mililani,HI,USA,"Mililani, HI",
2025-09-04,2025-09-09,401772829,2025-09-07T17:00Z,5,Cleveland Browns,4,Cincinnati Bengals,5,Cleveland Browns,4038457,Teven Jenkins,G,Oklahoma State,"{'city': 'Topeka', 'state': 'KS', 'country': 'USA'}",Topeka,KS,USA,"Topeka, KS",5
2025-09-04,2025-09-09,401772829,2025-09-07T17:00Z,5,Cleveland Browns,4,Cincinnati Bengals,5,Cleveland Browns,4241463,Jerry Jeudy,WR,Alabama,"{'city': 'Deerfield Beach', 'state': 'FL', 'country': 'USA'}",Deerfield Beach,FL,USA,"Deerfield Beach, FL",6
2025-09-04,2025-09-09,401772829,2025-09-07T17:00Z,5,Cleveland Browns,4,Cincinnati Bengals,5,Cleveland Browns,4427637,Dawand Jones,OT,Ohio State,"{'city': 'Indianapolis', 'state': 'IN', 'country': 'USA'}",Indianapolis,IN,USA,"Indianapolis, IN",3
2025-09-04,2025-09-09,401772829,2025-09-07T17:00Z,5,Cleveland Browns,4,Cincinnati Bengals,5,Cleveland Browns,4685702,Quinshon Judkins,RB,Ohio State,"{'city': 'Pike Road', 'state': 'AL', 'country': 'USA'}",Pike Road,AL,USA,"Pike Road, AL",
2025-09-04,2025-09-09,401772829,2025-09-07T17:00Z,5,Cleveland Browns,4,Cincinnati Bengals,5,Cleveland Browns,4877203,Gage Larvadain,WR,South Carolina,"{'city': 'Donaldsonville', 'state': 'LA', 'country': 'USA'}",Donaldsonville,LA,USA,"Donaldsonville, LA",
2025-09-04,2025-09-09,401772829,2025-09-07T17:00Z,5,Cleveland Browns,4,Cincinnati Bengals,5,Cleveland Browns,4373079,KT Leveston,OT,Kansas State,"{'city': 'Waco', 'state': 'TX', 'country': 'USA'}",Waco,TX,USA,"Waco, TX",2
2025-09-04,2025-09-09,401772829,2025-09-07T17:00Z,5,Cleveland Browns,4,Cincinnati Bengals,5,Cleveland Browns,17202,Cornelius Lucas,OT,Kansas State,"{'city': 'New Orleans', 'state': 'LA', 'country': 'USA'}",New Orleans,LA,USA,"New Orleans, LA",11
2025-09-04,2025-09-09,401772829,2025-09-07T17:00Z,5,Cleveland Browns,4,Cincinnati Bengals,5,Cleveland Browns,3123076,David Njoku,TE,Miami,"{'city': 'Cedar Grove', 'state': 'NJ', 'country': 'USA'}",Cedar Grove,NJ,USA,"Cedar Grove, NJ",9
2025-09-04,2025-09-09,401772829,2025-09-07T17:00Z,5,Cleveland Browns,4,Cincinnati Bengals,5,Cleveland Browns,3042738,Ethan Pocic,C,LSU,"{'city': 'Lemont', 'state': 'IL', 'country': 'USA'}",Lemont,IL,USA,"Lemont, IL",9
2025-09-04,2025-09-09,401772829,2025-09-07T17:00Z,5,Cleveland Browns,4,Cincinnati Bengals,5,Cleveland Browns,5081397,Dylan Sampson,RB,Tennessee,"{'city': 'Baton Rouge', 'state': 'LA', 'country': 'USA'}",Baton Rouge,LA,USA,"Baton Rouge, LA",
2025-09-04,2025-09-09,401772829,2025-09-07T17:00Z,5,Cleveland Browns,4,Cincinnati Bengals,5,Cleveland Browns,4601080,Raheim Sanders,RB,South Carolina,"{'city': 'Rockledge', 'state': 'FL', 'country': 'USA'}",Rockledge,FL,USA,"Rockledge, FL",
2025-09-04,2025-09-09,401772829,2025-09-07T17:00Z,5,Cleveland Browns,4,Cincinnati Bengals,5,Cleveland Browns,4432762,Shedeur Sanders,QB,Colorado,"{'city': 'Dallas', 'state': 'TX', 'country': 'USA'}",Dallas,TX,USA,"Dallas, TX",
2025-09-04,2025-09-09,401772829,2025-09-07T17:00Z,5,Cleveland Browns,4,Cincinnati Bengals,5,Cleveland Browns,3045474,Wyatt Teller,G,Virginia Tech,"{'city': 'Bealeton', 'state': 'VA', 'country': 'USA'}",Bealeton,VA,USA,"Bealeton, VA",8
2025-09-04,2025-09-09,401772829,2025-09-07T17:00Z,5,Cleveland Browns,4,Cincinnati Bengals,5,Cleveland Browns,4428678,Jamari Thrash,WR,Louisville,"{'city': 'LaGrange', 'state': 'GA', 'country': 'USA'}",LaGrange,GA,USA,"LaGrange, GA",2
2025-09-04,2025-09-09,401772829,2025-09-07T17:00Z,5,Cleveland Browns,4,Cincinnati Bengals,5,Cleveland Browns,4369863,Cedric Tillman,WR,Tennessee,"{'city': 'Las Vegas', 'state': 'NV', 'country': 'USA'}",Las Vegas,NV,USA,"Las Vegas, NV",3
2025-09-04,2025-09-09,401772829,2025-09-07T17:00Z,5,Cleveland Browns,4,Cincinnati Bengals,5,Cleveland Browns,4362018,Blake Whiteheart,TE,Wake Forest,"{'city': 'Winston-Salem', 'state': 'NC', 'country': 'USA'}",Winston-Salem,NC,USA,"Winston-Salem, NC",3
2025-09-04,2025-09-09,401772829,2025-09-07T17:00Z,5,Cleveland Browns,4,Cincinnati Bengals,5,Cleveland Browns,4430806,Luke Wypler,C,Ohio State,"{'city': 'Montvale', 'state': 'NJ', 'country': 'USA'}",Montvale,NJ,USA,"Montvale, NJ",3
2025-09-04,2025-09-09,401772829,2025-09-07T17:00Z,5,Cleveland Browns,4,Cincinnati Bengals,5,Cleveland Browns,4433963,Zak Zinter,G,Michigan,"{'city': 'North Andover', 'state': 'MA', 'country': 'USA'}",North Andover,MA,USA,"North Andover, MA",2
2025-09-04,2025-09-09,401772829,2025-09-07T17:00Z,5,Cleveland Browns,4,Cincinnati Bengals,5,Cleveland Browns,3915507,Jerome Baker,LB,Ohio State,"{'city': 'Cleveland', 'state': 'OH', 'country': 'USA'}",Cleveland,OH,USA,"Cleveland, OH",8
2025-09-04,2025-09-09,401772829,2025-09-07T17:00Z,5,Cleveland Browns,4,Cincinnati Bengals,5,Cleveland Browns,4361834,Jarrick Bernard-Converse,CB,LSU,"{'city': 'Shreveport', 'state': 'LA', 'country': 'USA'}",Shreveport,LA,USA,"Shreveport, LA",3
2025-09-04,2025-09-09,401772829,2025-09-07T17:00Z,5,Cleveland Browns,4,Cincinnati Bengals,5,Cleveland Browns,4036261,Devin Bush,LB,Michigan,"{'city': 'Pembroke Pines', 'state': 'FL', 'country': 'USA'}",Pembroke Pines,FL,USA,"Pembroke Pines, FL",7
2025-09-04,2025-09-09,401772829,2025-09-07T17:00Z,5,Cleveland Browns,4,Cincinnati Bengals,5,Cleveland Browns,3040471,Maliek Collins,DT,Nebraska,"{'city': 'Kansas City', 'state': 'MO', 'country': 'USA'}",Kansas City,MO,USA,"Kansas City, MO",10
2025-09-04,2025-09-09,401772829,2025-09-07T17:00Z,5,Cleveland Browns,4,Cincinnati Bengals,5,Cleveland Browns,4242208,Grant Delpit,S,LSU,"{'city': 'Houston', 'state': 'TX', 'country': 'USA'}",Houston,TX,USA,"Houston, TX",6
2025-09-04,2025-09-09,401772829,2025-09-07T17:00Z,5,Cleveland Browns,4,Cincinnati Bengals,5,Cleveland Browns,4567403,Mohamoud Diabate,LB,Utah,"{'city': 'Auburn', 'state': 'AL', 'country': 'USA'}",Auburn,AL,USA,"Auburn, AL",3
2025-09-04,2025-09-09,401772829,2025-09-07T17:00Z,5,Cleveland Browns,4,Cincinnati Bengals,5,Cleveland Browns,3122132,Myles Garrett,DE,Texas A&M,"{'city': 'Arlington', 'state': 'TX', 'country': 'USA'}",Arlington,TX,USA,"Arlington, TX",9
2025-09-04,2025-09-09,401772829,2025-09-07T17:00Z,5,Cleveland Browns,4,Cincinnati Bengals,5,Cleveland Browns,4873232,Mason Graham,DT,Michigan,"{'city': 'Anaheim', 'state': 'CA', 'country': 'USA'}",Anaheim,CA,USA,"Anaheim, CA",
2025-09-04,2025-09-09,401772829,2025-09-07T17:00Z,5,Cleveland Browns,4,Cincinnati Bengals,5,Cleveland Browns,4600415,Mike Hall Jr.,DT,Ohio State,"{'city': 'Streetsboro', 'state': 'OH', 'country': 'USA'}",Streetsboro,OH,USA,"Streetsboro, OH",2
2025-09-04,2025-09-09,401772829,2025-09-07T17:00Z,5,Cleveland Browns,4,Cincinnati Bengals,5,Cleveland Browns,4695783,Myles Harden,CB,South Dakota,"{'city': 'Miami Gardens', 'state': 'FL', 'country': 'USA'}",Miami Gardens,FL,USA,"Miami Gardens, FL",2
2025-09-04,2025-09-09,401772829,2025-09-07T17:00Z,5,Cleveland Browns,4,Cincinnati Bengals,5,Cleveland Browns,16837,Shelby Harris,DT,Illinois State,"{'city': 'Milwaukee', 'state': 'WI', 'country': 'USA'}",Milwaukee,WI,USA,"Milwaukee, WI",11
2025-09-04,2025-09-09,401772829,2025-09-07T17:00Z,5,Cleveland Browns,4,Cincinnati Bengals,5,Cleveland Browns,4569620,Ronnie Hickman,S,Ohio State,"{'city': 'South Orange', 'state': 'NJ', 'country': 'USA'}",South Orange,NJ,USA,"South Orange, NJ",3
2025-09-04,2025-09-09,401772829,2025-09-07T17:00Z,5,Cleveland Browns,4,Cincinnati Bengals,5,Cleveland Browns,4605792,Adin Huntington,DE,Tulane,"{'city': 'Stafford', 'state': 'VA', 'country': 'USA'}",Stafford,VA,USA,"Stafford, VA",
2025-09-04,2025-09-09,401772829,2025-09-07T17:00Z,5,Cleveland Browns,4,Cincinnati Bengals,5,Cleveland Browns,2969961,Rayshawn Jenkins,S,Miami,"{'city': 'St. Petersburg', 'state': 'FL', 'country': 'USA'}",St. Petersburg,FL,USA,"St. Petersburg, FL",9
2025-09-04,2025-09-09,401772829,2025-09-07T17:00Z,5,Cleveland Browns,4,Cincinnati Bengals,5,Cleveland Browns,4033855,Sam Kamara,DE,Stony Brook,"{'city': 'Carteret', 'state': 'NJ', 'country': 'USA'}",Carteret,NJ,USA,"Carteret, NJ",3
2025-09-04,2025-09-09,401772829,2025-09-07T17:00Z,5,Cleveland Browns,4,Cincinnati Bengals,5,Cleveland Browns,2976099,Damontae Kazee,S,San Diego State,"{'city': 'San Bernardino', 'state': 'CA', 'country': 'USA'}",San Bernardino,CA,USA,"San Bernardino, CA",9
2025-09-04,2025-09-09,401772829,2025-09-07T17:00Z,5,Cleveland Browns,4,Cincinnati Bengals,5,Cleveland Browns,5085888,Easton Mascarenas-Arnold,LB,USC,"{'city': 'Mission Viejo', 'state': 'CA', 'country': 'USA'}",Mission Viejo,CA,USA,"Mission Viejo, CA",
2025-09-04,2025-09-09,401772829,2025-09-07T17:00Z,5,Cleveland Browns,4,Cincinnati Bengals,5,Cleveland Browns,4427963,Isaiah McGuire,DE,Missouri,"{'city': 'Tulsa', 'state': 'OK', 'country': 'USA'}",Tulsa,OK,USA,"Tulsa, OK",3
2025-09-04,2025-09-09,401772829,2025-09-07T17:00Z,5,Cleveland Browns,4,Cincinnati Bengals,5,Cleveland Browns,4686027,Donovan McMillon,S,Pittsburgh,"{'city': 'Mcmurray', 'state': 'PA', 'country': 'USA'}",Mcmurray,PA,USA,"Mcmurray, PA",
2025-09-04,2025-09-09,401772829,2025-09-07T17:00Z,5,Cleveland Browns,4,Cincinnati Bengals,5,Cleveland Browns,4569607,Cameron Mitchell,CB,Northwestern,"{'city': 'Bolingbrook', 'state': 'IL', 'country': 'USA'}",Bolingbrook,IL,USA,"Bolingbrook, IL",3
2025-09-04,2025-09-09,401772829,2025-09-07T17:00Z,5,Cleveland Browns,4,Cincinnati Bengals,5,Cleveland Browns,4361266,Greg Newsome II,CB,Northwestern,"{'city': 'Chicago', 'state': 'IL', 'country': 'USA'}",Chicago,IL,USA,"Chicago, IL",5
2025-09-04,2025-09-09,401772829,2025-09-07T17:00Z,5,Cleveland Browns,4,Cincinnati Bengals,5,Cleveland Browns,4876017,Carson Schwesinger,LB,UCLA,"{'city': 'Moorpark', 'state': 'CA', 'country': 'USA'}",Moorpark,CA,USA,"Moorpark, CA",
2025-09-04,2025-09-09,401772829,2025-09-07T17:00Z,5,Cleveland Browns,4,Cincinnati Bengals,5,Cleveland Browns,4361510,Cameron Thomas,DE,San Diego State,"{'city': 'Carlsbad', 'state': 'CA', 'country': 'USA'}",Carlsbad,CA,USA,"Carlsbad, CA",4
2025-09-04,2025-09-09,401772829,2025-09-07T17:00Z,5,Cleveland Browns,4,Cincinnati Bengals,5,Cleveland Browns,4243333,Joe Tryon-Shoyinka,DE,Washington,"{'city': 'Renton', 'state': 'WA', 'country': 'USA'}",Renton,WA,USA,"Renton, WA",5
2025-09-04,2025-09-09,401772829,2025-09-07T17:00Z,5,Cleveland Browns,4,Cincinnati Bengals,5,Cleveland Browns,3915535,Denzel Ward,CB,Ohio State,"{'city': 'Macedonia', 'state': 'OH', 'country': 'USA'}",Macedonia,OH,USA,"Macedonia, OH",8
2025-09-04,2025-09-09,401772829,2025-09-07T17:00Z,5,Cleveland Browns,4,Cincinnati Bengals,5,Cleveland Browns,4570119,Alex Wright,DE,UAB,"{'city': 'Elba', 'state': 'AL', 'country': 'USA'}",Elba,AL,USA,"Elba, AL",4
2025-09-04,2025-09-09,401772829,2025-09-07T17:00Z,5,Cleveland Browns,4,Cincinnati Bengals,5,Cleveland Browns,4039396,Corey Bojorquez,P,New Mexico,"{'city': 'Bellflower', 'state': 'CA', 'country': 'USA'}",Bellflower,CA,USA,"Bellflower, CA",8
2025-09-04,2025-09-09,401772829,2025-09-07T17:00Z,5,Cleveland Browns,4,Cincinnati Bengals,5,Cleveland Browns,3913293,Rex Sunahara,LS,West Virginia,"{'city': 'Bay Village', 'state': 'OH', 'country': 'USA'}",Bay Village,OH,USA,"Bay Village, OH",2
2025-09-04,2025-09-09,401772829,2025-09-07T17:00Z,5,Cleveland Browns,4,Cincinnati Bengals,5,Cleveland Browns,4258620,Andre Szmyt,PK,Syracuse,"{'city': 'Vernon Hills', 'state': 'IL', 'country': 'USA'}",Vernon Hills,IL,USA,"Vernon Hills, IL",1
2025-09-04,2025-09-09,401772829,2025-09-07T17:00Z,5,Cleveland Browns,4,Cincinnati Bengals,5,Cleveland Browns,4570409,David Bell,WR,Purdue,"{'city': 'Indianapolis', 'state': 'IN', 'country': 'USA'}",Indianapolis,IN,USA,"Indianapolis, IN",4
2025-09-04,2025-09-09,401772829,2025-09-07T17:00Z,5,Cleveland Browns,4,Cincinnati Bengals,5,Cleveland Browns,4429568,Martin Emerson Jr.,CB,Mississippi State,"{'city': 'Pensacola', 'state': 'FL', 'country': 'USA'}",Pensacola,FL,USA,"Pensacola, FL",4
2025-09-04,2025-09-09,401772829,2025-09-07T17:00Z,5,Cleveland Browns,4,Cincinnati Bengals,5,Cleveland Browns,5143279,Anthony Kendall,CB,Baldwin-Wallace,"{'city': 'Port Richey', 'state': 'FL', 'country': 'USA'}",Port Richey,FL,USA,"Port Richey, FL",2
2025-09-04,2025-09-09,401772829,2025-09-07T17:00Z,5,Cleveland Browns,4,Cincinnati Bengals,5,Cleveland Browns,4569507,Cade McDonald,WR,Miami (OH),"{'city': 'Naperville', 'state': 'IL', 'country': 'USA'}",Naperville,IL,USA,"Naperville, IL",
2025-09-04,2025-09-09,401772829,2025-09-07T17:00Z,5,Cleveland Browns,4,Cincinnati Bengals,5,Cleveland Browns,4567230,Justin Osborne,C,SMU,"{'city': 'Flower Mound', 'state': 'TX', 'country': 'USA'}",Flower Mound,TX,USA,"Flower Mound, TX",
2025-09-04,2025-09-09,401772829,2025-09-07T17:00Z,5,Cleveland Browns,4,Cincinnati Bengals,5,Cleveland Browns,4258599,Jeremiah Owusu-Koramoah,LB,Notre Dame,"{'city': 'Hampton', 'state': 'VA', 'country': 'USA'}",Hampton,VA,USA,"Hampton, VA",5
2025-09-04,2025-09-09,401772829,2025-09-07T17:00Z,5,Cleveland Browns,4,Cincinnati Bengals,5,Cleveland Browns,4251125,Winston Reid,LB,Weber State,"{'city': 'West Jordan', 'state': 'UT', 'country': 'USA'}",West Jordan,UT,USA,"West Jordan, UT",2
2025-09-04,2025-09-09,401772829,2025-09-07T17:00Z,5,Cleveland Browns,4,Cincinnati Bengals,5,Cleveland Browns,3122840,Deshaun Watson,QB,Clemson,"{'city': 'Gainesville', 'state': 'GA', 'country': 'USA'}",Gainesville,GA,USA,"Gainesville, GA",9
2025-09-04,2025-09-09,401772829,2025-09-07T17:00Z,5,Cleveland Browns,4,Cincinnati Bengals,5,Cleveland Browns,4362895,Nathaniel Watson,LB,Mississippi State,"{'city': 'Maplesville', 'state': 'AL', 'country': 'USA'}",Maplesville,AL,USA,"Maplesville, AL",2
2025-09-04,2025-09-09,401772829,2025-09-07T17:00Z,5,Cleveland Browns,4,Cincinnati Bengals,5,Cleveland Browns,4362603,Brenden Bates,TE,Kentucky,"{'city': 'Cincinnati', 'state': 'OH', 'country': 'USA'}",Cincinnati,OH,USA,"Cincinnati, OH",6
2025-09-04,2025-09-09,401772829,2025-09-07T17:00Z,5,Cleveland Browns,4,Cincinnati Bengals,5,Cleveland Browns,4570075,Logan Brown,OT,Kansas,"{'city': 'Grand Rapids', 'state': 'MI', 'country': 'USA'}",Grand Rapids,MI,USA,"Grand Rapids, MI",
2025-09-04,2025-09-09,401772829,2025-09-07T17:00Z,5,Cleveland Browns,4,Cincinnati Bengals,5,Cleveland Browns,4242536,Sal Cannella,TE,Auburn,"{'city': 'Schaumburg', 'state': 'IL', 'country': 'USA'}",Schaumburg,IL,USA,"Schaumburg, IL",1
2025-09-04,2025-09-09,401772829,2025-09-07T17:00Z,5,Cleveland Browns,4,Cincinnati Bengals,5,Cleveland Browns,4613104,Malachi Corley,WR,Western Kentucky,"{'city': 'Orange City', 'state': 'FL', 'country': 'USA'}",Orange City,FL,USA,"Orange City, FL",3
2025-09-04,2025-09-09,401772829,2025-09-07T17:00Z,5,Cleveland Browns,4,Cincinnati Bengals,5,Cleveland Browns,5065495,Kaden Davis,WR,Northwest Missouri State,"{'city': 'Ellsworth', 'state': 'KS', 'country': 'USA'}",Ellsworth,KS,USA,"Ellsworth, KS",1
2025-09-04,2025-09-09,401772829,2025-09-07T17:00Z,5,Cleveland Browns,4,Cincinnati Bengals,5,Cleveland Browns,4431252,Garrett Dellinger,G,LSU,"{'city': 'Clarkston', 'state': 'MI', 'country': 'USA'}",Clarkston,MI,USA,"Clarkston, MI",
2025-09-04,2025-09-09,401772829,2025-09-07T17:00Z,5,Cleveland Browns,4,Cincinnati Bengals,5,Cleveland Browns,4572922,Christopher Edmonds,S,Arizona State,"{'city': 'Phenix City', 'state': 'AL', 'country': 'USA'}",Phenix City,AL,USA,"Phenix City, AL",1
2025-09-04,2025-09-09,401772829,2025-09-07T17:00Z,5,Cleveland Browns,4,Cincinnati Bengals,5,Cleveland Browns,4430010,LaMareon James,CB,TCU,"{'city': 'Norfolk', 'state': 'VA', 'country': 'USA'}",Norfolk,VA,USA,"Norfolk, VA",
2025-09-04,2025-09-09,401772829,2025-09-07T17:00Z,5,Cleveland Browns,4,Cincinnati Bengals,5,Cleveland Browns,4572519,Dom Jones,CB,Colorado State,"{'city': 'Duluth', 'state': 'GA', 'country': 'USA'}",Duluth,GA,USA,"Duluth, GA",
2025-09-04,2025-09-09,401772829,2025-09-07T17:00Z,5,Cleveland Browns,4,Cincinnati Bengals,5,Cleveland Browns,4432374,Ahmani Marshall,RB,App State,"{'city': 'Winston-Salem', 'state': 'NC', 'country': 'USA'}",Winston-Salem,NC,USA,"Winston-Salem, NC",
2025-09-04,2025-09-09,401772829,2025-09-07T17:00Z,5,Cleveland Browns,4,Cincinnati Bengals,5,Cleveland Browns,4046690,Julian Okwara,LB,Notre Dame,"{'city': 'Charlotte', 'state': 'NC', 'country': 'USA'}",Charlotte,NC,USA,"Charlotte, NC",6
2025-09-04,2025-09-09,401772829,2025-09-07T17:00Z,5,Cleveland Browns,4,Cincinnati Bengals,5,Cleveland Browns,4051001,Cole Strange,G,Chattanooga,"{'city': 'Knoxville', 'state': 'TN', 'country': 'USA'}",Knoxville,TN,USA,"Knoxville, TN",4
2025-09-04,2025-09-09,401772829,2025-09-07T17:00Z,5,Cleveland Browns,4,Cincinnati Bengals,5,Cleveland Browns,4374280,Edefuan Ulofoshio,LB,Washington,"{'city': 'Anchorage', 'state': 'AK', 'country': 'USA'}",Anchorage,AK,USA,"Anchorage, AK",2
2025-09-04,2025-09-09,401772829,2025-09-07T17:00Z,5,Cleveland Browns,4,Cincinnati Bengals,5,Cleveland Browns,4035222,Trayveon Williams,RB,Texas A&M,"{'city': 'Houston', 'state': 'TX', 'country': 'USA'}",Houston,TX,USA,"Houston, TX",7
2025-09-04,2025-09-09,401772829,2025-09-07T17:00Z,5,Cleveland Browns,4,Cincinnati Bengals,5,Cleveland Browns,4250360,Bailey Zappe,QB,Western Kentucky,"{'city': 'Victoria', 'state': 'TX', 'country': 'USA'}",Victoria,TX,USA,"Victoria, TX",4
2025-09-04,2025-09-09,401772829,2025-09-07T17:00Z,5,Cleveland Browns,4,Cincinnati Bengals,4,Cincinnati Bengals,4429299,Tahj Brooks,RB,Texas Tech,"{'city': 'Manor', 'state': 'TX', 'country': 'USA'}",Manor,TX,USA,"Manor, TX",
2025-09-04,2025-09-09,401772829,2025-09-07T17:00Z,5,Cleveland Browns,4,Cincinnati Bengals,4,Cincinnati Bengals,4362238,Chase Brown,RB,Illinois,"{'city': 'London', 'state': 'ON', 'country': 'Canada'}",London,ON,Canada,"London, ON",3
2025-09-04,2025-09-09,401772829,2025-09-07T17:00Z,5,Cleveland Browns,4,Cincinnati Bengals,4,Cincinnati Bengals,3116370,Orlando Brown Jr.,OT,Oklahoma,"{'city': 'Duluth', 'state': 'GA', 'country': 'USA'}",Duluth,GA,USA,"Duluth, GA",8
2025-09-04,2025-09-09,401772829,2025-09-07T17:00Z,5,Cleveland Browns,4,Cincinnati Bengals,4,Cincinnati Bengals,3886812,Jake Browning,QB,Washington,"{'city': 'Folsom', 'state': 'CA', 'country': 'USA'}",Folsom,CA,USA,"Folsom, CA",3
2025-09-04,2025-09-09,401772829,2025-09-07T17:00Z,5,Cleveland Browns,4,Cincinnati Bengals,4,Cincinnati Bengals,3915511,Joe Burrow,QB,LSU,"{'city': 'Athens', 'state': 'OH', 'country': 'USA'}",Athens,OH,USA,"Athens, OH",6
2025-09-04,2025-09-09,401772829,2025-09-07T17:00Z,5,Cleveland Browns,4,Cincinnati Bengals,4,Cincinnati Bengals,4429033,Jermaine Burton,WR,Alabama,"{'city': 'Calabasas', 'state': 'CA', 'country': 'USA'}",Calabasas,CA,USA,"Calabasas, CA",2
2025-09-04,2025-09-09,401772829,2025-09-07T17:00Z,5,Cleveland Browns,4,Cincinnati Bengals,4,Cincinnati Bengals,4362628,Ja'Marr Chase,WR,LSU,"{'city': 'Harvey', 'state': 'LA', 'country': 'USA'}",Harvey,LA,USA,"Harvey, LA",5
2025-09-04,2025-09-09,401772829,2025-09-07T17:00Z,5,Cleveland Browns,4,Cincinnati Bengals,4,Cincinnati Bengals,4646773,Dylan Fairchild,G,Georgia,"{'city': 'Cumming', 'state': 'GA', 'country': 'USA'}",Cumming,GA,USA,"Cumming, GA",
2025-09-04,2025-09-09,401772829,2025-09-07T17:00Z,5,Cleveland Browns,4,Cincinnati Bengals,4,Cincinnati Bengals,4036131,Noah Fant,TE,Iowa,"{'city': 'Omaha', 'state': 'NE', 'country': 'USA'}",Omaha,NE,USA,"Omaha, NE",7
2025-09-04,2025-09-09,401772829,2025-09-07T17:00Z,5,Cleveland Browns,4,Cincinnati Bengals,4,Cincinnati Bengals,3707061,Cody Ford,G,Oklahoma,"{'city': 'Pineville', 'state': 'LA', 'country': 'USA'}",Pineville,LA,USA,"Pineville, LA",7
2025-09-04,2025-09-09,401772829,2025-09-07T17:00Z,5,Cleveland Browns,4,Cincinnati Bengals,4,Cincinnati Bengals,3116164,Mike Gesicki,TE,Penn State,"{'city': 'Manahawkin', 'state': 'NJ', 'country': 'USA'}",Manahawkin,NJ,USA,"Manahawkin, NJ",8
2025-09-04,2025-09-09,401772829,2025-09-07T17:00Z,5,Cleveland Browns,4,Cincinnati Bengals,4,Cincinnati Bengals,4700712,Cam Grandy,TE,Illinois State,"{'city': 'Benson', 'state': 'IL', 'country': 'USA'}",Benson,IL,USA,"Benson, IL",2
2025-09-04,2025-09-09,401772829,2025-09-07T17:00Z,5,Cleveland Browns,4,Cincinnati Bengals,4,Cincinnati Bengals,4239993,Tee Higgins,WR,Clemson,"{'city': 'Oak Ridge', 'state': 'TN', 'country': 'USA'}",Oak Ridge,TN,USA,"Oak Ridge, TN",6
2025-09-04,2025-09-09,401772829,2025-09-07T17:00Z,5,Cleveland Browns,4,Cincinnati Bengals,4,Cincinnati Bengals,3050481,Tanner Hudson,TE,Southern Arkansas,"{'city': 'Big Sandy', 'state': 'TN', 'country': 'USA'}",Big Sandy,TN,USA,"Big Sandy, TN",6
2025-09-04,2025-09-09,401772829,2025-09-07T17:00Z,5,Cleveland Browns,4,Cincinnati Bengals,4,Cincinnati Bengals,4368003,Andrei Iosivas,WR,Princeton,"{'city': 'Honolulu', 'state': 'HI', 'country': 'USA'}",Honolulu,HI,USA,"Honolulu, HI",3
2025-09-04,2025-09-09,401772829,2025-09-07T17:00Z,5,Cleveland Browns,4,Cincinnati Bengals,4,Cincinnati Bengals,4257188,Charlie Jones,WR,Purdue,"{'city': 'Deerfield', 'state': 'IL', 'country': 'USA'}",Deerfield,IL,USA,"Deerfield, IL",3
2025-09-04,2025-09-09,401772829,2025-09-07T17:00Z,5,Cleveland Browns,4,Cincinnati Bengals,4,Cincinnati Bengals,2576188,Ted Karras,C,Illinois,"{'city': 'Indianapolis', 'state': 'IN', 'country': 'USA'}",Indianapolis,IN,USA,"Indianapolis, IN",10
2025-09-04,2025-09-09,401772829,2025-09-07T17:00Z,5,Cleveland Browns,4,Cincinnati Bengals,4,Cincinnati Bengals,4568986,Matt Lee,C,Miami,"{'city': 'Oviedo', 'state': 'FL', 'country': 'USA'}",Oviedo,FL,USA,"Oviedo, FL",2
2025-09-04,2025-09-09,401772829,2025-09-07T17:00Z,5,Cleveland Browns,4,Cincinnati Bengals,4,Cincinnati Bengals,4431571,Amarius Mims,OT,Georgia,"{'city': 'Cochran', 'state': 'GA', 'country': 'USA'}",Cochran,GA,USA,"Cochran, GA",2
2025-09-04,2025-09-09,401772829,2025-09-07T17:00Z,5,Cleveland Browns,4,Cincinnati Bengals,4,Cincinnati Bengals,2576736,Lucas Patrick,G,Duke,"{'city': 'Brentwood', 'state': 'TN', 'country': 'USA'}",Brentwood,TN,USA,"Brentwood, TN",9
2025-09-04,2025-09-09,401772829,2025-09-07T17:00Z,5,Cleveland Browns,4,Cincinnati Bengals,4,Cincinnati Bengals,3116389,Samaje Perine,RB,Oklahoma,"{'city': 'Pflugerville', 'state': 'TX', 'country': 'USA'}",Pflugerville,TX,USA,"Pflugerville, TX",9
2025-09-04,2025-09-09,401772829,2025-09-07T17:00Z,5,Cleveland Browns,4,Cincinnati Bengals,4,Cincinnati Bengals,3125082,Dalton Risner,G,Kansas State,"{'city': 'Wiggins', 'state': 'CO', 'country': 'USA'}",Wiggins,CO,USA,"Wiggins, CO",7
2025-09-04,2025-09-09,401772829,2025-09-07T17:00Z,5,Cleveland Browns,4,Cincinnati Bengals,4,Cincinnati Bengals,4429010,Jalen Rivers,OT,Miami,"{'city': 'Jacksonville', 'state': 'FL', 'country': 'USA'}",Jacksonville,FL,USA,"Jacksonville, FL",
2025-09-04,2025-09-09,401772829,2025-09-07T17:00Z,5,Cleveland Browns,4,Cincinnati Bengals,4,Cincinnati Bengals,3127310,Drew Sample,TE,Washington,"{'city': 'Bellevue', 'state': 'WA', 'country': 'USA'}",Bellevue,WA,USA,"Bellevue, WA",7
2025-09-04,2025-09-09,401772829,2025-09-07T17:00Z,5,Cleveland Browns,4,Cincinnati Bengals,4,Cincinnati Bengals,4690070,Mitchell Tinsley,WR,Penn State,"{'city': ""Lee's Summit"", 'state': 'MO', 'country': 'USA'}",Lee's Summit,MO,USA,"Lee's Summit, MO",2
2025-09-04,2025-09-09,401772829,2025-09-07T17:00Z,5,Cleveland Browns,4,Cincinnati Bengals,4,Cincinnati Bengals,4257240,Tycen Anderson,S,Toledo,"{'city': 'Toledo', 'state': 'OH', 'country': 'USA'}",Toledo,OH,USA,"Toledo, OH",4
2025-09-04,2025-09-09,401772829,2025-09-07T17:00Z,5,Cleveland Browns,4,Cincinnati Bengals,4,Cincinnati Bengals,4567098,Jordan Battle,S,Alabama,"{'city': 'Fort Lauderdale', 'state': 'FL', 'country': 'USA'}",Fort Lauderdale,FL,USA,"Fort Lauderdale, FL",3
2025-09-04,2025-09-09,401772829,2025-09-07T17:00Z,5,Cleveland Browns,4,Cincinnati Bengals,4,Cincinnati Bengals,3051746,Oren Burks,LB,Vanderbilt,"{'city': 'Fairfax Station', 'state': 'VA', 'country': 'USA'}",Fairfax Station,VA,USA,"Fairfax Station, VA",8
2025-09-04,2025-09-09,401772829,2025-09-07T17:00Z,5,Cleveland Browns,4,Cincinnati Bengals,4,Cincinnati Bengals,4431519,Barrett Carter,LB,Clemson,"{'city': 'Suwanee', 'state': 'GA', 'country': 'USA'}",Suwanee,GA,USA,"Suwanee, GA",
2025-09-04,2025-09-09,401772829,2025-09-07T17:00Z,5,Cleveland Browns,4,Cincinnati Bengals,4,Cincinnati Bengals,4426992,Howard Cross III,DT,Notre Dame,"{'city': 'Paramus', 'state': 'NJ', 'country': 'USA'}",Paramus,NJ,USA,"Paramus, NJ",
2025-09-04,2025-09-09,401772829,2025-09-07T17:00Z,5,Cleveland Browns,4,Cincinnati Bengals,4,Cincinnati Bengals,3052743,Trey Hendrickson,DE,Florida Atlantic,"{'city': 'Apopka', 'state': 'FL', 'country': 'USA'}",Apopka,FL,USA,"Apopka, FL",9
2025-09-04,2025-09-09,401772829,2025-09-07T17:00Z,5,Cleveland Browns,4,Cincinnati Bengals,4,Cincinnati Bengals,4360413,Shaka Heyward,LB,Duke,"{'city': 'Dacula', 'state': 'GA', 'country': 'USA'}",Dacula,GA,USA,"Dacula, GA",2
2025-09-04,2025-09-09,401772829,2025-09-07T17:00Z,5,Cleveland Browns,4,Cincinnati Bengals,4,Cincinnati Bengals,3116748,B.J. Hill,DT,NC State,"{'city': 'Oakboro', 'state': 'NC', 'country': 'USA'}",Oakboro,NC,USA,"Oakboro, NC",8
2025-09-04,2025-09-09,401772829,2025-09-07T17:00Z,5,Cleveland Browns,4,Cincinnati Bengals,4,Cincinnati Bengals,4426422,Dax Hill,CB,Michigan,"{'city': 'Tulsa', 'state': 'OK', 'country': 'USA'}",Tulsa,OK,USA,"Tulsa, OK",4
2025-09-04,2025-09-09,401772829,2025-09-07T17:00Z,5,Cleveland Browns,4,Cincinnati Bengals,4,Cincinnati Bengals,4362502,DJ Ivey,CB,Miami,"{'city': 'Florida City', 'state': 'FL', 'country': 'USA'}",Florida City,FL,USA,"Florida City, FL",3
2025-09-04,2025-09-09,401772829,2025-09-07T17:00Z,5,Cleveland Browns,4,Cincinnati Bengals,4,Cincinnati Bengals,4692680,McKinnley Jackson,DT,Texas A&M,"{'city': 'Lucedale', 'state': 'MS', 'country': 'USA'}",Lucedale,MS,USA,"Lucedale, MS",2
2025-09-04,2025-09-09,401772829,2025-09-07T17:00Z,5,Cleveland Browns,4,Cincinnati Bengals,4,Cincinnati Bengals,4432301,Kris Jenkins Jr.,DT,Michigan,"{'city': 'Olney', 'state': 'MD', 'country': 'USA'}",Olney,MD,USA,"Olney, MD",2
2025-09-04,2025-09-09,401772829,2025-09-07T17:00Z,5,Cleveland Browns,4,Cincinnati Bengals,4,Cincinnati Bengals,4429946,PJ Jules,S,Southern Illinois,"{'city': 'Orlando', 'state': 'FL', 'country': 'USA'}",Orlando,FL,USA,"Orlando, FL",1
2025-09-04,2025-09-09,401772829,2025-09-07T17:00Z,5,Cleveland Browns,4,Cincinnati Bengals,4,Cincinnati Bengals,4427729,Demetrius Knight Jr.,LB,South Carolina,"{'city': 'Locust Grove', 'state': 'GA', 'country': 'USA'}",Locust Grove,GA,USA,"Locust Grove, GA",
2025-09-04,2025-09-09,401772829,2025-09-07T17:00Z,5,Cleveland Browns,4,Cincinnati Bengals,4,Cincinnati Bengals,4428985,Myles Murphy,DE,Clemson,"{'city': 'Marietta', 'state': 'GA', 'country': 'USA'}",Marietta,GA,USA,"Marietta, GA",3
2025-09-04,2025-09-09,401772829,2025-09-07T17:00Z,5,Cleveland Browns,4,Cincinnati Bengals,4,Cincinnati Bengals,4365319,Josh Newton,CB,TCU,"{'city': 'Monroe', 'state': 'LA', 'country': 'USA'}",Monroe,LA,USA,"Monroe, LA",2
2025-09-04,2025-09-09,401772829,2025-09-07T17:00Z,5,Cleveland Browns,4,Cincinnati Bengals,4,Cincinnati Bengals,4362094,Joseph Ossai,DE,Texas,"{'city': 'Conroe', 'state': 'TX', 'country': 'USA'}",Conroe,TX,USA,"Conroe, TX",5
2025-09-04,2025-09-09,401772829,2025-09-07T17:00Z,5,Cleveland Browns,4,Cincinnati Bengals,4,Cincinnati Bengals,17230,Mike Pennel,DT,Colorado State-Pueblo,"{'city': 'Aurora', 'state': 'CO', 'country': 'USA'}",Aurora,CO,USA,"Aurora, CO",11
2025-09-04,2025-09-09,401772829,2025-09-07T17:00Z,5,Cleveland Browns,4,Cincinnati Bengals,4,Cincinnati Bengals,4243923,Cam Sample,DE,Tulane,"{'city': 'Snellville', 'state': 'GA', 'country': 'USA'}",Snellville,GA,USA,"Snellville, GA",5
2025-09-04,2025-09-09,401772829,2025-09-07T17:00Z,5,Cleveland Browns,4,Cincinnati Bengals,4,Cincinnati Bengals,4240612,T.J. Slaton Jr.,DT,Florida,"{'city': 'Fort Lauderdale', 'state': 'FL', 'country': 'USA'}",Fort Lauderdale,FL,USA,"Fort Lauderdale, FL",5
2025-09-04,2025-09-09,401772829,2025-09-07T17:00Z,5,Cleveland Browns,4,Cincinnati Bengals,4,Cincinnati Bengals,4685562,Shemar Stewart,DE,Texas A&M,"{'city': 'Miami', 'state': 'FL', 'country': 'USA'}",Miami,FL,USA,"Miami, FL",
2025-09-04,2025-09-09,401772829,2025-09-07T17:00Z,5,Cleveland Browns,4,Cincinnati Bengals,4,Cincinnati Bengals,4240575,Geno Stone,S,Iowa,"{'city': 'New Castle', 'state': 'PA', 'country': 'USA'}",New Castle,PA,USA,"New Castle, PA",6
2025-09-04,2025-09-09,401772829,2025-09-07T17:00Z,5,Cleveland Browns,4,Cincinnati Bengals,4,Cincinnati Bengals,4361196,Cam Taylor-Britt,CB,Nebraska,"{'city': 'Montgomery', 'state': 'AL', 'country': 'USA'}",Montgomery,AL,USA,"Montgomery, AL",4
2025-09-04,2025-09-09,401772829,2025-09-07T17:00Z,5,Cleveland Browns,4,Cincinnati Bengals,4,Cincinnati Bengals,4572036,DJ Turner II,CB,Michigan,"{'city': 'Suwanee', 'state': 'GA', 'country': 'USA'}",Suwanee,GA,USA,"Suwanee, GA",3
2025-09-04,2025-09-09,401772829,2025-09-07T17:00Z,5,Cleveland Browns,4,Cincinnati Bengals,4,Cincinnati Bengals,3918330,Logan Wilson,LB,Wyoming,"{'city': 'Casper', 'state': 'WY', 'country': 'USA'}",Casper,WY,USA,"Casper, WY",6
2025-09-04,2025-09-09,401772829,2025-09-07T17:00Z,5,Cleveland Browns,4,Cincinnati Bengals,4,Cincinnati Bengals,4240595,Marco Wilson,CB,Florida,"{'city': 'Fort Lauderdale', 'state': 'FL', 'country': 'USA'}",Fort Lauderdale,FL,USA,"Fort Lauderdale, FL",5
2025-09-04,2025-09-09,401772829,2025-09-07T17:00Z,5,Cleveland Browns,4,Cincinnati Bengals,4,Cincinnati Bengals,4360234,Evan McPherson,PK,Florida,"{'city': 'Fort Payne', 'state': 'AL', 'country': 'USA'}",Fort Payne,AL,USA,"Fort Payne, AL",5
2025-09-04,2025-09-09,401772829,2025-09-07T17:00Z,5,Cleveland Browns,4,Cincinnati Bengals,4,Cincinnati Bengals,4608820,Ryan Rehkow,P,BYU,"{'city': 'Veradale', 'state': 'WA', 'country': 'USA'}",Veradale,WA,USA,"Veradale, WA",2
2025-09-04,2025-09-09,401772829,2025-09-07T17:00Z,5,Cleveland Browns,4,Cincinnati Bengals,4,Cincinnati Bengals,4572051,William Wagner,LS,Michigan,"{'city': 'Alpharetta', 'state': 'GA', 'country': 'USA'}",Alpharetta,GA,USA,"Alpharetta, GA",
2025-09-04,2025-09-09,401772829,2025-09-07T17:00Z,5,Cleveland Browns,4,Cincinnati Bengals,4,Cincinnati Bengals,4427834,Erick All Jr.,TE,Iowa,"{'city': 'Fairfield', 'state': 'OH', 'country': 'USA'}",Fairfield,OH,USA,"Fairfield, OH",2
2025-09-04,2025-09-09,401772829,2025-09-07T17:00Z,5,Cleveland Browns,4,Cincinnati Bengals,4,Cincinnati Bengals,4874448,Daijahn Anthony,S,Ole Miss,"{'city': 'Richmond', 'state': 'VA', 'country': 'USA'}",Richmond,VA,USA,"Richmond, VA",2
2025-09-04,2025-09-09,401772829,2025-09-07T17:00Z,5,Cleveland Browns,4,Cincinnati Bengals,4,Cincinnati Bengals,4430065,Cedric Johnson,DE,Ole Miss,"{'city': 'Mobile', 'state': 'AL', 'country': 'USA'}",Mobile,AL,USA,"Mobile, AL",2
2025-09-04,2025-09-09,401772829,2025-09-07T17:00Z,5,Cleveland Browns,4,Cincinnati Bengals,4,Cincinnati Bengals,4040950,Cordell Volson,G,North Dakota State,"{'city': 'Balfour', 'state': 'ND', 'country': 'USA'}",Balfour,ND,USA,"Balfour, ND",4
2025-09-04,2025-09-09,401772829,2025-09-07T17:00Z,5,Cleveland Browns,4,Cincinnati Bengals,4,Cincinnati Bengals,4245645,Gary Brightwell,RB,Arizona,"{'city': 'Chester', 'state': 'PA', 'country': 'USA'}",Chester,PA,USA,"Chester, PA",4
2025-09-04,2025-09-09,401772829,2025-09-07T17:00Z,5,Cleveland Browns,4,Cincinnati Bengals,4,Cincinnati Bengals,4429430,Andrew Coker,OT,TCU,"{'city': 'Katy', 'state': 'TX', 'country': 'USA'}",Katy,TX,USA,"Katy, TX",1
2025-09-04,2025-09-09,401772829,2025-09-07T17:00Z,5,Cleveland Browns,4,Cincinnati Bengals,4,Cincinnati Bengals,3125356,Jalen Davis,CB,Utah State,"{'city': 'La Mesa', 'state': 'CA', 'country': 'USA'}",La Mesa,CA,USA,"La Mesa, CA",5
2025-09-04,2025-09-09,401772829,2025-09-07T17:00Z,5,Cleveland Browns,4,Cincinnati Bengals,4,Cincinnati Bengals,4362769,Javon Foster,OT,Missouri,"{'city': 'Detroit', 'state': 'MI', 'country': 'USA'}",Detroit,MI,USA,"Detroit, MI",2
2025-09-04,2025-09-09,401772829,2025-09-07T17:00Z,5,Cleveland Browns,4,Cincinnati Bengals,4,Cincinnati Bengals,3917797,Joe Giles-Harris,LB,Duke,"{'city': 'Nyack', 'state': 'NY', 'country': 'USA'}",Nyack,NY,USA,"Nyack, NY",2
2025-09-04,2025-09-09,401772829,2025-09-07T17:00Z,5,Cleveland Browns,4,Cincinnati Bengals,4,Cincinnati Bengals,4243324,Jaxson Kirkland,G,Washington,"{'city': 'Portland', 'state': 'OR', 'country': 'USA'}",Portland,OR,USA,"Portland, OR",2
2025-09-04,2025-09-09,401772829,2025-09-07T17:00Z,5,Cleveland Browns,4,Cincinnati Bengals,4,Cincinnati Bengals,4575559,Bralyn Lux,CB,Texas Tech,"{'city': 'San Jose', 'state': 'CA', 'country': 'USA'}",San Jose,CA,USA,"San Jose, CA",
2025-09-04,2025-09-09,401772829,2025-09-07T17:00Z,5,Cleveland Browns,4,Cincinnati Bengals,4,Cincinnati Bengals,4429187,Seth McLaughlin,C,Ohio State,"{'city': 'Buford', 'state': 'GA', 'country': 'USA'}",Buford,GA,USA,"Buford, GA",
2025-09-04,2025-09-09,401772829,2025-09-07T17:00Z,5,Cleveland Browns,4,Cincinnati Bengals,4,Cincinnati Bengals,4429012,Kendall Milton,RB,Georgia,"{'city': 'Fresno', 'state': 'CA', 'country': 'USA'}",Fresno,CA,USA,"Fresno, CA",1
2025-09-04,2025-09-09,401772829,2025-09-07T17:00Z,5,Cleveland Browns,4,Cincinnati Bengals,4,Cincinnati Bengals,4594444,Jordan Moore,WR,Duke,"{'city': 'Sykesville', 'state': 'MD', 'country': 'USA'}",Sykesville,MD,USA,"Sykesville, MD",
2025-09-04,2025-09-09,401772829,2025-09-07T17:00Z,5,Cleveland Browns,4,Cincinnati Bengals,4,Cincinnati Bengals,4428125,Maema Njongmeta,LB,Wisconsin,"{'city': 'Buffalo Grove', 'state': 'IL', 'country': 'USA'}",Buffalo Grove,IL,USA,"Buffalo Grove, IL",2
2025-09-04,2025-09-09,401772829,2025-09-07T17:00Z,5,Cleveland Browns,4,Cincinnati Bengals,4,Cincinnati Bengals,3722362,Brett Rypien,QB,Boise State,"{'city': 'Spokane', 'state': 'WA', 'country': 'USA'}",Spokane,WA,USA,"Spokane, WA",7
2025-09-04,2025-09-09,401772829,2025-09-07T17:00Z,5,Cleveland Browns,4,Cincinnati Bengals,4,Cincinnati Bengals,4241404,Isaiah Thomas,DE,Oklahoma,"{'city': 'Tulsa', 'state': 'OK', 'country': 'USA'}",Tulsa,OK,USA,"Tulsa, OK",3
2025-09-04,2025-09-09,401772829,2025-09-07T17:00Z,5,Cleveland Browns,4,Cincinnati Bengals,4,Cincinnati Bengals,4569371,Isaiah Williams,WR,Illinois,"{'city': 'St. Louis', 'state': 'MO', 'country': 'USA'}",St. Louis,MO,USA,"St. Louis, MO",2
2025-09-04,2025-09-09,401772829,2025-09-07T17:00Z,5,Cleveland Browns,4,Cincinnati Bengals,4,Cincinnati Bengals,4240071,Russ Yeast,S,Kansas State,"{'city': 'Danville', 'state': 'KY', 'country': 'USA'}",Danville,KY,USA,"Danville, KY",3
2025-09-04,2025-09-09,401772719,2025-09-07T17:00Z,11,Indianapolis Colts,15,Miami Dolphins,11,Indianapolis Colts,2998565,Mo Alie-Cox,TE,VCU,"{'city': 'Alexandria', 'state': 'VA', 'country': 'USA'}",Alexandria,VA,USA,"Alexandria, VA",8
2025-09-04,2025-09-09,401772719,2025-09-07T17:00Z,11,Indianapolis Colts,15,Miami Dolphins,11,Indianapolis Colts,4426689,Ulysses Bentley IV,RB,Ole Miss,"{'city': 'Houston', 'state': 'TX', 'country': 'USA'}",Houston,TX,USA,"Houston, TX",
2025-09-04,2025-09-09,401772719,2025-09-07T17:00Z,11,Indianapolis Colts,15,Miami Dolphins,11,Indianapolis Colts,4430957,Tanor Bortolini,C,Wisconsin,"{'city': 'Kewaunee', 'state': 'WI', 'country': 'USA'}",Kewaunee,WI,USA,"Kewaunee, WI",2
2025-09-04,2025-09-09,401772719,2025-09-07T17:00Z,11,Indianapolis Colts,15,Miami Dolphins,11,Indianapolis Colts,4688813,Josh Downs,WR,North Carolina,"{'city': 'Suwanee', 'state': 'GA', 'country': 'USA'}",Suwanee,GA,USA,"Suwanee, GA",3
2025-09-04,2025-09-09,401772719,2025-09-07T17:00Z,11,Indianapolis Colts,15,Miami Dolphins,11,Indianapolis Colts,4061956,Ashton Dulin,WR,Malone,"{'city': 'Reynoldsburg', 'state': 'OH', 'country': 'USA'}",Reynoldsburg,OH,USA,"Reynoldsburg, OH",7
2025-09-04,2025-09-09,401772719,2025-09-07T17:00Z,11,Indianapolis Colts,15,Miami Dolphins,11,Indianapolis Colts,4874509,DJ Giddens,RB,Kansas State,"{'city': 'Junction City', 'state': 'KS', 'country': 'USA'}",Junction City,KS,USA,"Junction City, KS",
2025-09-04,2025-09-09,401772719,2025-09-07T17:00Z,11,Indianapolis Colts,15,Miami Dolphins,11,Indianapolis Colts,4427298,Matt Goncalves,G,Pittsburgh,"{'city': 'Manorville', 'state': 'NY', 'country': 'USA'}",Manorville,NY,USA,"Manorville, NY",2
2025-09-04,2025-09-09,401772719,2025-09-07T17:00Z,11,Indianapolis Colts,15,Miami Dolphins,11,Indianapolis Colts,4429676,Tyler Goodson,RB,Iowa,"{'city': 'Suwanee', 'state': 'GA', 'country': 'USA'}",Suwanee,GA,USA,"Suwanee, GA",3
2025-09-04,2025-09-09,401772719,2025-09-07T17:00Z,11,Indianapolis Colts,15,Miami Dolphins,11,Indianapolis Colts,4429684,Anthony Gould,WR,Oregon State,"{'city': 'Leavenworth', 'state': 'KS', 'country': 'USA'}",Leavenworth,KS,USA,"Leavenworth, KS",2
2025-09-04,2025-09-09,401772719,2025-09-07T17:00Z,11,Indianapolis Colts,15,Miami Dolphins,11,Indianapolis Colts,3917792,Daniel Jones,QB,Duke,"{'city': 'Charlotte', 'state': 'NC', 'country': 'USA'}",Charlotte,NC,USA,"Charlotte, NC",7
2025-09-04,2025-09-09,401772719,2025-09-07T17:00Z,11,Indianapolis Colts,15,Miami Dolphins,11,Indianapolis Colts,4683423,Riley Leonard,QB,Notre Dame,"{'city': 'Fairhope', 'state': 'AL', 'country': 'USA'}",Fairhope,AL,USA,"Fairhope, AL",
2025-09-04,2025-09-09,401772719,2025-09-07T17:00Z,11,Indianapolis Colts,15,Miami Dolphins,11,Indianapolis Colts,4362523,Will Mallory,TE,Miami,"{'city': 'Jacksonville', 'state': 'FL', 'country': 'USA'}",Jacksonville,FL,USA,"Jacksonville, FL",3
2025-09-04,2025-09-09,401772719,2025-09-07T17:00Z,11,Indianapolis Colts,15,Miami Dolphins,11,Indianapolis Colts,4597500,Adonai Mitchell,WR,Texas,"{'city': 'Missouri City', 'state': 'TX', 'country': 'USA'}",Missouri City,TX,USA,"Missouri City, TX",2
2025-09-04,2025-09-09,401772719,2025-09-07T17:00Z,11,Indianapolis Colts,15,Miami Dolphins,11,Indianapolis Colts,3129308,Quenton Nelson,G,Notre Dame,"{'city': 'Holmdel', 'state': 'NJ', 'country': 'USA'}",Holmdel,NJ,USA,"Holmdel, NJ",8
2025-09-04,2025-09-09,401772719,2025-09-07T17:00Z,11,Indianapolis Colts,15,Miami Dolphins,11,Indianapolis Colts,4722908,Drew Ogletree,TE,Youngstown State,"{'city': 'Dayton', 'state': 'OH', 'country': 'USA'}",Dayton,OH,USA,"Dayton, OH",4
2025-09-04,2025-09-09,401772719,2025-09-07T17:00Z,11,Indianapolis Colts,15,Miami Dolphins,11,Indianapolis Colts,4360078,Alec Pierce,WR,Cincinnati,"{'city': 'Glen Ellyn', 'state': 'IL', 'country': 'USA'}",Glen Ellyn,IL,USA,"Glen Ellyn, IL",4
2025-09-04,2025-09-09,401772719,2025-09-07T17:00Z,11,Indianapolis Colts,15,Miami Dolphins,11,Indianapolis Colts,3915470,Danny Pinter,C,Ball State,"{'city': 'South Bend', 'state': 'IN', 'country': 'USA'}",South Bend,IN,USA,"South Bend, IN",6
2025-09-04,2025-09-09,401772719,2025-09-07T17:00Z,11,Indianapolis Colts,15,Miami Dolphins,11,Indianapolis Colts,4035687,Michael Pittman Jr.,WR,USC,"{'city': 'Woodland Hills', 'state': 'CA', 'country': 'USA'}",Woodland Hills,CA,USA,"Woodland Hills, CA",6
2025-09-04,2025-09-09,401772719,2025-09-07T17:00Z,11,Indianapolis Colts,15,Miami Dolphins,11,Indianapolis Colts,4362580,Bernhard Raimann,OT,Central Michigan,"{'city': 'Steinbrunn', 'country': 'Austria'}",Steinbrunn,,Austria,Steinbrunn,4
2025-09-04,2025-09-09,401772719,2025-09-07T17:00Z,11,Indianapolis Colts,15,Miami Dolphins,11,Indianapolis Colts,4429084,Anthony Richardson Sr.,QB,Florida,"{'city': 'Gainesville', 'state': 'FL', 'country': 'USA'}",Gainesville,FL,USA,"Gainesville, FL",3
2025-09-04,2025-09-09,401772719,2025-09-07T17:00Z,11,Indianapolis Colts,15,Miami Dolphins,11,Indianapolis Colts,3121595,Braden Smith,OT,Auburn,"{'city': 'Olathe', 'state': 'KS', 'country': 'USA'}",Olathe,KS,USA,"Olathe, KS",8
2025-09-04,2025-09-09,401772719,2025-09-07T17:00Z,11,Indianapolis Colts,15,Miami Dolphins,11,Indianapolis Colts,4242335,Jonathan Taylor,RB,Wisconsin,"{'city': 'Salem', 'state': 'NJ', 'country': 'USA'}",Salem,NJ,USA,"Salem, NJ",6
2025-09-04,2025-09-09,401772719,2025-09-07T17:00Z,11,Indianapolis Colts,15,Miami Dolphins,11,Indianapolis Colts,4361979,Luke Tenuta,OT,Virginia Tech,"{'city': 'Crozet', 'state': 'VA', 'country': 'USA'}",Crozet,VA,USA,"Crozet, VA",3
2025-09-04,2025-09-09,401772719,2025-09-07T17:00Z,11,Indianapolis Colts,15,Miami Dolphins,11,Indianapolis Colts,4892240,Jalen Travis,OT,Iowa State,"{'city': 'Minneapolis', 'state': 'MN', 'country': 'USA'}",Minneapolis,MN,USA,"Minneapolis, MN",
2025-09-04,2025-09-09,401772719,2025-09-07T17:00Z,11,Indianapolis Colts,15,Miami Dolphins,11,Indianapolis Colts,4370363,Dalton Tucker,G,Marshall,"{'city': 'Paris', 'state': 'KY', 'country': 'USA'}",Paris,KY,USA,"Paris, KY",2
2025-09-04,2025-09-09,401772719,2025-09-07T17:00Z,11,Indianapolis Colts,15,Miami Dolphins,11,Indianapolis Colts,4431459,Tyler Warren,TE,Penn State,"{'city': 'Mechanicsville', 'state': 'VA', 'country': 'USA'}",Mechanicsville,VA,USA,"Mechanicsville, VA",
2025-09-04,2025-09-09,401772719,2025-09-07T17:00Z,11,Indianapolis Colts,15,Miami Dolphins,11,Indianapolis Colts,4427635,Adetomiwa Adebawore,DT,Northwestern,"{'city': 'Kansas City', 'state': 'MO', 'country': 'USA'}",Kansas City,MO,USA,"Kansas City, MO",3
2025-09-04,2025-09-09,401772719,2025-09-07T17:00Z,11,Indianapolis Colts,15,Miami Dolphins,11,Indianapolis Colts,4374171,Austin Ajiake,LB,UNLV,"{'city': 'Fremont', 'state': 'CA', 'country': 'USA'}",Fremont,CA,USA,"Fremont, CA",1
2025-09-04,2025-09-09,401772719,2025-09-07T17:00Z,11,Indianapolis Colts,15,Miami Dolphins,11,Indianapolis Colts,4036507,Joe Bachie,LB,Michigan State,"{'city': 'Brook Park', 'state': 'OH', 'country': 'USA'}",Brook Park,OH,USA,"Brook Park, OH",6
2025-09-04,2025-09-09,401772719,2025-09-07T17:00Z,11,Indianapolis Colts,15,Miami Dolphins,11,Indianapolis Colts,4360677,Mekhi Blackmon,CB,USC,"{'city': 'East Palo Alto', 'state': 'CA', 'country': 'USA'}",East Palo Alto,CA,USA,"East Palo Alto, CA",3
2025-09-04,2025-09-09,401772719,2025-09-07T17:00Z,11,Indianapolis Colts,15,Miami Dolphins,11,Indianapolis Colts,2971282,DeForest Buckner,DT,Oregon,"{'city': 'Waianae', 'state': 'HI', 'country': 'USA'}",Waianae,HI,USA,"Waianae, HI",10
2025-09-04,2025-09-09,401772719,2025-09-07T17:00Z,11,Indianapolis Colts,15,Miami Dolphins,11,Indianapolis Colts,4035861,Cam Bynum,S,California,"{'city': 'Corona', 'state': 'CA', 'country': 'USA'}",Corona,CA,USA,"Corona, CA",5
2025-09-04,2025-09-09,401772719,2025-09-07T17:00Z,11,Indianapolis Colts,15,Miami Dolphins,11,Indianapolis Colts,4426403,Nick Cross,S,Maryland,"{'city': 'Bowie', 'state': 'MD', 'country': 'USA'}",Bowie,MD,USA,"Bowie, MD",4
2025-09-04,2025-09-09,401772719,2025-09-07T17:00Z,11,Indianapolis Colts,15,Miami Dolphins,11,Indianapolis Colts,3045527,Samson Ebukam,DE,Eastern Washington,"{'city': 'Portland', 'state': 'OR', 'country': 'USA'}",Portland,OR,USA,"Portland, OR",9
2025-09-04,2025-09-09,401772719,2025-09-07T17:00Z,11,Indianapolis Colts,15,Miami Dolphins,11,Indianapolis Colts,4695991,Johnathan Edwards,CB,Tulane,"{'city': 'St. Louis', 'state': 'MO', 'country': 'USA'}",St. Louis,MO,USA,"St. Louis, MO",
2025-09-04,2025-09-09,401772719,2025-09-07T17:00Z,11,Indianapolis Colts,15,Miami Dolphins,11,Indianapolis Colts,3124005,Zaire Franklin,LB,Syracuse,"{'city': 'Philadelphia', 'state': 'PA', 'country': 'USA'}",Philadelphia,PA,USA,"Philadelphia, PA",8
2025-09-04,2025-09-09,401772719,2025-09-07T17:00Z,11,Indianapolis Colts,15,Miami Dolphins,11,Indianapolis Colts,3892883,Neville Gallimore,DT,Oklahoma,"{'city': 'St. Catharines', 'state': 'ON', 'country': 'Canada'}",St. Catharines,ON,Canada,"St. Catharines, ON",6
2025-09-04,2025-09-09,401772719,2025-09-07T17:00Z,11,Indianapolis Colts,15,Miami Dolphins,11,Indianapolis Colts,2978935,Xavien Howard,CB,Baylor,"{'city': 'Houston', 'state': 'TX', 'country': 'USA'}",Houston,TX,USA,"Houston, TX",9
2025-09-04,2025-09-09,401772719,2025-09-07T17:00Z,11,Indianapolis Colts,15,Miami Dolphins,11,Indianapolis Colts,4050971,Eric Johnson II,DT,Missouri State,"{'city': 'Plainfield', 'state': 'IL', 'country': 'USA'}",Plainfield,IL,USA,"Plainfield, IL",4
2025-09-04,2025-09-09,401772719,2025-09-07T17:00Z,11,Indianapolis Colts,15,Miami Dolphins,11,Indianapolis Colts,4685145,Jaylon Jones,CB,Texas A&M,"{'city': 'Cibolo', 'state': 'TX', 'country': 'USA'}",Cibolo,TX,USA,"Cibolo, TX",3
2025-09-04,2025-09-09,401772719,2025-09-07T17:00Z,11,Indianapolis Colts,15,Miami Dolphins,11,Indianapolis Colts,4426473,Laiatu Latu,DE,UCLA,"{'city': 'Sacramento', 'state': 'CA', 'country': 'USA'}",Sacramento,CA,USA,"Sacramento, CA",2
2025-09-04,2025-09-09,401772719,2025-09-07T17:00Z,11,Indianapolis Colts,15,Miami Dolphins,11,Indianapolis Colts,3040513,Tyquan Lewis,DE,Ohio State,"{'city': 'Tarboro', 'state': 'NC', 'country': 'USA'}",Tarboro,NC,USA,"Tarboro, NC",8
2025-09-04,2025-09-09,401772719,2025-09-07T17:00Z,11,Indianapolis Colts,15,Miami Dolphins,11,Indianapolis Colts,4372085,Cameron McGrone,LB,Michigan,"{'city': 'Indianapolis', 'state': 'IN', 'country': 'USA'}",Indianapolis,IN,USA,"Indianapolis, IN",3
2025-09-04,2025-09-09,401772719,2025-09-07T17:00Z,11,Indianapolis Colts,15,Miami Dolphins,11,Indianapolis Colts,4218312,Kenny Moore II,CB,Valdosta State,"{'city': 'Valdosta', 'state': 'GA', 'country': 'USA'}",Valdosta,GA,USA,"Valdosta, GA",9
2025-09-04,2025-09-09,401772719,2025-09-07T17:00Z,11,Indianapolis Colts,15,Miami Dolphins,11,Indianapolis Colts,4361707,Chad Muma,LB,Wyoming,"{'city': 'Lone Tree', 'state': 'CO', 'country': 'USA'}",Lone Tree,CO,USA,"Lone Tree, CO",4
2025-09-04,2025-09-09,401772719,2025-09-07T17:00Z,11,Indianapolis Colts,15,Miami Dolphins,11,Indianapolis Colts,4260703,Segun Olubi,LB,San Diego State,"{'city': 'Corona', 'state': 'CA', 'country': 'USA'}",Corona,CA,USA,"Corona, CA",3
2025-09-04,2025-09-09,401772719,2025-09-07T17:00Z,11,Indianapolis Colts,15,Miami Dolphins,11,Indianapolis Colts,4258194,Kwity Paye,DE,Michigan,"{'city': 'Conakry', 'country': 'Guinea'}",Conakry,,Guinea,Conakry,5
2025-09-04,2025-09-09,401772719,2025-09-07T17:00Z,11,Indianapolis Colts,15,Miami Dolphins,11,Indianapolis Colts,4242415,Daniel Scott,S,California,"{'city': 'Pasadena', 'state': 'CA', 'country': 'USA'}",Pasadena,CA,USA,"Pasadena, CA",3
2025-09-04,2025-09-09,401772719,2025-09-07T17:00Z,11,Indianapolis Colts,15,Miami Dolphins,11,Indianapolis Colts,4058825,Grover Stewart,DT,Albany State,"{'city': 'Camilla', 'state': 'GA', 'country': 'USA'}",Camilla,GA,USA,"Camilla, GA",9
2025-09-04,2025-09-09,401772719,2025-09-07T17:00Z,11,Indianapolis Colts,15,Miami Dolphins,11,Indianapolis Colts,4248455,Rodney Thomas II,S,Yale,"{'city': 'Pittsburgh', 'state': 'PA', 'country': 'USA'}",Pittsburgh,PA,USA,"Pittsburgh, PA",4
2025-09-04,2025-09-09,401772719,2025-09-07T17:00Z,11,Indianapolis Colts,15,Miami Dolphins,11,Indianapolis Colts,4566154,JT Tuimoloau,DE,Ohio State,"{'city': 'Edgewood', 'state': 'WA', 'country': 'USA'}",Edgewood,WA,USA,"Edgewood, WA",
2025-09-04,2025-09-09,401772719,2025-09-07T17:00Z,11,Indianapolis Colts,15,Miami Dolphins,11,Indianapolis Colts,4037361,Charvarius Ward,CB,Middle Tennessee,"{'city': 'Mccomb', 'state': 'MS', 'country': 'USA'}",Mccomb,MS,USA,"Mccomb, MS",8
2025-09-04,2025-09-09,401772719,2025-09-07T17:00Z,11,Indianapolis Colts,15,Miami Dolphins,11,Indianapolis Colts,2566045,Luke Rhodes,LS,William & Mary,"{'city': 'Hollidaysburg', 'state': 'PA', 'country': 'USA'}",Hollidaysburg,PA,USA,"Hollidaysburg, PA",9
2025-09-04,2025-09-09,401772719,2025-09-07T17:00Z,11,Indianapolis Colts,15,Miami Dolphins,11,Indianapolis Colts,3914922,Rigoberto Sanchez,P,Hawai'i,"{'city': 'Hamilton City', 'state': 'CA', 'country': 'USA'}",Hamilton City,CA,USA,"Hamilton City, CA",9
2025-09-04,2025-09-09,401772719,2025-09-07T17:00Z,11,Indianapolis Colts,15,Miami Dolphins,11,Indianapolis Colts,4571557,Spencer Shrader,PK,Notre Dame,"{'city': 'Lithia', 'state': 'FL', 'country': 'USA'}",Lithia,FL,USA,"Lithia, FL",2
2025-09-04,2025-09-09,401772719,2025-09-07T17:00Z,11,Indianapolis Colts,15,Miami Dolphins,11,Indianapolis Colts,4243315,Salvon Ahmed,RB,Washington,"{'city': 'Kirkland', 'state': 'WA', 'country': 'USA'}",Kirkland,WA,USA,"Kirkland, WA",5
2025-09-04,2025-09-09,401772719,2025-09-07T17:00Z,11,Indianapolis Colts,15,Miami Dolphins,11,Indianapolis Colts,4601021,Jaylon Carlies,LB,Missouri,"{'city': 'Orlando', 'state': 'FL', 'country': 'USA'}",Orlando,FL,USA,"Orlando, FL",2
2025-09-04,2025-09-09,401772719,2025-09-07T17:00Z,11,Indianapolis Colts,15,Miami Dolphins,11,Indianapolis Colts,4429636,Blake Freeland,OT,BYU,"{'city': 'Herriman', 'state': 'UT', 'country': 'USA'}",Herriman,UT,USA,"Herriman, UT",3
2025-09-04,2025-09-09,401772719,2025-09-07T17:00Z,11,Indianapolis Colts,15,Miami Dolphins,11,Indianapolis Colts,4249030,D.J. Montgomery,WR,Austin Peay,"{'city': 'Durant', 'state': 'MS', 'country': 'USA'}",Durant,MS,USA,"Durant, MS",4
2025-09-04,2025-09-09,401772719,2025-09-07T17:00Z,11,Indianapolis Colts,15,Miami Dolphins,11,Indianapolis Colts,4242206,Jacob Phillips,LB,LSU,"{'city': 'Nashville', 'state': 'TN', 'country': 'USA'}",Nashville,TN,USA,"Nashville, TN",5
2025-09-04,2025-09-09,401772719,2025-09-07T17:00Z,11,Indianapolis Colts,15,Miami Dolphins,11,Indianapolis Colts,4682909,Justin Walley,CB,Minnesota,"{'city': ""D'lberville"", 'state': 'MS', 'country': 'USA'}",D'lberville,MS,USA,"D'lberville, MS",
2025-09-04,2025-09-09,401772719,2025-09-07T17:00Z,11,Indianapolis Colts,15,Miami Dolphins,11,Indianapolis Colts,2517081,Jack Wilson,OT,Minnesota,"{'city': 'Montara', 'state': 'CA', 'country': 'USA'}",Montara,CA,USA,"Montara, CA",1
2025-09-04,2025-09-09,401772719,2025-09-07T17:00Z,11,Indianapolis Colts,15,Miami Dolphins,11,Indianapolis Colts,4432789,Hunter Wohler,S,Wisconsin,"{'city': 'Muskego', 'state': 'WI', 'country': 'USA'}",Muskego,WI,USA,"Muskego, WI",
2025-09-04,2025-09-09,401772719,2025-09-07T17:00Z,11,Indianapolis Colts,15,Miami Dolphins,11,Indianapolis Colts,4035886,Khalil Herbert,RB,Virginia Tech,"{'city': 'Fort Lauderdale', 'state': 'FL', 'country': 'USA'}",Fort Lauderdale,FL,USA,"Fort Lauderdale, FL",5
2025-09-04,2025-09-09,401772719,2025-09-07T17:00Z,11,Indianapolis Colts,15,Miami Dolphins,11,Indianapolis Colts,4363547,Marcellus Johnson,OT,Missouri,"{'city': 'Normal', 'state': 'IL', 'country': 'USA'}",Normal,IL,USA,"Normal, IL",1
2025-09-04,2025-09-09,401772719,2025-09-07T17:00Z,11,Indianapolis Colts,15,Miami Dolphins,11,Indianapolis Colts,3128630,Chris Lammons,CB,South Carolina,"{'city': 'Lauderhill', 'state': 'FL', 'country': 'USA'}",Lauderhill,FL,USA,"Lauderhill, FL",5
2025-09-04,2025-09-09,401772719,2025-09-07T17:00Z,11,Indianapolis Colts,15,Miami Dolphins,11,Indianapolis Colts,4608691,Maximilian Mang,TE,Syracuse,"{'city': 'Nuthetal', 'country': 'Germany'}",Nuthetal,,Germany,Nuthetal,
2025-09-04,2025-09-09,401772719,2025-09-07T17:00Z,11,Indianapolis Colts,15,Miami Dolphins,11,Indianapolis Colts,4036275,Sean McKeon,TE,Michigan,"{'city': 'Dudley', 'state': 'MA', 'country': 'USA'}",Dudley,MA,USA,"Dudley, MA",5
2025-09-04,2025-09-09,401772719,2025-09-07T17:00Z,11,Indianapolis Colts,15,Miami Dolphins,11,Indianapolis Colts,4360638,Durell Nchami,DE,Maryland,"{'city': 'Silver Spring', 'state': 'MD', 'country': 'USA'}",Silver Spring,MD,USA,"Silver Spring, MD",1
2025-09-04,2025-09-09,401772719,2025-09-07T17:00Z,11,Indianapolis Colts,15,Miami Dolphins,11,Indianapolis Colts,4874465,Ben Nikkel,S,Iowa State,"{'city': 'Mcpherson', 'state': 'KS', 'country': 'USA'}",Mcpherson,KS,USA,"Mcpherson, KS",1
2025-09-04,2025-09-09,401772719,2025-09-07T17:00Z,11,Indianapolis Colts,15,Miami Dolphins,11,Indianapolis Colts,4578436,Coleman Owen,WR,Ohio,"{'city': 'Gilbert', 'state': 'AZ', 'country': 'USA'}",Gilbert,AZ,USA,"Gilbert, AZ",
2025-09-04,2025-09-09,401772719,2025-09-07T17:00Z,11,Indianapolis Colts,15,Miami Dolphins,11,Indianapolis Colts,4565908,Tyler Scott,WR,Cincinnati,"{'city': 'Norton', 'state': 'OH', 'country': 'USA'}",Norton,OH,USA,"Norton, OH",3
2025-09-04,2025-09-09,401772719,2025-09-07T17:00Z,11,Indianapolis Colts,15,Miami Dolphins,11,Indianapolis Colts,4039243,Josh Sills,G,Oklahoma State,"{'city': 'Sarahsville', 'state': 'OH', 'country': 'USA'}",Sarahsville,OH,USA,"Sarahsville, OH",3
2025-09-04,2025-09-09,401772719,2025-09-07T17:00Z,11,Indianapolis Colts,15,Miami Dolphins,11,Indianapolis Colts,4692033,Tim Smith,DT,Alabama,"{'city': 'Gifford', 'state': 'FL', 'country': 'USA'}",Gifford,FL,USA,"Gifford, FL",
2025-09-04,2025-09-09,401772719,2025-09-07T17:00Z,11,Indianapolis Colts,15,Miami Dolphins,11,Indianapolis Colts,3051889,Laquon Treadwell,WR,Ole Miss,"{'city': 'Crete', 'state': 'IL', 'country': 'USA'}",Crete,IL,USA,"Crete, IL",9
2025-09-04,2025-09-09,401772719,2025-09-07T17:00Z,11,Indianapolis Colts,15,Miami Dolphins,11,Indianapolis Colts,4609783,Mose Vavao,C,Fresno State,"{'city': 'Newark', 'state': 'CA', 'country': 'USA'}",Newark,CA,USA,"Newark, CA",
2025-09-04,2025-09-09,401772719,2025-09-07T17:00Z,11,Indianapolis Colts,15,Miami Dolphins,11,Indianapolis Colts,3045251,Anthony Walker Jr.,LB,Northwestern,"{'city': 'Miami', 'state': 'FL', 'country': 'USA'}",Miami,FL,USA,"Miami, FL",9
2025-09-04,2025-09-09,401772719,2025-09-07T17:00Z,11,Indianapolis Colts,15,Miami Dolphins,11,Indianapolis Colts,4599160,Trey Washington,S,Ole Miss,"{'city': 'Trussville', 'state': 'AL', 'country': 'USA'}",Trussville,AL,USA,"Trussville, AL",
2025-09-04,2025-09-09,401772719,2025-09-07T17:00Z,11,Indianapolis Colts,15,Miami Dolphins,15,Miami Dolphins,4429160,De'Von Achane,RB,Texas A&M,"{'city': 'Missouri City', 'state': 'TX', 'country': 'USA'}",Missouri City,TX,USA,"Missouri City, TX",3
2025-09-04,2025-09-09,401772719,2025-09-07T17:00Z,11,Indianapolis Colts,15,Miami Dolphins,15,Miami Dolphins,4241217,Larry Borom,OT,Missouri,"{'city': 'Detroit', 'state': 'MI', 'country': 'USA'}",Detroit,MI,USA,"Detroit, MI",5
2025-09-04,2025-09-09,401772719,2025-09-07T17:00Z,11,Indianapolis Colts,15,Miami Dolphins,15,Miami Dolphins,4040537,Aaron Brewer,G,Texas State,"{'city': 'Dallas', 'state': 'TX', 'country': 'USA'}",Dallas,TX,USA,"Dallas, TX",6
2025-09-04,2025-09-09,401772719,2025-09-07T17:00Z,11,Indianapolis Colts,15,Miami Dolphins,15,Miami Dolphins,2976117,Daniel Brunskill,OT,San Diego State,"{'city': 'Valley Center', 'state': 'CA', 'country': 'USA'}",Valley Center,CA,USA,"Valley Center, CA",7
2025-09-04,2025-09-09,401772719,2025-09-07T17:00Z,11,Indianapolis Colts,15,Miami Dolphins,15,Miami Dolphins,4047422,Tanner Conner,TE,Idaho State,"{'city': 'Kent', 'state': 'WA', 'country': 'USA'}",Kent,WA,USA,"Kent, WA",3
2025-09-04,2025-09-09,401772719,2025-09-07T17:00Z,11,Indianapolis Colts,15,Miami Dolphins,15,Miami Dolphins,3894849,James Daniels,G,Iowa,"{'city': 'Warren', 'state': 'OH', 'country': 'USA'}",Warren,OH,USA,"Warren, OH",8
2025-09-04,2025-09-09,401772719,2025-09-07T17:00Z,11,Indianapolis Colts,15,Miami Dolphins,15,Miami Dolphins,4043016,Dee Eskridge,WR,Western Michigan,"{'city': 'Bluffton', 'state': 'IN', 'country': 'USA'}",Bluffton,IN,USA,"Bluffton, IN",5
2025-09-04,2025-09-09,401772719,2025-09-07T17:00Z,11,Indianapolis Colts,15,Miami Dolphins,15,Miami Dolphins,4889929,Quinn Ewers,QB,Texas,"{'city': 'Southlake', 'state': 'TX', 'country': 'USA'}",Southlake,TX,USA,"Southlake, TX",
2025-09-04,2025-09-09,401772719,2025-09-07T17:00Z,11,Indianapolis Colts,15,Miami Dolphins,15,Miami Dolphins,4711533,Ollie Gordon II,RB,Oklahoma State,"{'city': 'Fort Worth', 'state': 'TX', 'country': 'USA'}",Fort Worth,TX,USA,"Fort Worth, TX",
2025-09-04,2025-09-09,401772719,2025-09-07T17:00Z,11,Indianapolis Colts,15,Miami Dolphins,15,Miami Dolphins,4365395,Julian Hill,TE,Campbell,"{'city': 'Fayetteville', 'state': 'NC', 'country': 'USA'}",Fayetteville,NC,USA,"Fayetteville, NC",3
2025-09-04,2025-09-09,401772719,2025-09-07T17:00Z,11,Indianapolis Colts,15,Miami Dolphins,15,Miami Dolphins,3116406,Tyreek Hill,WR,West Alabama,"{'city': 'Pearson', 'state': 'GA', 'country': 'USA'}",Pearson,GA,USA,"Pearson, GA",10
2025-09-04,2025-09-09,401772719,2025-09-07T17:00Z,11,Indianapolis Colts,15,Miami Dolphins,15,Miami Dolphins,3917668,Alec Ingold,FB,Wisconsin,"{'city': 'Green Bay', 'state': 'WI', 'country': 'USA'}",Green Bay,WI,USA,"Green Bay, WI",7
2025-09-04,2025-09-09,401772719,2025-09-07T17:00Z,11,Indianapolis Colts,15,Miami Dolphins,15,Miami Dolphins,4271632,Austin Jackson,G,USC,"{'city': 'Phoenix', 'state': 'AZ', 'country': 'USA'}",Phoenix,AZ,USA,"Phoenix, AZ",6
2025-09-04,2025-09-09,401772719,2025-09-07T17:00Z,11,Indianapolis Colts,15,Miami Dolphins,15,Miami Dolphins,2509370,Kendall Lamm,OT,App State,"{'city': 'Charlotte', 'state': 'NC', 'country': 'USA'}",Charlotte,NC,USA,"Charlotte, NC",10
2025-09-04,2025-09-09,401772719,2025-09-07T17:00Z,11,Indianapolis Colts,15,Miami Dolphins,15,Miami Dolphins,4567493,Patrick Paul,OT,Houston,"{'city': 'Houston', 'state': 'TX', 'country': 'USA'}",Houston,TX,USA,"Houston, TX",2
2025-09-04,2025-09-09,401772719,2025-09-07T17:00Z,11,Indianapolis Colts,15,Miami Dolphins,15,Miami Dolphins,4819257,Jonah Savaiinaea,G,Arizona,"{'city': 'Tafuna', 'country': 'American Samoa'}",Tafuna,,American Samoa,Tafuna,
2025-09-04,2025-09-09,401772719,2025-09-07T17:00Z,11,Indianapolis Colts,15,Miami Dolphins,15,Miami Dolphins,4058521,Kion Smith,OT,Fayetteville State,"{'city': 'Livermore Falls', 'state': 'ME', 'country': 'USA'}",Livermore Falls,ME,USA,"Livermore Falls, ME",3
2025-09-04,2025-09-09,401772719,2025-09-07T17:00Z,11,Indianapolis Colts,15,Miami Dolphins,15,Miami Dolphins,4241479,Tua Tagovailoa,QB,Alabama,"{'city': 'Ewa Beach', 'state': 'HI', 'country': 'USA'}",Ewa Beach,HI,USA,"Ewa Beach, HI",6
2025-09-04,2025-09-09,401772719,2025-09-07T17:00Z,11,Indianapolis Colts,15,Miami Dolphins,15,Miami Dolphins,4372016,Jaylen Waddle,WR,Alabama,"{'city': 'Houston', 'state': 'TX', 'country': 'USA'}",Houston,TX,USA,"Houston, TX",5
2025-09-04,2025-09-09,401772719,2025-09-07T17:00Z,11,Indianapolis Colts,15,Miami Dolphins,15,Miami Dolphins,2576925,Darren Waller,TE,Georgia Tech,"{'city': 'Acworth', 'state': 'GA', 'country': 'USA'}",Acworth,GA,USA,"Acworth, GA",8
2025-09-04,2025-09-09,401772719,2025-09-07T17:00Z,11,Indianapolis Colts,15,Miami Dolphins,15,Miami Dolphins,4569603,Malik Washington,WR,Virginia,"{'city': 'Lawrenceville', 'state': 'GA', 'country': 'USA'}",Lawrenceville,GA,USA,"Lawrenceville, GA",2
2025-09-04,2025-09-09,401772719,2025-09-07T17:00Z,11,Indianapolis Colts,15,Miami Dolphins,15,Miami Dolphins,4567506,Tahj Washington,WR,USC,"{'city': 'Marshall', 'state': 'TX', 'country': 'USA'}",Marshall,TX,USA,"Marshall, TX",2
2025-09-04,2025-09-09,401772719,2025-09-07T17:00Z,11,Indianapolis Colts,15,Miami Dolphins,15,Miami Dolphins,3929785,Nick Westbrook-Ikhine,WR,Indiana,"{'city': 'Lake Mary', 'state': 'FL', 'country': 'USA'}",Lake Mary,FL,USA,"Lake Mary, FL",6
2025-09-04,2025-09-09,401772719,2025-09-07T17:00Z,11,Indianapolis Colts,15,Miami Dolphins,15,Miami Dolphins,4361259,Zach Wilson,QB,BYU,"{'city': 'Draper', 'state': 'UT', 'country': 'USA'}",Draper,UT,USA,"Draper, UT",5
2025-09-04,2025-09-09,401772719,2025-09-07T17:00Z,11,Indianapolis Colts,15,Miami Dolphins,15,Miami Dolphins,3122976,Jeff Wilson Jr.,RB,North Texas,"{'city': 'Elkhart', 'state': 'TX', 'country': 'USA'}",Elkhart,TX,USA,"Elkhart, TX",8
2025-09-04,2025-09-09,401772719,2025-09-07T17:00Z,11,Indianapolis Colts,15,Miami Dolphins,15,Miami Dolphins,4682745,Jaylen Wright,RB,Tennessee,"{'city': 'Durham', 'state': 'NC', 'country': 'USA'}",Durham,NC,USA,"Durham, NC",2
2025-09-04,2025-09-09,401772719,2025-09-07T17:00Z,11,Indianapolis Colts,15,Miami Dolphins,15,Miami Dolphins,4683276,Zeek Biggers,DT,Georgia Tech,"{'city': 'Salisbury', 'state': 'NC', 'country': 'USA'}",Salisbury,NC,USA,"Salisbury, NC",
2025-09-04,2025-09-09,401772719,2025-09-07T17:00Z,11,Indianapolis Colts,15,Miami Dolphins,15,Miami Dolphins,4360746,Ethan Bonner,CB,Stanford,"{'city': 'The Woodlands', 'state': 'TX', 'country': 'USA'}",The Woodlands,TX,USA,"The Woodlands, TX",2
2025-09-04,2025-09-09,401772719,2025-09-07T17:00Z,11,Indianapolis Colts,15,Miami Dolphins,15,Miami Dolphins,4360488,JuJu Brents,CB,Kansas State,"{'city': 'Indianapolis', 'state': 'IN', 'country': 'USA'}",Indianapolis,IN,USA,"Indianapolis, IN",3
2025-09-04,2025-09-09,401772719,2025-09-07T17:00Z,11,Indianapolis Colts,15,Miami Dolphins,15,Miami Dolphins,4242521,K.J. Britt,LB,Auburn,"{'city': 'Oxford', 'state': 'AL', 'country': 'USA'}",Oxford,AL,USA,"Oxford, AL",5
2025-09-04,2025-09-09,401772719,2025-09-07T17:00Z,11,Indianapolis Colts,15,Miami Dolphins,15,Miami Dolphins,4043130,Jordyn Brooks,LB,Texas Tech,"{'city': 'Houston', 'state': 'TX', 'country': 'USA'}",Houston,TX,USA,"Houston, TX",6
2025-09-04,2025-09-09,401772719,2025-09-07T17:00Z,11,Indianapolis Colts,15,Miami Dolphins,15,Miami Dolphins,4242457,Matthew Butler,DT,Tennessee,"{'city': 'Raleigh', 'state': 'NC', 'country': 'USA'}",Raleigh,NC,USA,"Raleigh, NC",3
2025-09-04,2025-09-09,401772719,2025-09-07T17:00Z,11,Indianapolis Colts,15,Miami Dolphins,15,Miami Dolphins,3932901,Elijah Campbell,S,Northern Iowa,"{'city': 'Saint Paul', 'state': 'MN', 'country': 'USA'}",Saint Paul,MN,USA,"Saint Paul, MN",6
2025-09-04,2025-09-09,401772719,2025-09-07T17:00Z,11,Indianapolis Colts,15,Miami Dolphins,15,Miami Dolphins,3116733,Bradley Chubb,LB,NC State,"{'city': 'Marietta', 'state': 'GA', 'country': 'USA'}",Marietta,GA,USA,"Marietta, GA",8
2025-09-04,2025-09-09,401772719,2025-09-07T17:00Z,11,Indianapolis Colts,15,Miami Dolphins,15,Miami Dolphins,3858271,Ashtyn Davis,S,California,"{'city': 'Santa Cruz', 'state': 'CA', 'country': 'USA'}",Santa Cruz,CA,USA,"Santa Cruz, CA",6
2025-09-04,2025-09-09,401772719,2025-09-07T17:00Z,11,Indianapolis Colts,15,Miami Dolphins,15,Miami Dolphins,4035232,Tyrel Dodson,LB,Texas A&M,"{'city': 'Franklin', 'state': 'TN', 'country': 'USA'}",Franklin,TN,USA,"Franklin, TN",6
2025-09-04,2025-09-09,401772719,2025-09-07T17:00Z,11,Indianapolis Colts,15,Miami Dolphins,15,Miami Dolphins,3943270,Rasul Douglas,CB,West Virginia,"{'city': 'East Orange', 'state': 'NJ', 'country': 'USA'}",East Orange,NJ,USA,"East Orange, NJ",9
2025-09-04,2025-09-09,401772719,2025-09-07T17:00Z,11,Indianapolis Colts,15,Miami Dolphins,15,Miami Dolphins,4427103,Storm Duck,CB,Louisville,"{'city': 'Boiling Springs', 'state': 'NC', 'country': 'USA'}",Boiling Springs,NC,USA,"Boiling Springs, NC",2
2025-09-04,2025-09-09,401772719,2025-09-07T17:00Z,11,Indianapolis Colts,15,Miami Dolphins,15,Miami Dolphins,3925345,Minkah Fitzpatrick,S,Alabama,"{'city': 'Old Bridge', 'state': 'NJ', 'country': 'USA'}",Old Bridge,NJ,USA,"Old Bridge, NJ",8
2025-09-04,2025-09-09,401772719,2025-09-07T17:00Z,11,Indianapolis Colts,15,Miami Dolphins,15,Miami Dolphins,4259804,Willie Gay Jr.,LB,Mississippi State,"{'city': 'Starkville', 'state': 'MS', 'country': 'USA'}",Starkville,MS,USA,"Starkville, MS",6
2025-09-04,2025-09-09,401772719,2025-09-07T17:00Z,11,Indianapolis Colts,15,Miami Dolphins,15,Miami Dolphins,4035857,Cameron Goode,LB,California,"{'city': 'Spring', 'state': 'TX', 'country': 'USA'}",Spring,TX,USA,"Spring, TX",3
2025-09-04,2025-09-09,401772719,2025-09-07T17:00Z,11,Indianapolis Colts,15,Miami Dolphins,15,Miami Dolphins,4894654,Kenneth Grant,DT,Michigan,"{'city': 'Merrillville', 'state': 'IN', 'country': 'USA'}",Merrillville,IN,USA,"Merrillville, IN",
2025-09-04,2025-09-09,401772719,2025-09-07T17:00Z,11,Indianapolis Colts,15,Miami Dolphins,15,Miami Dolphins,4035299,Benito Jones,DT,Ole Miss,"{'city': 'Waynesboro', 'state': 'MS', 'country': 'USA'}",Waynesboro,MS,USA,"Waynesboro, MS",5
2025-09-04,2025-09-09,401772719,2025-09-07T17:00Z,11,Indianapolis Colts,15,Miami Dolphins,15,Miami Dolphins,4035686,Jack Jones,CB,Arizona State,"{'city': 'Long Beach', 'state': 'CA', 'country': 'USA'}",Long Beach,CA,USA,"Long Beach, CA",4
2025-09-04,2025-09-09,401772719,2025-09-07T17:00Z,11,Indianapolis Colts,15,Miami Dolphins,15,Miami Dolphins,3961466,Matthew Judon,LB,Grand Valley State,"{'city': 'West Bloomfield', 'state': 'MI', 'country': 'USA'}",West Bloomfield,MI,USA,"West Bloomfield, MI",10
2025-09-04,2025-09-09,401772719,2025-09-07T17:00Z,11,Indianapolis Colts,15,Miami Dolphins,15,Miami Dolphins,4432730,Jason Marshall Jr.,CB,Florida,"{'city': 'Miami', 'state': 'FL', 'country': 'USA'}",Miami,FL,USA,"Miami, FL",
2025-09-04,2025-09-09,401772719,2025-09-07T17:00Z,11,Indianapolis Colts,15,Miami Dolphins,15,Miami Dolphins,4240401,Ifeatu Melifonwu,S,Syracuse,"{'city': 'South Grafton', 'state': 'MA', 'country': 'USA'}",South Grafton,MA,USA,"South Grafton, MA",5
2025-09-04,2025-09-09,401772719,2025-09-07T17:00Z,11,Indianapolis Colts,15,Miami Dolphins,15,Miami Dolphins,4242975,Jaelan Phillips,LB,Miami,"{'city': 'Redlands', 'state': 'CA', 'country': 'USA'}",Redlands,CA,USA,"Redlands, CA",5
2025-09-04,2025-09-09,401772719,2025-09-07T17:00Z,11,Indianapolis Colts,15,Miami Dolphins,15,Miami Dolphins,4837188,Jordan Phillips,DT,Maryland,"{'city': 'Ocoee', 'state': 'FL', 'country': 'USA'}",Ocoee,FL,USA,"Ocoee, FL",
2025-09-04,2025-09-09,401772719,2025-09-07T17:00Z,11,Indianapolis Colts,15,Miami Dolphins,15,Miami Dolphins,4431586,Chop Robinson,LB,Penn State,"{'city': 'Gaithersburg', 'state': 'MD', 'country': 'USA'}",Gaithersburg,MD,USA,"Gaithersburg, MD",2
2025-09-04,2025-09-09,401772719,2025-09-07T17:00Z,11,Indianapolis Colts,15,Miami Dolphins,15,Miami Dolphins,3057956,Zach Sieler,DT,Ferris State,"{'city': 'Pinckney', 'state': 'MI', 'country': 'USA'}",Pinckney,MI,USA,"Pinckney, MI",8
2025-09-04,2025-09-09,401772719,2025-09-07T17:00Z,11,Indianapolis Colts,15,Miami Dolphins,15,Miami Dolphins,4431664,Dante Trader Jr.,S,Maryland,"{'city': 'Delmar', 'state': 'DE', 'country': 'USA'}",Delmar,DE,USA,"Delmar, DE",
2025-09-04,2025-09-09,401772719,2025-09-07T17:00Z,11,Indianapolis Colts,15,Miami Dolphins,15,Miami Dolphins,3931395,Jake Bailey,P,Stanford,"{'city': 'Solana Beach', 'state': 'CA', 'country': 'USA'}",Solana Beach,CA,USA,"Solana Beach, CA",7
2025-09-04,2025-09-09,401772719,2025-09-07T17:00Z,11,Indianapolis Colts,15,Miami Dolphins,15,Miami Dolphins,2575907,Joe Cardona,LS,Navy,"{'city': 'El Cajon', 'state': 'CA', 'country': 'USA'}",El Cajon,CA,USA,"El Cajon, CA",11
2025-09-04,2025-09-09,401772719,2025-09-07T17:00Z,11,Indianapolis Colts,15,Miami Dolphins,15,Miami Dolphins,4243371,Riley Patterson,PK,Memphis,"{'city': 'Edwardsville', 'state': 'IL', 'country': 'USA'}",Edwardsville,IL,USA,"Edwardsville, IL",5
2025-09-04,2025-09-09,401772719,2025-09-07T17:00Z,11,Indianapolis Colts,15,Miami Dolphins,15,Miami Dolphins,4427532,Eugene Asante,LB,Auburn,"{'city': 'Alexandria', 'state': 'VA', 'country': 'USA'}",Alexandria,VA,USA,"Alexandria, VA",
2025-09-04,2025-09-09,401772719,2025-09-07T17:00Z,11,Indianapolis Colts,15,Miami Dolphins,15,Miami Dolphins,3051921,Artie Burns,CB,Miami,"{'city': 'Miami', 'state': 'FL', 'country': 'USA'}",Miami,FL,USA,"Miami, FL",10
2025-09-04,2025-09-09,401772719,2025-09-07T17:00Z,11,Indianapolis Colts,15,Miami Dolphins,15,Miami Dolphins,3116455,Yodny Cajuste,OT,West Virginia,"{'city': 'Miami', 'state': 'FL', 'country': 'USA'}",Miami,FL,USA,"Miami, FL",5
2025-09-04,2025-09-09,401772719,2025-09-07T17:00Z,11,Indianapolis Colts,15,Miami Dolphins,15,Miami Dolphins,4431044,Jalin Conyers,TE,Texas Tech,"{'city': 'Gruver', 'state': 'TX', 'country': 'USA'}",Gruver,TX,USA,"Gruver, TX",
2025-09-04,2025-09-09,401772719,2025-09-07T17:00Z,11,Indianapolis Colts,15,Miami Dolphins,15,Miami Dolphins,4046694,Liam Eichenberg,OT,Notre Dame,"{'city': 'Cleveland', 'state': 'OH', 'country': 'USA'}",Cleveland,OH,USA,"Cleveland, OH",5
2025-09-04,2025-09-09,401772719,2025-09-07T17:00Z,11,Indianapolis Colts,15,Miami Dolphins,15,Miami Dolphins,4243386,Obinna Eze,OT,TCU,"{'city': 'Nashville', 'state': 'TN', 'country': 'USA'}",Nashville,TN,USA,"Nashville, TN",1
2025-09-04,2025-09-09,401772719,2025-09-07T17:00Z,11,Indianapolis Colts,15,Miami Dolphins,15,Miami Dolphins,2972304,Germain Ifedi,G,Texas A&M,"{'city': 'Houston', 'state': 'TX', 'country': 'USA'}",Houston,TX,USA,"Houston, TX",10
2025-09-04,2025-09-09,401772719,2025-09-07T17:00Z,11,Indianapolis Colts,15,Miami Dolphins,15,Miami Dolphins,4291489,Kader Kohou,CB,East Texas A&M,"{'city': 'Euless', 'state': 'TX', 'country': 'USA'}",Euless,TX,USA,"Euless, TX",4
2025-09-04,2025-09-09,401772719,2025-09-07T17:00Z,11,Indianapolis Colts,15,Miami Dolphins,15,Miami Dolphins,4360213,Jason Maitre,CB,Wisconsin,"{'city': 'Everett', 'state': 'MA', 'country': 'USA'}",Everett,MA,USA,"Everett, MA",1
2025-09-04,2025-09-09,401772719,2025-09-07T17:00Z,11,Indianapolis Colts,15,Miami Dolphins,15,Miami Dolphins,4048244,Alexander Mattison,RB,Boise State,"{'city': 'San Bernardino', 'state': 'CA', 'country': 'USA'}",San Bernardino,CA,USA,"San Bernardino, CA",7
2025-09-04,2025-09-09,401772719,2025-09-07T17:00Z,11,Indianapolis Colts,15,Miami Dolphins,15,Miami Dolphins,4362064,Andrew Meyer,C,UTEP,"{'city': 'San Marcos', 'state': 'CA', 'country': 'USA'}",San Marcos,CA,USA,"San Marcos, CA",2
2025-09-04,2025-09-09,401772719,2025-09-07T17:00Z,11,Indianapolis Colts,15,Miami Dolphins,15,Miami Dolphins,3124679,Jason Sanders,PK,New Mexico,"{'city': 'Orange', 'state': 'CA', 'country': 'USA'}",Orange,CA,USA,"Orange, CA",8
2025-09-04,2025-09-09,401772719,2025-09-07T17:00Z,11,Indianapolis Colts,15,Miami Dolphins,15,Miami Dolphins,4570672,Cam Smith,CB,South Carolina,"{'city': 'Blythewood', 'state': 'SC', 'country': 'USA'}",Blythewood,SC,USA,"Blythewood, SC",3
2025-09-04,2025-09-09,401772719,2025-09-07T17:00Z,11,Indianapolis Colts,15,Miami Dolphins,15,Miami Dolphins,3123963,Cornell Armstrong,CB,Southern Miss,"{'city': 'Bassfield', 'state': 'MS', 'country': 'USA'}",Bassfield,MS,USA,"Bassfield, MS",5
2025-09-04,2025-09-09,401772719,2025-09-07T17:00Z,11,Indianapolis Colts,15,Miami Dolphins,15,Miami Dolphins,3933407,Quinton Bell,LB,Prairie View A&M,"{'city': 'Long Beach', 'state': 'CA', 'country': 'USA'}",Long Beach,CA,USA,"Long Beach, CA",4
2025-09-04,2025-09-09,401772719,2025-09-07T17:00Z,11,Indianapolis Colts,15,Miami Dolphins,15,Miami Dolphins,4367504,Jordan Colbert,S,Rhode Island,"{'city': 'Clinton', 'state': 'MD', 'country': 'USA'}",Clinton,MD,USA,"Clinton, MD",1
2025-09-04,2025-09-09,401772719,2025-09-07T17:00Z,11,Indianapolis Colts,15,Miami Dolphins,15,Miami Dolphins,4361003,Braeden Daniels,OT,Utah,"{'city': 'Carrollton', 'state': 'TX', 'country': 'USA'}",Carrollton,TX,USA,"Carrollton, TX",2
2025-09-04,2025-09-09,401772719,2025-09-07T17:00Z,11,Indianapolis Colts,15,Miami Dolphins,15,Miami Dolphins,4367209,Greg Dulcich,TE,UCLA,"{'city': 'Glendale', 'state': 'CA', 'country': 'USA'}",Glendale,CA,USA,"Glendale, CA",4
2025-09-04,2025-09-09,401772719,2025-09-07T17:00Z,11,Indianapolis Colts,15,Miami Dolphins,15,Miami Dolphins,3928925,JaMycal Hasty,RB,Baylor,"{'city': 'Longview', 'state': 'TX', 'country': 'USA'}",Longview,TX,USA,"Longview, TX",6
2025-09-04,2025-09-09,401772719,2025-09-07T17:00Z,11,Indianapolis Colts,15,Miami Dolphins,15,Miami Dolphins,4429053,AJ Henning,WR,Northwestern,"{'city': 'Frankfort', 'state': 'IL', 'country': 'USA'}",Frankfort,IL,USA,"Frankfort, IL",
2025-09-04,2025-09-09,401772719,2025-09-07T17:00Z,11,Indianapolis Colts,15,Miami Dolphins,15,Miami Dolphins,4430877,Alex Huntley,DT,South Carolina,"{'city': 'Blythewood', 'state': 'SC', 'country': 'USA'}",Blythewood,SC,USA,"Blythewood, SC",
2025-09-04,2025-09-09,401772719,2025-09-07T17:00Z,11,Indianapolis Colts,15,Miami Dolphins,15,Miami Dolphins,4367699,Isaiah Johnson,CB,Syracuse,"{'city': 'Beverly Hills', 'state': 'MI', 'country': 'USA'}",Beverly Hills,MI,USA,"Beverly Hills, MI",1
2025-09-04,2025-09-09,401772719,2025-09-07T17:00Z,11,Indianapolis Colts,15,Miami Dolphins,15,Miami Dolphins,4430153,Derrick McLendon,LB,Colorado,"{'city': 'Decatur', 'state': 'GA', 'country': 'USA'}",Decatur,GA,USA,"Decatur, GA",1
2025-09-04,2025-09-09,401772719,2025-09-07T17:00Z,11,Indianapolis Colts,15,Miami Dolphins,15,Miami Dolphins,4432503,Josh Priebe,G,Michigan,"{'city': 'Niles', 'state': 'MI', 'country': 'USA'}",Niles,MI,USA,"Niles, MI",
2025-09-04,2025-09-09,401772719,2025-09-07T17:00Z,11,Indianapolis Colts,15,Miami Dolphins,15,Miami Dolphins,4428396,Hayden Rucci,TE,Wisconsin,"{'city': 'Lititz', 'state': 'PA', 'country': 'USA'}",Lititz,PA,USA,"Lititz, PA",1
2025-09-04,2025-09-09,401772719,2025-09-07T17:00Z,11,Indianapolis Colts,15,Miami Dolphins,15,Miami Dolphins,4608762,John Saunders Jr.,S,Ole Miss,"{'city': 'High Point', 'state': 'NC', 'country': 'USA'}",High Point,NC,USA,"High Point, NC",
2025-09-04,2025-09-09,401772719,2025-09-07T17:00Z,11,Indianapolis Colts,15,Miami Dolphins,15,Miami Dolphins,4426535,Theo Wease Jr.,WR,Missouri,"{'city': 'Allen', 'state': 'TX', 'country': 'USA'}",Allen,TX,USA,"Allen, TX",
2025-09-04,2025-09-09,401772720,2025-09-07T17:00Z,17,New England Patriots,13,Las Vegas Raiders,17,New England Patriots,4429022,Kayshon Boutte,WR,LSU,"{'city': 'New Iberia', 'state': 'LA', 'country': 'USA'}",New Iberia,LA,USA,"New Iberia, LA",3
2025-09-04,2025-09-09,401772720,2025-09-07T17:00Z,17,New England Patriots,13,Las Vegas Raiders,17,New England Patriots,3116729,Garrett Bradbury,C,NC State,"{'city': 'Charlotte', 'state': 'NC', 'country': 'USA'}",Charlotte,NC,USA,"Charlotte, NC",7
2025-09-04,2025-09-09,401772720,2025-09-07T17:00Z,17,New England Patriots,13,Las Vegas Raiders,17,New England Patriots,4362890,Ben Brown,C,Ole Miss,"{'city': 'Vicksburg', 'state': 'MS', 'country': 'USA'}",Vicksburg,MS,USA,"Vicksburg, MS",3
2025-09-04,2025-09-09,401772720,2025-09-07T17:00Z,17,New England Patriots,13,Las Vegas Raiders,17,New England Patriots,4565293,Marcus Bryant,OT,Missouri,"{'city': 'Round Rock', 'state': 'TX', 'country': 'USA'}",Round Rock,TX,USA,"Round Rock, TX",
2025-09-04,2025-09-09,401772720,2025-09-07T17:00Z,17,New England Patriots,13,Las Vegas Raiders,17,New England Patriots,4685298,Will Campbell,OT,LSU,"{'city': 'Monroe', 'state': 'LA', 'country': 'USA'}",Monroe,LA,USA,"Monroe, LA",
2025-09-04,2025-09-09,401772720,2025-09-07T17:00Z,17,New England Patriots,13,Las Vegas Raiders,17,New England Patriots,4695193,Efton Chism III,WR,Eastern Washington,"{'city': 'Monroe', 'state': 'WA', 'country': 'USA'}",Monroe,WA,USA,"Monroe, WA",
2025-09-04,2025-09-09,401772720,2025-09-07T17:00Z,17,New England Patriots,13,Las Vegas Raiders,17,New England Patriots,4240391,Tommy DeVito,QB,Illinois,"{'city': 'Cedar Grove', 'state': 'NJ', 'country': 'USA'}",Cedar Grove,NJ,USA,"Cedar Grove, NJ",3
2025-09-04,2025-09-09,401772720,2025-09-07T17:00Z,17,New England Patriots,13,Las Vegas Raiders,17,New England Patriots,2976212,Stefon Diggs,WR,Maryland,"{'city': 'Gaithersburg', 'state': 'MD', 'country': 'USA'}",Gaithersburg,MD,USA,"Gaithersburg, MD",11
2025-09-04,2025-09-09,401772720,2025-09-07T17:00Z,17,New England Patriots,13,Las Vegas Raiders,17,New England Patriots,3044720,Joshua Dobbs,QB,Tennessee,"{'city': 'Alpharetta', 'state': 'GA', 'country': 'USA'}",Alpharetta,GA,USA,"Alpharetta, GA",9
2025-09-04,2025-09-09,401772720,2025-09-07T17:00Z,17,New England Patriots,13,Las Vegas Raiders,17,New England Patriots,4427095,DeMario Douglas,WR,Liberty,"{'city': 'Jacksonville', 'state': 'FL', 'country': 'USA'}",Jacksonville,FL,USA,"Jacksonville, FL",3
2025-09-04,2025-09-09,401772720,2025-09-07T17:00Z,17,New England Patriots,13,Las Vegas Raiders,17,New England Patriots,4360294,Antonio Gibson,RB,Memphis,"{'city': 'Stockbridge', 'state': 'GA', 'country': 'USA'}",Stockbridge,GA,USA,"Stockbridge, GA",6
2025-09-04,2025-09-09,401772720,2025-09-07T17:00Z,17,New England Patriots,13,Las Vegas Raiders,17,New England Patriots,4432710,TreVeyon Henderson,RB,Ohio State,"{'city': 'Hopewell', 'state': 'VA', 'country': 'USA'}",Hopewell,VA,USA,"Hopewell, VA",
2025-09-04,2025-09-09,401772720,2025-09-07T17:00Z,17,New England Patriots,13,Las Vegas Raiders,17,New England Patriots,3046439,Hunter Henry,TE,Arkansas,"{'city': 'Little Rock', 'state': 'AR', 'country': 'USA'}",Little Rock,AR,USA,"Little Rock, AR",10
2025-09-04,2025-09-09,401772720,2025-09-07T17:00Z,17,New England Patriots,13,Las Vegas Raiders,17,New England Patriots,2991662,Mack Hollins,WR,North Carolina,"{'city': 'Rockville', 'state': 'MD', 'country': 'USA'}",Rockville,MD,USA,"Rockville, MD",9
2025-09-04,2025-09-09,401772720,2025-09-07T17:00Z,17,New England Patriots,13,Las Vegas Raiders,17,New England Patriots,3043275,Austin Hooper,TE,Stanford,"{'city': 'San Ramon', 'state': 'CA', 'country': 'USA'}",San Ramon,CA,USA,"San Ramon, CA",10
2025-09-04,2025-09-09,401772720,2025-09-07T17:00Z,17,New England Patriots,13,Las Vegas Raiders,17,New England Patriots,3115328,Jalen Hurd,WR,Baylor,"{'city': 'Hendersonville', 'state': 'TN', 'country': 'USA'}",Hendersonville,TN,USA,"Hendersonville, TN",4
2025-09-04,2025-09-09,401772720,2025-09-07T17:00Z,17,New England Patriots,13,Las Vegas Raiders,17,New England Patriots,4240554,Vederian Lowe,OT,Illinois,"{'city': 'Rockford', 'state': 'IL', 'country': 'USA'}",Rockford,IL,USA,"Rockford, IL",4
2025-09-04,2025-09-09,401772720,2025-09-07T17:00Z,17,New England Patriots,13,Las Vegas Raiders,17,New England Patriots,4431452,Drake Maye,QB,North Carolina,"{'city': 'Huntersville', 'state': 'NC', 'country': 'USA'}",Huntersville,NC,USA,"Huntersville, NC",2
2025-09-04,2025-09-09,401772720,2025-09-07T17:00Z,17,New England Patriots,13,Las Vegas Raiders,17,New England Patriots,16771,Morgan Moses,OT,Virginia,"{'city': 'Richmond', 'state': 'VA', 'country': 'USA'}",Richmond,VA,USA,"Richmond, VA",12
2025-09-04,2025-09-09,401772720,2025-09-07T17:00Z,17,New England Patriots,13,Las Vegas Raiders,17,New England Patriots,4046545,Mike Onwenu,OT,Michigan,"{'city': 'Detroit', 'state': 'MI', 'country': 'USA'}",Detroit,MI,USA,"Detroit, MI",6
2025-09-04,2025-09-09,401772720,2025-09-07T17:00Z,17,New England Patriots,13,Las Vegas Raiders,17,New England Patriots,4569173,Rhamondre Stevenson,RB,Oklahoma,"{'city': 'Las Vegas', 'state': 'NV', 'country': 'USA'}",Las Vegas,NV,USA,"Las Vegas, NV",5
2025-09-04,2025-09-09,401772720,2025-09-07T17:00Z,17,New England Patriots,13,Las Vegas Raiders,17,New England Patriots,4426446,Caedan Wallace,OT,Penn State,"{'city': 'Robbinsville', 'state': 'NJ', 'country': 'USA'}",Robbinsville,NJ,USA,"Robbinsville, NJ",2
2025-09-04,2025-09-09,401772720,2025-09-07T17:00Z,17,New England Patriots,13,Las Vegas Raiders,17,New England Patriots,4361100,Jack Westover,TE,Washington,"{'city': 'Bellevue', 'state': 'WA', 'country': 'USA'}",Bellevue,WA,USA,"Bellevue, WA",1
2025-09-04,2025-09-09,401772720,2025-09-07T17:00Z,17,New England Patriots,13,Las Vegas Raiders,17,New England Patriots,4613202,Kyle Williams,WR,Washington State,"{'city': 'Inglewood', 'state': 'CA', 'country': 'USA'}",Inglewood,CA,USA,"Inglewood, CA",
2025-09-04,2025-09-09,401772720,2025-09-07T17:00Z,17,New England Patriots,13,Las Vegas Raiders,17,New England Patriots,4599198,Jared Wilson,C,Georgia,"{'city': 'Winston-Salem', 'state': 'NC', 'country': 'USA'}",Winston-Salem,NC,USA,"Winston-Salem, NC",
2025-09-04,2025-09-09,401772720,2025-09-07T17:00Z,17,New England Patriots,13,Las Vegas Raiders,17,New England Patriots,4426599,Alex Austin,CB,Oregon State,"{'city': 'Long Beach', 'state': 'CA', 'country': 'USA'}",Long Beach,CA,USA,"Long Beach, CA",3
2025-09-04,2025-09-09,401772720,2025-09-07T17:00Z,17,New England Patriots,13,Las Vegas Raiders,17,New England Patriots,4411769,Corey Ballentine,CB,Washburn,"{'city': 'Montego Bay', 'country': 'Jamaica'}",Montego Bay,,Jamaica,Montego Bay,7
2025-09-04,2025-09-09,401772720,2025-09-07T17:00Z,17,New England Patriots,13,Las Vegas Raiders,17,New England Patriots,4372030,Christian Barmore,DT,Alabama,"{'city': 'Philadelphia', 'state': 'PA', 'country': 'USA'}",Philadelphia,PA,USA,"Philadelphia, PA",5
2025-09-04,2025-09-09,401772720,2025-09-07T17:00Z,17,New England Patriots,13,Las Vegas Raiders,17,New England Patriots,4242205,K'Lavon Chaisson,LB,LSU,"{'city': 'Houston', 'state': 'TX', 'country': 'USA'}",Houston,TX,USA,"Houston, TX",6
2025-09-04,2025-09-09,401772720,2025-09-07T17:00Z,17,New England Patriots,13,Las Vegas Raiders,17,New England Patriots,3916923,Carlton Davis III,CB,Auburn,"{'city': 'Miami', 'state': 'FL', 'country': 'USA'}",Miami,FL,USA,"Miami, FL",7
2025-09-04,2025-09-09,401772720,2025-09-07T17:00Z,17,New England Patriots,13,Las Vegas Raiders,17,New England Patriots,4401811,Kyle Dugger,S,Lenoir-Rhyne,"{'city': 'Decatur', 'state': 'GA', 'country': 'USA'}",Decatur,GA,USA,"Decatur, GA",6
2025-09-04,2025-09-09,401772720,2025-09-07T17:00Z,17,New England Patriots,13,Las Vegas Raiders,17,New England Patriots,4240042,Cory Durden,DT,NC State,"{'city': 'Newberry', 'state': 'FL', 'country': 'USA'}",Newberry,FL,USA,"Newberry, FL",1
2025-09-04,2025-09-09,401772720,2025-09-07T17:00Z,17,New England Patriots,13,Las Vegas Raiders,17,New England Patriots,4245273,Christian Elliss,LB,Idaho,"{'city': 'Highlands Ranch', 'state': 'CO', 'country': 'USA'}",Highlands Ranch,CO,USA,"Highlands Ranch, CO",4
2025-09-04,2025-09-09,401772720,2025-09-07T17:00Z,17,New England Patriots,13,Las Vegas Raiders,17,New England Patriots,4611993,Joshua Farmer,DT,Florida State,"{'city': 'Port Saint Joe', 'state': 'FL', 'country': 'USA'}",Port Saint Joe,FL,USA,"Port Saint Joe, FL",
2025-09-04,2025-09-09,401772720,2025-09-07T17:00Z,17,New England Patriots,13,Las Vegas Raiders,17,New England Patriots,4249739,Jack Gibbens,LB,Minnesota,"{'city': 'Bulverde', 'state': 'TX', 'country': 'USA'}",Bulverde,TX,USA,"Bulverde, TX",3
2025-09-04,2025-09-09,401772720,2025-09-07T17:00Z,17,New England Patriots,13,Las Vegas Raiders,17,New England Patriots,4686772,Christian Gonzalez,CB,Oregon,"{'city': 'The Colony', 'state': 'TX', 'country': 'USA'}",The Colony,TX,USA,"The Colony, TX",3
2025-09-04,2025-09-09,401772720,2025-09-07T17:00Z,17,New England Patriots,13,Las Vegas Raiders,17,New England Patriots,4567171,Eric Gregory,DT,Arkansas,"{'city': 'Memphis', 'state': 'TN', 'country': 'USA'}",Memphis,TN,USA,"Memphis, TN",
2025-09-04,2025-09-09,401772720,2025-09-07T17:00Z,17,New England Patriots,13,Las Vegas Raiders,17,New England Patriots,3858276,Jaylinn Hawkins,S,California,"{'city': 'Buena Park', 'state': 'CA', 'country': 'USA'}",Buena Park,CA,USA,"Buena Park, CA",6
2025-09-04,2025-09-09,401772720,2025-09-07T17:00Z,17,New England Patriots,13,Las Vegas Raiders,17,New England Patriots,4429891,DJ James,CB,Auburn,"{'city': 'Mobile', 'state': 'AL', 'country': 'USA'}",Mobile,AL,USA,"Mobile, AL",1
2025-09-04,2025-09-09,401772720,2025-09-07T17:00Z,17,New England Patriots,13,Las Vegas Raiders,17,New England Patriots,3925350,Anfernee Jennings,LB,Alabama,"{'city': 'Dadeville', 'state': 'AL', 'country': 'USA'}",Dadeville,AL,USA,"Dadeville, AL",6
2025-09-04,2025-09-09,401772720,2025-09-07T17:00Z,17,New England Patriots,13,Las Vegas Raiders,17,New England Patriots,4241720,Marcus Jones,CB,Houston,"{'city': 'Enterprise', 'state': 'AL', 'country': 'USA'}",Enterprise,AL,USA,"Enterprise, AL",4
2025-09-04,2025-09-09,401772720,2025-09-07T17:00Z,17,New England Patriots,13,Las Vegas Raiders,17,New England Patriots,3122793,Harold Landry III,LB,Boston College,"{'city': 'Spring Lake', 'state': 'NC', 'country': 'USA'}",Spring Lake,NC,USA,"Spring Lake, NC",8
2025-09-04,2025-09-09,401772720,2025-09-07T17:00Z,17,New England Patriots,13,Las Vegas Raiders,17,New England Patriots,4248899,Marte Mapu,LB,Sacramento State,"{'city': 'Hawthorne', 'state': 'CA', 'country': 'USA'}",Hawthorne,CA,USA,"Hawthorne, CA",3
2025-09-04,2025-09-09,401772720,2025-09-07T17:00Z,17,New England Patriots,13,Las Vegas Raiders,17,New England Patriots,4428232,Dell Pettus,S,Troy,"{'city': 'Harvest', 'state': 'AL', 'country': 'USA'}",Harvest,AL,USA,"Harvest, AL",2
2025-09-04,2025-09-09,401772720,2025-09-07T17:00Z,17,New England Patriots,13,Las Vegas Raiders,17,New England Patriots,4688432,Elijah Ponder,LB,Cal Poly,"{'city': 'Pomona', 'state': 'CA', 'country': 'USA'}",Pomona,CA,USA,"Pomona, CA",
2025-09-04,2025-09-09,401772720,2025-09-07T17:00Z,17,New England Patriots,13,Las Vegas Raiders,17,New England Patriots,4249342,Mark Robinson,LB,Ole Miss,"{'city': 'Leesburg', 'state': 'GA', 'country': 'USA'}",Leesburg,GA,USA,"Leesburg, GA",4
2025-09-04,2025-09-09,401772720,2025-09-07T17:00Z,17,New England Patriots,13,Las Vegas Raiders,17,New England Patriots,4047941,Brenden Schooler,S,Texas,"{'city': 'Dana Point', 'state': 'CA', 'country': 'USA'}",Dana Point,CA,USA,"Dana Point, CA",4
2025-09-04,2025-09-09,401772720,2025-09-07T17:00Z,17,New England Patriots,13,Las Vegas Raiders,17,New England Patriots,3129446,Robert Spillane,LB,Western Michigan,"{'city': 'Oak Park', 'state': 'IL', 'country': 'USA'}",Oak Park,IL,USA,"Oak Park, IL",7
2025-09-04,2025-09-09,401772720,2025-09-07T17:00Z,17,New England Patriots,13,Las Vegas Raiders,17,New England Patriots,4256074,Khyiris Tonga,DT,BYU,"{'city': 'West Valley', 'state': 'UT', 'country': 'USA'}",West Valley,UT,USA,"West Valley, UT",5
2025-09-04,2025-09-09,401772720,2025-09-07T17:00Z,17,New England Patriots,13,Las Vegas Raiders,17,New England Patriots,4243493,Keion White,DE,Georgia Tech,"{'city': 'Garner', 'state': 'NC', 'country': 'USA'}",Garner,NC,USA,"Garner, NC",3
2025-09-04,2025-09-09,401772720,2025-09-07T17:00Z,17,New England Patriots,13,Las Vegas Raiders,17,New England Patriots,4239699,Milton Williams,DE,Louisiana Tech,"{'city': 'Crowley', 'state': 'TX', 'country': 'USA'}",Crowley,TX,USA,"Crowley, TX",5
2025-09-04,2025-09-09,401772720,2025-09-07T17:00Z,17,New England Patriots,13,Las Vegas Raiders,17,New England Patriots,4368113,Charles Woods,CB,SMU,"{'city': 'Dallas', 'state': 'TX', 'country': 'USA'}",Dallas,TX,USA,"Dallas, TX",2
2025-09-04,2025-09-09,401772720,2025-09-07T17:00Z,17,New England Patriots,13,Las Vegas Raiders,17,New England Patriots,4428930,Craig Woodson,S,California,"{'city': 'Grand Prairie', 'state': 'TX', 'country': 'USA'}",Grand Prairie,TX,USA,"Grand Prairie, TX",
2025-09-04,2025-09-09,401772720,2025-09-07T17:00Z,17,New England Patriots,13,Las Vegas Raiders,17,New England Patriots,4695254,Julian Ashby,LS,Vanderbilt,"{'city': 'Lilburn', 'state': 'GA', 'country': 'USA'}",Lilburn,GA,USA,"Lilburn, GA",
2025-09-04,2025-09-09,401772720,2025-09-07T17:00Z,17,New England Patriots,13,Las Vegas Raiders,17,New England Patriots,4240545,Bryce Baringer,P,Michigan State,"{'city': 'Waterford', 'state': 'MI', 'country': 'USA'}",Waterford,MI,USA,"Waterford, MI",3
2025-09-04,2025-09-09,401772720,2025-09-07T17:00Z,17,New England Patriots,13,Las Vegas Raiders,17,New England Patriots,4569923,Andy Borregales,PK,Miami,"{'city': 'Miami', 'state': 'FL', 'country': 'USA'}",Miami,FL,USA,"Miami, FL",
2025-09-04,2025-09-09,401772720,2025-09-07T17:00Z,17,New England Patriots,13,Las Vegas Raiders,17,New England Patriots,4875079,Marcellas Dial Jr.,CB,South Carolina,"{'city': 'Woodruff', 'state': 'SC', 'country': 'USA'}",Woodruff,SC,USA,"Woodruff, SC",2
2025-09-04,2025-09-09,401772720,2025-09-07T17:00Z,17,New England Patriots,13,Las Vegas Raiders,17,New England Patriots,4241213,Yasir Durant,OT,Missouri,"{'city': 'Philadelphia', 'state': 'PA', 'country': 'USA'}",Philadelphia,PA,USA,"Philadelphia, PA",3
2025-09-04,2025-09-09,401772720,2025-09-07T17:00Z,17,New England Patriots,13,Las Vegas Raiders,17,New England Patriots,4570970,Isaiah Iton,DT,Rutgers,"{'city': 'Houston', 'state': 'TX', 'country': 'USA'}",Houston,TX,USA,"Houston, TX",1
2025-09-04,2025-09-09,401772720,2025-09-07T17:00Z,17,New England Patriots,13,Las Vegas Raiders,17,New England Patriots,4875767,Brock Lampe,FB,Northern Illinois,"{'city': 'Kenosha', 'state': 'WI', 'country': 'USA'}",Kenosha,WI,USA,"Kenosha, WI",
2025-09-04,2025-09-09,401772720,2025-09-07T17:00Z,17,New England Patriots,13,Las Vegas Raiders,17,New England Patriots,4698253,Lan Larison,RB,UC Davis,"{'city': 'Caldwell', 'state': 'ID', 'country': 'USA'}",Caldwell,ID,USA,"Caldwell, ID",
2025-09-04,2025-09-09,401772720,2025-09-07T17:00Z,17,New England Patriots,13,Las Vegas Raiders,17,New England Patriots,4430637,Ja'Lynn Polk,WR,Washington,"{'city': 'Lufkin', 'state': 'TX', 'country': 'USA'}",Lufkin,TX,USA,"Lufkin, TX",2
2025-09-04,2025-09-09,401772720,2025-09-07T17:00Z,17,New England Patriots,13,Las Vegas Raiders,17,New England Patriots,4372526,Deneric Prince,RB,Tulsa,"{'city': 'Manvel', 'state': 'TX', 'country': 'USA'}",Manvel,TX,USA,"Manvel, TX",1
2025-09-04,2025-09-09,401772720,2025-09-07T17:00Z,17,New England Patriots,13,Las Vegas Raiders,17,New England Patriots,4428368,Layden Robinson,G,Texas A&M,"{'city': 'Manvel', 'state': 'TX', 'country': 'USA'}",Manvel,TX,USA,"Manvel, TX",2
2025-09-04,2025-09-09,401772720,2025-09-07T17:00Z,17,New England Patriots,13,Las Vegas Raiders,17,New England Patriots,4429034,Jaquelin Roy,DT,LSU,"{'city': 'Baton Rouge', 'state': 'LA', 'country': 'USA'}",Baton Rouge,LA,USA,"Baton Rouge, LA",3
2025-09-04,2025-09-09,401772720,2025-09-07T17:00Z,17,New England Patriots,13,Las Vegas Raiders,17,New England Patriots,3124587,Jahlani Tavai,LB,Hawai'i,"{'city': 'Inglewood', 'state': 'CA', 'country': 'USA'}",Inglewood,CA,USA,"Inglewood, CA",7
2025-09-04,2025-09-09,401772720,2025-09-07T17:00Z,17,New England Patriots,13,Las Vegas Raiders,17,New England Patriots,4372413,Miles Battle,CB,Utah,"{'city': 'Houston', 'state': 'TX', 'country': 'USA'}",Houston,TX,USA,"Houston, TX",1
2025-09-04,2025-09-09,401772720,2025-09-07T17:00Z,17,New England Patriots,13,Las Vegas Raiders,17,New England Patriots,4880087,Mehki Butler,G,Arkansas State,"{'city': 'Omaha', 'state': 'NE', 'country': 'USA'}",Omaha,NE,USA,"Omaha, NE",
2025-09-04,2025-09-09,401772720,2025-09-07T17:00Z,17,New England Patriots,13,Las Vegas Raiders,17,New England Patriots,4596545,CJ Dippre,TE,Alabama,"{'city': 'Scranton', 'state': 'PA', 'country': 'USA'}",Scranton,PA,USA,"Scranton, PA",
2025-09-04,2025-09-09,401772720,2025-09-07T17:00Z,17,New England Patriots,13,Las Vegas Raiders,17,New England Patriots,3122906,Darius Harris,LB,Middle Tennessee,"{'city': 'Horn Lake', 'state': 'MS', 'country': 'USA'}",Horn Lake,MS,USA,"Horn Lake, MS",5
2025-09-04,2025-09-09,401772720,2025-09-07T17:00Z,17,New England Patriots,13,Las Vegas Raiders,17,New England Patriots,4240800,Brenden Jaimes,G,Nebraska,"{'city': 'Austin', 'state': 'TX', 'country': 'USA'}",Austin,TX,USA,"Austin, TX",5
2025-09-04,2025-09-09,401772720,2025-09-07T17:00Z,17,New England Patriots,13,Las Vegas Raiders,17,New England Patriots,4427600,Terrell Jennings,RB,Florida A&M,"{'city': 'Jacksonville', 'state': 'FL', 'country': 'USA'}",Jacksonville,FL,USA,"Jacksonville, FL",1
2025-09-04,2025-09-09,401772720,2025-09-07T17:00Z,17,New England Patriots,13,Las Vegas Raiders,17,New England Patriots,4887705,John Jiles,WR,West Florida,"{'city': 'Wake Forest', 'state': 'NC', 'country': 'USA'}",Wake Forest,NC,USA,"Wake Forest, NC",1
2025-09-04,2025-09-09,401772720,2025-09-07T17:00Z,17,New England Patriots,13,Las Vegas Raiders,17,New England Patriots,4367828,Truman Jones,DE,Harvard,"{'city': 'Atlanta', 'state': 'GA', 'country': 'USA'}",Atlanta,GA,USA,"Atlanta, GA",1
2025-09-04,2025-09-09,401772720,2025-09-07T17:00Z,17,New England Patriots,13,Las Vegas Raiders,17,New England Patriots,4362905,Fabien Lovett Sr.,DT,Florida State,"{'city': 'Vicksburg', 'state': 'MS', 'country': 'USA'}",Vicksburg,MS,USA,"Vicksburg, MS",1
2025-09-04,2025-09-09,401772720,2025-09-07T17:00Z,17,New England Patriots,13,Las Vegas Raiders,17,New England Patriots,4566100,Kobee Minor,CB,Memphis,"{'city': 'Dallas', 'state': 'TX', 'country': 'USA'}",Dallas,TX,USA,"Dallas, TX",
2025-09-04,2025-09-09,401772720,2025-09-07T17:00Z,17,New England Patriots,13,Las Vegas Raiders,17,New England Patriots,4242001,Thayer Munford Jr.,OT,Ohio State,"{'city': 'Cincinnati', 'state': 'OH', 'country': 'USA'}",Cincinnati,OH,USA,"Cincinnati, OH",4
2025-09-04,2025-09-09,401772720,2025-09-07T17:00Z,17,New England Patriots,13,Las Vegas Raiders,17,New England Patriots,5211114,David Olajiga,DT,Central Missouri State,"{'city': 'London', 'country': 'England'}",London,,England,London,1
2025-09-04,2025-09-09,401772720,2025-09-07T17:00Z,17,New England Patriots,13,Las Vegas Raiders,17,New England Patriots,4431424,Bradyn Swinson,LB,LSU,"{'city': 'Douglasville', 'state': 'GA', 'country': 'USA'}",Douglasville,GA,USA,"Douglasville, GA",
2025-09-04,2025-09-09,401772720,2025-09-07T17:00Z,17,New England Patriots,13,Las Vegas Raiders,17,New England Patriots,4572655,Jeremiah Webb,WR,South Alabama,"{'city': 'Chicago', 'state': 'IL', 'country': 'USA'}",Chicago,IL,USA,"Chicago, IL",
2025-09-04,2025-09-09,401772720,2025-09-07T17:00Z,17,New England Patriots,13,Las Vegas Raiders,13,Las Vegas Raiders,3919510,Alex Bachman,WR,Wake Forest,"{'city': 'Westlake Village', 'state': 'CA', 'country': 'USA'}",Westlake Village,CA,USA,"Westlake Village, CA",2
2025-09-04,2025-09-09,401772720,2025-09-07T17:00Z,17,New England Patriots,13,Las Vegas Raiders,13,Las Vegas Raiders,4603186,Jack Bech,WR,TCU,"{'city': 'Lafayette', 'state': 'LA', 'country': 'USA'}",Lafayette,LA,USA,"Lafayette, LA",
2025-09-04,2025-09-09,401772720,2025-09-07T17:00Z,17,New England Patriots,13,Las Vegas Raiders,13,Las Vegas Raiders,4432665,Brock Bowers,TE,Georgia,"{'city': 'Napa', 'state': 'CA', 'country': 'USA'}",Napa,CA,USA,"Napa, CA",2
2025-09-04,2025-09-09,401772720,2025-09-07T17:00Z,17,New England Patriots,13,Las Vegas Raiders,13,Las Vegas Raiders,3059021,Alex Cappa,G,Humboldt State,"{'city': 'Dublin', 'state': 'CA', 'country': 'USA'}",Dublin,CA,USA,"Dublin, CA",8
2025-09-04,2025-09-09,401772720,2025-09-07T17:00Z,17,New England Patriots,13,Las Vegas Raiders,13,Las Vegas Raiders,4034962,Stone Forsythe,OT,Florida,"{'city': 'Winter Garden', 'state': 'FL', 'country': 'USA'}",Winter Garden,FL,USA,"Winter Garden, FL",5
2025-09-04,2025-09-09,401772720,2025-09-07T17:00Z,17,New England Patriots,13,Las Vegas Raiders,13,Las Vegas Raiders,4606683,DJ Glaze,OT,Maryland,"{'city': 'Charlotte', 'state': 'NC', 'country': 'USA'}",Charlotte,NC,USA,"Charlotte, NC",2
2025-09-04,2025-09-09,401772720,2025-09-07T17:00Z,17,New England Patriots,13,Las Vegas Raiders,13,Las Vegas Raiders,4694505,Charles Grant,OT,William & Mary,"{'city': 'Portsmouth', 'state': 'VA', 'country': 'USA'}",Portsmouth,VA,USA,"Portsmouth, VA",
2025-09-04,2025-09-09,401772720,2025-09-07T17:00Z,17,New England Patriots,13,Las Vegas Raiders,13,Las Vegas Raiders,4890973,Ashton Jeanty,RB,Boise State,"{'city': 'Jacksonville', 'state': 'FL', 'country': 'USA'}",Jacksonville,FL,USA,"Jacksonville, FL",
2025-09-04,2025-09-09,401772720,2025-09-07T17:00Z,17,New England Patriots,13,Las Vegas Raiders,13,Las Vegas Raiders,4366963,Dylan Laube,RB,New Hampshire,"{'city': 'Westhampton', 'state': 'NY', 'country': 'USA'}",Westhampton,NY,USA,"Westhampton, NY",2
2025-09-04,2025-09-09,401772720,2025-09-07T17:00Z,17,New England Patriots,13,Las Vegas Raiders,13,Las Vegas Raiders,4429086,Michael Mayer,TE,Notre Dame,"{'city': 'Independence', 'state': 'KY', 'country': 'USA'}",Independence,KY,USA,"Independence, KY",3
2025-09-04,2025-09-09,401772720,2025-09-07T17:00Z,17,New England Patriots,13,Las Vegas Raiders,13,Las Vegas Raiders,4076803,Jordan Meredith,G,Western Kentucky,"{'city': 'Bowling Green', 'state': 'KY', 'country': 'USA'}",Bowling Green,KY,USA,"Bowling Green, KY",3
2025-09-04,2025-09-09,401772720,2025-09-07T17:00Z,17,New England Patriots,13,Las Vegas Raiders,13,Las Vegas Raiders,3916433,Jakobi Meyers,WR,NC State,"{'city': 'Lithonia', 'state': 'GA', 'country': 'USA'}",Lithonia,GA,USA,"Lithonia, GA",7
2025-09-04,2025-09-09,401772720,2025-09-07T17:00Z,17,New England Patriots,13,Las Vegas Raiders,13,Las Vegas Raiders,3134312,Kolton Miller,OT,UCLA,"{'city': 'Roseville', 'state': 'CA', 'country': 'USA'}",Roseville,CA,USA,"Roseville, CA",8
2025-09-04,2025-09-09,401772720,2025-09-07T17:00Z,17,New England Patriots,13,Las Vegas Raiders,13,Las Vegas Raiders,2576414,Raheem Mostert,RB,Purdue,"{'city': 'New Smyrna Beach', 'state': 'FL', 'country': 'USA'}",New Smyrna Beach,FL,USA,"New Smyrna Beach, FL",11
2025-09-04,2025-09-09,401772720,2025-09-07T17:00Z,17,New England Patriots,13,Las Vegas Raiders,13,Las Vegas Raiders,4243375,Dylan Parham,G,Memphis,"{'city': 'Carrollton', 'state': 'GA', 'country': 'USA'}",Carrollton,GA,USA,"Carrollton, GA",4
2025-09-04,2025-09-09,401772720,2025-09-07T17:00Z,17,New England Patriots,13,Las Vegas Raiders,13,Las Vegas Raiders,4240703,Kenny Pickett,QB,Pittsburgh,"{'city': 'Oakhurst', 'state': 'NJ', 'country': 'USA'}",Oakhurst,NJ,USA,"Oakhurst, NJ",4
2025-09-04,2025-09-09,401772720,2025-09-07T17:00Z,17,New England Patriots,13,Las Vegas Raiders,13,Las Vegas Raiders,4875295,Jackson Powers-Johnson,C,Oregon,"{'city': 'Draper', 'state': 'UT', 'country': 'USA'}",Draper,UT,USA,"Draper, UT",2
2025-09-04,2025-09-09,401772720,2025-09-07T17:00Z,17,New England Patriots,13,Las Vegas Raiders,13,Las Vegas Raiders,4426393,Will Putnam,C,Clemson,"{'city': 'Tampa', 'state': 'FL', 'country': 'USA'}",Tampa,FL,USA,"Tampa, FL",1
2025-09-04,2025-09-09,401772720,2025-09-07T17:00Z,17,New England Patriots,13,Las Vegas Raiders,13,Las Vegas Raiders,4433889,Caleb Rogers,G,Texas Tech,"{'city': 'Mansfield', 'state': 'TX', 'country': 'USA'}",Mansfield,TX,USA,"Mansfield, TX",
2025-09-04,2025-09-09,401772720,2025-09-07T17:00Z,17,New England Patriots,13,Las Vegas Raiders,13,Las Vegas Raiders,4361426,Justin Shorter,WR,Florida,"{'city': 'Monmouth Junction', 'state': 'NJ', 'country': 'USA'}",Monmouth Junction,NJ,USA,"Monmouth Junction, NJ",3
2025-09-04,2025-09-09,401772720,2025-09-07T17:00Z,17,New England Patriots,13,Las Vegas Raiders,13,Las Vegas Raiders,15864,Geno Smith,QB,West Virginia,"{'city': 'Miami', 'state': 'FL', 'country': 'USA'}",Miami,FL,USA,"Miami, FL",13
2025-09-04,2025-09-09,401772720,2025-09-07T17:00Z,17,New England Patriots,13,Las Vegas Raiders,13,Las Vegas Raiders,4045305,Ian Thomas,TE,Indiana,"{'city': 'Baltimore', 'state': 'MD', 'country': 'USA'}",Baltimore,MD,USA,"Baltimore, MD",8
2025-09-04,2025-09-09,401772720,2025-09-07T17:00Z,17,New England Patriots,13,Las Vegas Raiders,13,Las Vegas Raiders,4432775,Dont'e Thornton Jr.,WR,Tennessee,"{'city': 'Baltimore', 'state': 'MD', 'country': 'USA'}",Baltimore,MD,USA,"Baltimore, MD",
2025-09-04,2025-09-09,401772720,2025-09-07T17:00Z,17,New England Patriots,13,Las Vegas Raiders,13,Las Vegas Raiders,4428718,Tre Tucker,WR,Cincinnati,"{'city': 'Akron', 'state': 'OH', 'country': 'USA'}",Akron,OH,USA,"Akron, OH",3
2025-09-04,2025-09-09,401772720,2025-09-07T17:00Z,17,New England Patriots,13,Las Vegas Raiders,13,Las Vegas Raiders,4361777,Zamir White,RB,Georgia,"{'city': 'Laurinburg', 'state': 'NC', 'country': 'USA'}",Laurinburg,NC,USA,"Laurinburg, NC",4
2025-09-04,2025-09-09,401772720,2025-09-07T17:00Z,17,New England Patriots,13,Las Vegas Raiders,13,Las Vegas Raiders,3115373,Jamal Adams,LB,LSU,"{'city': 'Lewisville', 'state': 'TX', 'country': 'USA'}",Lewisville,TX,USA,"Lewisville, TX",9
2025-09-04,2025-09-09,401772720,2025-09-07T17:00Z,17,New England Patriots,13,Las Vegas Raiders,13,Las Vegas Raiders,4360749,Thomas Booker IV,DT,Stanford,"{'city': 'Ellicott City', 'state': 'MD', 'country': 'USA'}",Ellicott City,MD,USA,"Ellicott City, MD",3
2025-09-04,2025-09-09,401772720,2025-09-07T17:00Z,17,New England Patriots,13,Las Vegas Raiders,13,Las Vegas Raiders,2972342,Adam Butler,DT,Vanderbilt,"{'city': 'Duncanville', 'state': 'TX', 'country': 'USA'}",Duncanville,TX,USA,"Duncanville, TX",8
2025-09-04,2025-09-09,401772720,2025-09-07T17:00Z,17,New England Patriots,13,Las Vegas Raiders,13,Las Vegas Raiders,4043169,Jeremy Chinn,S,Southern Illinois,"{'city': 'Fishers', 'state': 'IN', 'country': 'USA'}",Fishers,IN,USA,"Fishers, IN",6
2025-09-04,2025-09-09,401772720,2025-09-07T17:00Z,17,New England Patriots,13,Las Vegas Raiders,13,Las Vegas Raiders,3916655,Maxx Crosby,DE,Eastern Michigan,"{'city': 'Colleyville', 'state': 'TX', 'country': 'USA'}",Colleyville,TX,USA,"Colleyville, TX",7
2025-09-04,2025-09-09,401772720,2025-09-07T17:00Z,17,New England Patriots,13,Las Vegas Raiders,13,Las Vegas Raiders,3124067,Terrell Edmunds,S,Virginia Tech,"{'city': 'Danville', 'state': 'VA', 'country': 'USA'}",Danville,VA,USA,"Danville, VA",8
2025-09-04,2025-09-09,401772720,2025-09-07T17:00Z,17,New England Patriots,13,Las Vegas Raiders,13,Las Vegas Raiders,4429560,Tommy Eichenberg,LB,Ohio State,"{'city': 'Cleveland', 'state': 'OH', 'country': 'USA'}",Cleveland,OH,USA,"Cleveland, OH",2
2025-09-04,2025-09-09,401772720,2025-09-07T17:00Z,17,New England Patriots,13,Las Vegas Raiders,13,Las Vegas Raiders,4035666,Leki Fotu,DT,Utah,"{'city': 'West Valley City', 'state': 'UT', 'country': 'USA'}",West Valley City,UT,USA,"West Valley City, UT",6
2025-09-04,2025-09-09,401772720,2025-09-07T17:00Z,17,New England Patriots,13,Las Vegas Raiders,13,Las Vegas Raiders,4429109,Tonka Hemingway,DT,South Carolina,"{'city': 'Conway', 'state': 'SC', 'country': 'USA'}",Conway,SC,USA,"Conway, SC",
2025-09-04,2025-09-09,401772720,2025-09-07T17:00Z,17,New England Patriots,13,Las Vegas Raiders,13,Las Vegas Raiders,4242973,Darnay Holmes,CB,UCLA,"{'city': 'Pasadena', 'state': 'CA', 'country': 'USA'}",Pasadena,CA,USA,"Pasadena, CA",6
2025-09-04,2025-09-09,401772720,2025-09-07T17:00Z,17,New England Patriots,13,Las Vegas Raiders,13,Las Vegas Raiders,4373471,Brennan Jackson,LB,Washington State,"{'city': 'Temecula', 'state': 'CA', 'country': 'USA'}",Temecula,CA,USA,"Temecula, CA",2
2025-09-04,2025-09-09,401772720,2025-09-07T17:00Z,17,New England Patriots,13,Las Vegas Raiders,13,Las Vegas Raiders,4427695,Kyu Blu Kelly,CB,Stanford,"{'city': 'Las Vegas', 'state': 'NV', 'country': 'USA'}",Las Vegas,NV,USA,"Las Vegas, NV",2
2025-09-04,2025-09-09,401772720,2025-09-07T17:00Z,17,New England Patriots,13,Las Vegas Raiders,13,Las Vegas Raiders,4239719,Malcolm Koonce,DE,Buffalo,"{'city': 'Peekskill', 'state': 'NY', 'country': 'USA'}",Peekskill,NY,USA,"Peekskill, NY",5
2025-09-04,2025-09-09,401772720,2025-09-07T17:00Z,17,New England Patriots,13,Las Vegas Raiders,13,Las Vegas Raiders,4373956,Jonah Laulu,DT,Oklahoma,"{'city': 'Las Vegas', 'state': 'NV', 'country': 'USA'}",Las Vegas,NV,USA,"Las Vegas, NV",2
2025-09-04,2025-09-09,401772720,2025-09-07T17:00Z,17,New England Patriots,13,Las Vegas Raiders,13,Las Vegas Raiders,4685126,Cody Lindenberg,LB,Minnesota,"{'city': 'Anoka', 'state': 'MN', 'country': 'USA'}",Anoka,MN,USA,"Anoka, MN",
2025-09-04,2025-09-09,401772720,2025-09-07T17:00Z,17,New England Patriots,13,Las Vegas Raiders,13,Las Vegas Raiders,4250393,Tristin McCollum,S,Sam Houston,"{'city': 'Galveston', 'state': 'TX', 'country': 'USA'}",Galveston,TX,USA,"Galveston, TX",2
2025-09-04,2025-09-09,401772720,2025-09-07T17:00Z,17,New England Patriots,13,Las Vegas Raiders,13,Las Vegas Raiders,4430896,JJ Pegues,DT,Ole Miss,"{'city': 'Oxford', 'state': 'MS', 'country': 'USA'}",Oxford,MS,USA,"Oxford, MS",
2025-09-04,2025-09-09,401772720,2025-09-07T17:00Z,17,New England Patriots,13,Las Vegas Raiders,13,Las Vegas Raiders,4259632,Isaiah Pola-Mao,S,USC,"{'city': 'Phoenix', 'state': 'AZ', 'country': 'USA'}",Phoenix,AZ,USA,"Phoenix, AZ",4
2025-09-04,2025-09-09,401772720,2025-09-07T17:00Z,17,New England Patriots,13,Las Vegas Raiders,13,Las Vegas Raiders,4430330,Darien Porter,CB,Iowa State,"{'city': 'Bettendorf', 'state': 'IA', 'country': 'USA'}",Bettendorf,IA,USA,"Bettendorf, IA",
2025-09-04,2025-09-09,401772720,2025-09-07T17:00Z,17,New England Patriots,13,Las Vegas Raiders,13,Las Vegas Raiders,3116724,Germaine Pratt,LB,NC State,"{'city': 'High Point', 'state': 'NC', 'country': 'USA'}",High Point,NC,USA,"High Point, NC",7
2025-09-04,2025-09-09,401772720,2025-09-07T17:00Z,17,New England Patriots,13,Las Vegas Raiders,13,Las Vegas Raiders,4605498,Decamerion Richardson,CB,Mississippi State,"{'city': 'Cullen', 'state': 'LA', 'country': 'USA'}",Cullen,LA,USA,"Cullen, LA",2
2025-09-04,2025-09-09,401772720,2025-09-07T17:00Z,17,New England Patriots,13,Las Vegas Raiders,13,Las Vegas Raiders,2987743,Elandon Roberts,LB,Houston,"{'city': 'Port Arthur', 'state': 'TX', 'country': 'USA'}",Port Arthur,TX,USA,"Port Arthur, TX",10
2025-09-04,2025-09-09,401772720,2025-09-07T17:00Z,17,New England Patriots,13,Las Vegas Raiders,13,Las Vegas Raiders,4379413,Chris Smith II,S,Georgia,"{'city': 'Atlanta', 'state': 'GA', 'country': 'USA'}",Atlanta,GA,USA,"Atlanta, GA",3
2025-09-04,2025-09-09,401772720,2025-09-07T17:00Z,17,New England Patriots,13,Las Vegas Raiders,13,Las Vegas Raiders,4240849,Charles Snowden,DE,Virginia,"{'city': 'Silver Spring', 'state': 'MD', 'country': 'USA'}",Silver Spring,MD,USA,"Silver Spring, MD",2
2025-09-04,2025-09-09,401772720,2025-09-07T17:00Z,17,New England Patriots,13,Las Vegas Raiders,13,Las Vegas Raiders,4259561,Eric Stokes,CB,Georgia,"{'city': 'Covington', 'state': 'GA', 'country': 'USA'}",Covington,GA,USA,"Covington, GA",5
2025-09-04,2025-09-09,401772720,2025-09-07T17:00Z,17,New England Patriots,13,Las Vegas Raiders,13,Las Vegas Raiders,4035434,Devin White,LB,LSU,"{'city': 'Springhill', 'state': 'LA', 'country': 'USA'}",Springhill,LA,USA,"Springhill, LA",7
2025-09-04,2025-09-09,401772720,2025-09-07T17:00Z,17,New England Patriots,13,Las Vegas Raiders,13,Las Vegas Raiders,4372533,Tyree Wilson,DE,Texas Tech,"{'city': 'Henderson', 'state': 'TX', 'country': 'USA'}",Henderson,TX,USA,"Henderson, TX",3
2025-09-04,2025-09-09,401772720,2025-09-07T17:00Z,17,New England Patriots,13,Las Vegas Raiders,13,Las Vegas Raiders,3925443,Jacob Bobenmoyer,LS,Northern Colorado,"{'city': 'Cheyenne', 'state': 'WY', 'country': 'USA'}",Cheyenne,WY,USA,"Cheyenne, WY",6
2025-09-04,2025-09-09,401772720,2025-09-07T17:00Z,17,New England Patriots,13,Las Vegas Raiders,13,Las Vegas Raiders,3051909,Daniel Carlson,PK,Auburn,"{'city': 'Colorado Springs', 'state': 'CO', 'country': 'USA'}",Colorado Springs,CO,USA,"Colorado Springs, CO",8
2025-09-04,2025-09-09,401772720,2025-09-07T17:00Z,17,New England Patriots,13,Las Vegas Raiders,13,Las Vegas Raiders,3686689,AJ Cole,P,NC State,"{'city': 'College Park', 'state': 'GA', 'country': 'USA'}",College Park,GA,USA,"College Park, GA",7
2025-09-04,2025-09-09,401772720,2025-09-07T17:00Z,17,New England Patriots,13,Las Vegas Raiders,13,Las Vegas Raiders,4240780,Lonnie Johnson Jr.,CB,Kentucky,"{'city': 'Gary', 'state': 'IN', 'country': 'USA'}",Gary,IN,USA,"Gary, IN",7
2025-09-04,2025-09-09,401772720,2025-09-07T17:00Z,17,New England Patriots,13,Las Vegas Raiders,13,Las Vegas Raiders,4260394,Aidan O'Connell,QB,Purdue,"{'city': 'Long Grove', 'state': 'IL', 'country': 'USA'}",Long Grove,IL,USA,"Long Grove, IL",3
2025-09-04,2025-09-09,401772720,2025-09-07T17:00Z,17,New England Patriots,13,Las Vegas Raiders,13,Las Vegas Raiders,4360255,Brian Asamoah II,LB,Oklahoma,"{'city': 'Columbus', 'state': 'OH', 'country': 'USA'}",Columbus,OH,USA,"Columbus, OH",4
2025-09-04,2025-09-09,401772720,2025-09-07T17:00Z,17,New England Patriots,13,Las Vegas Raiders,13,Las Vegas Raiders,4698191,Chris Collier,RB,Lock Haven University,"{'city': 'Lawrence', 'state': 'NY', 'country': 'USA'}",Lawrence,NY,USA,"Lawrence, NY",2
2025-09-04,2025-09-09,401772720,2025-09-07T17:00Z,17,New England Patriots,13,Las Vegas Raiders,13,Las Vegas Raiders,2579604,Phillip Dorsett,WR,Miami,"{'city': 'Fort Lauderdale', 'state': 'FL', 'country': 'USA'}",Fort Lauderdale,FL,USA,"Fort Lauderdale, FL",9
2025-09-04,2025-09-09,401772720,2025-09-07T17:00Z,17,New England Patriots,13,Las Vegas Raiders,13,Las Vegas Raiders,2574630,Jeff Driskel,QB,Louisiana Tech,"{'city': 'Oviedo', 'state': 'FL', 'country': 'USA'}",Oviedo,FL,USA,"Oviedo, FL",8
2025-09-04,2025-09-09,401772720,2025-09-07T17:00Z,17,New England Patriots,13,Las Vegas Raiders,13,Las Vegas Raiders,4427408,Jahfari Harvey,DE,SMU,"{'city': 'Port Saint Lucie', 'state': 'FL', 'country': 'USA'}",Port Saint Lucie,FL,USA,"Port Saint Lucie, FL",
2025-09-04,2025-09-09,401772720,2025-09-07T17:00Z,17,New England Patriots,13,Las Vegas Raiders,13,Las Vegas Raiders,4361332,Shedrick Jackson,WR,Auburn,"{'city': 'Hoover', 'state': 'AL', 'country': 'USA'}",Hoover,AL,USA,"Hoover, AL",1
2025-09-04,2025-09-09,401772720,2025-09-07T17:00Z,17,New England Patriots,13,Las Vegas Raiders,13,Las Vegas Raiders,4427852,Treven Ma'ae,DT,Baylor,"{'city': 'Kapolei', 'state': 'HI', 'country': 'USA'}",Kapolei,HI,USA,"Kapolei, HI",
2025-09-04,2025-09-09,401772720,2025-09-07T17:00Z,17,New England Patriots,13,Las Vegas Raiders,13,Las Vegas Raiders,4367202,Atonio Mafi,G,UCLA,"{'city': 'Shoreview', 'state': 'CA', 'country': 'USA'}",Shoreview,CA,USA,"Shoreview, CA",2
2025-09-04,2025-09-09,401772720,2025-09-07T17:00Z,17,New England Patriots,13,Las Vegas Raiders,13,Las Vegas Raiders,4693331,Cam Miller,QB,North Dakota State,"{'city': 'Solon', 'state': 'IA', 'country': 'USA'}",Solon,IA,USA,"Solon, IA",
2025-09-04,2025-09-09,401772720,2025-09-07T17:00Z,17,New England Patriots,13,Las Vegas Raiders,13,Las Vegas Raiders,4035115,Albert Okwuegbunam,TE,Missouri,"{'city': 'Springfield', 'state': 'IL', 'country': 'USA'}",Springfield,IL,USA,"Springfield, IL",5
2025-09-04,2025-09-09,401772720,2025-09-07T17:00Z,17,New England Patriots,13,Las Vegas Raiders,13,Las Vegas Raiders,5155825,Carter Runyon,TE,Towson,"{'city': 'Fairfax', 'state': 'VA', 'country': 'USA'}",Fairfax,VA,USA,"Fairfax, VA",
2025-09-04,2025-09-09,401772720,2025-09-07T17:00Z,17,New England Patriots,13,Las Vegas Raiders,13,Las Vegas Raiders,5278710,Laki Tasi,OT,,,,,,,
2025-09-04,2025-09-09,401772720,2025-09-07T17:00Z,17,New England Patriots,13,Las Vegas Raiders,13,Las Vegas Raiders,4686337,Greedy Vance,CB,USC,"{'city': 'Kenner', 'state': 'LA', 'country': 'USA'}",Kenner,LA,USA,"Kenner, LA",
2025-09-04,2025-09-09,401772720,2025-09-07T17:00Z,17,New England Patriots,13,Las Vegas Raiders,13,Las Vegas Raiders,4242177,Dalton Wagner,OT,Arkansas,"{'city': 'Spring Grove', 'state': 'IL', 'country': 'USA'}",Spring Grove,IL,USA,"Spring Grove, IL",2
2025-09-04,2025-09-09,401772720,2025-09-07T17:00Z,17,New England Patriots,13,Las Vegas Raiders,13,Las Vegas Raiders,4362917,JT Woods,S,Baylor,"{'city': 'San Antonio', 'state': 'TX', 'country': 'USA'}",San Antonio,TX,USA,"San Antonio, TX",3
2025-09-04,2025-09-09,401772718,2025-09-07T17:00Z,18,New Orleans Saints,22,Arizona Cardinals,18,New Orleans Saints,4685260,Kelvin Banks Jr.,OT,Texas,"{'city': 'Humble', 'state': 'TX', 'country': 'USA'}",Humble,TX,USA,"Humble, TX",
2025-09-04,2025-09-09,401772718,2025-09-07T17:00Z,18,New Orleans Saints,22,Arizona Cardinals,18,New Orleans Saints,16731,Brandin Cooks,WR,Oregon State,"{'city': 'Stockton', 'state': 'CA', 'country': 'USA'}",Stockton,CA,USA,"Stockton, CA",12
2025-09-04,2025-09-09,401772718,2025-09-07T17:00Z,18,New Orleans Saints,22,Arizona Cardinals,18,New Orleans Saints,4035048,Luke Fortner,C,Kentucky,"{'city': 'Sylvania', 'state': 'OH', 'country': 'USA'}",Sylvania,OH,USA,"Sylvania, OH",4
2025-09-04,2025-09-09,401772718,2025-09-07T17:00Z,18,New Orleans Saints,22,Arizona Cardinals,18,New Orleans Saints,4606711,Taliese Fuaga,OT,Oregon State,"{'city': 'Tacoma', 'state': 'WA', 'country': 'USA'}",Tacoma,WA,USA,"Tacoma, WA",2
2025-09-04,2025-09-09,401772718,2025-09-07T17:00Z,18,New Orleans Saints,22,Arizona Cardinals,18,New Orleans Saints,3929645,Juwan Johnson,TE,Oregon,"{'city': 'Glassboro', 'state': 'NJ', 'country': 'USA'}",Glassboro,NJ,USA,"Glassboro, NJ",6
2025-09-04,2025-09-09,401772718,2025-09-07T17:00Z,18,New Orleans Saints,22,Arizona Cardinals,18,New Orleans Saints,4035693,Velus Jones Jr.,RB,Tennessee,"{'city': 'Saraland', 'state': 'AL', 'country': 'USA'}",Saraland,AL,USA,"Saraland, AL",5
2025-09-04,2025-09-09,401772718,2025-09-07T17:00Z,18,New Orleans Saints,22,Arizona Cardinals,18,New Orleans Saints,3054850,Alvin Kamara,RB,Tennessee,"{'city': 'Norcross', 'state': 'GA', 'country': 'USA'}",Norcross,GA,USA,"Norcross, GA",9
2025-09-04,2025-09-09,401772718,2025-09-07T17:00Z,18,New Orleans Saints,22,Arizona Cardinals,18,New Orleans Saints,4432731,Moliki Matavao,TE,UCLA,"{'city': 'Henderson', 'state': 'NV', 'country': 'USA'}",Henderson,NV,USA,"Henderson, NV",
2025-09-04,2025-09-09,401772718,2025-09-07T17:00Z,18,New Orleans Saints,22,Arizona Cardinals,18,New Orleans Saints,3917331,Erik McCoy,C,Texas A&M,"{'city': 'Lufkin', 'state': 'TX', 'country': 'USA'}",Lufkin,TX,USA,"Lufkin, TX",7
2025-09-04,2025-09-09,401772718,2025-09-07T17:00Z,18,New Orleans Saints,22,Arizona Cardinals,18,New Orleans Saints,4599739,Kendre Miller,RB,TCU,"{'city': 'Mount Enterprise', 'state': 'TX', 'country': 'USA'}",Mount Enterprise,TX,USA,"Mount Enterprise, TX",3
2025-09-04,2025-09-09,401772718,2025-09-07T17:00Z,18,New Orleans Saints,22,Arizona Cardinals,18,New Orleans Saints,4682652,Devin Neal,RB,Kansas,"{'city': 'Lawrence', 'state': 'KS', 'country': 'USA'}",Lawrence,KS,USA,"Lawrence, KS",
2025-09-04,2025-09-09,401772718,2025-09-07T17:00Z,18,New Orleans Saints,22,Arizona Cardinals,18,New Orleans Saints,4361370,Chris Olave,WR,Ohio State,"{'city': 'San Ysidro', 'state': 'CA', 'country': 'USA'}",San Ysidro,CA,USA,"San Ysidro, CA",4
2025-09-04,2025-09-09,401772718,2025-09-07T17:00Z,18,New Orleans Saints,22,Arizona Cardinals,18,New Orleans Saints,4426407,Trey Palmer,WR,Nebraska,"{'city': 'Kentwood', 'state': 'LA', 'country': 'USA'}",Kentwood,LA,USA,"Kentwood, LA",3
2025-09-04,2025-09-09,401772718,2025-09-07T17:00Z,18,New Orleans Saints,22,Arizona Cardinals,18,New Orleans Saints,4248627,Trevor Penning,OT,Northern Iowa,"{'city': 'Clear Lake', 'state': 'IA', 'country': 'USA'}",Clear Lake,IA,USA,"Clear Lake, IA",4
2025-09-04,2025-09-09,401772718,2025-09-07T17:00Z,18,New Orleans Saints,22,Arizona Cardinals,18,New Orleans Saints,4040945,Dillon Radunz,OT,North Dakota State,"{'city': 'Becker', 'state': 'MN', 'country': 'USA'}",Becker,MN,USA,"Becker, MN",5
2025-09-04,2025-09-09,401772718,2025-09-07T17:00Z,18,New Orleans Saints,22,Arizona Cardinals,18,New Orleans Saints,4426339,Spencer Rattler,QB,South Carolina,"{'city': 'Phoenix', 'state': 'AZ', 'country': 'USA'}",Phoenix,AZ,USA,"Phoenix, AZ",2
2025-09-04,2025-09-09,401772718,2025-09-07T17:00Z,18,New Orleans Saints,22,Arizona Cardinals,18,New Orleans Saints,4430379,Asim Richards,OT,North Carolina,"{'city': 'Philadelphia', 'state': 'PA', 'country': 'USA'}",Philadelphia,PA,USA,"Philadelphia, PA",3
2025-09-04,2025-09-09,401772718,2025-09-07T17:00Z,18,New Orleans Saints,22,Arizona Cardinals,18,New Orleans Saints,4258199,Cesar Ruiz,C,Michigan,"{'city': 'Camden', 'state': 'NJ', 'country': 'USA'}",Camden,NJ,USA,"Camden, NJ",6
2025-09-04,2025-09-09,401772718,2025-09-07T17:00Z,18,New Orleans Saints,22,Arizona Cardinals,18,New Orleans Saints,4032473,Rashid Shaheed,WR,Weber State,"{'city': 'San Diego', 'state': 'CA', 'country': 'USA'}",San Diego,CA,USA,"San Diego, CA",4
2025-09-04,2025-09-09,401772718,2025-09-07T17:00Z,18,New Orleans Saints,22,Arizona Cardinals,18,New Orleans Saints,4360689,Tyler Shough,QB,Louisville,"{'city': 'Chandler', 'state': 'AZ', 'country': 'USA'}",Chandler,AZ,USA,"Chandler, AZ",
2025-09-04,2025-09-09,401772718,2025-09-07T17:00Z,18,New Orleans Saints,22,Arizona Cardinals,18,New Orleans Saints,4696902,Torricelli Simpkins III,G,South Carolina,"{'city': 'Charlotte', 'state': 'NC', 'country': 'USA'}",Charlotte,NC,USA,"Charlotte, NC",
2025-09-04,2025-09-09,401772718,2025-09-07T17:00Z,18,New Orleans Saints,22,Arizona Cardinals,18,New Orleans Saints,4034862,Jack Stoll,TE,Nebraska,"{'city': 'Lone Tree', 'state': 'CO', 'country': 'USA'}",Lone Tree,CO,USA,"Lone Tree, CO",5
2025-09-04,2025-09-09,401772718,2025-09-07T17:00Z,18,New Orleans Saints,22,Arizona Cardinals,18,New Orleans Saints,4573697,Mason Tipton,WR,Yale,"{'city': 'Akron', 'state': 'OH', 'country': 'USA'}",Akron,OH,USA,"Akron, OH",2
2025-09-04,2025-09-09,401772718,2025-09-07T17:00Z,18,New Orleans Saints,22,Arizona Cardinals,18,New Orleans Saints,4427080,Xavier Truss,OT,Georgia,"{'city': 'West Warwick', 'state': 'RI', 'country': 'USA'}",West Warwick,RI,USA,"West Warwick, RI",
2025-09-04,2025-09-09,401772718,2025-09-07T17:00Z,18,New Orleans Saints,22,Arizona Cardinals,18,New Orleans Saints,4569559,Devaughn Vele,WR,Utah,"{'city': 'San Diego', 'state': 'CA', 'country': 'USA'}",San Diego,CA,USA,"San Diego, CA",2
2025-09-04,2025-09-09,401772718,2025-09-07T17:00Z,18,New Orleans Saints,22,Arizona Cardinals,18,New Orleans Saints,3886834,Ugo Amadi,S,Oregon,"{'city': 'Nashville', 'state': 'TN', 'country': 'USA'}",Nashville,TN,USA,"Nashville, TN",7
2025-09-04,2025-09-09,401772718,2025-09-07T17:00Z,18,New Orleans Saints,22,Arizona Cardinals,18,New Orleans Saints,4035661,Julian Blackmon,S,Utah,"{'city': 'Layton', 'state': 'UT', 'country': 'USA'}",Layton,UT,USA,"Layton, UT",6
2025-09-04,2025-09-09,401772718,2025-09-07T17:00Z,18,New Orleans Saints,22,Arizona Cardinals,18,New Orleans Saints,4384595,Khristian Boyd,DT,Northern Iowa,"{'city': 'Kansas City', 'state': 'MO', 'country': 'USA'}",Kansas City,MO,USA,"Kansas City, MO",2
2025-09-04,2025-09-09,401772718,2025-09-07T17:00Z,18,New Orleans Saints,22,Arizona Cardinals,18,New Orleans Saints,4428988,Bryan Bresee,DT,Clemson,"{'city': 'Damascus', 'state': 'MD', 'country': 'USA'}",Damascus,MD,USA,"Damascus, MD",3
2025-09-04,2025-09-09,401772718,2025-09-07T17:00Z,18,New Orleans Saints,22,Arizona Cardinals,18,New Orleans Saints,4429040,Vernon Broughton,DT,Texas,"{'city': 'Houston', 'state': 'TX', 'country': 'USA'}",Houston,TX,USA,"Houston, TX",
2025-09-04,2025-09-09,401772718,2025-09-07T17:00Z,18,New Orleans Saints,22,Arizona Cardinals,18,New Orleans Saints,2980097,Jonathan Bullard,DE,Florida,"{'city': 'Shelby', 'state': 'NC', 'country': 'USA'}",Shelby,NC,USA,"Shelby, NC",10
2025-09-04,2025-09-09,401772718,2025-09-07T17:00Z,18,New Orleans Saints,22,Arizona Cardinals,18,New Orleans Saints,14958,Demario Davis,LB,Arkansas State,"{'city': 'Brandon', 'state': 'MS', 'country': 'USA'}",Brandon,MS,USA,"Brandon, MS",14
2025-09-04,2025-09-09,401772718,2025-09-07T17:00Z,18,New Orleans Saints,22,Arizona Cardinals,18,New Orleans Saints,4429073,Fadil Diggs,DE,Syracuse,"{'city': 'East Camden', 'state': 'NJ', 'country': 'USA'}",East Camden,NJ,USA,"East Camden, NJ",
2025-09-04,2025-09-09,401772718,2025-09-07T17:00Z,18,New Orleans Saints,22,Arizona Cardinals,18,New Orleans Saints,4566088,Jaylan Ford,LB,Texas,"{'city': 'Frisco', 'state': 'TX', 'country': 'USA'}",Frisco,TX,USA,"Frisco, TX",2
2025-09-04,2025-09-09,401772718,2025-09-07T17:00Z,18,New Orleans Saints,22,Arizona Cardinals,18,New Orleans Saints,3115383,Davon Godchaux,DT,LSU,"{'city': 'Plaquemine', 'state': 'LA', 'country': 'USA'}",Plaquemine,LA,USA,"Plaquemine, LA",9
2025-09-04,2025-09-09,401772718,2025-09-07T17:00Z,18,New Orleans Saints,22,Arizona Cardinals,18,New Orleans Saints,3918310,Carl Granderson,DE,Wyoming,"{'city': 'Sacramento', 'state': 'CA', 'country': 'USA'}",Sacramento,CA,USA,"Sacramento, CA",7
2025-09-04,2025-09-09,401772718,2025-09-07T17:00Z,18,New Orleans Saints,22,Arizona Cardinals,18,New Orleans Saints,4360949,Jordan Howden,S,Minnesota,"{'city': 'San Diego', 'state': 'CA', 'country': 'USA'}",San Diego,CA,USA,"San Diego, CA",3
2025-09-04,2025-09-09,401772718,2025-09-07T17:00Z,18,New Orleans Saints,22,Arizona Cardinals,18,New Orleans Saints,13971,Cameron Jordan,DE,California,"{'city': 'Chandler', 'state': 'AZ', 'country': 'USA'}",Chandler,AZ,USA,"Chandler, AZ",15
2025-09-04,2025-09-09,401772718,2025-09-07T17:00Z,18,New Orleans Saints,22,Arizona Cardinals,18,New Orleans Saints,4433975,Kool-Aid McKinstry,CB,Alabama,"{'city': 'Birmingham', 'state': 'AL', 'country': 'USA'}",Birmingham,AL,USA,"Birmingham, AL",2
2025-09-04,2025-09-09,401772718,2025-09-07T17:00Z,18,New Orleans Saints,22,Arizona Cardinals,18,New Orleans Saints,3931399,Justin Reid,S,Stanford,"{'city': 'Prairieville', 'state': 'LA', 'country': 'USA'}",Prairieville,LA,USA,"Prairieville, LA",8
2025-09-04,2025-09-09,401772718,2025-09-07T17:00Z,18,New Orleans Saints,22,Arizona Cardinals,18,New Orleans Saints,4428350,Quincy Riley,CB,Louisville,"{'city': 'Columbia', 'state': 'SC', 'country': 'USA'}",Columbia,SC,USA,"Columbia, SC",
2025-09-04,2025-09-09,401772718,2025-09-07T17:00Z,18,New Orleans Saints,22,Arizona Cardinals,18,New Orleans Saints,4240475,Chris Rumph II,DE,Duke,"{'city': 'Gainesville', 'state': 'FL', 'country': 'USA'}",Gainesville,FL,USA,"Gainesville, FL",5
2025-09-04,2025-09-09,401772718,2025-09-07T17:00Z,18,New Orleans Saints,22,Arizona Cardinals,18,New Orleans Saints,4683813,Jonas Sanker,S,Virginia,"{'city': 'Charlottesville', 'state': 'VA', 'country': 'USA'}",Charlottesville,VA,USA,"Charlottesville, VA",
2025-09-04,2025-09-09,401772718,2025-09-07T17:00Z,18,New Orleans Saints,22,Arizona Cardinals,18,New Orleans Saints,4076951,Nathan Shepherd,DT,Fort Hays State,"{'city': 'Ajax', 'state': 'ON', 'country': 'Canada'}",Ajax,ON,Canada,"Ajax, ON",8
2025-09-04,2025-09-09,401772718,2025-09-07T17:00Z,18,New Orleans Saints,22,Arizona Cardinals,18,New Orleans Saints,4361194,Isaiah Stalbird,LB,South Dakota State,"{'city': 'Kearney', 'state': 'NE', 'country': 'USA'}",Kearney,NE,USA,"Kearney, NE",1
2025-09-04,2025-09-09,401772718,2025-09-07T17:00Z,18,New Orleans Saints,22,Arizona Cardinals,18,New Orleans Saints,4683215,Danny Stutsman,LB,Oklahoma,"{'city': 'Windermere', 'state': 'FL', 'country': 'USA'}",Windermere,FL,USA,"Windermere, FL",
2025-09-04,2025-09-09,401772718,2025-09-07T17:00Z,18,New Orleans Saints,22,Arizona Cardinals,18,New Orleans Saints,4369835,Alontae Taylor,CB,Tennessee,"{'city': 'Manchester', 'state': 'TN', 'country': 'USA'}",Manchester,TN,USA,"Manchester, TN",4
2025-09-04,2025-09-09,401772718,2025-09-07T17:00Z,18,New Orleans Saints,22,Arizona Cardinals,18,New Orleans Saints,4241993,Pete Werner,LB,Ohio State,"{'city': 'Indianapolis', 'state': 'IN', 'country': 'USA'}",Indianapolis,IN,USA,"Indianapolis, IN",5
2025-09-04,2025-09-09,401772718,2025-09-07T17:00Z,18,New Orleans Saints,22,Arizona Cardinals,18,New Orleans Saints,4032481,Jonah Williams,DE,Weber State,"{'city': 'Meridian', 'state': 'ID', 'country': 'USA'}",Meridian,ID,USA,"Meridian, ID",5
2025-09-04,2025-09-09,401772718,2025-09-07T17:00Z,18,New Orleans Saints,22,Arizona Cardinals,18,New Orleans Saints,4696043,Rejzohn Wright,CB,Oregon State,"{'city': 'East Palo Alto', 'state': 'CA', 'country': 'USA'}",East Palo Alto,CA,USA,"East Palo Alto, CA",2
2025-09-04,2025-09-09,401772718,2025-09-07T17:00Z,18,New Orleans Saints,22,Arizona Cardinals,18,New Orleans Saints,3122797,Isaac Yiadom,CB,Boston College,"{'city': 'Worcester', 'state': 'MA', 'country': 'USA'}",Worcester,MA,USA,"Worcester, MA",8
2025-09-04,2025-09-09,401772718,2025-09-07T17:00Z,18,New Orleans Saints,22,Arizona Cardinals,18,New Orleans Saints,4241986,Chase Young,DE,Ohio State,"{'city': 'Hyattsville', 'state': 'MD', 'country': 'USA'}",Hyattsville,MD,USA,"Hyattsville, MD",6
2025-09-04,2025-09-09,401772718,2025-09-07T17:00Z,18,New Orleans Saints,22,Arizona Cardinals,18,New Orleans Saints,4259619,Blake Grupe,PK,Notre Dame,"{'city': 'Sedalia', 'state': 'MO', 'country': 'USA'}",Sedalia,MO,USA,"Sedalia, MO",3
2025-09-04,2025-09-09,401772718,2025-09-07T17:00Z,18,New Orleans Saints,22,Arizona Cardinals,18,New Orleans Saints,4570033,Kai Kroeger,P,South Carolina,"{'city': 'Lake Forest', 'state': 'IL', 'country': 'USA'}",Lake Forest,IL,USA,"Lake Forest, IL",
2025-09-04,2025-09-09,401772718,2025-09-07T17:00Z,18,New Orleans Saints,22,Arizona Cardinals,18,New Orleans Saints,2575788,Zach Wood,LS,SMU,"{'city': 'Rowlett', 'state': 'TX', 'country': 'USA'}",Rowlett,TX,USA,"Rowlett, TX",9
2025-09-04,2025-09-09,401772718,2025-09-07T17:00Z,18,New Orleans Saints,22,Arizona Cardinals,18,New Orleans Saints,3115387,Will Clapp,C,LSU,"{'city': 'New Orleans', 'state': 'LA', 'country': 'USA'}",New Orleans,LA,USA,"New Orleans, LA",8
2025-09-04,2025-09-09,401772718,2025-09-07T17:00Z,18,New Orleans Saints,22,Arizona Cardinals,18,New Orleans Saints,2468609,Taysom Hill,TE,BYU,"{'city': 'Pocatello', 'state': 'ID', 'country': 'USA'}",Pocatello,ID,USA,"Pocatello, ID",9
2025-09-04,2025-09-09,401772718,2025-09-07T17:00Z,18,New Orleans Saints,22,Arizona Cardinals,18,New Orleans Saints,4427985,Bub Means,WR,Pittsburgh,"{'city': 'Lovejoy', 'state': 'GA', 'country': 'USA'}",Lovejoy,GA,USA,"Lovejoy, GA",2
2025-09-04,2025-09-09,401772718,2025-09-07T17:00Z,18,New Orleans Saints,22,Arizona Cardinals,18,New Orleans Saints,3843945,Foster Moreau,TE,LSU,"{'city': 'New Orleans', 'state': 'LA', 'country': 'USA'}",New Orleans,LA,USA,"New Orleans, LA",7
2025-09-04,2025-09-09,401772718,2025-09-07T17:00Z,18,New Orleans Saints,22,Arizona Cardinals,18,New Orleans Saints,4911517,Mason Pline,TE,Furman,"{'city': 'Fowler', 'state': 'MI', 'country': 'USA'}",Fowler,MI,USA,"Fowler, MI",1
2025-09-04,2025-09-09,401772718,2025-09-07T17:00Z,18,New Orleans Saints,22,Arizona Cardinals,18,New Orleans Saints,4248047,John Ridgeway III,DT,Arkansas,"{'city': 'Bloomington', 'state': 'IL', 'country': 'USA'}",Bloomington,IL,USA,"Bloomington, IL",4
2025-09-04,2025-09-09,401772718,2025-09-07T17:00Z,18,New Orleans Saints,22,Arizona Cardinals,18,New Orleans Saints,4361600,Nick Saldiveri,OT,Old Dominion,"{'city': 'Waxhaw', 'state': 'NC', 'country': 'USA'}",Waxhaw,NC,USA,"Waxhaw, NC",3
2025-09-04,2025-09-09,401772718,2025-09-07T17:00Z,18,New Orleans Saints,22,Arizona Cardinals,18,New Orleans Saints,4256055,Barry Wesley,OT,Colorado State,"{'city': 'Morrison', 'state': 'CO', 'country': 'USA'}",Morrison,CO,USA,"Morrison, CO",1
2025-09-04,2025-09-09,401772718,2025-09-07T17:00Z,18,New Orleans Saints,22,Arizona Cardinals,18,New Orleans Saints,4035079,Landon Young,OT,Kentucky,"{'city': 'Lexington', 'state': 'KY', 'country': 'USA'}",Lexington,KY,USA,"Lexington, KY",5
2025-09-04,2025-09-09,401772718,2025-09-07T17:00Z,18,New Orleans Saints,22,Arizona Cardinals,18,New Orleans Saints,4372758,Kevin Austin Jr.,WR,Notre Dame,"{'city': 'Fort Lauderdale', 'state': 'FL', 'country': 'USA'}",Fort Lauderdale,FL,USA,"Fort Lauderdale, FL",2
2025-09-04,2025-09-09,401772718,2025-09-07T17:00Z,18,New Orleans Saints,22,Arizona Cardinals,18,New Orleans Saints,4695407,Dalys Beanum,CB,South Dakota State,"{'city': 'Omaha', 'state': 'NE', 'country': 'USA'}",Omaha,NE,USA,"Omaha, NE",
2025-09-04,2025-09-09,401772718,2025-09-07T17:00Z,18,New Orleans Saints,22,Arizona Cardinals,18,New Orleans Saints,4035663,Terrell Burgess,S,Utah,"{'city': 'San Marcos', 'state': 'CA', 'country': 'USA'}",San Marcos,CA,USA,"San Marcos, CA",5
2025-09-04,2025-09-09,401772718,2025-09-07T17:00Z,18,New Orleans Saints,22,Arizona Cardinals,18,New Orleans Saints,4688366,Elliott Davison,S,UTSA,"{'city': 'Tyler', 'state': 'TX', 'country': 'USA'}",Tyler,TX,USA,"Tyler, TX",
2025-09-04,2025-09-09,401772718,2025-09-07T17:00Z,18,New Orleans Saints,22,Arizona Cardinals,18,New Orleans Saints,4429076,Coziah Izzard,DT,Penn State,"{'city': 'Columbia', 'state': 'MD', 'country': 'USA'}",Columbia,MD,USA,"Columbia, MD",
2025-09-04,2025-09-09,401772718,2025-09-07T17:00Z,18,New Orleans Saints,22,Arizona Cardinals,18,New Orleans Saints,4696488,Easton Kilty,OT,Kansas State,"{'city': 'Stratford', 'state': 'WI', 'country': 'USA'}",Stratford,WI,USA,"Stratford, WI",
2025-09-04,2025-09-09,401772718,2025-09-07T17:00Z,18,New Orleans Saints,22,Arizona Cardinals,18,New Orleans Saints,4361272,Eku Leota,LB,Auburn,"{'city': 'Asheville', 'state': 'NC', 'country': 'USA'}",Asheville,NC,USA,"Asheville, NC",2
2025-09-04,2025-09-09,401772718,2025-09-07T17:00Z,18,New Orleans Saints,22,Arizona Cardinals,18,New Orleans Saints,4775196,Tommy Mellott,WR,Montana State,"{'city': 'Butte', 'state': 'MT', 'country': 'USA'}",Butte,MT,USA,"Butte, MT",
2025-09-04,2025-09-09,401772718,2025-09-07T17:00Z,18,New Orleans Saints,22,Arizona Cardinals,18,New Orleans Saints,4430250,Garrett Nelson,DE,Nebraska,"{'city': 'Scottsbluff', 'state': 'NE', 'country': 'USA'}",Scottsbluff,NE,USA,"Scottsbluff, NE",1
2025-09-04,2025-09-09,401772718,2025-09-07T17:00Z,18,New Orleans Saints,22,Arizona Cardinals,18,New Orleans Saints,4383391,Jayden Price,CB,North Dakota State,"{'city': 'Derby', 'state': 'KS', 'country': 'USA'}",Derby,KS,USA,"Derby, KS",1
2025-09-04,2025-09-09,401772718,2025-09-07T17:00Z,18,New Orleans Saints,22,Arizona Cardinals,18,New Orleans Saints,4241611,Nephi Sewell,LB,Utah,"{'city': 'St. George', 'state': 'UT', 'country': 'USA'}",St. George,UT,USA,"St. George, UT",3
2025-09-04,2025-09-09,401772718,2025-09-07T17:00Z,18,New Orleans Saints,22,Arizona Cardinals,18,New Orleans Saints,5208518,Charlie Smyth,PK,,"{'city': 'Newry', 'country': 'Ireland'}",Newry,,Ireland,Newry,1
2025-09-04,2025-09-09,401772718,2025-09-07T17:00Z,18,New Orleans Saints,22,Arizona Cardinals,18,New Orleans Saints,4430684,Treyton Welch,TE,Wyoming,"{'city': 'Buffalo', 'state': 'MN', 'country': 'USA'}",Buffalo,MN,USA,"Buffalo, MN",1
2025-09-04,2025-09-09,401772718,2025-09-07T17:00Z,18,New Orleans Saints,22,Arizona Cardinals,18,New Orleans Saints,4036335,Cedrick Wilson Jr.,WR,Boise State,"{'city': 'Memphis', 'state': 'TN', 'country': 'USA'}",Memphis,TN,USA,"Memphis, TN",8
2025-09-04,2025-09-09,401772718,2025-09-07T17:00Z,18,New Orleans Saints,22,Arizona Cardinals,22,Arizona Cardinals,5084939,Isaiah Adams,G,Illinois,"{'city': 'Ajax', 'state': 'ON', 'country': 'Canada'}",Ajax,ON,Canada,"Ajax, ON",2
2025-09-04,2025-09-09,401772718,2025-09-07T17:00Z,18,New Orleans Saints,22,Arizona Cardinals,22,Arizona Cardinals,15035,Kelvin Beachum,OT,SMU,"{'city': 'Mexia', 'state': 'TX', 'country': 'USA'}",Mexia,TX,USA,"Mexia, TX",14
2025-09-04,2025-09-09,401772718,2025-09-07T17:00Z,18,New Orleans Saints,22,Arizona Cardinals,22,Arizona Cardinals,4429275,Trey Benson,RB,Florida State,"{'city': 'Greenville', 'state': 'MS', 'country': 'USA'}",Greenville,MS,USA,"Greenville, MS",2
2025-09-04,2025-09-09,401772718,2025-09-07T17:00Z,18,New Orleans Saints,22,Arizona Cardinals,22,Arizona Cardinals,2578570,Jacoby Brissett,QB,NC State,"{'city': 'West Palm Beach', 'state': 'FL', 'country': 'USA'}",West Palm Beach,FL,USA,"West Palm Beach, FL",10
2025-09-04,2025-09-09,401772718,2025-09-07T17:00Z,18,New Orleans Saints,22,Arizona Cardinals,22,Arizona Cardinals,3128412,Evan Brown,C,SMU,"{'city': 'Southlake', 'state': 'TX', 'country': 'USA'}",Southlake,TX,USA,"Southlake, TX",7
2025-09-04,2025-09-09,401772718,2025-09-07T17:00Z,18,New Orleans Saints,22,Arizona Cardinals,22,Arizona Cardinals,3045147,James Conner,RB,Pittsburgh,"{'city': 'Erie', 'state': 'PA', 'country': 'USA'}",Erie,PA,USA,"Erie, PA",9
2025-09-04,2025-09-09,401772718,2025-09-07T17:00Z,18,New Orleans Saints,22,Arizona Cardinals,22,Arizona Cardinals,4362478,Emari Demercado,RB,TCU,"{'city': 'Inglewood', 'state': 'CA', 'country': 'USA'}",Inglewood,CA,USA,"Inglewood, CA",3
2025-09-04,2025-09-09,401772718,2025-09-07T17:00Z,18,New Orleans Saints,22,Arizona Cardinals,22,Arizona Cardinals,4037235,Greg Dortch,WR,Wake Forest,"{'city': 'Richmond', 'state': 'VA', 'country': 'USA'}",Richmond,VA,USA,"Richmond, VA",5
2025-09-04,2025-09-09,401772718,2025-09-07T17:00Z,18,New Orleans Saints,22,Arizona Cardinals,22,Arizona Cardinals,3886633,Hjalte Froholdt,G,Arkansas,"{'city': 'Svendborg', 'country': 'Denmark'}",Svendborg,,Denmark,Svendborg,7
2025-09-04,2025-09-09,401772718,2025-09-07T17:00Z,18,New Orleans Saints,22,Arizona Cardinals,22,Arizona Cardinals,4429782,Josh Fryar,OT,Ohio State,"{'city': 'Beech Grove', 'state': 'IN', 'country': 'USA'}",Beech Grove,IN,USA,"Beech Grove, IN",
2025-09-04,2025-09-09,401772718,2025-09-07T17:00Z,18,New Orleans Saints,22,Arizona Cardinals,22,Arizona Cardinals,4367199,Jon Gaines II,G,UCLA,"{'city': 'Wauwatosa', 'state': 'WI', 'country': 'USA'}",Wauwatosa,WI,USA,"Wauwatosa, WI",3
2025-09-04,2025-09-09,401772718,2025-09-07T17:00Z,18,New Orleans Saints,22,Arizona Cardinals,22,Arizona Cardinals,4432708,Marvin Harrison Jr.,WR,Ohio State,"{'city': 'Philadelphia', 'state': 'PA', 'country': 'USA'}",Philadelphia,PA,USA,"Philadelphia, PA",2
2025-09-04,2025-09-09,401772718,2025-09-07T17:00Z,18,New Orleans Saints,22,Arizona Cardinals,22,Arizona Cardinals,3042516,Will Hernandez,G,UTEP,"{'city': 'Las Vegas', 'state': 'NV', 'country': 'USA'}",Las Vegas,NV,USA,"Las Vegas, NV",8
2025-09-04,2025-09-09,401772718,2025-09-07T17:00Z,18,New Orleans Saints,22,Arizona Cardinals,22,Arizona Cardinals,4426844,Elijah Higgins,TE,Stanford,"{'city': 'Austin', 'state': 'TX', 'country': 'USA'}",Austin,TX,USA,"Austin, TX",3
2025-09-04,2025-09-09,401772718,2025-09-07T17:00Z,18,New Orleans Saints,22,Arizona Cardinals,22,Arizona Cardinals,4428991,Paris Johnson Jr.,OT,Ohio State,"{'city': 'Cincinnati', 'state': 'OH', 'country': 'USA'}",Cincinnati,OH,USA,"Cincinnati, OH",3
2025-09-04,2025-09-09,401772718,2025-09-07T17:00Z,18,New Orleans Saints,22,Arizona Cardinals,22,Arizona Cardinals,3059722,Zay Jones,WR,East Carolina,"{'city': 'Austin', 'state': 'TX', 'country': 'USA'}",Austin,TX,USA,"Austin, TX",9
2025-09-04,2025-09-09,401772718,2025-09-07T17:00Z,18,New Orleans Saints,22,Arizona Cardinals,22,Arizona Cardinals,4427728,Bam Knight,RB,NC State,"{'city': 'Bailey', 'state': 'NC', 'country': 'USA'}",Bailey,NC,USA,"Bailey, NC",3
2025-09-04,2025-09-09,401772718,2025-09-07T17:00Z,18,New Orleans Saints,22,Arizona Cardinals,22,Arizona Cardinals,4361307,Trey McBride,TE,Colorado State,"{'city': 'Fort Morgan', 'state': 'CO', 'country': 'USA'}",Fort Morgan,CO,USA,"Fort Morgan, CO",4
2025-09-04,2025-09-09,401772718,2025-09-07T17:00Z,18,New Orleans Saints,22,Arizona Cardinals,22,Arizona Cardinals,3917315,Kyler Murray,QB,Oklahoma,"{'city': 'Allen', 'state': 'TX', 'country': 'USA'}",Allen,TX,USA,"Allen, TX",7
2025-09-04,2025-09-09,401772718,2025-09-07T17:00Z,18,New Orleans Saints,22,Arizona Cardinals,22,Arizona Cardinals,4696700,Tip Reiman,TE,Illinois,"{'city': 'Rapid City', 'state': 'SD', 'country': 'USA'}",Rapid City,SD,USA,"Rapid City, SD",2
2025-09-04,2025-09-09,401772718,2025-09-07T17:00Z,18,New Orleans Saints,22,Arizona Cardinals,22,Arizona Cardinals,4259324,Travis Vokolek,TE,Nebraska,"{'city': 'Springfield', 'state': 'MO', 'country': 'USA'}",Springfield,MO,USA,"Springfield, MO",2
2025-09-04,2025-09-09,401772718,2025-09-07T17:00Z,18,New Orleans Saints,22,Arizona Cardinals,22,Arizona Cardinals,4428811,Xavier Weaver,WR,Colorado,"{'city': 'Orlando', 'state': 'FL', 'country': 'USA'}",Orlando,FL,USA,"Orlando, FL",2
2025-09-04,2025-09-09,401772718,2025-09-07T17:00Z,18,New Orleans Saints,22,Arizona Cardinals,22,Arizona Cardinals,4040726,Jonah Williams,OT,Alabama,"{'city': 'Folsom', 'state': 'CA', 'country': 'USA'}",Folsom,CA,USA,"Folsom, CA",7
2025-09-04,2025-09-09,401772718,2025-09-07T17:00Z,18,New Orleans Saints,22,Arizona Cardinals,22,Arizona Cardinals,4360761,Michael Wilson,WR,Stanford,"{'city': 'Simi Valley', 'state': 'CA', 'country': 'USA'}",Simi Valley,CA,USA,"Simi Valley, CA",3
2025-09-04,2025-09-09,401772718,2025-09-07T17:00Z,18,New Orleans Saints,22,Arizona Cardinals,22,Arizona Cardinals,3127287,Budda Baker,S,Washington,"{'city': 'Bellevue', 'state': 'WA', 'country': 'USA'}",Bellevue,WA,USA,"Bellevue, WA",9
2025-09-04,2025-09-09,401772718,2025-09-07T17:00Z,18,New Orleans Saints,22,Arizona Cardinals,22,Arizona Cardinals,4240824,Joey Blount,S,Virginia,"{'city': 'Atlanta', 'state': 'GA', 'country': 'USA'}",Atlanta,GA,USA,"Atlanta, GA",4
2025-09-04,2025-09-09,401772718,2025-09-07T17:00Z,18,New Orleans Saints,22,Arizona Cardinals,22,Arizona Cardinals,4241987,Baron Browning,LB,Ohio State,"{'city': 'Fort Worth', 'state': 'TX', 'country': 'USA'}",Fort Worth,TX,USA,"Fort Worth, TX",5
2025-09-04,2025-09-09,401772718,2025-09-07T17:00Z,18,New Orleans Saints,22,Arizona Cardinals,22,Arizona Cardinals,4428996,Jordan Burch,LB,Oregon,"{'city': 'Columbia', 'state': 'SC', 'country': 'USA'}",Columbia,SC,USA,"Columbia, SC",
2025-09-04,2025-09-09,401772718,2025-09-07T17:00Z,18,New Orleans Saints,22,Arizona Cardinals,22,Arizona Cardinals,4432668,Denzel Burke,CB,Ohio State,"{'city': 'Phoenix', 'state': 'AZ', 'country': 'USA'}",Phoenix,AZ,USA,"Phoenix, AZ",
2025-09-04,2025-09-09,401772718,2025-09-07T17:00Z,18,New Orleans Saints,22,Arizona Cardinals,22,Arizona Cardinals,11284,Calais Campbell,DT,Miami,"{'city': 'Aurora', 'state': 'CO', 'country': 'USA'}",Aurora,CO,USA,"Aurora, CO",18
2025-09-04,2025-09-09,401772718,2025-09-07T17:00Z,18,New Orleans Saints,22,Arizona Cardinals,22,Arizona Cardinals,4426923,Kei'Trel Clark,CB,Louisville,"{'city': 'Richmond', 'state': 'VA', 'country': 'USA'}",Richmond,VA,USA,"Richmond, VA",3
2025-09-04,2025-09-09,401772718,2025-09-07T17:00Z,18,New Orleans Saints,22,Arizona Cardinals,22,Arizona Cardinals,3116449,L.J. Collier,DE,TCU,"{'city': 'Munday', 'state': 'TX', 'country': 'USA'}",Munday,TX,USA,"Munday, TX",7
2025-09-04,2025-09-09,401772718,2025-09-07T17:00Z,18,New Orleans Saints,22,Arizona Cardinals,22,Arizona Cardinals,4244606,Zaven Collins,LB,Tulsa,"{'city': 'Hominy', 'state': 'OK', 'country': 'USA'}",Hominy,OK,USA,"Hominy, OK",5
2025-09-04,2025-09-09,401772718,2025-09-07T17:00Z,18,New Orleans Saints,22,Arizona Cardinals,22,Arizona Cardinals,4430821,Kitan Crawford,S,Nevada,"{'city': 'Tyler', 'state': 'TX', 'country': 'USA'}",Tyler,TX,USA,"Tyler, TX",
2025-09-04,2025-09-09,401772718,2025-09-07T17:00Z,18,New Orleans Saints,22,Arizona Cardinals,22,Arizona Cardinals,3917142,Akeem Davis-Gaither,LB,App State,"{'city': 'Thomasville', 'state': 'NC', 'country': 'USA'}",Thomasville,NC,USA,"Thomasville, NC",6
2025-09-04,2025-09-09,401772718,2025-09-07T17:00Z,18,New Orleans Saints,22,Arizona Cardinals,22,Arizona Cardinals,4685408,Will Johnson,CB,Michigan,"{'city': 'Detroit', 'state': 'MI', 'country': 'USA'}",Detroit,MI,USA,"Detroit, MI",
2025-09-04,2025-09-09,401772718,2025-09-07T17:00Z,18,New Orleans Saints,22,Arizona Cardinals,22,Arizona Cardinals,4360203,Elijah Jones,CB,Boston College,"{'city': 'Harlem', 'state': 'NY', 'country': 'USA'}",Harlem,NY,USA,"Harlem, NY",2
2025-09-04,2025-09-09,401772718,2025-09-07T17:00Z,18,New Orleans Saints,22,Arizona Cardinals,22,Arizona Cardinals,4698113,Max Melton,CB,Rutgers,"{'city': 'Mays Landing', 'state': 'NJ', 'country': 'USA'}",Mays Landing,NJ,USA,"Mays Landing, NJ",2
2025-09-04,2025-09-09,401772718,2025-09-07T17:00Z,18,New Orleans Saints,22,Arizona Cardinals,22,Arizona Cardinals,4361421,PJ Mustipher,DT,Penn State,"{'city': 'Owings Mills', 'state': 'MD', 'country': 'USA'}",Owings Mills,MD,USA,"Owings Mills, MD",1
2025-09-04,2025-09-09,401772718,2025-09-07T17:00Z,18,New Orleans Saints,22,Arizona Cardinals,22,Arizona Cardinals,4567219,Owen Pappoe,LB,Auburn,"{'city': 'Lawrenceville', 'state': 'GA', 'country': 'USA'}",Lawrenceville,GA,USA,"Lawrenceville, GA",3
2025-09-04,2025-09-09,401772718,2025-09-07T17:00Z,18,New Orleans Saints,22,Arizona Cardinals,22,Arizona Cardinals,4569480,Darius Robinson,DE,Missouri,"{'city': 'Southfield', 'state': 'MI', 'country': 'USA'}",Southfield,MI,USA,"Southfield, MI",2
2025-09-04,2025-09-09,401772718,2025-09-07T17:00Z,18,New Orleans Saints,22,Arizona Cardinals,22,Arizona Cardinals,4429071,Cody Simon,LB,Ohio State,"{'city': 'Jersey City', 'state': 'NJ', 'country': 'USA'}",Jersey City,NJ,USA,"Jersey City, NJ",
2025-09-04,2025-09-09,401772718,2025-09-07T17:00Z,18,New Orleans Saints,22,Arizona Cardinals,22,Arizona Cardinals,4362225,Dante Stills,DT,West Virginia,"{'city': 'Fairmont', 'state': 'WV', 'country': 'USA'}",Fairmont,WV,USA,"Fairmont, WV",3
2025-09-04,2025-09-09,401772718,2025-09-07T17:00Z,18,New Orleans Saints,22,Arizona Cardinals,22,Arizona Cardinals,3693166,Josh Sweat,LB,Florida State,"{'city': 'Chesapeake', 'state': 'VA', 'country': 'USA'}",Chesapeake,VA,USA,"Chesapeake, VA",8
2025-09-04,2025-09-09,401772718,2025-09-07T17:00Z,18,New Orleans Saints,22,Arizona Cardinals,22,Arizona Cardinals,4428633,Dadrion Taylor-Demerson,S,Texas Tech,"{'city': 'Oklahoma City', 'state': 'OK', 'country': 'USA'}",Oklahoma City,OK,USA,"Oklahoma City, OK",2
2025-09-04,2025-09-09,401772718,2025-09-07T17:00Z,18,New Orleans Saints,22,Arizona Cardinals,22,Arizona Cardinals,4360304,Xavier Thomas,LB,Clemson,"{'city': 'Florence', 'state': 'SC', 'country': 'USA'}",Florence,SC,USA,"Florence, SC",2
2025-09-04,2025-09-09,401772718,2025-09-07T17:00Z,18,New Orleans Saints,22,Arizona Cardinals,22,Arizona Cardinals,4043089,Jalen Thompson,S,Washington State,"{'city': 'Downey', 'state': 'CA', 'country': 'USA'}",Downey,CA,USA,"Downey, CA",7
2025-09-04,2025-09-09,401772718,2025-09-07T17:00Z,18,New Orleans Saints,22,Arizona Cardinals,22,Arizona Cardinals,2979860,Dalvin Tomlinson,DT,Alabama,"{'city': 'Mcdonough', 'state': 'GA', 'country': 'USA'}",Mcdonough,GA,USA,"Mcdonough, GA",9
2025-09-04,2025-09-09,401772718,2025-09-07T17:00Z,18,New Orleans Saints,22,Arizona Cardinals,22,Arizona Cardinals,4568506,Garrett Williams,CB,Syracuse,"{'city': 'Harrisburg', 'state': 'NC', 'country': 'USA'}",Harrisburg,NC,USA,"Harrisburg, NC",3
2025-09-04,2025-09-09,401772718,2025-09-07T17:00Z,18,New Orleans Saints,22,Arizona Cardinals,22,Arizona Cardinals,4040983,Mack Wilson Sr.,LB,Alabama,"{'city': 'Montgomery', 'state': 'AL', 'country': 'USA'}",Montgomery,AL,USA,"Montgomery, AL",7
2025-09-04,2025-09-09,401772718,2025-09-07T17:00Z,18,New Orleans Saints,22,Arizona Cardinals,22,Arizona Cardinals,15241,Aaron Brewer,LS,San Diego State,"{'city': 'Fullerton', 'state': 'CA', 'country': 'USA'}",Fullerton,CA,USA,"Fullerton, CA",14
2025-09-04,2025-09-09,401772718,2025-09-07T17:00Z,18,New Orleans Saints,22,Arizona Cardinals,22,Arizona Cardinals,4045180,Blake Gillikin,P,Penn State,"{'city': 'Smyrna', 'state': 'GA', 'country': 'USA'}",Smyrna,GA,USA,"Smyrna, GA",6
2025-09-04,2025-09-09,401772718,2025-09-07T17:00Z,18,New Orleans Saints,22,Arizona Cardinals,22,Arizona Cardinals,4363538,Chad Ryland,PK,Maryland,"{'city': 'Lebanon', 'state': 'PA', 'country': 'USA'}",Lebanon,PA,USA,"Lebanon, PA",3
2025-09-04,2025-09-09,401772718,2025-09-07T17:00Z,18,New Orleans Saints,22,Arizona Cardinals,22,Arizona Cardinals,4431214,Hayden Conner,G,Texas,"{'city': 'Katy', 'state': 'TX', 'country': 'USA'}",Katy,TX,USA,"Katy, TX",
2025-09-04,2025-09-09,401772718,2025-09-07T17:00Z,18,New Orleans Saints,22,Arizona Cardinals,22,Arizona Cardinals,4046715,Trishton Jackson,WR,Syracuse,"{'city': 'West Bloomfield', 'state': 'MI', 'country': 'USA'}",West Bloomfield,MI,USA,"West Bloomfield, MI",3
2025-09-04,2025-09-09,401772718,2025-09-07T17:00Z,18,New Orleans Saints,22,Arizona Cardinals,22,Arizona Cardinals,4362103,Christian Jones,OT,Texas,"{'city': 'Cypress', 'state': 'TX', 'country': 'USA'}",Cypress,TX,USA,"Cypress, TX",2
2025-09-04,2025-09-09,401772718,2025-09-07T17:00Z,18,New Orleans Saints,22,Arizona Cardinals,22,Arizona Cardinals,3116746,Justin Jones,DT,NC State,"{'city': 'Austell', 'state': 'GA', 'country': 'USA'}",Austell,GA,USA,"Austell, GA",8
2025-09-04,2025-09-09,401772718,2025-09-07T17:00Z,18,New Orleans Saints,22,Arizona Cardinals,22,Arizona Cardinals,3932886,Sean Murphy-Bunting,CB,Central Michigan,"{'city': 'Macomb', 'state': 'MI', 'country': 'USA'}",Macomb,MI,USA,"Macomb, MI",7
2025-09-04,2025-09-09,401772718,2025-09-07T17:00Z,18,New Orleans Saints,22,Arizona Cardinals,22,Arizona Cardinals,3117922,Bilal Nichols,DT,Delaware,"{'city': 'Newark', 'state': 'DE', 'country': 'USA'}",Newark,DE,USA,"Newark, DE",8
2025-09-04,2025-09-09,401772718,2025-09-07T17:00Z,18,New Orleans Saints,22,Arizona Cardinals,22,Arizona Cardinals,4685503,Walter Nolen III,DT,Ole Miss,"{'city': 'Powell', 'state': 'TN', 'country': 'USA'}",Powell,TN,USA,"Powell, TN",
2025-09-04,2025-09-09,401772718,2025-09-07T17:00Z,18,New Orleans Saints,22,Arizona Cardinals,22,Arizona Cardinals,4429111,BJ Ojulari,LB,LSU,"{'city': 'Marietta', 'state': 'GA', 'country': 'USA'}",Marietta,GA,USA,"Marietta, GA",3
2025-09-04,2025-09-09,401772718,2025-09-07T17:00Z,18,New Orleans Saints,22,Arizona Cardinals,22,Arizona Cardinals,4243366,J.J. Russell,LB,Memphis,"{'city': 'Grenada', 'state': 'MS', 'country': 'USA'}",Grenada,MS,USA,"Grenada, MS",4
2025-09-04,2025-09-09,401772718,2025-09-07T17:00Z,18,New Orleans Saints,22,Arizona Cardinals,22,Arizona Cardinals,4428458,Valentin Senn,OT,UConn,"{'city': 'Volders', 'country': 'Austria'}",Volders,,Austria,Volders,
2025-09-04,2025-09-09,401772718,2025-09-07T17:00Z,18,New Orleans Saints,22,Arizona Cardinals,22,Arizona Cardinals,4363408,Starling Thomas V,CB,UAB,"{'city': 'Birmingham', 'state': 'AL', 'country': 'USA'}",Birmingham,AL,USA,"Birmingham, AL",3
2025-09-04,2025-09-09,401772718,2025-09-07T17:00Z,18,New Orleans Saints,22,Arizona Cardinals,22,Arizona Cardinals,4360475,Chigozie Anusiem,CB,Colorado State,"{'city': 'La Habra', 'state': 'CA', 'country': 'USA'}",La Habra,CA,USA,"La Habra, CA",2
2025-09-04,2025-09-09,401772718,2025-09-07T17:00Z,18,New Orleans Saints,22,Arizona Cardinals,22,Arizona Cardinals,3886809,Andre Baccellia,WR,Washington,"{'city': 'Thousand Oaks', 'state': 'CA', 'country': 'USA'}",Thousand Oaks,CA,USA,"Thousand Oaks, CA",2
2025-09-04,2025-09-09,401772718,2025-09-07T17:00Z,18,New Orleans Saints,22,Arizona Cardinals,22,Arizona Cardinals,4426646,Jared Bartlett,LB,Cincinnati,"{'city': 'Miami', 'state': 'FL', 'country': 'USA'}",Miami,FL,USA,"Miami, FL",
2025-09-04,2025-09-09,401772718,2025-09-07T17:00Z,18,New Orleans Saints,22,Arizona Cardinals,22,Arizona Cardinals,4240826,Elliott Brown,LB,Virginia,"{'city': 'Odenton', 'state': 'MD', 'country': 'USA'}",Odenton,MD,USA,"Odenton, MD",
2025-09-04,2025-09-09,401772718,2025-09-07T17:00Z,18,New Orleans Saints,22,Arizona Cardinals,22,Arizona Cardinals,4575664,Jeremiah Byers,OT,Miami,"{'city': 'Austin', 'state': 'TX', 'country': 'USA'}",Austin,TX,USA,"Austin, TX",
2025-09-04,2025-09-09,401772718,2025-09-07T17:00Z,18,New Orleans Saints,22,Arizona Cardinals,22,Arizona Cardinals,4240657,Michael Carter,RB,North Carolina,"{'city': 'Navarre', 'state': 'FL', 'country': 'USA'}",Navarre,FL,USA,"Navarre, FL",4
2025-09-04,2025-09-09,401772718,2025-09-07T17:00Z,18,New Orleans Saints,22,Arizona Cardinals,22,Arizona Cardinals,4035870,Jake Curhan,OT,California,"{'city': 'Larkspur', 'state': 'CA', 'country': 'USA'}",Larkspur,CA,USA,"Larkspur, CA",5
2025-09-04,2025-09-09,401772718,2025-09-07T17:00Z,18,New Orleans Saints,22,Arizona Cardinals,22,Arizona Cardinals,4577735,Denzel Daxon,DT,Illinois,"{'city': 'Nassau', 'country': 'Bahamas'}",Nassau,,Bahamas,Nassau,1
2025-09-04,2025-09-09,401772718,2025-09-07T17:00Z,18,New Orleans Saints,22,Arizona Cardinals,22,Arizona Cardinals,3914151,Josiah Deguara,TE,Cincinnati,"{'city': 'Folsom', 'state': 'CA', 'country': 'USA'}",Folsom,CA,USA,"Folsom, CA",5
2025-09-04,2025-09-09,401772718,2025-09-07T17:00Z,18,New Orleans Saints,22,Arizona Cardinals,22,Arizona Cardinals,4360739,Simi Fehoko,WR,Stanford,"{'city': 'Sandy', 'state': 'UT', 'country': 'USA'}",Sandy,UT,USA,"Sandy, UT",5
2025-09-04,2025-09-09,401772718,2025-09-07T17:00Z,18,New Orleans Saints,22,Arizona Cardinals,22,Arizona Cardinals,4372378,Anthony Goodlow,DE,Oklahoma State,"{'city': 'Del City', 'state': 'OK', 'country': 'USA'}",Del City,OK,USA,"Del City, OK",1
2025-09-04,2025-09-09,401772718,2025-09-07T17:00Z,18,New Orleans Saints,22,Arizona Cardinals,22,Arizona Cardinals,4261606,Darren Hall,CB,San Diego State,"{'city': 'Pasadena', 'state': 'CA', 'country': 'USA'}",Pasadena,CA,USA,"Pasadena, CA",4
2025-09-04,2025-09-09,401772718,2025-09-07T17:00Z,18,New Orleans Saints,22,Arizona Cardinals,22,Arizona Cardinals,4250935,Demontrey Jacobs,OT,South Florida,"{'city': 'Gonzales', 'state': 'LA', 'country': 'USA'}",Gonzales,LA,USA,"Gonzales, LA",2
2025-09-04,2025-09-09,401772718,2025-09-07T17:00Z,18,New Orleans Saints,22,Arizona Cardinals,22,Arizona Cardinals,3920591,Nick Leverett,G,Rice,"{'city': 'Salisbury', 'state': 'NC', 'country': 'USA'}",Salisbury,NC,USA,"Salisbury, NC",5
2025-09-04,2025-09-09,401772718,2025-09-07T17:00Z,18,New Orleans Saints,22,Arizona Cardinals,22,Arizona Cardinals,4875912,Tejhaun Palmer,WR,UAB,"{'city': 'Milwaukee', 'state': 'WI', 'country': 'USA'}",Milwaukee,WI,USA,"Milwaukee, WI",1
2025-09-04,2025-09-09,401772718,2025-09-07T17:00Z,18,New Orleans Saints,22,Arizona Cardinals,22,Arizona Cardinals,4430478,Elijah Simmons,DT,Tennessee,"{'city': 'Memphis', 'state': 'TN', 'country': 'USA'}",Memphis,TN,USA,"Memphis, TN",
2025-09-04,2025-09-09,401772718,2025-09-07T17:00Z,18,New Orleans Saints,22,Arizona Cardinals,22,Arizona Cardinals,4428512,Kedon Slovis,QB,BYU,"{'city': 'Scottsdale', 'state': 'AZ', 'country': 'USA'}",Scottsdale,AZ,USA,"Scottsdale, AZ",1
2025-09-04,2025-09-09,401772721,2025-09-07T17:00Z,20,New York Jets,23,Pittsburgh Steelers,20,New York Jets,4685247,Braelon Allen,RB,Wisconsin,"{'city': 'Fond Du Lac', 'state': 'WI', 'country': 'USA'}",Fond Du Lac,WI,USA,"Fond Du Lac, WI",2
2025-09-04,2025-09-09,401772721,2025-09-07T17:00Z,20,New York Jets,23,Pittsburgh Steelers,20,New York Jets,3125107,Andrew Beck,FB,Texas,"{'city': 'Tampa', 'state': 'FL', 'country': 'USA'}",Tampa,FL,USA,"Tampa, FL",6
2025-09-04,2025-09-09,401772721,2025-09-07T17:00Z,20,New York Jets,23,Pittsburgh Steelers,20,New York Jets,4695404,Isaiah Davis,RB,South Dakota State,"{'city': 'Joplin', 'state': 'MO', 'country': 'USA'}",Joplin,MO,USA,"Joplin, MO",2
2025-09-04,2025-09-09,401772721,2025-09-07T17:00Z,20,New York Jets,23,Pittsburgh Steelers,20,New York Jets,4431809,Olu Fashanu,OT,Penn State,"{'city': 'Waldorf', 'state': 'MD', 'country': 'USA'}",Waldorf,MD,USA,"Waldorf, MD",2
2025-09-04,2025-09-09,401772721,2025-09-07T17:00Z,20,New York Jets,23,Pittsburgh Steelers,20,New York Jets,4362887,Justin Fields,QB,Ohio State,"{'city': 'Kennesaw', 'state': 'GA', 'country': 'USA'}",Kennesaw,GA,USA,"Kennesaw, GA",5
2025-09-04,2025-09-09,401772721,2025-09-07T17:00Z,20,New York Jets,23,Pittsburgh Steelers,20,New York Jets,4427278,Xavier Gipson,WR,Stephen F. Austin,"{'city': 'Dallas', 'state': 'TX', 'country': 'USA'}",Dallas,TX,USA,"Dallas, TX",3
2025-09-04,2025-09-09,401772721,2025-09-07T17:00Z,20,New York Jets,23,Pittsburgh Steelers,20,New York Jets,4427366,Breece Hall,RB,Iowa State,"{'city': 'Wichita', 'state': 'KS', 'country': 'USA'}",Wichita,KS,USA,"Wichita, KS",4
2025-09-04,2025-09-09,401772721,2025-09-07T17:00Z,20,New York Jets,23,Pittsburgh Steelers,20,New York Jets,2310331,Tyler Johnson,WR,Minnesota,"{'city': 'Minneapolis', 'state': 'MN', 'country': 'USA'}",Minneapolis,MN,USA,"Minneapolis, MN",5
2025-09-04,2025-09-09,401772721,2025-09-07T17:00Z,20,New York Jets,23,Pittsburgh Steelers,20,New York Jets,3128390,Allen Lazard,WR,Iowa State,"{'city': 'Urbandale', 'state': 'IA', 'country': 'USA'}",Urbandale,IA,USA,"Urbandale, IA",7
2025-09-04,2025-09-09,401772721,2025-09-07T17:00Z,20,New York Jets,23,Pittsburgh Steelers,20,New York Jets,4789907,Armand Membou,OT,Missouri,"{'city': ""Lee's Summit"", 'state': 'MO', 'country': 'USA'}",Lee's Summit,MO,USA,"Lee's Summit, MO",
2025-09-04,2025-09-09,401772721,2025-09-07T17:00Z,20,New York Jets,23,Pittsburgh Steelers,20,New York Jets,4373656,Max Mitchell,OT,Louisiana,"{'city': 'Monroe', 'state': 'LA', 'country': 'USA'}",Monroe,LA,USA,"Monroe, LA",4
2025-09-04,2025-09-09,401772721,2025-09-07T17:00Z,20,New York Jets,23,Pittsburgh Steelers,20,New York Jets,4242000,Josh Myers,C,Ohio State,"{'city': 'Miamisburg', 'state': 'OH', 'country': 'USA'}",Miamisburg,OH,USA,"Miamisburg, OH",5
2025-09-04,2025-09-09,401772721,2025-09-07T17:00Z,20,New York Jets,23,Pittsburgh Steelers,20,New York Jets,4259186,Xavier Newman,G,Baylor,"{'city': 'Desoto', 'state': 'TX', 'country': 'USA'}",Desoto,TX,USA,"Desoto, TX",3
2025-09-04,2025-09-09,401772721,2025-09-07T17:00Z,20,New York Jets,23,Pittsburgh Steelers,20,New York Jets,4035537,Kene Nwangwu,RB,Iowa State,"{'city': 'Frisco', 'state': 'TX', 'country': 'USA'}",Frisco,TX,USA,"Frisco, TX",5
2025-09-04,2025-09-09,401772721,2025-09-07T17:00Z,20,New York Jets,23,Pittsburgh Steelers,20,New York Jets,3129473,Chukwuma Okorafor,OT,Western Michigan,"{'city': 'Southfield', 'state': 'MI', 'country': 'USA'}",Southfield,MI,USA,"Southfield, MI",7
2025-09-04,2025-09-09,401772721,2025-09-07T17:00Z,20,New York Jets,23,Pittsburgh Steelers,20,New York Jets,5153070,Esa Pole,OT,Washington State,"{'city': 'Hayward', 'state': 'CA', 'country': 'USA'}",Hayward,CA,USA,"Hayward, CA",
2025-09-04,2025-09-09,401772721,2025-09-07T17:00Z,20,New York Jets,23,Pittsburgh Steelers,20,New York Jets,3115306,Josh Reynolds,WR,Texas A&M,"{'city': 'San Antonio', 'state': 'TX', 'country': 'USA'}",San Antonio,TX,USA,"San Antonio, TX",9
2025-09-04,2025-09-09,401772721,2025-09-07T17:00Z,20,New York Jets,23,Pittsburgh Steelers,20,New York Jets,4361372,Jeremy Ruckert,TE,Ohio State,"{'city': 'Lindenhurst', 'state': 'NY', 'country': 'USA'}",Lindenhurst,NY,USA,"Lindenhurst, NY",4
2025-09-04,2025-09-09,401772721,2025-09-07T17:00Z,20,New York Jets,23,Pittsburgh Steelers,20,New York Jets,4035479,John Simpson,G,Clemson,"{'city': 'North Charleston', 'state': 'SC', 'country': 'USA'}",North Charleston,SC,USA,"North Charleston, SC",6
2025-09-04,2025-09-09,401772721,2025-09-07T17:00Z,20,New York Jets,23,Pittsburgh Steelers,20,New York Jets,4250764,Stone Smartt,TE,Old Dominion,"{'city': 'Sacramento', 'state': 'CA', 'country': 'USA'}",Sacramento,CA,USA,"Sacramento, CA",4
2025-09-04,2025-09-09,401772721,2025-09-07T17:00Z,20,New York Jets,23,Pittsburgh Steelers,20,New York Jets,4429105,Arian Smith,WR,Georgia,"{'city': 'Bradley', 'state': 'FL', 'country': 'USA'}",Bradley,FL,USA,"Bradley, FL",
2025-09-04,2025-09-09,401772721,2025-09-07T17:00Z,20,New York Jets,23,Pittsburgh Steelers,20,New York Jets,4808766,Mason Taylor,TE,LSU,"{'city': 'Plantation', 'state': 'FL', 'country': 'USA'}",Plantation,FL,USA,"Plantation, FL",
2025-09-04,2025-09-09,401772721,2025-09-07T17:00Z,20,New York Jets,23,Pittsburgh Steelers,20,New York Jets,14163,Tyrod Taylor,QB,Virginia Tech,"{'city': 'Hampton', 'state': 'VA', 'country': 'USA'}",Hampton,VA,USA,"Hampton, VA",15
2025-09-04,2025-09-09,401772721,2025-09-07T17:00Z,20,New York Jets,23,Pittsburgh Steelers,20,New York Jets,4428681,Joe Tippmann,C,Wisconsin,"{'city': 'Fort Wayne', 'state': 'IN', 'country': 'USA'}",Fort Wayne,IN,USA,"Fort Wayne, IN",3
2025-09-04,2025-09-09,401772721,2025-09-07T17:00Z,20,New York Jets,23,Pittsburgh Steelers,20,New York Jets,4569618,Garrett Wilson,WR,Ohio State,"{'city': 'Austin', 'state': 'TX', 'country': 'USA'}",Austin,TX,USA,"Austin, TX",4
2025-09-04,2025-09-09,401772721,2025-09-07T17:00Z,20,New York Jets,23,Pittsburgh Steelers,20,New York Jets,4241410,Jelani Woods,TE,Virginia,"{'city': 'Ellenwood', 'state': 'GA', 'country': 'USA'}",Ellenwood,GA,USA,"Ellenwood, GA",4
2025-09-04,2025-09-09,401772721,2025-09-07T17:00Z,20,New York Jets,23,Pittsburgh Steelers,20,New York Jets,4240532,Tony Adams,S,Illinois,"{'city': 'Belleville', 'state': 'IL', 'country': 'USA'}",Belleville,IL,USA,"Belleville, IL",4
2025-09-04,2025-09-09,401772721,2025-09-07T17:00Z,20,New York Jets,23,Pittsburgh Steelers,20,New York Jets,4692555,Tyler Baron,DE,Miami,"{'city': 'Knoxville', 'state': 'TN', 'country': 'USA'}",Knoxville,TN,USA,"Knoxville, TN",
2025-09-04,2025-09-09,401772721,2025-09-07T17:00Z,20,New York Jets,23,Pittsburgh Steelers,20,New York Jets,4426676,Jowon Briggs,DT,Cincinnati,"{'city': 'Cincinnati', 'state': 'OH', 'country': 'USA'}",Cincinnati,OH,USA,"Cincinnati, OH",2
2025-09-04,2025-09-09,401772721,2025-09-07T17:00Z,20,New York Jets,23,Pittsburgh Steelers,20,New York Jets,4240456,Michael Carter II,CB,Duke,"{'city': 'Douglasville', 'state': 'GA', 'country': 'USA'}",Douglasville,GA,USA,"Douglasville, GA",5
2025-09-04,2025-09-09,401772721,2025-09-07T17:00Z,20,New York Jets,23,Pittsburgh Steelers,20,New York Jets,4361939,Andre Cisco,S,Syracuse,"{'city': 'Valley Stream', 'state': 'NY', 'country': 'USA'}",Valley Stream,NY,USA,"Valley Stream, NY",5
2025-09-04,2025-09-09,401772721,2025-09-07T17:00Z,20,New York Jets,23,Pittsburgh Steelers,20,New York Jets,4240896,Micheal Clemons,DE,Texas A&M,"{'city': 'Garland', 'state': 'TX', 'country': 'USA'}",Garland,TX,USA,"Garland, TX",4
2025-09-04,2025-09-09,401772721,2025-09-07T17:00Z,20,New York Jets,23,Pittsburgh Steelers,20,New York Jets,4427250,Sauce Gardner,CB,Cincinnati,"{'city': 'Detroit', 'state': 'MI', 'country': 'USA'}",Detroit,MI,USA,"Detroit, MI",4
2025-09-04,2025-09-09,401772721,2025-09-07T17:00Z,20,New York Jets,23,Pittsburgh Steelers,20,New York Jets,4567962,Jermaine Johnson,LB,Florida State,"{'city': 'Eden Prairie', 'state': 'MN', 'country': 'USA'}",Eden Prairie,MN,USA,"Eden Prairie, MN",4
2025-09-04,2025-09-09,401772721,2025-09-07T17:00Z,20,New York Jets,23,Pittsburgh Steelers,20,New York Jets,4371959,Cam Jones,LB,Indiana,"{'city': 'Memphis', 'state': 'TN', 'country': 'USA'}",Memphis,TN,USA,"Memphis, TN",3
2025-09-04,2025-09-09,401772721,2025-09-07T17:00Z,20,New York Jets,23,Pittsburgh Steelers,20,New York Jets,4700136,Kiko Mauigoa,LB,Miami,"{'city': ""ILI'ILI"", 'country': 'American Samoa'}",ILI'ILI,,American Samoa,ILI'ILI,
2025-09-04,2025-09-09,401772721,2025-09-07T17:00Z,20,New York Jets,23,Pittsburgh Steelers,20,New York Jets,4045299,Marcelino McCrary-Ball,LB,Indiana,"{'city': 'Roswell', 'state': 'GA', 'country': 'USA'}",Roswell,GA,USA,"Roswell, GA",2
2025-09-04,2025-09-09,401772721,2025-09-07T17:00Z,20,New York Jets,23,Pittsburgh Steelers,20,New York Jets,4361767,Will McDonald IV,DE,Iowa State,"{'city': 'Milwaukee', 'state': 'WI', 'country': 'USA'}",Milwaukee,WI,USA,"Milwaukee, WI",3
2025-09-04,2025-09-09,401772721,2025-09-07T17:00Z,20,New York Jets,23,Pittsburgh Steelers,20,New York Jets,4429005,Braiden McGregor,DE,Michigan,"{'city': 'Port Huron', 'state': 'MI', 'country': 'USA'}",Port Huron,MI,USA,"Port Huron, MI",2
2025-09-04,2025-09-09,401772721,2025-09-07T17:00Z,20,New York Jets,23,Pittsburgh Steelers,20,New York Jets,4692024,Malachi Moore,S,Alabama,"{'city': 'Trussville', 'state': 'AL', 'country': 'USA'}",Trussville,AL,USA,"Trussville, AL",
2025-09-04,2025-09-09,401772721,2025-09-07T17:00Z,20,New York Jets,23,Pittsburgh Steelers,20,New York Jets,3915437,Isaiah Oliver,S,Colorado,"{'city': 'Goodyear', 'state': 'AZ', 'country': 'USA'}",Goodyear,AZ,USA,"Goodyear, AZ",8
2025-09-04,2025-09-09,401772721,2025-09-07T17:00Z,20,New York Jets,23,Pittsburgh Steelers,20,New York Jets,3117255,Harrison Phillips,DT,Stanford,"{'city': 'Omaha', 'state': 'NE', 'country': 'USA'}",Omaha,NE,USA,"Omaha, NE",8
2025-09-04,2025-09-09,401772721,2025-09-07T17:00Z,20,New York Jets,23,Pittsburgh Steelers,20,New York Jets,4361331,Jamien Sherwood,LB,Auburn,"{'city': 'Jensen Beach', 'state': 'FL', 'country': 'USA'}",Jensen Beach,FL,USA,"Jensen Beach, FL",5
2025-09-04,2025-09-09,401772721,2025-09-07T17:00Z,20,New York Jets,23,Pittsburgh Steelers,20,New York Jets,4035824,Brandon Stephens,CB,SMU,"{'city': 'Plano', 'state': 'TX', 'country': 'USA'}",Plano,TX,USA,"Plano, TX",5
2025-09-04,2025-09-09,401772721,2025-09-07T17:00Z,20,New York Jets,23,Pittsburgh Steelers,20,New York Jets,5208977,Qwan'tez Stiggers,CB,,"{'city': 'Atlanta', 'state': 'GA', 'country': 'USA'}",Atlanta,GA,USA,"Atlanta, GA",2
2025-09-04,2025-09-09,401772721,2025-09-07T17:00Z,20,New York Jets,23,Pittsburgh Steelers,20,New York Jets,4431598,Leonard Taylor III,DT,Miami,"{'city': 'Miami', 'state': 'FL', 'country': 'USA'}",Miami,FL,USA,"Miami, FL",2
2025-09-04,2025-09-09,401772721,2025-09-07T17:00Z,20,New York Jets,23,Pittsburgh Steelers,20,New York Jets,4685596,Azareye'h Thomas,CB,Florida State,"{'city': 'Niceville', 'state': 'FL', 'country': 'USA'}",Niceville,FL,USA,"Niceville, FL",
2025-09-04,2025-09-09,401772721,2025-09-07T17:00Z,20,New York Jets,23,Pittsburgh Steelers,20,New York Jets,4259647,Jay Tufele,DT,USC,"{'city': 'Salt Lake City', 'state': 'UT', 'country': 'USA'}",Salt Lake City,UT,USA,"Salt Lake City, UT",5
2025-09-04,2025-09-09,401772721,2025-09-07T17:00Z,20,New York Jets,23,Pittsburgh Steelers,20,New York Jets,3110565,Quincy Williams,LB,Murray State,"{'city': 'Birmingham', 'state': 'AL', 'country': 'USA'}",Birmingham,AL,USA,"Birmingham, AL",7
2025-09-04,2025-09-09,401772721,2025-09-07T17:00Z,20,New York Jets,23,Pittsburgh Steelers,20,New York Jets,4040982,Quinnen Williams,DT,Alabama,"{'city': 'Birmingham', 'state': 'AL', 'country': 'USA'}",Birmingham,AL,USA,"Birmingham, AL",7
2025-09-04,2025-09-09,401772721,2025-09-07T17:00Z,20,New York Jets,23,Pittsburgh Steelers,20,New York Jets,10621,Nick Folk,PK,Arizona,"{'city': 'Sherman Oaks', 'state': 'CA', 'country': 'USA'}",Sherman Oaks,CA,USA,"Sherman Oaks, CA",18
2025-09-04,2025-09-09,401772721,2025-09-07T17:00Z,20,New York Jets,23,Pittsburgh Steelers,20,New York Jets,2983155,Thomas Hennessy,LS,Duke,"{'city': 'Bardonia', 'state': 'NY', 'country': 'USA'}",Bardonia,NY,USA,"Bardonia, NY",9
2025-09-04,2025-09-09,401772721,2025-09-07T17:00Z,20,New York Jets,23,Pittsburgh Steelers,20,New York Jets,4427982,Austin McNamara,P,Texas Tech,"{'city': 'Gilbert', 'state': 'AZ', 'country': 'USA'}",Gilbert,AZ,USA,"Gilbert, AZ",1
2025-09-04,2025-09-09,401772721,2025-09-07T17:00Z,20,New York Jets,23,Pittsburgh Steelers,20,New York Jets,3929845,Kris Boyd,CB,Texas,"{'city': 'Gilmer', 'state': 'TX', 'country': 'USA'}",Gilmer,TX,USA,"Gilmer, TX",7
2025-09-04,2025-09-09,401772721,2025-09-07T17:00Z,20,New York Jets,23,Pittsburgh Steelers,20,New York Jets,3929636,Irvin Charles,WR,Indiana-Pennsylvania,"{'city': 'Sicklerville', 'state': 'NJ', 'country': 'USA'}",Sicklerville,NJ,USA,"Sicklerville, NJ",3
2025-09-04,2025-09-09,401772721,2025-09-07T17:00Z,20,New York Jets,23,Pittsburgh Steelers,20,New York Jets,3916922,Byron Cowart,DT,Maryland,"{'city': 'Seffner', 'state': 'FL', 'country': 'USA'}",Seffner,FL,USA,"Seffner, FL",5
2025-09-04,2025-09-09,401772721,2025-09-07T17:00Z,20,New York Jets,23,Pittsburgh Steelers,20,New York Jets,4432237,Gus Hartwig,C,Purdue,"{'city': 'Zionsville', 'state': 'IN', 'country': 'USA'}",Zionsville,IN,USA,"Zionsville, IN",
2025-09-04,2025-09-09,401772721,2025-09-07T17:00Z,20,New York Jets,23,Pittsburgh Steelers,20,New York Jets,4259646,Alijah Vera-Tucker,G,USC,"{'city': 'Oakland', 'state': 'CA', 'country': 'USA'}",Oakland,CA,USA,"Oakland, CA",5
2025-09-04,2025-09-09,401772721,2025-09-07T17:00Z,20,New York Jets,23,Pittsburgh Steelers,20,New York Jets,4567416,Ja'Markis Weston,DE,Florida,"{'city': 'Clewiston', 'state': 'FL', 'country': 'USA'}",Clewiston,FL,USA,"Clewiston, FL",
2025-09-04,2025-09-09,401772721,2025-09-07T17:00Z,20,New York Jets,23,Pittsburgh Steelers,20,New York Jets,4429281,Korie Black,CB,Oklahoma State,"{'city': 'Waco', 'state': 'TX', 'country': 'USA'}",Waco,TX,USA,"Waco, TX",
2025-09-04,2025-09-09,401772721,2025-09-07T17:00Z,20,New York Jets,23,Pittsburgh Steelers,20,New York Jets,4426921,Dean Clark,S,Fresno State,"{'city': 'Massillon', 'state': 'OH', 'country': 'USA'}",Massillon,OH,USA,"Massillon, OH",
2025-09-04,2025-09-09,401772721,2025-09-07T17:00Z,20,New York Jets,23,Pittsburgh Steelers,20,New York Jets,4429411,Jordan Clark,CB,Notre Dame,"{'city': 'Baton Rouge', 'state': 'LA', 'country': 'USA'}",Baton Rouge,LA,USA,"Baton Rouge, LA",
2025-09-04,2025-09-09,401772721,2025-09-07T17:00Z,20,New York Jets,23,Pittsburgh Steelers,20,New York Jets,4429435,Brady Cook,QB,Missouri,"{'city': 'St. Louis', 'state': 'MO', 'country': 'USA'}",St. Louis,MO,USA,"St. Louis, MO",
2025-09-04,2025-09-09,401772721,2025-09-07T17:00Z,20,New York Jets,23,Pittsburgh Steelers,20,New York Jets,4241382,Marquis Hayes,G,Oklahoma,"{'city': 'Maryland Heights', 'state': 'MO', 'country': 'USA'}",Maryland Heights,MO,USA,"Maryland Heights, MO",2
2025-09-04,2025-09-09,401772721,2025-09-07T17:00Z,20,New York Jets,23,Pittsburgh Steelers,20,New York Jets,4373951,Kohl Levao,G,Hawai'i,"{'city': 'Aberdeen', 'state': 'WA', 'country': 'USA'}",Aberdeen,WA,USA,"Aberdeen, WA",1
2025-09-04,2025-09-09,401772721,2025-09-07T17:00Z,20,New York Jets,23,Pittsburgh Steelers,20,New York Jets,4574716,Harrison Mevis,PK,Missouri,"{'city': 'Warsaw', 'state': 'IN', 'country': 'USA'}",Warsaw,IN,USA,"Warsaw, IN",1
2025-09-04,2025-09-09,401772721,2025-09-07T17:00Z,20,New York Jets,23,Pittsburgh Steelers,20,New York Jets,4431582,Payton Page,DT,Clemson,"{'city': 'Greensboro', 'state': 'NC', 'country': 'USA'}",Greensboro,NC,USA,"Greensboro, NC",
2025-09-04,2025-09-09,401772721,2025-09-07T17:00Z,20,New York Jets,23,Pittsburgh Steelers,20,New York Jets,4892576,Jamaal Pritchett,WR,South Alabama,"{'city': 'Jackson', 'state': 'AL', 'country': 'USA'}",Jackson,AL,USA,"Jackson, AL",
2025-09-04,2025-09-09,401772721,2025-09-07T17:00Z,20,New York Jets,23,Pittsburgh Steelers,20,New York Jets,4361101,Jackson Sirmon,LB,California,"{'city': 'Brentwood', 'state': 'TN', 'country': 'USA'}",Brentwood,TN,USA,"Brentwood, TN",1
2025-09-04,2025-09-09,401772721,2025-09-07T17:00Z,20,New York Jets,23,Pittsburgh Steelers,20,New York Jets,4613050,Quentin Skinner,WR,Kansas,"{'city': 'Claremore', 'state': 'OK', 'country': 'USA'}",Claremore,OK,USA,"Claremore, OK",
2025-09-04,2025-09-09,401772721,2025-09-07T17:00Z,20,New York Jets,23,Pittsburgh Steelers,20,New York Jets,4240577,Brandon Smith,WR,Iowa,"{'city': 'Lake Cormorant', 'state': 'MS', 'country': 'USA'}",Lake Cormorant,MS,USA,"Lake Cormorant, MS",1
2025-09-04,2025-09-09,401772721,2025-09-07T17:00Z,20,New York Jets,23,Pittsburgh Steelers,20,New York Jets,4429072,Lawrance Toafili,RB,Florida State,"{'city': 'St. Petersburg', 'state': 'FL', 'country': 'USA'}",St. Petersburg,FL,USA,"St. Petersburg, FL",
2025-09-04,2025-09-09,401772721,2025-09-07T17:00Z,20,New York Jets,23,Pittsburgh Steelers,20,New York Jets,4243009,Mykal Walker,LB,Fresno State,"{'city': 'Sacramento', 'state': 'CA', 'country': 'USA'}",Sacramento,CA,USA,"Sacramento, CA",6
2025-09-04,2025-09-09,401772721,2025-09-07T17:00Z,20,New York Jets,23,Pittsburgh Steelers,20,New York Jets,4569016,Eric Watts,DE,UConn,"{'city': 'Sumter', 'state': 'SC', 'country': 'USA'}",Sumter,SC,USA,"Sumter, SC",2
2025-09-04,2025-09-09,401772721,2025-09-07T17:00Z,20,New York Jets,23,Pittsburgh Steelers,20,New York Jets,4705711,Leander Wiegand,G,UCF,"{'city': 'Aachen', 'country': 'Germany'}",Aachen,,Germany,Aachen,
2025-09-04,2025-09-09,401772721,2025-09-07T17:00Z,20,New York Jets,23,Pittsburgh Steelers,23,Pittsburgh Steelers,3123867,Calvin Anderson,OT,Texas,"{'city': 'Austin', 'state': 'TX', 'country': 'USA'}",Austin,TX,USA,"Austin, TX",7
2025-09-04,2025-09-09,401772721,2025-09-07T17:00Z,20,New York Jets,23,Pittsburgh Steelers,23,Pittsburgh Steelers,4372056,Spencer Anderson,G,Maryland,"{'city': 'Bowie', 'state': 'MD', 'country': 'USA'}",Bowie,MD,USA,"Bowie, MD",3
2025-09-04,2025-09-09,401772721,2025-09-07T17:00Z,20,New York Jets,23,Pittsburgh Steelers,23,Pittsburgh Steelers,4243389,Calvin Austin III,WR,Memphis,"{'city': 'Memphis', 'state': 'TN', 'country': 'USA'}",Memphis,TN,USA,"Memphis, TN",4
2025-09-04,2025-09-09,401772721,2025-09-07T17:00Z,20,New York Jets,23,Pittsburgh Steelers,23,Pittsburgh Steelers,4427170,Troy Fautanu,OT,Washington,"{'city': 'Henderson', 'state': 'NV', 'country': 'USA'}",Henderson,NV,USA,"Henderson, NV",2
2025-09-04,2025-09-09,401772721,2025-09-07T17:00Z,20,New York Jets,23,Pittsburgh Steelers,23,Pittsburgh Steelers,4429775,Zach Frazier,C,West Virginia,"{'city': 'Fairmont', 'state': 'WV', 'country': 'USA'}",Fairmont,WV,USA,"Fairmont, WV",2
2025-09-04,2025-09-09,401772721,2025-09-07T17:00Z,20,New York Jets,23,Pittsburgh Steelers,23,Pittsburgh Steelers,4361411,Pat Freiermuth,TE,Penn State,"{'city': 'Merrimac', 'state': 'MA', 'country': 'USA'}",Merrimac,MA,USA,"Merrimac, MA",5
2025-09-04,2025-09-09,401772721,2025-09-07T17:00Z,20,New York Jets,23,Pittsburgh Steelers,23,Pittsburgh Steelers,4371733,Kenneth Gainwell,RB,Memphis,"{'city': 'Yazoo City', 'state': 'MS', 'country': 'USA'}",Yazoo City,MS,USA,"Yazoo City, MS",5
2025-09-04,2025-09-09,401772721,2025-09-07T17:00Z,20,New York Jets,23,Pittsburgh Steelers,23,Pittsburgh Steelers,4241961,Connor Heyward,TE,Michigan State,"{'city': 'Duluth', 'state': 'GA', 'country': 'USA'}",Duluth,GA,USA,"Duluth, GA",4
2025-09-04,2025-09-09,401772721,2025-09-07T17:00Z,20,New York Jets,23,Pittsburgh Steelers,23,Pittsburgh Steelers,4819231,Kaleb Johnson,RB,Iowa,"{'city': 'Hamilton', 'state': 'OH', 'country': 'USA'}",Hamilton,OH,USA,"Hamilton, OH",
2025-09-04,2025-09-09,401772721,2025-09-07T17:00Z,20,New York Jets,23,Pittsburgh Steelers,23,Pittsburgh Steelers,4428990,Broderick Jones,OT,Georgia,"{'city': 'Lithonia', 'state': 'GA', 'country': 'USA'}",Lithonia,GA,USA,"Lithonia, GA",3
2025-09-04,2025-09-09,401772721,2025-09-07T17:00Z,20,New York Jets,23,Pittsburgh Steelers,23,Pittsburgh Steelers,4035253,Ryan McCollum,C,Texas A&M,"{'city': 'Spring', 'state': 'TX', 'country': 'USA'}",Spring,TX,USA,"Spring, TX",3
2025-09-04,2025-09-09,401772721,2025-09-07T17:00Z,20,New York Jets,23,Pittsburgh Steelers,23,Pittsburgh Steelers,4368304,Mason McCormick,G,South Dakota State,"{'city': 'Sioux Falls', 'state': 'SD', 'country': 'USA'}",Sioux Falls,SD,USA,"Sioux Falls, SD",2
2025-09-04,2025-09-09,401772721,2025-09-07T17:00Z,20,New York Jets,23,Pittsburgh Steelers,23,Pittsburgh Steelers,4047650,DK Metcalf,WR,Ole Miss,"{'city': 'Oxford', 'state': 'MS', 'country': 'USA'}",Oxford,MS,USA,"Oxford, MS",7
2025-09-04,2025-09-09,401772721,2025-09-07T17:00Z,20,New York Jets,23,Pittsburgh Steelers,23,Pittsburgh Steelers,3914397,Scotty Miller,WR,Bowling Green,"{'city': 'Barrington', 'state': 'IL', 'country': 'USA'}",Barrington,IL,USA,"Barrington, IL",7
2025-09-04,2025-09-09,401772721,2025-09-07T17:00Z,20,New York Jets,23,Pittsburgh Steelers,23,Pittsburgh Steelers,2978278,Andrus Peat,G,Stanford,"{'city': 'Chandler', 'state': 'AZ', 'country': 'USA'}",Chandler,AZ,USA,"Chandler, AZ",11
2025-09-04,2025-09-09,401772721,2025-09-07T17:00Z,20,New York Jets,23,Pittsburgh Steelers,23,Pittsburgh Steelers,8439,Aaron Rodgers,QB,California,"{'city': 'Chico', 'state': 'CA', 'country': 'USA'}",Chico,CA,USA,"Chico, CA",21
2025-09-04,2025-09-09,401772721,2025-09-07T17:00Z,20,New York Jets,23,Pittsburgh Steelers,23,Pittsburgh Steelers,3116407,Mason Rudolph,QB,Oklahoma State,"{'city': 'Rock Hill', 'state': 'SC', 'country': 'USA'}",Rock Hill,SC,USA,"Rock Hill, SC",8
2025-09-04,2025-09-09,401772721,2025-09-07T17:00Z,20,New York Jets,23,Pittsburgh Steelers,23,Pittsburgh Steelers,3126035,Max Scharping,G,Northern Illinois,"{'city': 'Green Bay', 'state': 'WI', 'country': 'USA'}",Green Bay,WI,USA,"Green Bay, WI",7
2025-09-04,2025-09-09,401772721,2025-09-07T17:00Z,20,New York Jets,23,Pittsburgh Steelers,23,Pittsburgh Steelers,2978247,Isaac Seumalo,G,Oregon State,"{'city': 'Corvallis', 'state': 'OR', 'country': 'USA'}",Corvallis,OR,USA,"Corvallis, OR",10
2025-09-04,2025-09-09,401772721,2025-09-07T17:00Z,20,New York Jets,23,Pittsburgh Steelers,23,Pittsburgh Steelers,4035656,Ben Skowronek,WR,Notre Dame,"{'city': 'Fort Wayne', 'state': 'IN', 'country': 'USA'}",Fort Wayne,IN,USA,"Fort Wayne, IN",5
2025-09-04,2025-09-09,401772721,2025-09-07T17:00Z,20,New York Jets,23,Pittsburgh Steelers,23,Pittsburgh Steelers,3054212,Jonnu Smith,TE,Florida International,"{'city': 'Ocala', 'state': 'FL', 'country': 'USA'}",Ocala,FL,USA,"Ocala, FL",9
2025-09-04,2025-09-09,401772721,2025-09-07T17:00Z,20,New York Jets,23,Pittsburgh Steelers,23,Pittsburgh Steelers,4036419,Skylar Thompson,QB,Kansas State,"{'city': 'Independence', 'state': 'MO', 'country': 'USA'}",Independence,MO,USA,"Independence, MO",4
2025-09-04,2025-09-09,401772721,2025-09-07T17:00Z,20,New York Jets,23,Pittsburgh Steelers,23,Pittsburgh Steelers,4569987,Jaylen Warren,RB,Oklahoma State,"{'city': 'Salt Lake City', 'state': 'UT', 'country': 'USA'}",Salt Lake City,UT,USA,"Salt Lake City, UT",4
2025-09-04,2025-09-09,401772721,2025-09-07T17:00Z,20,New York Jets,23,Pittsburgh Steelers,23,Pittsburgh Steelers,4430802,Darnell Washington,TE,Georgia,"{'city': 'Las Vegas', 'state': 'NV', 'country': 'USA'}",Las Vegas,NV,USA,"Las Vegas, NV",3
2025-09-04,2025-09-09,401772721,2025-09-07T17:00Z,20,New York Jets,23,Pittsburgh Steelers,23,Pittsburgh Steelers,4431492,Roman Wilson,WR,Michigan,"{'city': 'Honolulu', 'state': 'HI', 'country': 'USA'}",Honolulu,HI,USA,"Honolulu, HI",2
2025-09-04,2025-09-09,401772721,2025-09-07T17:00Z,20,New York Jets,23,Pittsburgh Steelers,23,Pittsburgh Steelers,4426694,Keeanu Benton,DT,Wisconsin,"{'city': 'Janesville', 'state': 'WI', 'country': 'USA'}",Janesville,WI,USA,"Janesville, WI",3
2025-09-04,2025-09-09,401772721,2025-09-07T17:00Z,20,New York Jets,23,Pittsburgh Steelers,23,Pittsburgh Steelers,4430947,Yahya Black,DE,Iowa,"{'city': 'Marshall', 'state': 'MN', 'country': 'USA'}",Marshall,MN,USA,"Marshall, MN",
2025-09-04,2025-09-09,401772721,2025-09-07T17:00Z,20,New York Jets,23,Pittsburgh Steelers,23,Pittsburgh Steelers,4429490,Carson Bruener,LB,Washington,"{'city': 'Woodinville', 'state': 'WA', 'country': 'USA'}",Woodinville,WA,USA,"Woodinville, WA",
2025-09-04,2025-09-09,401772721,2025-09-07T17:00Z,20,New York Jets,23,Pittsburgh Steelers,23,Pittsburgh Steelers,3045463,Chuck Clark,S,Virginia Tech,"{'city': 'Suffolk', 'state': 'VA', 'country': 'USA'}",Suffolk,VA,USA,"Suffolk, VA",9
2025-09-04,2025-09-09,401772721,2025-09-07T17:00Z,20,New York Jets,23,Pittsburgh Steelers,23,Pittsburgh Steelers,4567979,Brandin Echols,CB,Kentucky,"{'city': 'Memphis', 'state': 'TN', 'country': 'USA'}",Memphis,TN,USA,"Memphis, TN",5
2025-09-04,2025-09-09,401772721,2025-09-07T17:00Z,20,New York Jets,23,Pittsburgh Steelers,23,Pittsburgh Steelers,3052059,Daniel Ekuale,DT,Washington State,"{'city': 'Pago Pago', 'country': 'American Samoa'}",Pago Pago,,American Samoa,Pago Pago,7
2025-09-04,2025-09-09,401772721,2025-09-07T17:00Z,20,New York Jets,23,Pittsburgh Steelers,23,Pittsburgh Steelers,3929846,DeShon Elliott,S,Texas,"{'city': 'Rockwall', 'state': 'TX', 'country': 'USA'}",Rockwall,TX,USA,"Rockwall, TX",8
2025-09-04,2025-09-09,401772721,2025-09-07T17:00Z,20,New York Jets,23,Pittsburgh Steelers,23,Pittsburgh Steelers,4682980,Derrick Harmon,DT,Oregon,"{'city': 'Detroit', 'state': 'MI', 'country': 'USA'}",Detroit,MI,USA,"Detroit, MI",
2025-09-04,2025-09-09,401772721,2025-09-07T17:00Z,20,New York Jets,23,Pittsburgh Steelers,23,Pittsburgh Steelers,4040615,Malik Harrison,LB,Ohio State,"{'city': 'Columbus', 'state': 'OH', 'country': 'USA'}",Columbus,OH,USA,"Columbus, OH",6
2025-09-04,2025-09-09,401772721,2025-09-07T17:00Z,20,New York Jets,23,Pittsburgh Steelers,23,Pittsburgh Steelers,4429164,Nick Herbig,LB,Wisconsin,"{'city': 'Kauai', 'state': 'HI', 'country': 'USA'}",Kauai,HI,USA,"Kauai, HI",3
2025-09-04,2025-09-09,401772721,2025-09-07T17:00Z,20,New York Jets,23,Pittsburgh Steelers,23,Pittsburgh Steelers,13977,Cameron Heyward,DT,Ohio State,"{'city': 'Suwanee', 'state': 'GA', 'country': 'USA'}",Suwanee,GA,USA,"Suwanee, GA",15
2025-09-04,2025-09-09,401772721,2025-09-07T17:00Z,20,New York Jets,23,Pittsburgh Steelers,23,Pittsburgh Steelers,4037333,Alex Highsmith,LB,Charlotte,"{'city': 'Wilmington', 'state': 'NC', 'country': 'USA'}",Wilmington,NC,USA,"Wilmington, NC",6
2025-09-04,2025-09-09,401772721,2025-09-07T17:00Z,20,New York Jets,23,Pittsburgh Steelers,23,Pittsburgh Steelers,3116689,Cole Holcomb,LB,North Carolina,"{'city': 'New Smyrna Beach', 'state': 'FL', 'country': 'USA'}",New Smyrna Beach,FL,USA,"New Smyrna Beach, FL",7
2025-09-04,2025-09-09,401772721,2025-09-07T17:00Z,20,New York Jets,23,Pittsburgh Steelers,23,Pittsburgh Steelers,2575164,Miles Killebrew,S,Southern Utah,"{'city': 'Henderson', 'state': 'NV', 'country': 'USA'}",Henderson,NV,USA,"Henderson, NV",10
2025-09-04,2025-09-09,401772721,2025-09-07T17:00Z,20,New York Jets,23,Pittsburgh Steelers,23,Pittsburgh Steelers,4569474,Logan Lee,DT,Iowa,"{'city': 'Orion', 'state': 'IL', 'country': 'USA'}",Orion,IL,USA,"Orion, IL",2
2025-09-04,2025-09-09,401772721,2025-09-07T17:00Z,20,New York Jets,23,Pittsburgh Steelers,23,Pittsburgh Steelers,4035798,Isaiahh Loudermilk,DT,Wisconsin,"{'city': 'Howard', 'state': 'KS', 'country': 'USA'}",Howard,KS,USA,"Howard, KS",5
2025-09-04,2025-09-09,401772721,2025-09-07T17:00Z,20,New York Jets,23,Pittsburgh Steelers,23,Pittsburgh Steelers,4240759,Esezi Otomewo,DE,Minnesota,"{'city': 'Indianapolis', 'state': 'IN', 'country': 'USA'}",Indianapolis,IN,USA,"Indianapolis, IN",3
2025-09-04,2025-09-09,401772721,2025-09-07T17:00Z,20,New York Jets,23,Pittsburgh Steelers,23,Pittsburgh Steelers,4259252,James Pierre,CB,Florida Atlantic,"{'city': 'Deerfield Beach', 'state': 'FL', 'country': 'USA'}",Deerfield Beach,FL,USA,"Deerfield Beach, FL",6
2025-09-04,2025-09-09,401772721,2025-09-07T17:00Z,20,New York Jets,23,Pittsburgh Steelers,23,Pittsburgh Steelers,4426506,Joey Porter Jr.,CB,Penn State,"{'city': 'Bakersfield', 'state': 'CA', 'country': 'USA'}",Bakersfield,CA,USA,"Bakersfield, CA",3
2025-09-04,2025-09-09,401772721,2025-09-07T17:00Z,20,New York Jets,23,Pittsburgh Steelers,23,Pittsburgh Steelers,4242207,Patrick Queen,LB,LSU,"{'city': 'Ventress', 'state': 'LA', 'country': 'USA'}",Ventress,LA,USA,"Ventress, LA",6
2025-09-04,2025-09-09,401772721,2025-09-07T17:00Z,20,New York Jets,23,Pittsburgh Steelers,23,Pittsburgh Steelers,3045373,Jalen Ramsey,CB,Florida State,"{'city': 'Smyrna', 'state': 'TN', 'country': 'USA'}",Smyrna,TN,USA,"Smyrna, TN",10
2025-09-04,2025-09-09,401772721,2025-09-07T17:00Z,20,New York Jets,23,Pittsburgh Steelers,23,Pittsburgh Steelers,4431590,Jack Sawyer,LB,Ohio State,"{'city': 'Pickerington', 'state': 'OH', 'country': 'USA'}",Pickerington,OH,USA,"Pickerington, OH",
2025-09-04,2025-09-09,401772721,2025-09-07T17:00Z,20,New York Jets,23,Pittsburgh Steelers,23,Pittsburgh Steelers,15863,Darius Slay,CB,Mississippi State,"{'city': 'Brunswick', 'state': 'GA', 'country': 'USA'}",Brunswick,GA,USA,"Brunswick, GA",13
2025-09-04,2025-09-09,401772721,2025-09-07T17:00Z,20,New York Jets,23,Pittsburgh Steelers,23,Pittsburgh Steelers,3917909,Juan Thornhill,S,Virginia,"{'city': 'Altavista', 'state': 'VA', 'country': 'USA'}",Altavista,VA,USA,"Altavista, VA",7
2025-09-04,2025-09-09,401772721,2025-09-07T17:00Z,20,New York Jets,23,Pittsburgh Steelers,23,Pittsburgh Steelers,3045282,T.J. Watt,LB,Wisconsin,"{'city': 'Pewaukee', 'state': 'WI', 'country': 'USA'}",Pewaukee,WI,USA,"Pewaukee, WI",9
2025-09-04,2025-09-09,401772721,2025-09-07T17:00Z,20,New York Jets,23,Pittsburgh Steelers,23,Pittsburgh Steelers,4361652,Payton Wilson,LB,NC State,"{'city': 'Hillsborough', 'state': 'NC', 'country': 'USA'}",Hillsborough,NC,USA,"Hillsborough, NC",2
2025-09-04,2025-09-09,401772721,2025-09-07T17:00Z,20,New York Jets,23,Pittsburgh Steelers,23,Pittsburgh Steelers,17372,Chris Boswell,PK,Rice,"{'city': 'Keller', 'state': 'TX', 'country': 'USA'}",Keller,TX,USA,"Keller, TX",11
2025-09-04,2025-09-09,401772721,2025-09-07T17:00Z,20,New York Jets,23,Pittsburgh Steelers,23,Pittsburgh Steelers,2978524,Christian Kuntz,LS,Duquesne,"{'city': 'Pittsburgh', 'state': 'PA', 'country': 'USA'}",Pittsburgh,PA,USA,"Pittsburgh, PA",5
2025-09-04,2025-09-09,401772721,2025-09-07T17:00Z,20,New York Jets,23,Pittsburgh Steelers,23,Pittsburgh Steelers,3125280,Corliss Waitman,P,South Alabama,"{'city': 'Milton', 'state': 'FL', 'country': 'USA'}",Milton,FL,USA,"Milton, FL",3
2025-09-04,2025-09-09,401772721,2025-09-07T17:00Z,20,New York Jets,23,Pittsburgh Steelers,23,Pittsburgh Steelers,4590720,Domenique Davis,DT,UNC Pembroke,{'country': 'USA'},,,USA,,1
2025-09-04,2025-09-09,401772721,2025-09-07T17:00Z,20,New York Jets,23,Pittsburgh Steelers,23,Pittsburgh Steelers,4429955,Will Howard,QB,Ohio State,"{'city': 'Downingtown', 'state': 'PA', 'country': 'USA'}",Downingtown,PA,USA,"Downingtown, PA",
2025-09-04,2025-09-09,401772721,2025-09-07T17:00Z,20,New York Jets,23,Pittsburgh Steelers,23,Pittsburgh Steelers,4608004,Donte Kent,CB,Central Michigan,"{'city': 'Harrisburg', 'state': 'PA', 'country': 'USA'}",Harrisburg,PA,USA,"Harrisburg, PA",
2025-09-04,2025-09-09,401772721,2025-09-07T17:00Z,20,New York Jets,23,Pittsburgh Steelers,23,Pittsburgh Steelers,2974348,Dean Lowry,DT,Northwestern,"{'city': 'Rockford', 'state': 'IL', 'country': 'USA'}",Rockford,IL,USA,"Rockford, IL",10
2025-09-04,2025-09-09,401772721,2025-09-07T17:00Z,20,New York Jets,23,Pittsburgh Steelers,23,Pittsburgh Steelers,4365971,Cameron McCutcheon,CB,Western Carolina,"{'city': 'Seneca', 'state': 'SC', 'country': 'USA'}",Seneca,SC,USA,"Seneca, SC",1
2025-09-04,2025-09-09,401772721,2025-09-07T17:00Z,20,New York Jets,23,Pittsburgh Steelers,23,Pittsburgh Steelers,3912092,Donald Parham Jr.,TE,Stetson,"{'city': 'Lakeland', 'state': 'FL', 'country': 'USA'}",Lakeland,FL,USA,"Lakeland, FL",5
2025-09-04,2025-09-09,401772721,2025-09-07T17:00Z,20,New York Jets,23,Pittsburgh Steelers,23,Pittsburgh Steelers,4382475,Jacob Slade,DT,Michigan State,"{'city': 'Lewis Center', 'state': 'OH', 'country': 'USA'}",Lewis Center,OH,USA,"Lewis Center, OH",1
2025-09-04,2025-09-09,401772721,2025-09-07T17:00Z,20,New York Jets,23,Pittsburgh Steelers,23,Pittsburgh Steelers,4372492,Cory Trice Jr.,CB,Purdue,"{'city': 'Hopkinsville', 'state': 'KY', 'country': 'USA'}",Hopkinsville,KY,USA,"Hopkinsville, KY",3
2025-09-04,2025-09-09,401772721,2025-09-07T17:00Z,20,New York Jets,23,Pittsburgh Steelers,23,Pittsburgh Steelers,4885455,Gareth Warren,OT,Lindenwood,"{'city': 'Kailua Kona', 'state': 'HI', 'country': 'USA'}",Kailua Kona,HI,USA,"Kailua Kona, HI",
2025-09-04,2025-09-09,401772721,2025-09-07T17:00Z,20,New York Jets,23,Pittsburgh Steelers,23,Pittsburgh Steelers,4573443,Kyler Baugh,DT,Minnesota,"{'city': 'Talihina', 'state': 'OK', 'country': 'USA'}",Talihina,OK,USA,"Talihina, OK",1
2025-09-04,2025-09-09,401772721,2025-09-07T17:00Z,20,New York Jets,23,Pittsburgh Steelers,23,Pittsburgh Steelers,4363052,Beanie Bishop Jr.,CB,West Virginia,"{'city': 'Louisville', 'state': 'KY', 'country': 'USA'}",Louisville,KY,USA,"Louisville, KY",2
2025-09-04,2025-09-09,401772721,2025-09-07T17:00Z,20,New York Jets,23,Pittsburgh Steelers,23,Pittsburgh Steelers,4426882,Sebastian Castro,S,Iowa,"{'city': 'Oak Lawn', 'state': 'IL', 'country': 'USA'}",Oak Lawn,IL,USA,"Oak Lawn, IL",
2025-09-04,2025-09-09,401772721,2025-09-07T17:00Z,20,New York Jets,23,Pittsburgh Steelers,23,Pittsburgh Steelers,4570898,Dylan Cook,OT,Montana,"{'city': 'Butte', 'state': 'MT', 'country': 'USA'}",Butte,MT,USA,"Butte, MT",3
2025-09-04,2025-09-09,401772721,2025-09-07T17:00Z,20,New York Jets,23,Pittsburgh Steelers,23,Pittsburgh Steelers,4695800,JJ Galbreath,TE,South Dakota,"{'city': 'Arvada', 'state': 'CO', 'country': 'USA'}",Arvada,CO,USA,"Arvada, CO",
2025-09-04,2025-09-09,401772721,2025-09-07T17:00Z,20,New York Jets,23,Pittsburgh Steelers,23,Pittsburgh Steelers,4694237,Max Hurleman,RB,Notre Dame,"{'city': 'Wyomissing', 'state': 'PA', 'country': 'USA'}",Wyomissing,PA,USA,"Wyomissing, PA",
2025-09-04,2025-09-09,401772721,2025-09-07T17:00Z,20,New York Jets,23,Pittsburgh Steelers,23,Pittsburgh Steelers,4362082,D'Shawn Jamison,CB,Texas,"{'city': 'Houston', 'state': 'TX', 'country': 'USA'}",Houston,TX,USA,"Houston, TX",2
2025-09-04,2025-09-09,401772721,2025-09-07T17:00Z,20,New York Jets,23,Pittsburgh Steelers,23,Pittsburgh Steelers,4373830,Steven Jones,G,Oregon,"{'city': 'Temecula', 'state': 'CA', 'country': 'USA'}",Temecula,CA,USA,"Temecula, CA",1
2025-09-04,2025-09-09,401772721,2025-09-07T17:00Z,20,New York Jets,23,Pittsburgh Steelers,23,Pittsburgh Steelers,4426359,DeMarvin Leal,DE,Texas A&M,"{'city': 'San Antonio', 'state': 'TX', 'country': 'USA'}",San Antonio,TX,USA,"San Antonio, TX",4
2025-09-04,2025-09-09,401772721,2025-09-07T17:00Z,20,New York Jets,23,Pittsburgh Steelers,23,Pittsburgh Steelers,4247812,Lance McCutcheon,WR,Montana State,"{'city': 'Bozeman', 'state': 'MT', 'country': 'USA'}",Bozeman,MT,USA,"Bozeman, MT",2
2025-09-04,2025-09-09,401772721,2025-09-07T17:00Z,20,New York Jets,23,Pittsburgh Steelers,23,Pittsburgh Steelers,4428119,Lew Nichols,RB,Central Michigan,"{'city': 'Detroit', 'state': 'MI', 'country': 'USA'}",Detroit,MI,USA,"Detroit, MI",1
2025-09-04,2025-09-09,401772721,2025-09-07T17:00Z,20,New York Jets,23,Pittsburgh Steelers,23,Pittsburgh Steelers,4691005,Daryl Porter Jr.,CB,Miami,"{'city': 'Fort Lauderdale', 'state': 'FL', 'country': 'USA'}",Fort Lauderdale,FL,USA,"Fort Lauderdale, FL",
2025-09-04,2025-09-09,401772721,2025-09-07T17:00Z,20,New York Jets,23,Pittsburgh Steelers,23,Pittsburgh Steelers,4258485,Jon Rhattigan,LB,Army,"{'city': 'Naperville', 'state': 'IL', 'country': 'USA'}",Naperville,IL,USA,"Naperville, IL",5
2025-09-04,2025-09-09,401772721,2025-09-07T17:00Z,20,New York Jets,23,Pittsburgh Steelers,23,Pittsburgh Steelers,4241401,Trey Sermon,RB,Ohio State,"{'city': 'Marietta', 'state': 'GA', 'country': 'USA'}",Marietta,GA,USA,"Marietta, GA",5
2025-09-04,2025-09-09,401772721,2025-09-07T17:00Z,20,New York Jets,23,Pittsburgh Steelers,23,Pittsburgh Steelers,4372098,Julius Welschof,LB,Charlotte,"{'city': 'Miesbach', 'country': 'Germany'}",Miesbach,,Germany,Miesbach,1
2025-09-04,2025-09-09,401772721,2025-09-07T17:00Z,20,New York Jets,23,Pittsburgh Steelers,23,Pittsburgh Steelers,4570738,Ke'Shawn Williams,WR,Indiana,"{'city': 'Philadelphia', 'state': 'PA', 'country': 'USA'}",Philadelphia,PA,USA,"Philadelphia, PA",
2025-09-04,2025-09-09,401772827,2025-09-07T17:00Z,28,Washington Commanders,19,New York Giants,28,Washington Commanders,3115922,Nick Allegretti,G,Illinois,"{'city': 'Frankfort', 'state': 'IL', 'country': 'USA'}",Frankfort,IL,USA,"Frankfort, IL",7
2025-09-04,2025-09-09,401772827,2025-09-07T17:00Z,28,Washington Commanders,19,New York Giants,28,Washington Commanders,4048228,John Bates,TE,Boise State,"{'city': 'Lebanon', 'state': 'OR', 'country': 'USA'}",Lebanon,OR,USA,"Lebanon, OR",5
2025-09-04,2025-09-09,401772827,2025-09-07T17:00Z,28,Washington Commanders,19,New York Giants,28,Washington Commanders,4035788,Tyler Biadasz,C,Wisconsin,"{'city': 'Amherst', 'state': 'WI', 'country': 'USA'}",Amherst,WI,USA,"Amherst, WI",6
2025-09-04,2025-09-09,401772827,2025-09-07T17:00Z,28,Washington Commanders,19,New York Giants,28,Washington Commanders,3121409,Noah Brown,WR,Ohio State,"{'city': 'Flanders', 'state': 'NJ', 'country': 'USA'}",Flanders,NJ,USA,"Flanders, NJ",9
2025-09-04,2025-09-09,401772827,2025-09-07T17:00Z,28,Washington Commanders,19,New York Giants,28,Washington Commanders,4685030,Brandon Coleman,OT,TCU,"{'city': 'Denton', 'state': 'TX', 'country': 'USA'}",Denton,TX,USA,"Denton, TX",2
2025-09-04,2025-09-09,401772827,2025-09-07T17:00Z,28,Washington Commanders,19,New York Giants,28,Washington Commanders,4685326,Josh Conerly Jr.,OT,Oregon,"{'city': 'Seattle', 'state': 'WA', 'country': 'USA'}",Seattle,WA,USA,"Seattle, WA",
2025-09-04,2025-09-09,401772827,2025-09-07T17:00Z,28,Washington Commanders,19,New York Giants,28,Washington Commanders,4575131,Jacory Croskey-Merritt,RB,Arizona,"{'city': 'Montgomery', 'state': 'AL', 'country': 'USA'}",Montgomery,AL,USA,"Montgomery, AL",
2025-09-04,2025-09-09,401772827,2025-09-07T17:00Z,28,Washington Commanders,19,New York Giants,28,Washington Commanders,4426348,Jayden Daniels,QB,LSU,"{'city': 'San Bernardino', 'state': 'CA', 'country': 'USA'}",San Bernardino,CA,USA,"San Bernardino, CA",2
2025-09-04,2025-09-09,401772827,2025-09-07T17:00Z,28,Washington Commanders,19,New York Giants,28,Washington Commanders,3121541,Michael Deiter,C,Wisconsin,"{'city': 'Curtice', 'state': 'OH', 'country': 'USA'}",Curtice,OH,USA,"Curtice, OH",7
2025-09-04,2025-09-09,401772827,2025-09-07T17:00Z,28,Washington Commanders,19,New York Giants,28,Washington Commanders,3068267,Austin Ekeler,RB,Western Colorado,"{'city': 'Eaton', 'state': 'CO', 'country': 'USA'}",Eaton,CO,USA,"Eaton, CO",9
2025-09-04,2025-09-09,401772827,2025-09-07T17:00Z,28,Washington Commanders,19,New York Giants,28,Washington Commanders,15835,Zach Ertz,TE,Stanford,"{'city': 'Alamo', 'state': 'CA', 'country': 'USA'}",Alamo,CA,USA,"Alamo, CA",13
2025-09-04,2025-09-09,401772827,2025-09-07T17:00Z,28,Washington Commanders,19,New York Giants,28,Washington Commanders,2583951,George Fant,OT,Western Kentucky,"{'city': 'Bowling Green', 'state': 'KY', 'country': 'USA'}",Bowling Green,KY,USA,"Bowling Green, KY",10
2025-09-04,2025-09-09,401772827,2025-09-07T17:00Z,28,Washington Commanders,19,New York Giants,28,Washington Commanders,11394,Josh Johnson,QB,San Diego,"{'city': 'Oakland', 'state': 'CA', 'country': 'USA'}",Oakland,CA,USA,"Oakland, CA",11
2025-09-04,2025-09-09,401772827,2025-09-07T17:00Z,28,Washington Commanders,19,New York Giants,28,Washington Commanders,4602667,Jaylin Lane,WR,Virginia Tech,"{'city': 'Clover', 'state': 'SC', 'country': 'USA'}",Clover,SC,USA,"Clover, SC",
2025-09-04,2025-09-09,401772827,2025-09-07T17:00Z,28,Washington Commanders,19,New York Giants,28,Washington Commanders,2576980,Marcus Mariota,QB,Oregon,"{'city': 'Honolulu', 'state': 'HI', 'country': 'USA'}",Honolulu,HI,USA,"Honolulu, HI",11
2025-09-04,2025-09-09,401772827,2025-09-07T17:00Z,28,Washington Commanders,19,New York Giants,28,Washington Commanders,4426948,Luke McCaffrey,WR,Rice,"{'city': 'Highlands Ranch', 'state': 'CO', 'country': 'USA'}",Highlands Ranch,CO,USA,"Highlands Ranch, CO",2
2025-09-04,2025-09-09,401772827,2025-09-07T17:00Z,28,Washington Commanders,19,New York Giants,28,Washington Commanders,3121422,Terry McLaurin,WR,Ohio State,"{'city': 'Indianapolis', 'state': 'IN', 'country': 'USA'}",Indianapolis,IN,USA,"Indianapolis, IN",7
2025-09-04,2025-09-09,401772827,2025-09-07T17:00Z,28,Washington Commanders,19,New York Giants,28,Washington Commanders,3127586,Jeremy McNichols,RB,Boise State,"{'city': 'Long Beach', 'state': 'CA', 'country': 'USA'}",Long Beach,CA,USA,"Long Beach, CA",5
2025-09-04,2025-09-09,401772827,2025-09-07T17:00Z,28,Washington Commanders,19,New York Giants,28,Washington Commanders,2576581,Chris Moore,WR,Cincinnati,"{'city': 'Tampa', 'state': 'FL', 'country': 'USA'}",Tampa,FL,USA,"Tampa, FL",9
2025-09-04,2025-09-09,401772827,2025-09-07T17:00Z,28,Washington Commanders,19,New York Giants,28,Washington Commanders,4244615,Chris Paul,G,Tulsa,"{'city': 'Houston', 'state': 'TX', 'country': 'USA'}",Houston,TX,USA,"Houston, TX",4
2025-09-04,2025-09-09,401772827,2025-09-07T17:00Z,28,Washington Commanders,19,New York Giants,28,Washington Commanders,4362619,Chris Rodriguez Jr.,RB,Kentucky,"{'city': 'Mcdonough', 'state': 'GA', 'country': 'USA'}",Mcdonough,GA,USA,"Mcdonough, GA",3
2025-09-04,2025-09-09,401772827,2025-09-07T17:00Z,28,Washington Commanders,19,New York Giants,28,Washington Commanders,3126486,Deebo Samuel,WR,South Carolina,"{'city': 'Inman', 'state': 'SC', 'country': 'USA'}",Inman,SC,USA,"Inman, SC",7
2025-09-04,2025-09-09,401772827,2025-09-07T17:00Z,28,Washington Commanders,19,New York Giants,28,Washington Commanders,3123303,Trent Scott,OT,Grambling,"{'city': 'Huntsville', 'state': 'AL', 'country': 'USA'}",Huntsville,AL,USA,"Huntsville, AL",8
2025-09-04,2025-09-09,401772827,2025-09-07T17:00Z,28,Washington Commanders,19,New York Giants,28,Washington Commanders,4690923,Ben Sinnott,TE,Kansas State,"{'city': 'Waterloo', 'state': 'IA', 'country': 'USA'}",Waterloo,IA,USA,"Waterloo, IA",2
2025-09-04,2025-09-09,401772827,2025-09-07T17:00Z,28,Washington Commanders,19,New York Giants,28,Washington Commanders,3051890,Laremy Tunsil,OT,Ole Miss,"{'city': 'Lake City', 'state': 'FL', 'country': 'USA'}",Lake City,FL,USA,"Lake City, FL",10
2025-09-04,2025-09-09,401772827,2025-09-07T17:00Z,28,Washington Commanders,19,New York Giants,28,Washington Commanders,3042702,Andrew Wylie,G,Eastern Michigan,"{'city': 'Midland', 'state': 'MI', 'country': 'USA'}",Midland,MI,USA,"Midland, MI",8
2025-09-04,2025-09-09,401772827,2025-09-07T17:00Z,28,Washington Commanders,19,New York Giants,28,Washington Commanders,4361088,Colson Yankoff,TE,UCLA,"{'city': ""Coeur d'Alene"", 'state': 'ID', 'country': 'USA'}",Coeur d'Alene,ID,USA,"Coeur d'Alene, ID",2
2025-09-04,2025-09-09,401772827,2025-09-07T17:00Z,28,Washington Commanders,19,New York Giants,28,Washington Commanders,4574689,Trey Amos,CB,Ole Miss,"{'city': 'New Iberia', 'state': 'LA', 'country': 'USA'}",New Iberia,LA,USA,"New Iberia, LA",
2025-09-04,2025-09-09,401772827,2025-09-07T17:00Z,28,Washington Commanders,19,New York Giants,28,Washington Commanders,3928979,Dorance Armstrong,DE,Kansas,"{'city': 'Houston', 'state': 'TX', 'country': 'USA'}",Houston,TX,USA,"Houston, TX",8
2025-09-04,2025-09-09,401772827,2025-09-07T17:00Z,28,Washington Commanders,19,New York Giants,28,Washington Commanders,14471,Nick Bellore,LB,Central Michigan,"{'city': 'Whitefish Bay', 'state': 'WI', 'country': 'USA'}",Whitefish Bay,WI,USA,"Whitefish Bay, WI",15
2025-09-04,2025-09-09,401772827,2025-09-07T17:00Z,28,Washington Commanders,19,New York Giants,28,Washington Commanders,4363097,Percy Butler,S,Louisiana,"{'city': 'Plaquemine', 'state': 'LA', 'country': 'USA'}",Plaquemine,LA,USA,"Plaquemine, LA",4
2025-09-04,2025-09-09,401772827,2025-09-07T17:00Z,28,Washington Commanders,19,New York Giants,28,Washington Commanders,2969924,Eddie Goldman,DT,Florida State,"{'city': 'Washington', 'state': 'DC', 'country': 'USA'}",Washington,DC,USA,"Washington, DC",8
2025-09-04,2025-09-09,401772827,2025-09-07T17:00Z,28,Washington Commanders,19,New York Giants,28,Washington Commanders,3915297,Will Harris,S,Boston College,"{'city': 'Suwanee', 'state': 'GA', 'country': 'USA'}",Suwanee,GA,USA,"Suwanee, GA",7
2025-09-04,2025-09-09,401772827,2025-09-07T17:00Z,28,Washington Commanders,19,New York Giants,28,Washington Commanders,4242516,Noah Igbinoghene,CB,Auburn,"{'city': 'Trussville', 'state': 'AL', 'country': 'USA'}",Trussville,AL,USA,"Trussville, AL",6
2025-09-04,2025-09-09,401772827,2025-09-07T17:00Z,28,Washington Commanders,19,New York Giants,28,Washington Commanders,4361357,Javontae Jean-Baptiste,DE,Notre Dame,"{'city': 'Spring Valley', 'state': 'NY', 'country': 'USA'}",Spring Valley,NY,USA,"Spring Valley, NY",2
2025-09-04,2025-09-09,401772827,2025-09-07T17:00Z,28,Washington Commanders,19,New York Giants,28,Washington Commanders,2971027,Jonathan Jones,CB,Auburn,"{'city': 'Carrollton', 'state': 'GA', 'country': 'USA'}",Carrollton,GA,USA,"Carrollton, GA",10
2025-09-04,2025-09-09,401772827,2025-09-07T17:00Z,28,Washington Commanders,19,New York Giants,28,Washington Commanders,4361090,Ale Kaho,LB,UCLA,"{'city': 'Reno', 'state': 'NV', 'country': 'USA'}",Reno,NV,USA,"Reno, NV",
2025-09-04,2025-09-09,401772827,2025-09-07T17:00Z,28,Washington Commanders,19,New York Giants,28,Washington Commanders,4259491,Javon Kinlaw,DT,South Carolina,"{'city': 'Charleston', 'state': 'SC', 'country': 'USA'}",Charleston,SC,USA,"Charleston, SC",6
2025-09-04,2025-09-09,401772827,2025-09-07T17:00Z,28,Washington Commanders,19,New York Giants,28,Washington Commanders,3121421,Marshon Lattimore,CB,Ohio State,"{'city': 'Cleveland', 'state': 'OH', 'country': 'USA'}",Cleveland,OH,USA,"Cleveland, OH",9
2025-09-04,2025-09-09,401772827,2025-09-07T17:00Z,28,Washington Commanders,19,New York Giants,28,Washington Commanders,3127273,Frankie Luvu,LB,Washington State,"{'city': 'Tafuna', 'country': 'American Samoa'}",Tafuna,,American Samoa,Tafuna,8
2025-09-04,2025-09-09,401772827,2025-09-07T17:00Z,28,Washington Commanders,19,New York Giants,28,Washington Commanders,4568617,Jordan Magee,LB,Temple,"{'city': 'Dover', 'state': 'DE', 'country': 'USA'}",Dover,DE,USA,"Dover, DE",2
2025-09-04,2025-09-09,401772827,2025-09-07T17:00Z,28,Washington Commanders,19,New York Giants,28,Washington Commanders,3138764,Jacob Martin,DE,Temple,"{'city': 'Aurora', 'state': 'CO', 'country': 'USA'}",Aurora,CO,USA,"Aurora, CO",8
2025-09-04,2025-09-09,401772827,2025-09-07T17:00Z,28,Washington Commanders,19,New York Giants,28,Washington Commanders,4360378,Quan Martin,S,Illinois,"{'city': 'Lehigh Acres', 'state': 'FL', 'country': 'USA'}",Lehigh Acres,FL,USA,"Lehigh Acres, FL",3
2025-09-04,2025-09-09,401772827,2025-09-07T17:00Z,28,Washington Commanders,19,New York Giants,28,Washington Commanders,4427984,Kain Medrano,LB,UCLA,"{'city': 'Pueblo', 'state': 'CO', 'country': 'USA'}",Pueblo,CO,USA,"Pueblo, CO",
2025-09-04,2025-09-09,401772827,2025-09-07T17:00Z,28,Washington Commanders,19,New York Giants,28,Washington Commanders,13976,Von Miller,LB,Texas A&M,"{'city': 'Desoto', 'state': 'TX', 'country': 'USA'}",Desoto,TX,USA,"Desoto, TX",15
2025-09-04,2025-09-09,401772827,2025-09-07T17:00Z,28,Washington Commanders,19,New York Giants,28,Washington Commanders,4430560,Jer'Zhan Newton,DT,Illinois,"{'city': 'St. Petersburg', 'state': 'FL', 'country': 'USA'}",St. Petersburg,FL,USA,"St. Petersburg, FL",2
2025-09-04,2025-09-09,401772827,2025-09-07T17:00Z,28,Washington Commanders,19,New York Giants,28,Washington Commanders,4572460,Tyler Owens,S,Texas Tech,"{'city': 'Plano', 'state': 'TX', 'country': 'USA'}",Plano,TX,USA,"Plano, TX",2
2025-09-04,2025-09-09,401772827,2025-09-07T17:00Z,28,Washington Commanders,19,New York Giants,28,Washington Commanders,3925354,Daron Payne,DT,Alabama,"{'city': 'Birmingham', 'state': 'AL', 'country': 'USA'}",Birmingham,AL,USA,"Birmingham, AL",8
2025-09-04,2025-09-09,401772827,2025-09-07T17:00Z,28,Washington Commanders,19,New York Giants,28,Washington Commanders,3125248,Jeremy Reaves,S,South Alabama,"{'city': 'Pensacola', 'state': 'FL', 'country': 'USA'}",Pensacola,FL,USA,"Pensacola, FL",6
2025-09-04,2025-09-09,401772827,2025-09-07T17:00Z,28,Washington Commanders,19,New York Giants,28,Washington Commanders,4428414,Mike Sainristil,CB,Michigan,"{'city': 'Port-au-prince', 'country': 'Haiti'}",Port-au-prince,,Haiti,Port-au-prince,2
2025-09-04,2025-09-09,401772827,2025-09-07T17:00Z,28,Washington Commanders,19,New York Giants,28,Washington Commanders,14979,Bobby Wagner,LB,Utah State,"{'city': 'Ontario', 'state': 'CA', 'country': 'USA'}",Ontario,CA,USA,"Ontario, CA",14
2025-09-04,2025-09-09,401772827,2025-09-07T17:00Z,28,Washington Commanders,19,New York Giants,28,Washington Commanders,2980080,Deatrich Wise Jr.,DE,Arkansas,"{'city': 'Carrollton', 'state': 'TX', 'country': 'USA'}",Carrollton,TX,USA,"Carrollton, TX",9
2025-09-04,2025-09-09,401772827,2025-09-07T17:00Z,28,Washington Commanders,19,New York Giants,28,Washington Commanders,4249087,Matt Gay,PK,Utah,"{'city': 'Orem', 'state': 'UT', 'country': 'USA'}",Orem,UT,USA,"Orem, UT",7
2025-09-04,2025-09-09,401772827,2025-09-07T17:00Z,28,Washington Commanders,19,New York Giants,28,Washington Commanders,17378,Tyler Ott,LS,Harvard,"{'city': 'Tulsa', 'state': 'OK', 'country': 'USA'}",Tulsa,OK,USA,"Tulsa, OK",11
2025-09-04,2025-09-09,401772827,2025-09-07T17:00Z,28,Washington Commanders,19,New York Giants,28,Washington Commanders,16166,Tress Way,P,Oklahoma,"{'city': 'Tulsa', 'state': 'OK', 'country': 'USA'}",Tulsa,OK,USA,"Tulsa, OK",12
2025-09-04,2025-09-09,401772827,2025-09-07T17:00Z,28,Washington Commanders,19,New York Giants,28,Washington Commanders,4262199,Sam Cosmi,G,Texas,"{'city': 'Humble', 'state': 'TX', 'country': 'USA'}",Humble,TX,USA,"Humble, TX",5
2025-09-04,2025-09-09,401772827,2025-09-07T17:00Z,28,Washington Commanders,19,New York Giants,28,Washington Commanders,3916564,Tyree Jackson,TE,Buffalo,"{'city': 'Norton Shores', 'state': 'MI', 'country': 'USA'}",Norton Shores,MI,USA,"Norton Shores, MI",3
2025-09-04,2025-09-09,401772827,2025-09-07T17:00Z,28,Washington Commanders,19,New York Giants,28,Washington Commanders,4038552,Lucas Niang,OT,TCU,"{'city': 'New Canaan', 'state': 'CT', 'country': 'USA'}",New Canaan,CT,USA,"New Canaan, CT",4
2025-09-04,2025-09-09,401772827,2025-09-07T17:00Z,28,Washington Commanders,19,New York Giants,28,Washington Commanders,4428343,Ricky Barber,DT,UCF,"{'city': 'Louisville', 'state': 'KY', 'country': 'USA'}",Louisville,KY,USA,"Louisville, KY",
2025-09-04,2025-09-09,401772827,2025-09-07T17:00Z,28,Washington Commanders,19,New York Giants,28,Washington Commanders,4431506,Ja'Corey Brooks,WR,Louisville,"{'city': 'Bradenton', 'state': 'FL', 'country': 'USA'}",Bradenton,FL,USA,"Bradenton, FL",
2025-09-04,2025-09-09,401772827,2025-09-07T17:00Z,28,Washington Commanders,19,New York Giants,28,Washington Commanders,3917849,Lawrence Cager,WR,Georgia,"{'city': 'Baltimore', 'state': 'MD', 'country': 'USA'}",Baltimore,MD,USA,"Baltimore, MD",4
2025-09-04,2025-09-09,401772827,2025-09-07T17:00Z,28,Washington Commanders,19,New York Giants,28,Washington Commanders,4567132,Darrian Dalcourt,G,Alabama,"{'city': 'Havre De Grace', 'state': 'MD', 'country': 'USA'}",Havre De Grace,MD,USA,"Havre De Grace, MD",1
2025-09-04,2025-09-09,401772827,2025-09-07T17:00Z,28,Washington Commanders,19,New York Giants,28,Washington Commanders,2976194,Sheldon Day,DT,Notre Dame,"{'city': 'Indianapolis', 'state': 'IN', 'country': 'USA'}",Indianapolis,IN,USA,"Indianapolis, IN",9
2025-09-04,2025-09-09,401772827,2025-09-07T17:00Z,28,Washington Commanders,19,New York Giants,28,Washington Commanders,4431536,Donovan Edwards,RB,Michigan,"{'city': 'West Bloomfield', 'state': 'MI', 'country': 'USA'}",West Bloomfield,MI,USA,"West Bloomfield, MI",
2025-09-04,2025-09-09,401772827,2025-09-07T17:00Z,28,Washington Commanders,19,New York Giants,28,Washington Commanders,3056354,Antonio Hamilton Sr.,CB,South Carolina State,"{'city': 'Johnston', 'state': 'SC', 'country': 'USA'}",Johnston,SC,USA,"Johnston, SC",10
2025-09-04,2025-09-09,401772827,2025-09-07T17:00Z,28,Washington Commanders,19,New York Giants,28,Washington Commanders,4361994,Sam Hartman,QB,Notre Dame,"{'city': 'Charlotte', 'state': 'NC', 'country': 'USA'}",Charlotte,NC,USA,"Charlotte, NC",1
2025-09-04,2025-09-09,401772827,2025-09-07T17:00Z,28,Washington Commanders,19,New York Giants,28,Washington Commanders,3121414,Jalyn Holmes,DE,Ohio State,"{'city': 'Norfolk', 'state': 'VA', 'country': 'USA'}",Norfolk,VA,USA,"Norfolk, VA",6
2025-09-04,2025-09-09,401772827,2025-09-07T17:00Z,28,Washington Commanders,19,New York Giants,28,Washington Commanders,5083297,Jacoby Jones,WR,UCF,"{'city': 'Tunica', 'state': 'MS', 'country': 'USA'}",Tunica,MS,USA,"Tunica, MS",
2025-09-04,2025-09-09,401772827,2025-09-07T17:00Z,28,Washington Commanders,19,New York Giants,28,Washington Commanders,5278092,T.J. Maguranyanga,LB,,"{'city': 'Harare', 'country': 'Zimbabwe'}",Harare,,Zimbabwe,Harare,
2025-09-04,2025-09-09,401772827,2025-09-07T17:00Z,28,Washington Commanders,19,New York Giants,28,Washington Commanders,4574814,Robert McDaniel,S,Jackson State,"{'city': 'Jackson', 'state': 'MS', 'country': 'USA'}",Jackson,MS,USA,"Jackson, MS",
2025-09-04,2025-09-09,401772827,2025-09-07T17:00Z,28,Washington Commanders,19,New York Giants,28,Washington Commanders,4568320,Timothy McKay,G,NC State,"{'city': 'Raleigh', 'state': 'NC', 'country': 'USA'}",Raleigh,NC,USA,"Raleigh, NC",
2025-09-04,2025-09-09,401772827,2025-09-07T17:00Z,28,Washington Commanders,19,New York Giants,28,Washington Commanders,4362858,Darius Rush,CB,South Carolina,"{'city': 'Kingstree', 'state': 'SC', 'country': 'USA'}",Kingstree,SC,USA,"Kingstree, SC",2
2025-09-04,2025-09-09,401772827,2025-09-07T17:00Z,28,Washington Commanders,19,New York Giants,28,Washington Commanders,4917486,Car'lin Vigers,CB,UL Monroe,"{'city': 'Eunice', 'state': 'LA', 'country': 'USA'}",Eunice,LA,USA,"Eunice, LA",
2025-09-04,2025-09-09,401772827,2025-09-07T17:00Z,28,Washington Commanders,19,New York Giants,19,New York Giants,4361516,Daniel Bellinger,TE,San Diego State,"{'city': 'Las Vegas', 'state': 'NV', 'country': 'USA'}",Las Vegas,NV,USA,"Las Vegas, NV",4
2025-09-04,2025-09-09,401772827,2025-09-07T17:00Z,28,Washington Commanders,19,New York Giants,19,New York Giants,4431210,Beaux Collins,WR,Notre Dame,"{'city': 'Los Angeles', 'state': 'CA', 'country': 'USA'}",Los Angeles,CA,USA,"Los Angeles, CA",
2025-09-04,2025-09-09,401772827,2025-09-07T17:00Z,28,Washington Commanders,19,New York Giants,19,New York Giants,4689114,Jaxson Dart,QB,Ole Miss,"{'city': 'Kaysville', 'state': 'UT', 'country': 'USA'}",Kaysville,UT,USA,"Kaysville, UT",
2025-09-04,2025-09-09,401772827,2025-09-07T17:00Z,28,Washington Commanders,19,New York Giants,19,New York Giants,3115303,Jermaine Eluemunor,OT,Texas A&M,"{'city': 'Denville', 'state': 'NJ', 'country': 'USA'}",Denville,NJ,USA,"Denville, NJ",9
2025-09-04,2025-09-09,401772827,2025-09-07T17:00Z,28,Washington Commanders,19,New York Giants,19,New York Giants,4590292,Thomas Fidone II,TE,Nebraska,"{'city': 'Council Bluffs', 'state': 'IA', 'country': 'USA'}",Council Bluffs,IA,USA,"Council Bluffs, IA",
2025-09-04,2025-09-09,401772827,2025-09-07T17:00Z,28,Washington Commanders,19,New York Giants,19,New York Giants,4258181,James Hudson III,OT,Cincinnati,"{'city': 'Toledo', 'state': 'OH', 'country': 'USA'}",Toledo,OH,USA,"Toledo, OH",5
2025-09-04,2025-09-09,401772827,2025-09-07T17:00Z,28,Washington Commanders,19,New York Giants,19,New York Giants,4692590,Jalin Hyatt,WR,Tennessee,"{'city': 'Irmo', 'state': 'SC', 'country': 'USA'}",Irmo,SC,USA,"Irmo, SC",3
2025-09-04,2025-09-09,401772827,2025-09-07T17:00Z,28,Washington Commanders,19,New York Giants,19,New York Giants,4429148,Theo Johnson,TE,Penn State,"{'city': 'Windsor', 'state': 'ON', 'country': 'Canada'}",Windsor,ON,Canada,"Windsor, ON",2
2025-09-04,2025-09-09,401772827,2025-09-07T17:00Z,28,Washington Commanders,19,New York Giants,19,New York Giants,2531358,Chris Manhertz,TE,Canisius,"{'city': 'Bronx', 'state': 'NY', 'country': 'USA'}",Bronx,NY,USA,"Bronx, NY",10
2025-09-04,2025-09-09,401772827,2025-09-07T17:00Z,28,Washington Commanders,19,New York Giants,19,New York Giants,4686362,Marcus Mbow,G,Purdue,"{'city': 'Milwaukee', 'state': 'WI', 'country': 'USA'}",Milwaukee,WI,USA,"Milwaukee, WI",
2025-09-04,2025-09-09,401772827,2025-09-07T17:00Z,28,Washington Commanders,19,New York Giants,19,New York Giants,4595348,Malik Nabers,WR,LSU,"{'city': 'Youngsville', 'state': 'LA', 'country': 'USA'}",Youngsville,LA,USA,"Youngsville, LA",2
2025-09-04,2025-09-09,401772827,2025-09-07T17:00Z,28,Washington Commanders,19,New York Giants,19,New York Giants,4567134,Evan Neal,OT,Alabama,"{'city': 'Okeechobee', 'state': 'FL', 'country': 'USA'}",Okeechobee,FL,USA,"Okeechobee, FL",4
2025-09-04,2025-09-09,401772827,2025-09-07T17:00Z,28,Washington Commanders,19,New York Giants,19,New York Giants,4424106,Gunner Olszewski,WR,Bemidji State,"{'city': 'Alvin', 'state': 'TX', 'country': 'USA'}",Alvin,TX,USA,"Alvin, TX",7
2025-09-04,2025-09-09,401772827,2025-09-07T17:00Z,28,Washington Commanders,19,New York Giants,19,New York Giants,4569587,Wan'Dale Robinson,WR,Kentucky,"{'city': 'Frankfort', 'state': 'KY', 'country': 'USA'}",Frankfort,KY,USA,"Frankfort, KY",4
2025-09-04,2025-09-09,401772827,2025-09-07T17:00Z,28,Washington Commanders,19,New York Giants,19,New York Giants,3929936,Jon Runyan,G,Michigan,"{'city': 'Moorestown', 'state': 'NJ', 'country': 'USA'}",Moorestown,NJ,USA,"Moorestown, NJ",6
2025-09-04,2025-09-09,401772827,2025-09-07T17:00Z,28,Washington Commanders,19,New York Giants,19,New York Giants,4038544,Austin Schlottmann,C,TCU,"{'city': 'Brenham', 'state': 'TX', 'country': 'USA'}",Brenham,TX,USA,"Brenham, TX",7
2025-09-04,2025-09-09,401772827,2025-09-07T17:00Z,28,Washington Commanders,19,New York Giants,19,New York Giants,4240771,John Michael Schmitz Jr.,C,Minnesota,"{'city': 'Flossmoor', 'state': 'IL', 'country': 'USA'}",Flossmoor,IL,USA,"Flossmoor, IL",3
2025-09-04,2025-09-09,401772827,2025-09-07T17:00Z,28,Washington Commanders,19,New York Giants,19,New York Giants,4040761,Devin Singletary,RB,Florida Atlantic,"{'city': 'Deerfield Beach', 'state': 'FL', 'country': 'USA'}",Deerfield Beach,FL,USA,"Deerfield Beach, FL",7
2025-09-04,2025-09-09,401772827,2025-09-07T17:00Z,28,Washington Commanders,19,New York Giants,19,New York Giants,4696981,Cam Skattebo,RB,Arizona State,"{'city': 'Rio Linda', 'state': 'CA', 'country': 'USA'}",Rio Linda,CA,USA,"Rio Linda, CA",
2025-09-04,2025-09-09,401772827,2025-09-07T17:00Z,28,Washington Commanders,19,New York Giants,19,New York Giants,3916945,Darius Slayton,WR,Auburn,"{'city': 'Norcross', 'state': 'GA', 'country': 'USA'}",Norcross,GA,USA,"Norcross, GA",7
2025-09-04,2025-09-09,401772827,2025-09-07T17:00Z,28,Washington Commanders,19,New York Giants,19,New York Giants,3049339,Aaron Stinnie,G,James Madison,"{'city': 'Charlottesville', 'state': 'VA', 'country': 'USA'}",Charlottesville,VA,USA,"Charlottesville, VA",8
2025-09-04,2025-09-09,401772827,2025-09-07T17:00Z,28,Washington Commanders,19,New York Giants,19,New York Giants,4259566,Andrew Thomas,OT,Georgia,"{'city': 'Lithonia', 'state': 'GA', 'country': 'USA'}",Lithonia,GA,USA,"Lithonia, GA",6
2025-09-04,2025-09-09,401772827,2025-09-07T17:00Z,28,Washington Commanders,19,New York Giants,19,New York Giants,4360516,Tyrone Tracy Jr.,RB,Purdue,"{'city': 'Indianapolis', 'state': 'IN', 'country': 'USA'}",Indianapolis,IN,USA,"Indianapolis, IN",2
2025-09-04,2025-09-09,401772827,2025-09-07T17:00Z,28,Washington Commanders,19,New York Giants,19,New York Giants,15718,Greg Van Roten,G,Pennsylvania,"{'city': 'Rockville Centre', 'state': 'NY', 'country': 'USA'}",Rockville Centre,NY,USA,"Rockville Centre, NY",11
2025-09-04,2025-09-09,401772827,2025-09-07T17:00Z,28,Washington Commanders,19,New York Giants,19,New York Giants,14881,Russell Wilson,QB,Wisconsin,"{'city': 'Richmond', 'state': 'VA', 'country': 'USA'}",Richmond,VA,USA,"Richmond, VA",14
2025-09-04,2025-09-09,401772827,2025-09-07T17:00Z,28,Washington Commanders,19,New York Giants,19,New York Giants,2969939,Jameis Winston,QB,Florida State,"{'city': 'Bessemer', 'state': 'AL', 'country': 'USA'}",Bessemer,AL,USA,"Bessemer, AL",11
2025-09-04,2025-09-09,401772827,2025-09-07T17:00Z,28,Washington Commanders,19,New York Giants,19,New York Giants,4242547,Paulson Adebo,CB,Stanford,"{'city': 'Mansfield', 'state': 'TX', 'country': 'USA'}",Mansfield,TX,USA,"Mansfield, TX",5
2025-09-04,2025-09-09,401772827,2025-09-07T17:00Z,28,Washington Commanders,19,New York Giants,19,New York Giants,4426542,Darius Alexander,DT,Toledo,"{'city': 'Fort Wayne', 'state': 'IN', 'country': 'USA'}",Fort Wayne,IN,USA,"Fort Wayne, IN",
2025-09-04,2025-09-09,401772827,2025-09-07T17:00Z,28,Washington Commanders,19,New York Giants,19,New York Giants,4428328,Deonte Banks,CB,Maryland,"{'city': 'Baltimore', 'state': 'MD', 'country': 'USA'}",Baltimore,MD,USA,"Baltimore, MD",3
2025-09-04,2025-09-09,401772827,2025-09-07T17:00Z,28,Washington Commanders,19,New York Giants,19,New York Giants,4426686,Dane Belton,S,Iowa,"{'city': 'Tampa', 'state': 'FL', 'country': 'USA'}",Tampa,FL,USA,"Tampa, FL",4
2025-09-04,2025-09-09,401772827,2025-09-07T17:00Z,28,Washington Commanders,19,New York Giants,19,New York Giants,3060403,Chris Board,LB,North Dakota State,"{'city': 'Orlando', 'state': 'FL', 'country': 'USA'}",Orlando,FL,USA,"Orlando, FL",8
2025-09-04,2025-09-09,401772827,2025-09-07T17:00Z,28,Washington Commanders,19,New York Giants,19,New York Giants,4429291,Beau Brade,S,Maryland,"{'city': 'Clarksville', 'state': 'MD', 'country': 'USA'}",Clarksville,MD,USA,"Clarksville, MD",2
2025-09-04,2025-09-09,401772827,2025-09-07T17:00Z,28,Washington Commanders,19,New York Giants,19,New York Giants,4035631,Brian Burns,LB,Florida State,"{'city': 'Fort Lauderdale', 'state': 'FL', 'country': 'USA'}",Fort Lauderdale,FL,USA,"Fort Lauderdale, FL",7
2025-09-04,2025-09-09,401772827,2025-09-07T17:00Z,28,Washington Commanders,19,New York Giants,19,New York Giants,4725996,Abdul Carter,LB,Penn State,"{'city': 'Philadelphia', 'state': 'PA', 'country': 'USA'}",Philadelphia,PA,USA,"Philadelphia, PA",
2025-09-04,2025-09-09,401772827,2025-09-07T17:00Z,28,Washington Commanders,19,New York Giants,19,New York Giants,4242899,D.J. Davidson,DT,Arizona State,"{'city': 'Mesa', 'state': 'AZ', 'country': 'USA'}",Mesa,AZ,USA,"Mesa, AZ",4
2025-09-04,2025-09-09,401772827,2025-09-07T17:00Z,28,Washington Commanders,19,New York Giants,19,New York Giants,3931424,Demetrius Flannigan-Fowles,LB,Arizona,"{'city': 'Tucson', 'state': 'AZ', 'country': 'USA'}",Tucson,AZ,USA,"Tucson, AZ",6
2025-09-04,2025-09-09,401772827,2025-09-07T17:00Z,28,Washington Commanders,19,New York Giants,19,New York Giants,4429607,Cor'Dale Flott,CB,LSU,"{'city': 'Saraland', 'state': 'AL', 'country': 'USA'}",Saraland,AL,USA,"Saraland, AL",4
2025-09-04,2025-09-09,401772827,2025-09-07T17:00Z,28,Washington Commanders,19,New York Giants,19,New York Giants,4039170,Elijah Garcia,DE,Rice,"{'city': 'San Antonio', 'state': 'TX', 'country': 'USA'}",San Antonio,TX,USA,"San Antonio, TX",2
2025-09-04,2025-09-09,401772827,2025-09-07T17:00Z,28,Washington Commanders,19,New York Giants,19,New York Giants,4036132,Chauncey Golston,DE,Iowa,"{'city': 'Detroit', 'state': 'MI', 'country': 'USA'}",Detroit,MI,USA,"Detroit, MI",5
2025-09-04,2025-09-09,401772827,2025-09-07T17:00Z,28,Washington Commanders,19,New York Giants,19,New York Giants,4689674,Art Green,CB,Houston,"{'city': 'Chesterfield', 'state': 'MO', 'country': 'USA'}",Chesterfield,MO,USA,"Chesterfield, MO",2
2025-09-04,2025-09-09,401772827,2025-09-07T17:00Z,28,Washington Commanders,19,New York Giants,19,New York Giants,4373809,Jevon Holland,S,Oregon,"{'city': 'Coquitlam', 'state': 'BC', 'country': 'Canada'}",Coquitlam,BC,Canada,"Coquitlam, BC",5
2025-09-04,2025-09-09,401772827,2025-09-07T17:00Z,28,Washington Commanders,19,New York Giants,19,New York Giants,4427636,Nic Jones,CB,Ball State,"{'city': 'Detroit', 'state': 'MI', 'country': 'USA'}",Detroit,MI,USA,"Detroit, MI",2
2025-09-04,2025-09-09,401772827,2025-09-07T17:00Z,28,Washington Commanders,19,New York Giants,19,New York Giants,4035483,Dexter Lawrence II,DT,Clemson,"{'city': 'Wake Forest', 'state': 'NC', 'country': 'USA'}",Wake Forest,NC,USA,"Wake Forest, NC",7
2025-09-04,2025-09-09,401772827,2025-09-07T17:00Z,28,Washington Commanders,19,New York Giants,19,New York Giants,4371961,Micah McFadden,LB,Indiana,"{'city': 'Tampa', 'state': 'FL', 'country': 'USA'}",Tampa,FL,USA,"Tampa, FL",4
2025-09-04,2025-09-09,401772827,2025-09-07T17:00Z,28,Washington Commanders,19,New York Giants,19,New York Giants,4428072,Darius Muasau,LB,UCLA,"{'city': 'Ewa Beach', 'state': 'HI', 'country': 'USA'}",Ewa Beach,HI,USA,"Ewa Beach, HI",2
2025-09-04,2025-09-09,401772827,2025-09-07T17:00Z,28,Washington Commanders,19,New York Giants,19,New York Giants,4430261,Tyler Nubin,S,Minnesota,"{'city': 'Saint Charles', 'state': 'IL', 'country': 'USA'}",Saint Charles,IL,USA,"Saint Charles, IL",2
2025-09-04,2025-09-09,401772827,2025-09-07T17:00Z,28,Washington Commanders,19,New York Giants,19,New York Giants,2575453,Rakeem Nunez-Roches,DT,Southern Miss,"{'city': 'DANGRIGA', 'country': 'Belize'}",DANGRIGA,,Belize,DANGRIGA,11
2025-09-04,2025-09-09,401772827,2025-09-07T17:00Z,28,Washington Commanders,19,New York Giants,19,New York Giants,3117253,Bobby Okereke,LB,Stanford,"{'city': 'Santa Ana', 'state': 'CA', 'country': 'USA'}",Santa Ana,CA,USA,"Santa Ana, CA",7
2025-09-04,2025-09-09,401772827,2025-09-07T17:00Z,28,Washington Commanders,19,New York Giants,19,New York Giants,4431321,Dru Phillips,CB,Kentucky,"{'city': 'Birmingham', 'state': 'AL', 'country': 'USA'}",Birmingham,AL,USA,"Birmingham, AL",2
2025-09-04,2025-09-09,401772827,2025-09-07T17:00Z,28,Washington Commanders,19,New York Giants,19,New York Giants,2574891,Roy Robertson-Harris,DT,UTEP,"{'city': 'Grand Prairie', 'state': 'TX', 'country': 'USA'}",Grand Prairie,TX,USA,"Grand Prairie, TX",9
2025-09-04,2025-09-09,401772827,2025-09-07T17:00Z,28,Washington Commanders,19,New York Giants,19,New York Giants,4426326,Kayvon Thibodeaux,LB,Oregon,"{'city': 'Los Angeles', 'state': 'CA', 'country': 'USA'}",Los Angeles,CA,USA,"Los Angeles, CA",4
2025-09-04,2025-09-09,401772827,2025-09-07T17:00Z,28,Washington Commanders,19,New York Giants,19,New York Giants,12460,Graham Gano,PK,Florida State,"{'city': 'Pensacola', 'state': 'FL', 'country': 'USA'}",Pensacola,FL,USA,"Pensacola, FL",16
2025-09-04,2025-09-09,401772827,2025-09-07T17:00Z,28,Washington Commanders,19,New York Giants,19,New York Giants,3936185,Jamie Gillan,P,Arkansas-Pine Bluff,"{'city': 'Leonardtown', 'state': 'MD', 'country': 'USA'}",Leonardtown,MD,USA,"Leonardtown, MD",7
2025-09-04,2025-09-09,401772827,2025-09-07T17:00Z,28,Washington Commanders,19,New York Giants,19,New York Giants,17304,Casey Kreiter,LS,Iowa,"{'city': 'Dewitt', 'state': 'IA', 'country': 'USA'}",Dewitt,IA,USA,"Dewitt, IA",10
2025-09-04,2025-09-09,401772827,2025-09-07T17:00Z,28,Washington Commanders,19,New York Giants,19,New York Giants,4240464,Victor Dimukeje,LB,Duke,"{'city': 'Baltimore', 'state': 'MD', 'country': 'USA'}",Baltimore,MD,USA,"Baltimore, MD",5
2025-09-04,2025-09-09,401772827,2025-09-07T17:00Z,28,Washington Commanders,19,New York Giants,19,New York Giants,4373280,Joshua Ezeudu,G,North Carolina,"{'city': 'Lawrenceville', 'state': 'GA', 'country': 'USA'}",Lawrenceville,GA,USA,"Lawrenceville, GA",4
2025-09-04,2025-09-09,401772827,2025-09-07T17:00Z,28,Washington Commanders,19,New York Giants,19,New York Giants,4575348,Da'Quan Felton,WR,Virginia Tech,"{'city': 'Portsmouth', 'state': 'VA', 'country': 'USA'}",Portsmouth,VA,USA,"Portsmouth, VA",
2025-09-04,2025-09-09,401772827,2025-09-07T17:00Z,28,Washington Commanders,19,New York Giants,19,New York Giants,4362227,Bryce Ford-Wheaton,WR,West Virginia,"{'city': 'Fuquay-Varina', 'state': 'NC', 'country': 'USA'}",Fuquay-Varina,NC,USA,"Fuquay-Varina, NC",3
2025-09-04,2025-09-09,401772827,2025-09-07T17:00Z,28,Washington Commanders,19,New York Giants,19,New York Giants,4570561,Eric Gray,RB,Oklahoma,"{'city': 'Memphis', 'state': 'TN', 'country': 'USA'}",Memphis,TN,USA,"Memphis, TN",3
2025-09-04,2025-09-09,401772827,2025-09-07T17:00Z,28,Washington Commanders,19,New York Giants,19,New York Giants,4686553,Tre Hawkins III,CB,Old Dominion,"{'city': 'Temple', 'state': 'TX', 'country': 'USA'}",Temple,TX,USA,"Temple, TX",3
2025-09-04,2025-09-09,401772827,2025-09-07T17:00Z,28,Washington Commanders,19,New York Giants,19,New York Giants,4361748,Anthony Johnson Jr.,S,Iowa State,"{'city': 'St. Petersburg', 'state': 'FL', 'country': 'USA'}",St. Petersburg,FL,USA,"St. Petersburg, FL",3
2025-09-04,2025-09-09,401772827,2025-09-07T17:00Z,28,Washington Commanders,19,New York Giants,19,New York Giants,4692055,TJ Moore,CB,Mercer,"{'city': 'Riverdale', 'state': 'GA', 'country': 'USA'}",Riverdale,GA,USA,"Riverdale, GA",
2025-09-04,2025-09-09,401772827,2025-09-07T17:00Z,28,Washington Commanders,19,New York Giants,19,New York Giants,4368350,Rico Payton,CB,Pittsburg State,"{'city': 'St. Louis', 'state': 'MO', 'country': 'USA'}",St. Louis,MO,USA,"St. Louis, MO",2
2025-09-04,2025-09-09,401772827,2025-09-07T17:00Z,28,Washington Commanders,19,New York Giants,19,New York Giants,4362234,Zaire Barnes,LB,Western Michigan,"{'city': 'Mundelein', 'state': 'IL', 'country': 'USA'}",Mundelein,IL,USA,"Mundelein, IL",3
2025-09-04,2025-09-09,401772827,2025-09-07T17:00Z,28,Washington Commanders,19,New York Giants,19,New York Giants,4570546,Swayze Bozeman,LB,Southern Miss,"{'city': 'Flora', 'state': 'MS', 'country': 'USA'}",Flora,MS,USA,"Flora, MS",
2025-09-04,2025-09-09,401772827,2025-09-07T17:00Z,28,Washington Commanders,19,New York Giants,19,New York Giants,4429392,Elijah Chatman,DT,SMU,"{'city': 'Shreveport', 'state': 'LA', 'country': 'USA'}",Shreveport,LA,USA,"Shreveport, LA",2
2025-09-04,2025-09-09,401772827,2025-09-07T17:00Z,28,Washington Commanders,19,New York Giants,19,New York Giants,4247276,McClendon Curtis,G,Chattanooga,"{'city': 'Chattanooga', 'state': 'TN', 'country': 'USA'}",Chattanooga,TN,USA,"Chattanooga, TN",2
2025-09-04,2025-09-09,401772827,2025-09-07T17:00Z,28,Washington Commanders,19,New York Giants,19,New York Giants,4037520,Tomon Fox,LB,North Carolina,"{'city': 'Lawrenceville', 'state': 'GA', 'country': 'USA'}",Lawrenceville,GA,USA,"Lawrenceville, GA",3
2025-09-04,2025-09-09,401772827,2025-09-07T17:00Z,28,Washington Commanders,19,New York Giants,19,New York Giants,4426489,Bryan Hudson,C,Louisville,"{'city': 'Georgetown', 'state': 'KY', 'country': 'USA'}",Georgetown,KY,USA,"Georgetown, KY",1
2025-09-04,2025-09-09,401772827,2025-09-07T17:00Z,28,Washington Commanders,19,New York Giants,19,New York Giants,4039057,Lil'Jordan Humphrey,WR,Texas,"{'city': 'Southlake', 'state': 'TX', 'country': 'USA'}",Southlake,TX,USA,"Southlake, TX",6
2025-09-04,2025-09-09,401772827,2025-09-07T17:00Z,28,Washington Commanders,19,New York Giants,19,New York Giants,4379769,Qadir Ismail,TE,Samford,"{'city': 'Bel Air', 'state': 'MD', 'country': 'USA'}",Bel Air,MD,USA,"Bel Air, MD",
2025-09-04,2025-09-09,401772827,2025-09-07T17:00Z,28,Washington Commanders,19,New York Giants,19,New York Giants,4383405,Jake Kubas,G,North Dakota State,"{'city': 'Dickinson', 'state': 'ND', 'country': 'USA'}",Dickinson,ND,USA,"Dickinson, ND",2
2025-09-04,2025-09-09,401772827,2025-09-07T17:00Z,28,Washington Commanders,19,New York Giants,19,New York Giants,4258237,Raheem Layne,S,Indiana,"{'city': 'DeLand', 'state': 'FL', 'country': 'USA'}",DeLand,FL,USA,"DeLand, FL",3
2025-09-04,2025-09-09,401772827,2025-09-07T17:00Z,28,Washington Commanders,19,New York Giants,19,New York Giants,5092436,Jude McAtamney,PK,Rutgers,"{'city': 'Derry', 'country': 'Ireland'}",Derry,,Ireland,Derry,1
2025-09-04,2025-09-09,401772827,2025-09-07T17:00Z,28,Washington Commanders,19,New York Giants,19,New York Giants,4430158,Patrick McMorris,S,California,"{'city': 'Santa Ana', 'state': 'CA', 'country': 'USA'}",Santa Ana,CA,USA,"Santa Ana, CA",2
2025-09-04,2025-09-09,401772827,2025-09-07T17:00Z,28,Washington Commanders,19,New York Giants,19,New York Giants,4367510,Dante Miller,RB,South Carolina,"{'city': 'Rockingham', 'state': 'NC', 'country': 'USA'}",Rockingham,NC,USA,"Rockingham, NC",1
2025-09-04,2025-09-09,401772827,2025-09-07T17:00Z,28,Washington Commanders,19,New York Giants,19,New York Giants,4240677,Jordon Riley,DT,Oregon,"{'city': 'New Bern', 'state': 'NC', 'country': 'USA'}",New Bern,NC,USA,"New Bern, NC",3
2025-09-04,2025-09-09,401772827,2025-09-07T17:00Z,28,Washington Commanders,19,New York Giants,19,New York Giants,4240573,Ihmir Smith-Marsette,WR,Iowa,"{'city': 'Newark', 'state': 'NJ', 'country': 'USA'}",Newark,NJ,USA,"Newark, NJ",5
2025-09-04,2025-09-09,401772827,2025-09-07T17:00Z,28,Washington Commanders,19,New York Giants,19,New York Giants,5081362,Dee Williams,CB,Tennessee,"{'city': 'Forsyth', 'state': 'GA', 'country': 'USA'}",Forsyth,GA,USA,"Forsyth, GA",2
2025-09-04,2025-09-09,401772828,2025-09-07T17:00Z,30,Jacksonville Jaguars,29,Carolina Panthers,30,Jacksonville Jaguars,4911851,LeQuint Allen Jr.,RB,Syracuse,"{'city': 'Millville', 'state': 'NJ', 'country': 'USA'}",Millville,NJ,USA,"Millville, NJ",
2025-09-04,2025-09-09,401772828,2025-09-07T17:00Z,30,Jacksonville Jaguars,29,Carolina Panthers,30,Jacksonville Jaguars,4429013,Tank Bigsby,RB,Auburn,"{'city': 'LaGrange', 'state': 'GA', 'country': 'USA'}",LaGrange,GA,USA,"LaGrange, GA",3
2025-09-04,2025-09-09,401772828,2025-09-07T17:00Z,30,Jacksonville Jaguars,29,Carolina Panthers,30,Jacksonville Jaguars,4361577,Dyami Brown,WR,North Carolina,"{'city': 'Charlotte', 'state': 'NC', 'country': 'USA'}",Charlotte,NC,USA,"Charlotte, NC",5
2025-09-04,2025-09-09,401772828,2025-09-07T17:00Z,30,Jacksonville Jaguars,29,Carolina Panthers,30,Jacksonville Jaguars,4048231,Ezra Cleveland,G,Boise State,"{'city': 'Spanaway', 'state': 'WA', 'country': 'USA'}",Spanaway,WA,USA,"Spanaway, WA",6
2025-09-04,2025-09-09,401772828,2025-09-07T17:00Z,30,Jacksonville Jaguars,29,Carolina Panthers,30,Jacksonville Jaguars,3701582,Chuma Edoga,G,USC,"{'city': 'Atlanta', 'state': 'GA', 'country': 'USA'}",Atlanta,GA,USA,"Atlanta, GA",7
2025-09-04,2025-09-09,401772828,2025-09-07T17:00Z,30,Jacksonville Jaguars,29,Carolina Panthers,30,Jacksonville Jaguars,4239996,Travis Etienne Jr.,RB,Clemson,"{'city': 'Jennings', 'state': 'LA', 'country': 'USA'}",Jennings,LA,USA,"Jennings, LA",5
2025-09-04,2025-09-09,401772828,2025-09-07T17:00Z,30,Jacksonville Jaguars,29,Carolina Panthers,30,Jacksonville Jaguars,4242391,Robert Hainsey,C,Notre Dame,"{'city': 'Pittsburgh', 'state': 'PA', 'country': 'USA'}",Pittsburgh,PA,USA,"Pittsburgh, PA",5
2025-09-04,2025-09-09,401772828,2025-09-07T17:00Z,30,Jacksonville Jaguars,29,Carolina Panthers,30,Jacksonville Jaguars,4692525,Anton Harrison,OT,Oklahoma,"{'city': 'Washington', 'state': 'DC', 'country': 'USA'}",Washington,DC,USA,"Washington, DC",3
2025-09-04,2025-09-09,401772828,2025-09-07T17:00Z,30,Jacksonville Jaguars,29,Carolina Panthers,30,Jacksonville Jaguars,4685415,Travis Hunter,WR,Colorado,"{'city': 'Suwanee', 'state': 'GA', 'country': 'USA'}",Suwanee,GA,USA,"Suwanee, GA",
2025-09-04,2025-09-09,401772828,2025-09-07T17:00Z,30,Jacksonville Jaguars,29,Carolina Panthers,30,Jacksonville Jaguars,4360310,Trevor Lawrence,QB,Clemson,"{'city': 'Cartersville', 'state': 'GA', 'country': 'USA'}",Cartersville,GA,USA,"Cartersville, GA",5
2025-09-04,2025-09-09,401772828,2025-09-07T17:00Z,30,Jacksonville Jaguars,29,Carolina Panthers,30,Jacksonville Jaguars,4369308,Ricky Lee,OT,North Carolina A&T,"{'city': 'Jacksonville', 'state': 'FL', 'country': 'USA'}",Jacksonville,FL,USA,"Jacksonville, FL",2
2025-09-04,2025-09-09,401772828,2025-09-07T17:00Z,30,Jacksonville Jaguars,29,Carolina Panthers,30,Jacksonville Jaguars,4242554,Walker Little,OT,Stanford,"{'city': 'Houston', 'state': 'TX', 'country': 'USA'}",Houston,TX,USA,"Houston, TX",5
2025-09-04,2025-09-09,401772828,2025-09-07T17:00Z,30,Jacksonville Jaguars,29,Carolina Panthers,30,Jacksonville Jaguars,4239944,Hunter Long,TE,Boston College,"{'city': 'Exeter', 'state': 'NH', 'country': 'USA'}",Exeter,NH,USA,"Exeter, NH",5
2025-09-04,2025-09-09,401772828,2025-09-07T17:00Z,30,Jacksonville Jaguars,29,Carolina Panthers,30,Jacksonville Jaguars,3863820,Patrick Mekari,G,California,"{'city': 'Westlake Village', 'state': 'CA', 'country': 'USA'}",Westlake Village,CA,USA,"Westlake Village, CA",7
2025-09-04,2025-09-09,401772828,2025-09-07T17:00Z,30,Jacksonville Jaguars,29,Carolina Panthers,30,Jacksonville Jaguars,4431463,Wyatt Milum,G,West Virginia,"{'city': 'Kenova', 'state': 'WV', 'country': 'USA'}",Kenova,WV,USA,"Kenova, WV",
2025-09-04,2025-09-09,401772828,2025-09-07T17:00Z,30,Jacksonville Jaguars,29,Carolina Panthers,30,Jacksonville Jaguars,4430481,Jonah Monheim,C,USC,"{'city': 'Moorpark', 'state': 'CA', 'country': 'USA'}",Moorpark,CA,USA,"Moorpark, CA",
2025-09-04,2025-09-09,401772828,2025-09-07T17:00Z,30,Jacksonville Jaguars,29,Carolina Panthers,30,Jacksonville Jaguars,3059989,Nick Mullens,QB,Southern Miss,"{'city': 'Hoover', 'state': 'AL', 'country': 'USA'}",Hoover,AL,USA,"Hoover, AL",7
2025-09-04,2025-09-09,401772828,2025-09-07T17:00Z,30,Jacksonville Jaguars,29,Carolina Panthers,30,Jacksonville Jaguars,3052096,Johnny Mundt,TE,Oregon,"{'city': 'Modesto', 'state': 'CA', 'country': 'USA'}",Modesto,CA,USA,"Modesto, CA",8
2025-09-04,2025-09-09,401772828,2025-09-07T17:00Z,30,Jacksonville Jaguars,29,Carolina Panthers,30,Jacksonville Jaguars,3134353,Tim Patrick,WR,Utah,"{'city': 'San Diego', 'state': 'CA', 'country': 'USA'}",San Diego,CA,USA,"San Diego, CA",8
2025-09-04,2025-09-09,401772828,2025-09-07T17:00Z,30,Jacksonville Jaguars,29,Carolina Panthers,30,Jacksonville Jaguars,4430539,Brenton Strange,TE,Penn State,"{'city': 'Parkersburg', 'state': 'WV', 'country': 'USA'}",Parkersburg,WV,USA,"Parkersburg, WV",3
2025-09-04,2025-09-09,401772828,2025-09-07T17:00Z,30,Jacksonville Jaguars,29,Carolina Panthers,30,Jacksonville Jaguars,4432773,Brian Thomas Jr.,WR,LSU,"{'city': 'Walker', 'state': 'LA', 'country': 'USA'}",Walker,LA,USA,"Walker, LA",2
2025-09-04,2025-09-09,401772828,2025-09-07T17:00Z,30,Jacksonville Jaguars,29,Carolina Panthers,30,Jacksonville Jaguars,4882093,Bhayshul Tuten,RB,Virginia Tech,"{'city': 'Paulsboro', 'state': 'NJ', 'country': 'USA'}",Paulsboro,NJ,USA,"Paulsboro, NJ",
2025-09-04,2025-09-09,401772828,2025-09-07T17:00Z,30,Jacksonville Jaguars,29,Carolina Panthers,30,Jacksonville Jaguars,4035791,Cole Van Lanen,OT,Wisconsin,"{'city': 'Green Bay', 'state': 'WI', 'country': 'USA'}",Green Bay,WI,USA,"Green Bay, WI",5
2025-09-04,2025-09-09,401772828,2025-09-07T17:00Z,30,Jacksonville Jaguars,29,Carolina Panthers,30,Jacksonville Jaguars,4432620,Parker Washington,WR,Penn State,"{'city': 'Sugar Land', 'state': 'TX', 'country': 'USA'}",Sugar Land,TX,USA,"Sugar Land, TX",3
2025-09-04,2025-09-09,401772828,2025-09-07T17:00Z,30,Jacksonville Jaguars,29,Carolina Panthers,30,Jacksonville Jaguars,4360807,Yasir Abdullah,LB,Louisville,"{'city': 'Miramar', 'state': 'FL', 'country': 'USA'}",Miramar,FL,USA,"Miramar, FL",3
2025-09-04,2025-09-09,401772828,2025-09-07T17:00Z,30,Jacksonville Jaguars,29,Carolina Panthers,30,Jacksonville Jaguars,2971275,Arik Armstead,DT,Oregon,"{'city': 'Sacramento', 'state': 'CA', 'country': 'USA'}",Sacramento,CA,USA,"Sacramento, CA",11
2025-09-04,2025-09-09,401772828,2025-09-07T17:00Z,30,Jacksonville Jaguars,29,Carolina Panthers,30,Jacksonville Jaguars,4257580,Christian Braswell,CB,Rutgers,"{'city': 'Washington', 'state': 'DC', 'country': 'USA'}",Washington,DC,USA,"Washington, DC",2
2025-09-04,2025-09-09,401772828,2025-09-07T17:00Z,30,Jacksonville Jaguars,29,Carolina Panthers,30,Jacksonville Jaguars,4242149,Montaric Brown,CB,Arkansas,"{'city': 'Ashdown', 'state': 'AR', 'country': 'USA'}",Ashdown,AR,USA,"Ashdown, AR",4
2025-09-04,2025-09-09,401772828,2025-09-07T17:00Z,30,Jacksonville Jaguars,29,Carolina Panthers,30,Jacksonville Jaguars,4379397,Tyson Campbell,CB,Georgia,"{'city': 'Plantation', 'state': 'FL', 'country': 'USA'}",Plantation,FL,USA,"Plantation, FL",5
2025-09-04,2025-09-09,401772828,2025-09-07T17:00Z,30,Jacksonville Jaguars,29,Carolina Panthers,30,Jacksonville Jaguars,4334300,Dennis Gardeck,LB,Sioux Falls,"{'city': 'Lake In The H', 'state': 'IL', 'country': 'USA'}",Lake In The H,IL,USA,"Lake In The H, IL",8
2025-09-04,2025-09-09,401772828,2025-09-07T17:00Z,30,Jacksonville Jaguars,29,Carolina Panthers,30,Jacksonville Jaguars,4875266,BJ Green II,DE,Colorado,"{'city': 'Powder Springs', 'state': 'GA', 'country': 'USA'}",Powder Springs,GA,USA,"Powder Springs, GA",
2025-09-04,2025-09-09,401772828,2025-09-07T17:00Z,30,Jacksonville Jaguars,29,Carolina Panthers,30,Jacksonville Jaguars,3915520,DaVon Hamilton,DT,Ohio State,"{'city': 'Pickerington', 'state': 'OH', 'country': 'USA'}",Pickerington,OH,USA,"Pickerington, OH",6
2025-09-04,2025-09-09,401772828,2025-09-07T17:00Z,30,Jacksonville Jaguars,29,Carolina Panthers,30,Jacksonville Jaguars,3915239,Josh Hines-Allen,DE,Kentucky,"{'city': 'Montclair', 'state': 'NJ', 'country': 'USA'}",Montclair,NJ,USA,"Montclair, NJ",7
2025-09-04,2025-09-09,401772828,2025-09-07T17:00Z,30,Jacksonville Jaguars,29,Carolina Panthers,30,Jacksonville Jaguars,4429168,Antonio Johnson,S,Texas A&M,"{'city': 'East Saint Louis', 'state': 'IL', 'country': 'USA'}",East Saint Louis,IL,USA,"East Saint Louis, IL",3
2025-09-04,2025-09-09,401772828,2025-09-07T17:00Z,30,Jacksonville Jaguars,29,Carolina Panthers,30,Jacksonville Jaguars,2979591,Austin Johnson,DT,Penn State,"{'city': 'Galloway', 'state': 'NJ', 'country': 'USA'}",Galloway,NJ,USA,"Galloway, NJ",9
2025-09-04,2025-09-09,401772828,2025-09-07T17:00Z,30,Jacksonville Jaguars,29,Carolina Panthers,30,Jacksonville Jaguars,4426448,Jarrian Jones,CB,Florida State,"{'city': 'Magee', 'state': 'MS', 'country': 'USA'}",Magee,MS,USA,"Magee, MS",2
2025-09-04,2025-09-09,401772828,2025-09-07T17:00Z,30,Jacksonville Jaguars,29,Carolina Panthers,30,Jacksonville Jaguars,4427716,Jack Kiser,LB,Notre Dame,"{'city': 'Royal Center', 'state': 'IN', 'country': 'USA'}",Royal Center,IN,USA,"Royal Center, IN",
2025-09-04,2025-09-09,401772828,2025-09-07T17:00Z,30,Jacksonville Jaguars,29,Carolina Panthers,30,Jacksonville Jaguars,4880675,Rayuan Lane III,S,Navy,"{'city': 'Jessup', 'state': 'MD', 'country': 'USA'}",Jessup,MD,USA,"Jessup, MD",
2025-09-04,2025-09-09,401772828,2025-09-07T17:00Z,30,Jacksonville Jaguars,29,Carolina Panthers,30,Jacksonville Jaguars,3045207,Jourdan Lewis,CB,Michigan,"{'city': 'Detroit', 'state': 'MI', 'country': 'USA'}",Detroit,MI,USA,"Detroit, MI",9
2025-09-04,2025-09-09,401772828,2025-09-07T17:00Z,30,Jacksonville Jaguars,29,Carolina Panthers,30,Jacksonville Jaguars,4243256,Devin Lloyd,LB,Utah,"{'city': 'Chula Vista', 'state': 'CA', 'country': 'USA'}",Chula Vista,CA,USA,"Chula Vista, CA",4
2025-09-04,2025-09-09,401772828,2025-09-07T17:00Z,30,Jacksonville Jaguars,29,Carolina Panthers,30,Jacksonville Jaguars,4240610,Ventrell Miller,LB,Florida,"{'city': 'Lakeland', 'state': 'FL', 'country': 'USA'}",Lakeland,FL,USA,"Lakeland, FL",3
2025-09-04,2025-09-09,401772828,2025-09-07T17:00Z,30,Jacksonville Jaguars,29,Carolina Panthers,30,Jacksonville Jaguars,2970716,Eric Murray,S,Minnesota,"{'city': 'Milwaukee', 'state': 'WI', 'country': 'USA'}",Milwaukee,WI,USA,"Milwaukee, WI",10
2025-09-04,2025-09-09,401772828,2025-09-07T17:00Z,30,Jacksonville Jaguars,29,Carolina Panthers,30,Jacksonville Jaguars,2977740,Emmanuel Ogbah,DE,Oklahoma State,"{'city': 'Houston', 'state': 'TX', 'country': 'USA'}",Houston,TX,USA,"Houston, TX",10
2025-09-04,2025-09-09,401772828,2025-09-07T17:00Z,30,Jacksonville Jaguars,29,Carolina Panthers,30,Jacksonville Jaguars,3050073,Foyesade Oluokun,LB,Yale,"{'city': 'St. Louis', 'state': 'MO', 'country': 'USA'}",St. Louis,MO,USA,"St. Louis, MO",8
2025-09-04,2025-09-09,401772828,2025-09-07T17:00Z,30,Jacksonville Jaguars,29,Carolina Panthers,30,Jacksonville Jaguars,3121634,Khalen Saunders,DT,Western Illinois,"{'city': 'St. Louis', 'state': 'MO', 'country': 'USA'}",St. Louis,MO,USA,"St. Louis, MO",7
2025-09-04,2025-09-09,401772828,2025-09-07T17:00Z,30,Jacksonville Jaguars,29,Carolina Panthers,30,Jacksonville Jaguars,3915419,Darnell Savage,S,Maryland,"{'city': 'Newark', 'state': 'DE', 'country': 'USA'}",Newark,DE,USA,"Newark, DE",7
2025-09-04,2025-09-09,401772828,2025-09-07T17:00Z,30,Jacksonville Jaguars,29,Carolina Panthers,30,Jacksonville Jaguars,4431567,Maason Smith,DT,LSU,"{'city': 'Houma', 'state': 'LA', 'country': 'USA'}",Houma,LA,USA,"Houma, LA",2
2025-09-04,2025-09-09,401772828,2025-09-07T17:00Z,30,Jacksonville Jaguars,29,Carolina Panthers,30,Jacksonville Jaguars,3042476,Dawuane Smoot,DE,Illinois,"{'city': 'Groveport', 'state': 'OH', 'country': 'USA'}",Groveport,OH,USA,"Groveport, OH",9
2025-09-04,2025-09-09,401772828,2025-09-07T17:00Z,30,Jacksonville Jaguars,29,Carolina Panthers,30,Jacksonville Jaguars,4573319,Danny Striggow,DE,Minnesota,"{'city': 'Long Lake', 'state': 'MN', 'country': 'USA'}",Long Lake,MN,USA,"Long Lake, MN",
2025-09-04,2025-09-09,401772828,2025-09-07T17:00Z,30,Jacksonville Jaguars,29,Carolina Panthers,30,Jacksonville Jaguars,4426349,Travon Walker,DE,Georgia,"{'city': 'Thomaston', 'state': 'GA', 'country': 'USA'}",Thomaston,GA,USA,"Thomaston, GA",4
2025-09-04,2025-09-09,401772828,2025-09-07T17:00Z,30,Jacksonville Jaguars,29,Carolina Panthers,30,Jacksonville Jaguars,3918331,Andrew Wingard,S,Wyoming,"{'city': 'Arvada', 'state': 'CO', 'country': 'USA'}",Arvada,CO,USA,"Arvada, CO",7
2025-09-04,2025-09-09,401772828,2025-09-07T17:00Z,30,Jacksonville Jaguars,29,Carolina Panthers,30,Jacksonville Jaguars,3115480,Logan Cooke,P,Mississippi State,"{'city': 'Darbun', 'state': 'MS', 'country': 'USA'}",Darbun,MS,USA,"Darbun, MS",8
2025-09-04,2025-09-09,401772828,2025-09-07T17:00Z,30,Jacksonville Jaguars,29,Carolina Panthers,30,Jacksonville Jaguars,4686361,Cam Little,PK,Arkansas,"{'city': 'Moore', 'state': 'OK', 'country': 'USA'}",Moore,OK,USA,"Moore, OK",2
2025-09-04,2025-09-09,401772828,2025-09-07T17:00Z,30,Jacksonville Jaguars,29,Carolina Panthers,30,Jacksonville Jaguars,3928931,Ross Matiscik,LS,Baylor,"{'city': 'McKinney', 'state': 'TX', 'country': 'USA'}",McKinney,TX,USA,"McKinney, TX",6
2025-09-04,2025-09-09,401772828,2025-09-07T17:00Z,30,Jacksonville Jaguars,29,Carolina Panthers,30,Jacksonville Jaguars,4426893,Joshua Cephus,WR,UTSA,"{'city': 'Houston', 'state': 'TX', 'country': 'USA'}",Houston,TX,USA,"Houston, TX",1
2025-09-04,2025-09-09,401772828,2025-09-07T17:00Z,30,Jacksonville Jaguars,29,Carolina Panthers,30,Jacksonville Jaguars,4360786,Cooper Hodges,OT,App State,"{'city': 'Glen Saint Mary', 'state': 'FL', 'country': 'USA'}",Glen Saint Mary,FL,USA,"Glen Saint Mary, FL",3
2025-09-04,2025-09-09,401772828,2025-09-07T17:00Z,30,Jacksonville Jaguars,29,Carolina Panthers,30,Jacksonville Jaguars,4576129,Jalen McLeod,LB,Auburn,"{'city': 'Washington', 'state': 'DC', 'country': 'USA'}",Washington,DC,USA,"Washington, DC",
2025-09-04,2025-09-09,401772828,2025-09-07T17:00Z,30,Jacksonville Jaguars,29,Carolina Panthers,30,Jacksonville Jaguars,4683347,Caleb Ransaw,CB,Tulane,"{'city': 'Harvest', 'state': 'AL', 'country': 'USA'}",Harvest,AL,USA,"Harvest, AL",
2025-09-04,2025-09-09,401772828,2025-09-07T17:00Z,30,Jacksonville Jaguars,29,Carolina Panthers,30,Jacksonville Jaguars,4573243,Chandler Brayboy,WR,Elon,"{'city': 'Pembroke', 'state': 'NC', 'country': 'USA'}",Pembroke,NC,USA,"Pembroke, NC",
2025-09-04,2025-09-09,401772828,2025-09-07T17:00Z,30,Jacksonville Jaguars,29,Carolina Panthers,30,Jacksonville Jaguars,4369859,Jerome Carvin,C,Tennessee,"{'city': 'Memphis', 'state': 'TN', 'country': 'USA'}",Memphis,TN,USA,"Memphis, TN",1
2025-09-04,2025-09-09,401772828,2025-09-07T17:00Z,30,Jacksonville Jaguars,29,Carolina Panthers,30,Jacksonville Jaguars,4572704,Branson Combs,LB,Wake Forest,"{'city': 'Evansville', 'state': 'IN', 'country': 'USA'}",Evansville,IN,USA,"Evansville, IN",
2025-09-04,2025-09-09,401772828,2025-09-07T17:00Z,30,Jacksonville Jaguars,29,Carolina Panthers,30,Jacksonville Jaguars,3134316,Matt Dickerson,DE,UCLA,"{'city': 'San Mateo', 'state': 'CA', 'country': 'USA'}",San Mateo,CA,USA,"San Mateo, CA",5
2025-09-04,2025-09-09,401772828,2025-09-07T17:00Z,30,Jacksonville Jaguars,29,Carolina Panthers,30,Jacksonville Jaguars,4362186,Erik Ezukanma,WR,Texas Tech,"{'city': 'Fort Worth', 'state': 'TX', 'country': 'USA'}",Fort Worth,TX,USA,"Fort Worth, TX",3
2025-09-04,2025-09-09,401772828,2025-09-07T17:00Z,30,Jacksonville Jaguars,29,Carolina Panthers,30,Jacksonville Jaguars,4606194,Seth Henigan,QB,Memphis,"{'city': 'Denton', 'state': 'TX', 'country': 'USA'}",Denton,TX,USA,"Denton, TX",
2025-09-04,2025-09-09,401772828,2025-09-07T17:00Z,30,Jacksonville Jaguars,29,Carolina Panthers,30,Jacksonville Jaguars,4429811,Patrick Herbert,TE,Oregon,"{'city': 'Eugene', 'state': 'OR', 'country': 'USA'}",Eugene,OR,USA,"Eugene, OR",
2025-09-04,2025-09-09,401772828,2025-09-07T17:00Z,30,Jacksonville Jaguars,29,Carolina Panthers,30,Jacksonville Jaguars,4690972,Ja'Quinden Jackson,RB,Arkansas,"{'city': 'Dallas', 'state': 'TX', 'country': 'USA'}",Dallas,TX,USA,"Dallas, TX",
2025-09-04,2025-09-09,401772828,2025-09-07T17:00Z,30,Jacksonville Jaguars,29,Carolina Panthers,30,Jacksonville Jaguars,4362236,Keni-H Lovely,CB,Western Michigan,"{'city': 'Boynton Beach', 'state': 'FL', 'country': 'USA'}",Boynton Beach,FL,USA,"Boynton Beach, FL",1
2025-09-04,2025-09-09,401772828,2025-09-07T17:00Z,30,Jacksonville Jaguars,29,Carolina Panthers,30,Jacksonville Jaguars,4244049,Quintin Morris,TE,Bowling Green,"{'city': 'Richmond', 'state': 'TX', 'country': 'USA'}",Richmond,TX,USA,"Richmond, TX",4
2025-09-04,2025-09-09,401772828,2025-09-07T17:00Z,30,Jacksonville Jaguars,29,Carolina Panthers,30,Jacksonville Jaguars,4432440,Jabbar Muhammad,CB,Oregon,"{'city': 'Desoto', 'state': 'TX', 'country': 'USA'}",Desoto,TX,USA,"Desoto, TX",
2025-09-04,2025-09-09,401772828,2025-09-07T17:00Z,30,Jacksonville Jaguars,29,Carolina Panthers,30,Jacksonville Jaguars,4428390,Keivie Rose,DT,Arkansas,"{'city': 'Henderson', 'state': 'TX', 'country': 'USA'}",Henderson,TX,USA,"Henderson, TX",
2025-09-04,2025-09-09,401772828,2025-09-07T17:00Z,30,Jacksonville Jaguars,29,Carolina Panthers,30,Jacksonville Jaguars,4877475,Cam'Ron Silmon-Craig,S,Colorado,"{'city': 'Birmingham', 'state': 'AL', 'country': 'USA'}",Birmingham,AL,USA,"Birmingham, AL",
2025-09-04,2025-09-09,401772828,2025-09-07T17:00Z,30,Jacksonville Jaguars,29,Carolina Panthers,30,Jacksonville Jaguars,4244856,Austin Trammell,WR,Rice,"{'city': 'Spring', 'state': 'TX', 'country': 'USA'}",Spring,TX,USA,"Spring, TX",3
2025-09-04,2025-09-09,401772828,2025-09-07T17:00Z,30,Jacksonville Jaguars,29,Carolina Panthers,30,Jacksonville Jaguars,4428935,Sal Wormley,G,Penn State,"{'city': 'Newark', 'state': 'NJ', 'country': 'USA'}",Newark,NJ,USA,"Newark, NJ",
2025-09-04,2025-09-09,401772828,2025-09-07T17:00Z,30,Jacksonville Jaguars,29,Carolina Panthers,29,Carolina Panthers,4569372,Dalevon Campbell,WR,South Carolina,"{'city': 'Missouri City', 'state': 'TX', 'country': 'USA'}",Missouri City,TX,USA,"Missouri City, TX",
2025-09-04,2025-09-09,401772828,2025-09-07T17:00Z,30,Jacksonville Jaguars,29,Carolina Panthers,29,Carolina Panthers,4256062,Brady Christensen,G,BYU,"{'city': 'Bountiful', 'state': 'UT', 'country': 'USA'}",Bountiful,UT,USA,"Bountiful, UT",5
2025-09-04,2025-09-09,401772828,2025-09-07T17:00Z,30,Jacksonville Jaguars,29,Carolina Panthers,29,Carolina Panthers,3056608,Austin Corbett,C,Nevada,"{'city': 'Sparks', 'state': 'NV', 'country': 'USA'}",Sparks,NV,USA,"Sparks, NV",8
2025-09-04,2025-09-09,401772828,2025-09-07T17:00Z,30,Jacksonville Jaguars,29,Carolina Panthers,29,Carolina Panthers,14012,Andy Dalton,QB,TCU,"{'city': 'Katy', 'state': 'TX', 'country': 'USA'}",Katy,TX,USA,"Katy, TX",15
2025-09-04,2025-09-09,401772828,2025-09-07T17:00Z,30,Jacksonville Jaguars,29,Carolina Panthers,29,Carolina Panthers,4038815,Rico Dowdle,RB,South Carolina,"{'city': 'Asheville', 'state': 'NC', 'country': 'USA'}",Asheville,NC,USA,"Asheville, NC",6
2025-09-04,2025-09-09,401772828,2025-09-07T17:00Z,30,Jacksonville Jaguars,29,Carolina Panthers,29,Carolina Panthers,4427132,Ikem Ekwonu,OT,NC State,"{'city': 'Charlotte', 'state': 'NC', 'country': 'USA'}",Charlotte,NC,USA,"Charlotte, NC",4
2025-09-04,2025-09-09,401772828,2025-09-07T17:00Z,30,Jacksonville Jaguars,29,Carolina Panthers,29,Carolina Panthers,4685350,Trevor Etienne,RB,Georgia,"{'city': 'Jennings', 'state': 'LA', 'country': 'USA'}",Jennings,LA,USA,"Jennings, LA",
2025-09-04,2025-09-09,401772828,2025-09-07T17:00Z,30,Jacksonville Jaguars,29,Carolina Panthers,29,Carolina Panthers,4683243,Mitchell Evans,TE,Notre Dame,"{'city': 'Wadsworth', 'state': 'OH', 'country': 'USA'}",Wadsworth,OH,USA,"Wadsworth, OH",
2025-09-04,2025-09-09,401772828,2025-09-07T17:00Z,30,Jacksonville Jaguars,29,Carolina Panthers,29,Carolina Panthers,4708486,Jimmy Horn Jr.,WR,Colorado,"{'city': 'Sanford', 'state': 'FL', 'country': 'USA'}",Sanford,FL,USA,"Sanford, FL",
2025-09-04,2025-09-09,401772828,2025-09-07T17:00Z,30,Jacksonville Jaguars,29,Carolina Panthers,29,Carolina Panthers,4241416,Chuba Hubbard,RB,Oklahoma State,"{'city': 'Sherwood Park', 'state': 'AB', 'country': 'Canada'}",Sherwood Park,AB,Canada,"Sherwood Park, AB",5
2025-09-04,2025-09-09,401772828,2025-09-07T17:00Z,30,Jacksonville Jaguars,29,Carolina Panthers,29,Carolina Panthers,3917592,Robert Hunt,G,Louisiana,"{'city': 'Burkeville', 'state': 'TX', 'country': 'USA'}",Burkeville,TX,USA,"Burkeville, TX",6
2025-09-04,2025-09-09,401772828,2025-09-07T17:00Z,30,Jacksonville Jaguars,29,Carolina Panthers,29,Carolina Panthers,4430034,Xavier Legette,WR,South Carolina,"{'city': 'Mullins', 'state': 'SC', 'country': 'USA'}",Mullins,SC,USA,"Mullins, SC",2
2025-09-04,2025-09-09,401772828,2025-09-07T17:00Z,30,Jacksonville Jaguars,29,Carolina Panthers,29,Carolina Panthers,4362647,Damien Lewis,G,LSU,"{'city': 'Canton', 'state': 'MS', 'country': 'USA'}",Canton,MS,USA,"Canton, MS",6
2025-09-04,2025-09-09,401772828,2025-09-07T17:00Z,30,Jacksonville Jaguars,29,Carolina Panthers,29,Carolina Panthers,4361788,Cade Mays,C,Tennessee,"{'city': 'Knoxville', 'state': 'TN', 'country': 'USA'}",Knoxville,TN,USA,"Knoxville, TN",4
2025-09-04,2025-09-09,401772828,2025-09-07T17:00Z,30,Jacksonville Jaguars,29,Carolina Panthers,29,Carolina Panthers,4685472,Tetairoa McMillan,WR,Arizona,"{'city': 'Waimanalo', 'state': 'HI', 'country': 'USA'}",Waimanalo,HI,USA,"Waimanalo, HI",
2025-09-04,2025-09-09,401772828,2025-09-07T17:00Z,30,Jacksonville Jaguars,29,Carolina Panthers,29,Carolina Panthers,4361988,James Mitchell,TE,Virginia Tech,"{'city': 'Big Stone Gap', 'state': 'VA', 'country': 'USA'}",Big Stone Gap,VA,USA,"Big Stone Gap, VA",3
2025-09-04,2025-09-09,401772828,2025-09-07T17:00Z,30,Jacksonville Jaguars,29,Carolina Panthers,29,Carolina Panthers,4212909,David Moore,WR,East Central (OK),"{'city': 'Gainesville', 'state': 'TX', 'country': 'USA'}",Gainesville,TX,USA,"Gainesville, TX",7
2025-09-04,2025-09-09,401772828,2025-09-07T17:00Z,30,Jacksonville Jaguars,29,Carolina Panthers,29,Carolina Panthers,2973051,Taylor Moton,OT,Western Michigan,"{'city': 'Okemos', 'state': 'MI', 'country': 'USA'}",Okemos,MI,USA,"Okemos, MI",9
2025-09-04,2025-09-09,401772828,2025-09-07T17:00Z,30,Jacksonville Jaguars,29,Carolina Panthers,29,Carolina Panthers,3871880,Yosh Nijman,OT,Virginia Tech,"{'city': 'Maplewood', 'state': 'NJ', 'country': 'USA'}",Maplewood,NJ,USA,"Maplewood, NJ",6
2025-09-04,2025-09-09,401772828,2025-09-07T17:00Z,30,Jacksonville Jaguars,29,Carolina Panthers,29,Carolina Panthers,3135321,Hunter Renfrow,WR,Clemson,"{'city': 'Myrtle Beach', 'state': 'SC', 'country': 'USA'}",Myrtle Beach,SC,USA,"Myrtle Beach, SC",6
2025-09-04,2025-09-09,401772828,2025-09-07T17:00Z,30,Jacksonville Jaguars,29,Carolina Panthers,29,Carolina Panthers,4431588,Ja'Tavion Sanders,TE,Texas,"{'city': 'Denton', 'state': 'TX', 'country': 'USA'}",Denton,TX,USA,"Denton, TX",2
2025-09-04,2025-09-09,401772828,2025-09-07T17:00Z,30,Jacksonville Jaguars,29,Carolina Panthers,29,Carolina Panthers,4360763,Brycen Tremayne,WR,Stanford,"{'city': 'Los Angeles', 'state': 'CA', 'country': 'USA'}",Los Angeles,CA,USA,"Los Angeles, CA",1
2025-09-04,2025-09-09,401772828,2025-09-07T17:00Z,30,Jacksonville Jaguars,29,Carolina Panthers,29,Carolina Panthers,4372780,Tommy Tremble,TE,Notre Dame,"{'city': 'Johns Creek', 'state': 'GA', 'country': 'USA'}",Johns Creek,GA,USA,"Johns Creek, GA",5
2025-09-04,2025-09-09,401772828,2025-09-07T17:00Z,30,Jacksonville Jaguars,29,Carolina Panthers,29,Carolina Panthers,4685720,Bryce Young,QB,Alabama,"{'city': 'Pasadena', 'state': 'CA', 'country': 'USA'}",Pasadena,CA,USA,"Pasadena, CA",3
2025-09-04,2025-09-09,401772828,2025-09-07T17:00Z,30,Jacksonville Jaguars,29,Carolina Panthers,29,Carolina Panthers,4710661,Chandler Zavala,G,NC State,"{'city': 'Boynton Beach', 'state': 'FL', 'country': 'USA'}",Boynton Beach,FL,USA,"Boynton Beach, FL",3
2025-09-04,2025-09-09,401772828,2025-09-07T17:00Z,30,Jacksonville Jaguars,29,Carolina Panthers,29,Carolina Panthers,4035495,Derrick Brown,DE,Auburn,"{'city': 'Sugar Hill', 'state': 'GA', 'country': 'USA'}",Sugar Hill,GA,USA,"Sugar Hill, GA",6
2025-09-04,2025-09-09,401772828,2025-09-07T17:00Z,30,Jacksonville Jaguars,29,Carolina Panthers,29,Carolina Panthers,4372518,Bobby Brown III,DT,Texas A&M,"{'city': 'Arlington', 'state': 'TX', 'country': 'USA'}",Arlington,TX,USA,"Arlington, TX",5
2025-09-04,2025-09-09,401772828,2025-09-07T17:00Z,30,Jacksonville Jaguars,29,Carolina Panthers,29,Carolina Panthers,4256224,Claudin Cherelus,LB,Alcorn State,"{'city': 'Golden Gate', 'state': 'FL', 'country': 'USA'}",Golden Gate,FL,USA,"Golden Gate, FL",3
2025-09-04,2025-09-09,401772828,2025-09-07T17:00Z,30,Jacksonville Jaguars,29,Carolina Panthers,29,Carolina Panthers,4362910,Jaden Crumedy,DT,Mississippi State,"{'city': 'Hattiesburg', 'state': 'MS', 'country': 'USA'}",Hattiesburg,MS,USA,"Hattiesburg, MS",2
2025-09-04,2025-09-09,401772828,2025-09-07T17:00Z,30,Jacksonville Jaguars,29,Carolina Panthers,29,Carolina Panthers,4244607,Akayleb Evans,CB,Missouri,"{'city': 'McKinney', 'state': 'TX', 'country': 'USA'}",McKinney,TX,USA,"McKinney, TX",4
2025-09-04,2025-09-09,401772828,2025-09-07T17:00Z,30,Jacksonville Jaguars,29,Carolina Panthers,29,Carolina Panthers,4362847,Jaycee Horn,CB,South Carolina,"{'city': 'Alpharetta', 'state': 'GA', 'country': 'USA'}",Alpharetta,GA,USA,"Alpharetta, GA",5
2025-09-04,2025-09-09,401772828,2025-09-07T17:00Z,30,Jacksonville Jaguars,29,Carolina Panthers,29,Carolina Panthers,4714157,Thomas Incoom,LB,Central Michigan,"{'city': 'Stone Mountain', 'state': 'GA', 'country': 'USA'}",Stone Mountain,GA,USA,"Stone Mountain, GA",3
2025-09-04,2025-09-09,401772828,2025-09-07T17:00Z,30,Jacksonville Jaguars,29,Carolina Panthers,29,Carolina Panthers,4687513,Cam Jackson,DT,Florida,"{'city': 'Haynesville', 'state': 'LA', 'country': 'USA'}",Haynesville,LA,USA,"Haynesville, LA",
2025-09-04,2025-09-09,401772828,2025-09-07T17:00Z,30,Jacksonville Jaguars,29,Carolina Panthers,29,Carolina Panthers,3917853,Mike Jackson,CB,Miami,"{'city': 'Birmingham', 'state': 'AL', 'country': 'USA'}",Birmingham,AL,USA,"Birmingham, AL",5
2025-09-04,2025-09-09,401772828,2025-09-07T17:00Z,30,Jacksonville Jaguars,29,Carolina Panthers,29,Carolina Panthers,4240623,DJ Johnson,LB,Oregon,"{'city': 'Sacramento', 'state': 'CA', 'country': 'USA'}",Sacramento,CA,USA,"Sacramento, CA",3
2025-09-04,2025-09-09,401772828,2025-09-07T17:00Z,30,Jacksonville Jaguars,29,Carolina Panthers,29,Carolina Panthers,4036063,Patrick Jones II,LB,Pittsburgh,"{'city': 'Chesapeake', 'state': 'VA', 'country': 'USA'}",Chesapeake,VA,USA,"Chesapeake, VA",5
2025-09-04,2025-09-09,401772828,2025-09-07T17:00Z,30,Jacksonville Jaguars,29,Carolina Panthers,29,Carolina Panthers,4880613,Bam Martin-Scott,LB,South Carolina,"{'city': 'Fort Wayne', 'state': 'IN', 'country': 'USA'}",Fort Wayne,IN,USA,"Fort Wayne, IN",
2025-09-04,2025-09-09,401772828,2025-09-07T17:00Z,30,Jacksonville Jaguars,29,Carolina Panthers,29,Carolina Panthers,4362487,Tre'von Moehrig,S,TCU,"{'city': 'Spring Branch', 'state': 'TX', 'country': 'USA'}",Spring Branch,TX,USA,"Spring Branch, TX",5
2025-09-04,2025-09-09,401772828,2025-09-07T17:00Z,30,Jacksonville Jaguars,29,Carolina Panthers,29,Carolina Panthers,4429110,Lathan Ransom,S,Ohio State,"{'city': 'Tucson', 'state': 'AZ', 'country': 'USA'}",Tucson,AZ,USA,"Tucson, AZ",
2025-09-04,2025-09-09,401772828,2025-09-07T17:00Z,30,Jacksonville Jaguars,29,Carolina Panthers,29,Carolina Panthers,4426926,Demani Richardson,S,Texas A&M,"{'city': 'Waxahachie', 'state': 'TX', 'country': 'USA'}",Waxahachie,TX,USA,"Waxahachie, TX",2
2025-09-04,2025-09-09,401772828,2025-09-07T17:00Z,30,Jacksonville Jaguars,29,Carolina Panthers,29,Carolina Panthers,3054857,A'Shawn Robinson,DE,Alabama,"{'city': 'Fort Worth', 'state': 'TX', 'country': 'USA'}",Fort Worth,TX,USA,"Fort Worth, TX",10
2025-09-04,2025-09-09,401772828,2025-09-07T17:00Z,30,Jacksonville Jaguars,29,Carolina Panthers,29,Carolina Panthers,3909013,Christian Rozeboom,LB,South Dakota State,"{'city': 'Sioux Center', 'state': 'IA', 'country': 'USA'}",Sioux Center,IA,USA,"Sioux Center, IA",5
2025-09-04,2025-09-09,401772828,2025-09-07T17:00Z,30,Jacksonville Jaguars,29,Carolina Panthers,29,Carolina Panthers,3116179,Nick Scott,S,Penn State,"{'city': 'Fairfax', 'state': 'VA', 'country': 'USA'}",Fairfax,VA,USA,"Fairfax, VA",7
2025-09-04,2025-09-09,401772828,2025-09-07T17:00Z,30,Jacksonville Jaguars,29,Carolina Panthers,29,Carolina Panthers,4833355,Nic Scourton,LB,Texas A&M,"{'city': 'Bryan', 'state': 'TX', 'country': 'USA'}",Bryan,TX,USA,"Bryan, TX",
2025-09-04,2025-09-09,401772828,2025-09-07T17:00Z,30,Jacksonville Jaguars,29,Carolina Panthers,29,Carolina Panthers,4697636,Chau Smith-Wade,CB,Washington State,"{'city': 'Denver', 'state': 'CO', 'country': 'USA'}",Denver,CO,USA,"Denver, CO",2
2025-09-04,2025-09-09,401772828,2025-09-07T17:00Z,30,Jacksonville Jaguars,29,Carolina Panthers,29,Carolina Panthers,4431426,Corey Thornton,CB,Louisville,"{'city': 'Miami', 'state': 'FL', 'country': 'USA'}",Miami,FL,USA,"Miami, FL",
2025-09-04,2025-09-09,401772828,2025-09-07T17:00Z,30,Jacksonville Jaguars,29,Carolina Panthers,29,Carolina Panthers,4429166,Princely Umanmielen,LB,Ole Miss,"{'city': 'Austin', 'state': 'TX', 'country': 'USA'}",Austin,TX,USA,"Austin, TX",
2025-09-04,2025-09-09,401772828,2025-09-07T17:00Z,30,Jacksonville Jaguars,29,Carolina Panthers,29,Carolina Panthers,4683815,Trevin Wallace,LB,Kentucky,"{'city': 'Jesup', 'state': 'GA', 'country': 'USA'}",Jesup,GA,USA,"Jesup, GA",2
2025-09-04,2025-09-09,401772828,2025-09-07T17:00Z,30,Jacksonville Jaguars,29,Carolina Panthers,29,Carolina Panthers,4058925,Tershawn Wharton,DT,Missouri S&T,"{'city': 'University City', 'state': 'MO', 'country': 'USA'}",University City,MO,USA,"University City, MO",6
2025-09-04,2025-09-09,401772828,2025-09-07T17:00Z,30,Jacksonville Jaguars,29,Carolina Panthers,29,Carolina Panthers,4038849,D.J. Wonnum,LB,South Carolina,"{'city': 'Stone Mountain', 'state': 'GA', 'country': 'USA'}",Stone Mountain,GA,USA,"Stone Mountain, GA",6
2025-09-04,2025-09-09,401772828,2025-09-07T17:00Z,30,Jacksonville Jaguars,29,Carolina Panthers,29,Carolina Panthers,4568263,Ryan Fitzgerald,PK,Florida State,"{'city': 'Coolidge', 'state': 'GA', 'country': 'USA'}",Coolidge,GA,USA,"Coolidge, GA",
2025-09-04,2025-09-09,401772828,2025-09-07T17:00Z,30,Jacksonville Jaguars,29,Carolina Panthers,29,Carolina Panthers,11759,JJ Jansen,LS,Notre Dame,"{'city': 'Phoenix', 'state': 'AZ', 'country': 'USA'}",Phoenix,AZ,USA,"Phoenix, AZ",18
2025-09-04,2025-09-09,401772828,2025-09-07T17:00Z,30,Jacksonville Jaguars,29,Carolina Panthers,29,Carolina Panthers,15928,Sam Martin,P,App State,"{'city': 'Fayetteville', 'state': 'GA', 'country': 'USA'}",Fayetteville,GA,USA,"Fayetteville, GA",13
2025-09-04,2025-09-09,401772828,2025-09-07T17:00Z,30,Jacksonville Jaguars,29,Carolina Panthers,29,Carolina Panthers,4242498,Popo Aumavae,DT,Oregon,"{'city': 'Stockton', 'state': 'CA', 'country': 'USA'}",Stockton,CA,USA,"Stockton, CA",2
2025-09-04,2025-09-09,401772828,2025-09-07T17:00Z,30,Jacksonville Jaguars,29,Carolina Panthers,29,Carolina Panthers,4678008,Jonathon Brooks,RB,Texas,"{'city': 'Hallettsville', 'state': 'TX', 'country': 'USA'}",Hallettsville,TX,USA,"Hallettsville, TX",2
2025-09-04,2025-09-09,401772828,2025-09-07T17:00Z,30,Jacksonville Jaguars,29,Carolina Panthers,29,Carolina Panthers,4695883,Jalen Coker,WR,Holy Cross,"{'city': 'Sterling', 'state': 'VA', 'country': 'USA'}",Sterling,VA,USA,"Sterling, VA",2
2025-09-04,2025-09-09,401772828,2025-09-07T17:00Z,30,Jacksonville Jaguars,29,Carolina Panthers,29,Carolina Panthers,4240707,Damarri Mathis,CB,Pittsburgh,"{'city': 'Lakeland', 'state': 'FL', 'country': 'USA'}",Lakeland,FL,USA,"Lakeland, FL",4
2025-09-04,2025-09-09,401772828,2025-09-07T17:00Z,30,Jacksonville Jaguars,29,Carolina Panthers,29,Carolina Panthers,4241473,LaBryan Ray,DE,Alabama,"{'city': 'Madison', 'state': 'AL', 'country': 'USA'}",Madison,AL,USA,"Madison, AL",3
2025-09-04,2025-09-09,401772828,2025-09-07T17:00Z,30,Jacksonville Jaguars,29,Carolina Panthers,29,Carolina Panthers,4035817,Krys Barnes,LB,UCLA,"{'city': 'Bakersfield', 'state': 'CA', 'country': 'USA'}",Bakersfield,CA,USA,"Bakersfield, CA",6
2025-09-04,2025-09-09,401772828,2025-09-07T17:00Z,30,Jacksonville Jaguars,29,Carolina Panthers,29,Carolina Panthers,4037239,Boogie Basham,LB,Wake Forest,"{'city': 'Roanoke', 'state': 'VA', 'country': 'USA'}",Roanoke,VA,USA,"Roanoke, VA",5
2025-09-04,2025-09-09,401772828,2025-09-07T17:00Z,30,Jacksonville Jaguars,29,Carolina Panthers,29,Carolina Panthers,4240631,DeeJay Dallas,RB,Miami,"{'city': 'Brunswick', 'state': 'GA', 'country': 'USA'}",Brunswick,GA,USA,"Brunswick, GA",6
2025-09-04,2025-09-09,401772828,2025-09-07T17:00Z,30,Jacksonville Jaguars,29,Carolina Panthers,29,Carolina Panthers,4427401,Jared Harrison-Hunte,DE,SMU,"{'city': 'Middle Village', 'state': 'NY', 'country': 'USA'}",Middle Village,NY,USA,"Middle Village, NY",
2025-09-04,2025-09-09,401772828,2025-09-07T17:00Z,30,Jacksonville Jaguars,29,Carolina Panthers,29,Carolina Panthers,4240858,Hendon Hooker,QB,Tennessee,"{'city': 'Greensboro', 'state': 'NC', 'country': 'USA'}",Greensboro,NC,USA,"Greensboro, NC",3
2025-09-04,2025-09-09,401772828,2025-09-07T17:00Z,30,Jacksonville Jaguars,29,Carolina Panthers,29,Carolina Panthers,4431433,Kalen King,CB,Penn State,"{'city': 'Detroit', 'state': 'MI', 'country': 'USA'}",Detroit,MI,USA,"Detroit, MI",1
2025-09-04,2025-09-09,401772828,2025-09-07T17:00Z,30,Jacksonville Jaguars,29,Carolina Panthers,29,Carolina Panthers,4373474,Jarrett Kingston,G,USC,"{'city': 'Anderson', 'state': 'CA', 'country': 'USA'}",Anderson,CA,USA,"Anderson, CA",2
2025-09-04,2025-09-09,401772828,2025-09-07T17:00Z,30,Jacksonville Jaguars,29,Carolina Panthers,29,Carolina Panthers,5279357,Mapalo Mwansa,LB,,"{'city': 'Peterborough', 'country': 'England'}",Peterborough,,England,Peterborough,
2025-09-04,2025-09-09,401772828,2025-09-07T17:00Z,30,Jacksonville Jaguars,29,Carolina Panthers,29,Carolina Panthers,5082648,Bryce Pierre,TE,UCLA,"{'city': 'Rancho Cucamonga', 'state': 'CA', 'country': 'USA'}",Rancho Cucamonga,CA,USA,"Rancho Cucamonga, CA",
2025-09-04,2025-09-09,401772828,2025-09-07T17:00Z,30,Jacksonville Jaguars,29,Carolina Panthers,29,Carolina Panthers,4876995,Ja'seem Reed,WR,San Diego,"{'city': 'Thousand Oaks', 'state': 'CA', 'country': 'USA'}",Thousand Oaks,CA,USA,"Thousand Oaks, CA",
2025-09-04,2025-09-09,401772828,2025-09-07T17:00Z,30,Jacksonville Jaguars,29,Carolina Panthers,29,Carolina Panthers,4775268,Michael Reid,CB,South Dakota,"{'city': 'Owings Mills', 'state': 'MD', 'country': 'USA'}",Owings Mills,MD,USA,"Owings Mills, MD",
2025-09-04,2025-09-09,401772828,2025-09-07T17:00Z,30,Jacksonville Jaguars,29,Carolina Panthers,29,Carolina Panthers,4428532,Ainias Smith,WR,Texas A&M,"{'city': 'Missouri City', 'state': 'TX', 'country': 'USA'}",Missouri City,TX,USA,"Missouri City, TX",2
2025-09-04,2025-09-09,401772828,2025-09-07T17:00Z,30,Jacksonville Jaguars,29,Carolina Panthers,29,Carolina Panthers,4567412,Michael Tarquin,OT,Oklahoma,"{'city': 'Ocala', 'state': 'FL', 'country': 'USA'}",Ocala,FL,USA,"Ocala, FL",
2025-09-04,2025-09-09,401772828,2025-09-07T17:00Z,30,Jacksonville Jaguars,29,Carolina Panthers,29,Carolina Panthers,4570633,Trevian Thomas,S,Arkansas State,"{'city': 'Americus', 'state': 'GA', 'country': 'USA'}",Americus,GA,USA,"Americus, GA",
2025-09-04,2025-09-09,401772828,2025-09-07T17:00Z,30,Jacksonville Jaguars,29,Carolina Panthers,29,Carolina Panthers,4040778,Brandon Walton,OT,Florida Atlantic,"{'city': 'Largo', 'state': 'FL', 'country': 'USA'}",Largo,FL,USA,"Largo, FL",3
2025-09-04,2025-09-09,401772832,2025-09-07T20:05Z,7,Denver Broncos,10,Tennessee Titans,7,Denver Broncos,4383440,Nate Adkins,TE,South Carolina,"{'city': 'Knoxville', 'state': 'TN', 'country': 'USA'}",Knoxville,TN,USA,"Knoxville, TN",3
2025-09-04,2025-09-09,401772832,2025-09-07T20:05Z,7,Denver Broncos,10,Tennessee Titans,7,Denver Broncos,4362748,Tyler Badie,RB,Missouri,"{'city': 'Memphis', 'state': 'TN', 'country': 'USA'}",Memphis,TN,USA,"Memphis, TN",2
2025-09-04,2025-09-09,401772832,2025-09-07T20:05Z,7,Denver Broncos,10,Tennessee Titans,7,Denver Broncos,4035662,Garett Bolles,OT,Utah,"{'city': 'Lehi', 'state': 'UT', 'country': 'USA'}",Lehi,UT,USA,"Lehi, UT",9
2025-09-04,2025-09-09,401772832,2025-09-07T20:05Z,7,Denver Broncos,10,Tennessee Titans,7,Denver Broncos,4600981,Pat Bryant,WR,Illinois,"{'city': 'Jacksonville', 'state': 'FL', 'country': 'USA'}",Jacksonville,FL,USA,"Jacksonville, FL",
2025-09-04,2025-09-09,401772832,2025-09-07T20:05Z,7,Denver Broncos,10,Tennessee Titans,7,Denver Broncos,4361691,Frank Crum,OT,Wyoming,"{'city': 'Laramie', 'state': 'WY', 'country': 'USA'}",Laramie,WY,USA,"Laramie, WY",2
2025-09-04,2025-09-09,401772832,2025-09-07T20:05Z,7,Denver Broncos,10,Tennessee Titans,7,Denver Broncos,4241985,J.K. Dobbins,RB,Ohio State,"{'city': 'La Grange', 'state': 'TX', 'country': 'USA'}",La Grange,TX,USA,"La Grange, TX",6
2025-09-04,2025-09-09,401772832,2025-09-07T20:05Z,7,Denver Broncos,10,Tennessee Titans,7,Denver Broncos,4241820,Sam Ehlinger,QB,Texas,"{'city': 'Austin', 'state': 'TX', 'country': 'USA'}",Austin,TX,USA,"Austin, TX",5
2025-09-04,2025-09-09,401772832,2025-09-07T20:05Z,7,Denver Broncos,10,Tennessee Titans,7,Denver Broncos,3051876,Evan Engram,TE,Ole Miss,"{'city': 'Powder Springs', 'state': 'GA', 'country': 'USA'}",Powder Springs,GA,USA,"Powder Springs, GA",9
2025-09-04,2025-09-09,401772832,2025-09-07T20:05Z,7,Denver Broncos,10,Tennessee Titans,7,Denver Broncos,4242503,Alex Forsyth,C,Oregon,"{'city': 'West Linn', 'state': 'OR', 'country': 'USA'}",West Linn,OR,USA,"West Linn, OR",3
2025-09-04,2025-09-09,401772832,2025-09-07T20:05Z,7,Denver Broncos,10,Tennessee Titans,7,Denver Broncos,4431280,Troy Franklin,WR,Oregon,"{'city': 'East Palo Alto', 'state': 'CA', 'country': 'USA'}",East Palo Alto,CA,USA,"East Palo Alto, CA",2
2025-09-04,2025-09-09,401772832,2025-09-07T20:05Z,7,Denver Broncos,10,Tennessee Titans,7,Denver Broncos,4568490,RJ Harvey,RB,UCF,"{'city': 'Orlando', 'state': 'FL', 'country': 'USA'}",Orlando,FL,USA,"Orlando, FL",
2025-09-04,2025-09-09,401772832,2025-09-07T20:05Z,7,Denver Broncos,10,Tennessee Titans,7,Denver Broncos,4360231,Lucas Krull,TE,Pittsburgh,"{'city': 'Shawnee', 'state': 'KS', 'country': 'USA'}",Shawnee,KS,USA,"Shawnee, KS",3
2025-09-04,2025-09-09,401772832,2025-09-07T20:05Z,7,Denver Broncos,10,Tennessee Titans,7,Denver Broncos,3052885,Mike McGlinchey,OT,Notre Dame,"{'city': 'Philadelphia', 'state': 'PA', 'country': 'USA'}",Philadelphia,PA,USA,"Philadelphia, PA",8
2025-09-04,2025-09-09,401772832,2025-09-07T20:05Z,7,Denver Broncos,10,Tennessee Titans,7,Denver Broncos,4722893,Jaleel McLaughlin,RB,Youngstown State,"{'city': 'Marshville', 'state': 'NC', 'country': 'USA'}",Marshville,NC,USA,"Marshville, NC",3
2025-09-04,2025-09-09,401772832,2025-09-07T20:05Z,7,Denver Broncos,10,Tennessee Titans,7,Denver Broncos,4608138,Quinn Meinerz,G,Wisconsin-Whitewater,"{'city': 'Hartford', 'state': 'WI', 'country': 'USA'}",Hartford,WI,USA,"Hartford, WI",5
2025-09-04,2025-09-09,401772832,2025-09-07T20:05Z,7,Denver Broncos,10,Tennessee Titans,7,Denver Broncos,4686472,Marvin Mims Jr.,WR,Oklahoma,"{'city': 'Frisco', 'state': 'TX', 'country': 'USA'}",Frisco,TX,USA,"Frisco, TX",3
2025-09-04,2025-09-09,401772832,2025-09-07T20:05Z,7,Denver Broncos,10,Tennessee Titans,7,Denver Broncos,4426338,Bo Nix,QB,Oregon,"{'city': 'Pinson', 'state': 'AL', 'country': 'USA'}",Pinson,AL,USA,"Pinson, AL",2
2025-09-04,2025-09-09,401772832,2025-09-07T20:05Z,7,Denver Broncos,10,Tennessee Titans,7,Denver Broncos,4240551,Alex Palczewski,OT,Illinois,"{'city': 'Mount Prospect', 'state': 'IL', 'country': 'USA'}",Mount Prospect,IL,USA,"Mount Prospect, IL",3
2025-09-04,2025-09-09,401772832,2025-09-07T20:05Z,7,Denver Broncos,10,Tennessee Titans,7,Denver Broncos,3921936,Matt Peart,OT,UConn,"{'city': 'Kingston', 'country': 'Jamaica'}",Kingston,,Jamaica,Kingston,6
2025-09-04,2025-09-09,401772832,2025-09-07T20:05Z,7,Denver Broncos,10,Tennessee Titans,7,Denver Broncos,4037650,Ben Powers,G,Oklahoma,"{'city': 'Wichita', 'state': 'KS', 'country': 'USA'}",Wichita,KS,USA,"Wichita, KS",7
2025-09-04,2025-09-09,401772832,2025-09-07T20:05Z,7,Denver Broncos,10,Tennessee Titans,7,Denver Broncos,3929914,Adam Prentice,FB,South Carolina,"{'city': 'Fresno', 'state': 'CA', 'country': 'USA'}",Fresno,CA,USA,"Fresno, CA",5
2025-09-04,2025-09-09,401772832,2025-09-07T20:05Z,7,Denver Broncos,10,Tennessee Titans,7,Denver Broncos,3122168,Trent Sherfield Sr.,WR,Vanderbilt,"{'city': 'Danville', 'state': 'IL', 'country': 'USA'}",Danville,IL,USA,"Danville, IL",8
2025-09-04,2025-09-09,401772832,2025-09-07T20:05Z,7,Denver Broncos,10,Tennessee Titans,7,Denver Broncos,3892775,Jarrett Stidham,QB,Auburn,"{'city': 'Stephenville', 'state': 'TX', 'country': 'USA'}",Stephenville,TX,USA,"Stephenville, TX",6
2025-09-04,2025-09-09,401772832,2025-09-07T20:05Z,7,Denver Broncos,10,Tennessee Titans,7,Denver Broncos,3128429,Courtland Sutton,WR,SMU,"{'city': 'Brenham', 'state': 'TX', 'country': 'USA'}",Brenham,TX,USA,"Brenham, TX",8
2025-09-04,2025-09-09,401772832,2025-09-07T20:05Z,7,Denver Broncos,10,Tennessee Titans,7,Denver Broncos,3911853,Adam Trautman,TE,Dayton,"{'city': 'Williamsburg', 'state': 'MI', 'country': 'USA'}",Williamsburg,MI,USA,"Williamsburg, MI",6
2025-09-04,2025-09-09,401772832,2025-09-07T20:05Z,7,Denver Broncos,10,Tennessee Titans,7,Denver Broncos,4039018,Luke Wattenberg,C,Washington,"{'city': 'Trabuco Canyon', 'state': 'CA', 'country': 'USA'}",Trabuco Canyon,CA,USA,"Trabuco Canyon, CA",4
2025-09-04,2025-09-09,401772832,2025-09-07T20:05Z,7,Denver Broncos,10,Tennessee Titans,7,Denver Broncos,4429193,Kris Abrams-Draine,CB,Missouri,"{'city': 'Mobile', 'state': 'AL', 'country': 'USA'}",Mobile,AL,USA,"Mobile, AL",2
2025-09-04,2025-09-09,401772832,2025-09-07T20:05Z,7,Denver Broncos,10,Tennessee Titans,7,Denver Broncos,3915282,Zach Allen,DE,Boston College,"{'city': 'New Canaan', 'state': 'CT', 'country': 'USA'}",New Canaan,CT,USA,"New Canaan, CT",7
2025-09-04,2025-09-09,401772832,2025-09-07T20:05Z,7,Denver Broncos,10,Tennessee Titans,7,Denver Broncos,4428241,Levelle Bailey,LB,Fresno State,"{'city': 'Sacramento', 'state': 'CA', 'country': 'USA'}",Sacramento,CA,USA,"Sacramento, CA",2
2025-09-04,2025-09-09,401772832,2025-09-07T20:05Z,7,Denver Broncos,10,Tennessee Titans,7,Denver Broncos,4430925,Jahdae Barron,CB,Texas,"{'city': 'Austin', 'state': 'TX', 'country': 'USA'}",Austin,TX,USA,"Austin, TX",
2025-09-04,2025-09-09,401772832,2025-09-07T20:05Z,7,Denver Broncos,10,Tennessee Titans,7,Denver Broncos,4360259,Nik Bonitto,LB,Oklahoma,"{'city': 'Fort Lauderdale', 'state': 'FL', 'country': 'USA'}",Fort Lauderdale,FL,USA,"Fort Lauderdale, FL",4
2025-09-04,2025-09-09,401772832,2025-09-07T20:05Z,7,Denver Broncos,10,Tennessee Titans,7,Denver Broncos,4040608,Jonathon Cooper,LB,Ohio State,"{'city': 'Gahanna', 'state': 'OH', 'country': 'USA'}",Gahanna,OH,USA,"Gahanna, OH",5
2025-09-04,2025-09-09,401772832,2025-09-07T20:05Z,7,Denver Broncos,10,Tennessee Titans,7,Denver Broncos,4687592,Jonah Elliss,LB,Utah,"{'city': 'Moscow', 'state': 'ID', 'country': 'USA'}",Moscow,ID,USA,"Moscow, ID",2
2025-09-04,2025-09-09,401772832,2025-09-07T20:05Z,7,Denver Broncos,10,Tennessee Titans,7,Denver Broncos,3120464,John Franklin-Myers,DE,Stephen F. Austin,"{'city': 'Greenville', 'state': 'TX', 'country': 'USA'}",Greenville,TX,USA,"Greenville, TX",8
2025-09-04,2025-09-09,401772832,2025-09-07T20:05Z,7,Denver Broncos,10,Tennessee Titans,7,Denver Broncos,3916903,Dre Greenlaw,LB,Arkansas,"{'city': 'Fayetteville', 'state': 'AR', 'country': 'USA'}",Fayetteville,AR,USA,"Fayetteville, AR",7
2025-09-04,2025-09-09,401772832,2025-09-07T20:05Z,7,Denver Broncos,10,Tennessee Titans,7,Denver Broncos,4360853,Talanoa Hufanga,S,USC,"{'city': 'Corvallis', 'state': 'OR', 'country': 'USA'}",Corvallis,OR,USA,"Corvallis, OR",5
2025-09-04,2025-09-09,401772832,2025-09-07T20:05Z,7,Denver Broncos,10,Tennessee Titans,7,Denver Broncos,4261090,Jordan Jackson,DT,Air Force,"{'city': 'Jacksonville', 'state': 'FL', 'country': 'USA'}",Jacksonville,FL,USA,"Jacksonville, FL",2
2025-09-04,2025-09-09,401772832,2025-09-07T20:05Z,7,Denver Broncos,10,Tennessee Titans,7,Denver Broncos,4039059,Brandon Jones,S,Texas,"{'city': 'Nacogdoches', 'state': 'TX', 'country': 'USA'}",Nacogdoches,TX,USA,"Nacogdoches, TX",6
2025-09-04,2025-09-09,401772832,2025-09-07T20:05Z,7,Denver Broncos,10,Tennessee Titans,7,Denver Broncos,3894915,D.J. Jones,DT,Ole Miss,"{'city': 'Greenville', 'state': 'SC', 'country': 'USA'}",Greenville,SC,USA,"Greenville, SC",9
2025-09-04,2025-09-09,401772832,2025-09-07T20:05Z,7,Denver Broncos,10,Tennessee Titans,7,Denver Broncos,4603189,Sai'vion Jones,DE,LSU,"{'city': 'Vacherie', 'state': 'LA', 'country': 'USA'}",Vacherie,LA,USA,"Vacherie, LA",
2025-09-04,2025-09-09,401772832,2025-09-07T20:05Z,7,Denver Broncos,10,Tennessee Titans,7,Denver Broncos,4037559,Devon Key,S,Western Kentucky,"{'city': 'Lexington', 'state': 'KY', 'country': 'USA'}",Lexington,KY,USA,"Lexington, KY",2
2025-09-04,2025-09-09,401772832,2025-09-07T20:05Z,7,Denver Broncos,10,Tennessee Titans,7,Denver Broncos,3929850,P.J. Locke,S,Texas,"{'city': 'Beaumont', 'state': 'TX', 'country': 'USA'}",Beaumont,TX,USA,"Beaumont, TX",6
2025-09-04,2025-09-09,401772832,2025-09-07T20:05Z,7,Denver Broncos,10,Tennessee Titans,7,Denver Broncos,4567462,Ja'Quan McMillian,CB,East Carolina,"{'city': 'Winston-Salem', 'state': 'NC', 'country': 'USA'}",Winston-Salem,NC,USA,"Winston-Salem, NC",3
2025-09-04,2025-09-09,401772832,2025-09-07T20:05Z,7,Denver Broncos,10,Tennessee Titans,7,Denver Broncos,4382401,Riley Moss,CB,Iowa,"{'city': 'Ankeny', 'state': 'IA', 'country': 'USA'}",Ankeny,IA,USA,"Ankeny, IA",3
2025-09-04,2025-09-09,401772832,2025-09-07T20:05Z,7,Denver Broncos,10,Tennessee Titans,7,Denver Broncos,4875336,Karene Reid,LB,Utah,"{'city': 'American Fork', 'state': 'UT', 'country': 'USA'}",American Fork,UT,USA,"American Fork, UT",
2025-09-04,2025-09-09,401772832,2025-09-07T20:05Z,7,Denver Broncos,10,Tennessee Titans,7,Denver Broncos,4692048,Que Robinson,LB,Alabama,"{'city': 'Birmingham', 'state': 'AL', 'country': 'USA'}",Birmingham,AL,USA,"Birmingham, AL",
2025-09-04,2025-09-09,401772832,2025-09-07T20:05Z,7,Denver Broncos,10,Tennessee Titans,7,Denver Broncos,2612151,Alex Singleton,LB,Montana State,"{'city': 'Thousand Oaks', 'state': 'CA', 'country': 'USA'}",Thousand Oaks,CA,USA,"Thousand Oaks, CA",7
2025-09-04,2025-09-09,401772832,2025-09-07T20:05Z,7,Denver Broncos,10,Tennessee Titans,7,Denver Broncos,4428503,JL Skinner,S,Boise State,"{'city': 'San Diego', 'state': 'CA', 'country': 'USA'}",San Diego,CA,USA,"San Diego, CA",3
2025-09-04,2025-09-09,401772832,2025-09-07T20:05Z,7,Denver Broncos,10,Tennessee Titans,7,Denver Broncos,3919548,Justin Strnad,LB,Wake Forest,"{'city': 'Palm Harbor', 'state': 'FL', 'country': 'USA'}",Palm Harbor,FL,USA,"Palm Harbor, FL",6
2025-09-04,2025-09-09,401772832,2025-09-07T20:05Z,7,Denver Broncos,10,Tennessee Titans,7,Denver Broncos,4372012,Pat Surtain II,CB,Alabama,"{'city': 'Plantation', 'state': 'FL', 'country': 'USA'}",Plantation,FL,USA,"Plantation, FL",5
2025-09-04,2025-09-09,401772832,2025-09-07T20:05Z,7,Denver Broncos,10,Tennessee Titans,7,Denver Broncos,5216101,Dondrea Tillman,LB,Indiana-Pennsylvania,"{'city': 'Sterling', 'state': 'VA', 'country': 'USA'}",Sterling,VA,USA,"Sterling, VA",2
2025-09-04,2025-09-09,401772832,2025-09-07T20:05Z,7,Denver Broncos,10,Tennessee Titans,7,Denver Broncos,4066109,Eyioma Uwazurike,DE,Iowa State,"{'city': 'Detroit', 'state': 'MI', 'country': 'USA'}",Detroit,MI,USA,"Detroit, MI",3
2025-09-04,2025-09-09,401772832,2025-09-07T20:05Z,7,Denver Broncos,10,Tennessee Titans,7,Denver Broncos,4589212,Jeremy Crawshaw,P,Florida,"{'city': 'Penrith', 'state': 'NSW', 'country': 'Australia'}",Penrith,NSW,Australia,"Penrith, NSW",
2025-09-04,2025-09-09,401772832,2025-09-07T20:05Z,7,Denver Broncos,10,Tennessee Titans,7,Denver Broncos,3139166,Mitchell Fraboni,LS,Arizona State,"{'city': 'Phoenix', 'state': 'AZ', 'country': 'USA'}",Phoenix,AZ,USA,"Phoenix, AZ",4
2025-09-04,2025-09-09,401772832,2025-09-07T20:05Z,7,Denver Broncos,10,Tennessee Titans,7,Denver Broncos,2985659,Wil Lutz,PK,Georgia State,"{'city': 'Newnan', 'state': 'GA', 'country': 'USA'}",Newnan,GA,USA,"Newnan, GA",10
2025-09-04,2025-09-09,401772832,2025-09-07T20:05Z,7,Denver Broncos,10,Tennessee Titans,7,Denver Broncos,2515270,Michael Burton,FB,Rutgers,"{'city': 'Long Valley', 'state': 'NJ', 'country': 'USA'}",Long Valley,NJ,USA,"Long Valley, NJ",11
2025-09-04,2025-09-09,401772832,2025-09-07T20:05Z,7,Denver Broncos,10,Tennessee Titans,7,Denver Broncos,4368033,Nick Gargiulo,G,South Carolina,"{'city': 'Yorktown Heights', 'state': 'NY', 'country': 'USA'}",Yorktown Heights,NY,USA,"Yorktown Heights, NY",1
2025-09-04,2025-09-09,401772832,2025-09-07T20:05Z,7,Denver Broncos,10,Tennessee Titans,7,Denver Broncos,4242358,Matt Henningsen,DE,Wisconsin,"{'city': 'Menomonee Falls', 'state': 'WI', 'country': 'USA'}",Menomonee Falls,WI,USA,"Menomonee Falls, WI",3
2025-09-04,2025-09-09,401772832,2025-09-07T20:05Z,7,Denver Broncos,10,Tennessee Titans,7,Denver Broncos,4039064,Malcolm Roach,DT,Texas,"{'city': 'Baton Rouge', 'state': 'LA', 'country': 'USA'}",Baton Rouge,LA,USA,"Baton Rouge, LA",6
2025-09-04,2025-09-09,401772832,2025-09-07T20:05Z,7,Denver Broncos,10,Tennessee Titans,7,Denver Broncos,4685721,Drew Sanders,LB,Arkansas,"{'city': 'Denton', 'state': 'TX', 'country': 'USA'}",Denton,TX,USA,"Denton, TX",3
2025-09-04,2025-09-09,401772832,2025-09-07T20:05Z,7,Denver Broncos,10,Tennessee Titans,7,Denver Broncos,4430973,Johnny Walker Jr.,LB,Missouri,"{'city': 'Tampa', 'state': 'FL', 'country': 'USA'}",Tampa,FL,USA,"Tampa, FL",
2025-09-04,2025-09-09,401772832,2025-09-07T20:05Z,7,Denver Broncos,10,Tennessee Titans,7,Denver Broncos,4428886,Kristian Williams,DT,Missouri,"{'city': 'Memphis', 'state': 'TN', 'country': 'USA'}",Memphis,TN,USA,"Memphis, TN",
2025-09-04,2025-09-09,401772832,2025-09-07T20:05Z,7,Denver Broncos,10,Tennessee Titans,7,Denver Broncos,4034704,Michael Bandy,WR,San Diego,"{'city': 'La Mirada', 'state': 'CA', 'country': 'USA'}",La Mirada,CA,USA,"La Mirada, CA",3
2025-09-04,2025-09-09,401772832,2025-09-07T20:05Z,7,Denver Broncos,10,Tennessee Titans,7,Denver Broncos,4432208,Caleb Lohner,TE,Utah,"{'city': 'Flower Mound', 'state': 'TX', 'country': 'USA'}",Flower Mound,TX,USA,"Flower Mound, TX",
2025-09-04,2025-09-09,401772832,2025-09-07T20:05Z,7,Denver Broncos,10,Tennessee Titans,7,Denver Broncos,4427998,Joe Michalski,C,Oklahoma State,"{'city': 'Kansas City', 'state': 'KS', 'country': 'USA'}",Kansas City,KS,USA,"Kansas City, KS",
2025-09-04,2025-09-09,401772832,2025-09-07T20:05Z,7,Denver Broncos,10,Tennessee Titans,7,Denver Broncos,4362524,Jordan Miller,DT,SMU,"{'city': 'Jacksonville', 'state': 'FL', 'country': 'USA'}",Jacksonville,FL,USA,"Jacksonville, FL",1
2025-09-04,2025-09-09,401772832,2025-09-07T20:05Z,7,Denver Broncos,10,Tennessee Titans,7,Denver Broncos,5209791,Patrick Murtagh,TE,,"{'city': 'Gold Coast', 'state': 'QLD', 'country': 'Australia'}",Gold Coast,QLD,Australia,"Gold Coast, QLD",
2025-09-04,2025-09-09,401772832,2025-09-07T20:05Z,7,Denver Broncos,10,Tennessee Titans,7,Denver Broncos,4362019,A.T. Perry,WR,Wake Forest,"{'city': 'Lake Worth', 'state': 'FL', 'country': 'USA'}",Lake Worth,FL,USA,"Lake Worth, FL",2
2025-09-04,2025-09-09,401772832,2025-09-07T20:05Z,7,Denver Broncos,10,Tennessee Titans,7,Denver Broncos,4374032,Jaden Robinson,CB,Oregon State,"{'city': 'Auburn', 'state': 'WA', 'country': 'USA'}",Auburn,WA,USA,"Auburn, WA",
2025-09-04,2025-09-09,401772832,2025-09-07T20:05Z,7,Denver Broncos,10,Tennessee Titans,7,Denver Broncos,4372418,Keidron Smith,S,Kentucky,"{'city': 'West Palm Beach', 'state': 'FL', 'country': 'USA'}",West Palm Beach,FL,USA,"West Palm Beach, FL",2
2025-09-04,2025-09-09,401772832,2025-09-07T20:05Z,7,Denver Broncos,10,Tennessee Titans,7,Denver Broncos,4371946,Reese Taylor,CB,Purdue,"{'city': 'Indianapolis', 'state': 'IN', 'country': 'USA'}",Indianapolis,IN,USA,"Indianapolis, IN",1
2025-09-04,2025-09-09,401772832,2025-09-07T20:05Z,7,Denver Broncos,10,Tennessee Titans,7,Denver Broncos,4240121,Thayer Thomas,WR,NC State,"{'city': 'Wake Forest', 'state': 'NC', 'country': 'USA'}",Wake Forest,NC,USA,"Wake Forest, NC",1
2025-09-04,2025-09-09,401772832,2025-09-07T20:05Z,7,Denver Broncos,10,Tennessee Titans,7,Denver Broncos,3915147,Calvin Throckmorton,G,Oregon,"{'city': 'Bellevue', 'state': 'WA', 'country': 'USA'}",Bellevue,WA,USA,"Bellevue, WA",5
2025-09-04,2025-09-09,401772832,2025-09-07T20:05Z,7,Denver Broncos,10,Tennessee Titans,7,Denver Broncos,4693373,Jordan Turner,LB,Michigan State,"{'city': 'Farmington Hills', 'state': 'MI', 'country': 'USA'}",Farmington Hills,MI,USA,"Farmington Hills, MI",
2025-09-04,2025-09-09,401772832,2025-09-07T20:05Z,7,Denver Broncos,10,Tennessee Titans,7,Denver Broncos,4360287,Delarrin Turner-Yell,S,Oklahoma,"{'city': 'Hempstead', 'state': 'TX', 'country': 'USA'}",Hempstead,TX,USA,"Hempstead, TX",4
2025-09-04,2025-09-09,401772832,2025-09-07T20:05Z,7,Denver Broncos,10,Tennessee Titans,7,Denver Broncos,4241807,Garret Wallow,LB,TCU,"{'city': 'New Orleans', 'state': 'LA', 'country': 'USA'}",New Orleans,LA,USA,"New Orleans, LA",5
2025-09-04,2025-09-09,401772832,2025-09-07T20:05Z,7,Denver Broncos,10,Tennessee Titans,10,Tennessee Titans,2574511,Brandon Allen,QB,Arkansas,"{'city': 'Fayetteville', 'state': 'AR', 'country': 'USA'}",Fayetteville,AR,USA,"Fayetteville, AR",9
2025-09-04,2025-09-09,401772832,2025-09-07T20:05Z,7,Denver Broncos,10,Tennessee Titans,10,Tennessee Titans,4883647,Elic Ayomanor,WR,Stanford,"{'city': 'Medicine Hat', 'state': 'AB', 'country': 'Canada'}",Medicine Hat,AB,Canada,"Medicine Hat, AB",
2025-09-04,2025-09-09,401772832,2025-09-07T20:05Z,7,Denver Broncos,10,Tennessee Titans,10,Tennessee Titans,4367567,Julius Chestnut,RB,Sacred Heart,"{'city': 'Bowie', 'state': 'MD', 'country': 'USA'}",Bowie,MD,USA,"Bowie, MD",4
2025-09-04,2025-09-09,401772832,2025-09-07T20:05Z,7,Denver Broncos,10,Tennessee Titans,10,Tennessee Titans,4426987,Brandon Crenshaw-Dickson,OT,Florida,"{'city': 'Inglewood', 'state': 'CA', 'country': 'USA'}",Inglewood,CA,USA,"Inglewood, CA",
2025-09-04,2025-09-09,401772832,2025-09-07T20:05Z,7,Denver Broncos,10,Tennessee Titans,10,Tennessee Titans,4035448,Lloyd Cushenberry III,C,LSU,"{'city': 'Carville', 'state': 'LA', 'country': 'USA'}",Carville,LA,USA,"Carville, LA",6
2025-09-04,2025-09-09,401772832,2025-09-07T20:05Z,7,Denver Broncos,10,Tennessee Titans,10,Tennessee Titans,4431268,Chimere Dike,WR,Florida,"{'city': 'Waukesha', 'state': 'WI', 'country': 'USA'}",Waukesha,WI,USA,"Waukesha, WI",
2025-09-04,2025-09-09,401772832,2025-09-07T20:05Z,7,Denver Broncos,10,Tennessee Titans,10,Tennessee Titans,3116135,Blake Hance,G,Northwestern,"{'city': 'Jacksonville', 'state': 'IL', 'country': 'USA'}",Jacksonville,IL,USA,"Jacksonville, IL",5
2025-09-04,2025-09-09,401772832,2025-09-07T20:05Z,7,Denver Broncos,10,Tennessee Titans,10,Tennessee Titans,4686728,Gunnar Helm,TE,Texas,"{'city': 'Englewood', 'state': 'CO', 'country': 'USA'}",Englewood,CO,USA,"Englewood, CO",
2025-09-04,2025-09-09,401772832,2025-09-07T20:05Z,7,Denver Broncos,10,Tennessee Titans,10,Tennessee Titans,3930066,Van Jefferson,WR,Florida,"{'city': 'Brentwood', 'state': 'TN', 'country': 'USA'}",Brentwood,TN,USA,"Brentwood, TN",6
2025-09-04,2025-09-09,401772832,2025-09-07T20:05Z,7,Denver Broncos,10,Tennessee Titans,10,Tennessee Titans,4431437,JC Latham,OT,Alabama,"{'city': 'Oak Creek', 'state': 'WI', 'country': 'USA'}",Oak Creek,WI,USA,"Oak Creek, WI",2
2025-09-04,2025-09-09,401772832,2025-09-07T20:05Z,7,Denver Broncos,10,Tennessee Titans,10,Tennessee Titans,2973637,Corey Levin,C,Chattanooga,"{'city': 'Dacula', 'state': 'GA', 'country': 'USA'}",Dacula,GA,USA,"Dacula, GA",7
2025-09-04,2025-09-09,401772832,2025-09-07T20:05Z,7,Denver Broncos,10,Tennessee Titans,10,Tennessee Titans,2577327,Tyler Lockett,WR,Kansas State,"{'city': 'Tulsa', 'state': 'OK', 'country': 'USA'}",Tulsa,OK,USA,"Tulsa, OK",11
2025-09-04,2025-09-09,401772832,2025-09-07T20:05Z,7,Denver Broncos,10,Tennessee Titans,10,Tennessee Titans,4360978,David Martin-Robinson,TE,Temple,"{'city': 'Landisville', 'state': 'PA', 'country': 'USA'}",Landisville,PA,USA,"Landisville, PA",2
2025-09-04,2025-09-09,401772832,2025-09-07T20:05Z,7,Denver Broncos,10,Tennessee Titans,10,Tennessee Titans,4240920,Dan Moore Jr.,OT,Texas A&M,"{'city': 'Beaumont', 'state': 'TX', 'country': 'USA'}",Beaumont,TX,USA,"Beaumont, TX",5
2025-09-04,2025-09-09,401772832,2025-09-07T20:05Z,7,Denver Broncos,10,Tennessee Titans,10,Tennessee Titans,4429121,Kalel Mullings,RB,Michigan,"{'city': 'West Roxbury', 'state': 'MA', 'country': 'USA'}",West Roxbury,MA,USA,"West Roxbury, MA",
2025-09-04,2025-09-09,401772832,2025-09-07T20:05Z,7,Denver Broncos,10,Tennessee Titans,10,Tennessee Titans,4360635,Chig Okonkwo,TE,Maryland,"{'city': 'Powder Springs', 'state': 'GA', 'country': 'USA'}",Powder Springs,GA,USA,"Powder Springs, GA",4
2025-09-04,2025-09-09,401772832,2025-09-07T20:05Z,7,Denver Broncos,10,Tennessee Titans,10,Tennessee Titans,4362617,Bryce Oliver,WR,Youngstown State,"{'city': 'Fort Lauderdale', 'state': 'FL', 'country': 'USA'}",Fort Lauderdale,FL,USA,"Fort Lauderdale, FL",2
2025-09-04,2025-09-09,401772832,2025-09-07T20:05Z,7,Denver Broncos,10,Tennessee Titans,10,Tennessee Titans,3916148,Tony Pollard,RB,Memphis,"{'city': 'Memphis', 'state': 'TN', 'country': 'USA'}",Memphis,TN,USA,"Memphis, TN",7
2025-09-04,2025-09-09,401772832,2025-09-07T20:05Z,7,Denver Broncos,10,Tennessee Titans,10,Tennessee Titans,3925357,Calvin Ridley,WR,Alabama,"{'city': 'Fort Lauderdale', 'state': 'FL', 'country': 'USA'}",Fort Lauderdale,FL,USA,"Fort Lauderdale, FL",7
2025-09-04,2025-09-09,401772832,2025-09-07T20:05Z,7,Denver Broncos,10,Tennessee Titans,10,Tennessee Titans,4429100,Peter Skoronski,OT,Northwestern,"{'city': 'Park Ridge', 'state': 'IL', 'country': 'USA'}",Park Ridge,IL,USA,"Park Ridge, IL",3
2025-09-04,2025-09-09,401772832,2025-09-07T20:05Z,7,Denver Broncos,10,Tennessee Titans,10,Tennessee Titans,4876319,Jackson Slater,G,Sacramento State,"{'city': 'Bellevue', 'state': 'WA', 'country': 'USA'}",Bellevue,WA,USA,"Bellevue, WA",
2025-09-04,2025-09-09,401772832,2025-09-07T20:05Z,7,Denver Broncos,10,Tennessee Titans,10,Tennessee Titans,3120502,Olisaemeka Udoh,OT,Elon,"{'city': 'Fayetteville', 'state': 'NC', 'country': 'USA'}",Fayetteville,NC,USA,"Fayetteville, NC",7
2025-09-04,2025-09-09,401772832,2025-09-07T20:05Z,7,Denver Broncos,10,Tennessee Titans,10,Tennessee Titans,4688380,Cam Ward,QB,Miami,"{'city': 'West Columbia', 'state': 'TX', 'country': 'USA'}",West Columbia,TX,USA,"West Columbia, TX",
2025-09-04,2025-09-09,401772832,2025-09-07T20:05Z,7,Denver Broncos,10,Tennessee Titans,10,Tennessee Titans,14931,Kevin Zeitler,G,Wisconsin,"{'city': 'Waukesha', 'state': 'WI', 'country': 'USA'}",Waukesha,WI,USA,"Waukesha, WI",14
2025-09-04,2025-09-09,401772832,2025-09-07T20:05Z,7,Denver Broncos,10,Tennessee Titans,10,Tennessee Titans,4372017,Jalyn Armour-Davis,CB,Alabama,"{'city': 'Mobile', 'state': 'AL', 'country': 'USA'}",Mobile,AL,USA,"Mobile, AL",4
2025-09-04,2025-09-09,401772832,2025-09-07T20:05Z,7,Denver Broncos,10,Tennessee Titans,10,Tennessee Titans,4036660,Darrell Baker Jr.,CB,Georgia Southern,"{'city': 'Hephzibah', 'state': 'GA', 'country': 'USA'}",Hephzibah,GA,USA,"Hephzibah, GA",3
2025-09-04,2025-09-09,401772832,2025-09-07T20:05Z,7,Denver Broncos,10,Tennessee Titans,10,Tennessee Titans,3926229,Cody Barton,LB,Utah,"{'city': 'Salt Lake City', 'state': 'UT', 'country': 'USA'}",Salt Lake City,UT,USA,"Salt Lake City, UT",7
2025-09-04,2025-09-09,401772832,2025-09-07T20:05Z,7,Denver Broncos,10,Tennessee Titans,10,Tennessee Titans,4244310,Mike Brown,S,Miami (OH),"{'city': 'Grand Rapids', 'state': 'MI', 'country': 'USA'}",Grand Rapids,MI,USA,"Grand Rapids, MI",3
2025-09-04,2025-09-09,401772832,2025-09-07T20:05Z,7,Denver Broncos,10,Tennessee Titans,10,Tennessee Titans,4426817,Jarvis Brownlee Jr.,CB,Louisville,"{'city': 'Miami Gardens', 'state': 'FL', 'country': 'USA'}",Miami Gardens,FL,USA,"Miami Gardens, FL",2
2025-09-04,2025-09-09,401772832,2025-09-07T20:05Z,7,Denver Broncos,10,Tennessee Titans,10,Tennessee Titans,2577553,Quandre Diggs,S,Texas,"{'city': 'Angleton', 'state': 'TX', 'country': 'USA'}",Angleton,TX,USA,"Angleton, TX",11
2025-09-04,2025-09-09,401772832,2025-09-07T20:05Z,7,Denver Broncos,10,Tennessee Titans,10,Tennessee Titans,4429834,Cedric Gray,LB,North Carolina,"{'city': 'Charlotte', 'state': 'NC', 'country': 'USA'}",Charlotte,NC,USA,"Charlotte, NC",2
2025-09-04,2025-09-09,401772832,2025-09-07T20:05Z,7,Denver Broncos,10,Tennessee Titans,10,Tennessee Titans,4429058,Jaylen Harrell,LB,Michigan,"{'city': 'Tampa', 'state': 'FL', 'country': 'USA'}",Tampa,FL,USA,"Tampa, FL",2
2025-09-04,2025-09-09,401772832,2025-09-07T20:05Z,7,Denver Broncos,10,Tennessee Titans,10,Tennessee Titans,4570469,Marcus Harris,CB,California,"{'city': 'Portland', 'state': 'OR', 'country': 'USA'}",Portland,OR,USA,"Portland, OR",
2025-09-04,2025-09-09,401772832,2025-09-07T20:05Z,7,Denver Broncos,10,Tennessee Titans,10,Tennessee Titans,4036134,Amani Hooker,S,Iowa,"{'city': 'Minneapolis', 'state': 'MN', 'country': 'USA'}",Minneapolis,MN,USA,"Minneapolis, MN",7
2025-09-04,2025-09-09,401772832,2025-09-07T20:05Z,7,Denver Broncos,10,Tennessee Titans,10,Tennessee Titans,3915525,Dre'Mont Jones,LB,Ohio State,"{'city': 'Cleveland', 'state': 'OH', 'country': 'USA'}",Cleveland,OH,USA,"Cleveland, OH",7
2025-09-04,2025-09-09,401772832,2025-09-07T20:05Z,7,Denver Broncos,10,Tennessee Titans,10,Tennessee Titans,3047495,Sebastian Joseph-Day,DE,Rutgers,"{'city': 'Stroudsburg', 'state': 'PA', 'country': 'USA'}",Stroudsburg,PA,USA,"Stroudsburg, PA",7
2025-09-04,2025-09-09,401772832,2025-09-07T20:05Z,7,Denver Broncos,10,Tennessee Titans,10,Tennessee Titans,3843843,Arden Key,LB,LSU,"{'city': 'Atlanta', 'state': 'GA', 'country': 'USA'}",Atlanta,GA,USA,"Atlanta, GA",8
2025-09-04,2025-09-09,401772832,2025-09-07T20:05Z,7,Denver Broncos,10,Tennessee Titans,10,Tennessee Titans,4259181,James Lynch,DT,Baylor,"{'city': 'Round Rock', 'state': 'TX', 'country': 'USA'}",Round Rock,TX,USA,"Round Rock, TX",6
2025-09-04,2025-09-09,401772832,2025-09-07T20:05Z,7,Denver Broncos,10,Tennessee Titans,10,Tennessee Titans,4573318,Dorian Mausi,LB,Auburn,"{'city': 'Detroit', 'state': 'MI', 'country': 'USA'}",Detroit,MI,USA,"Detroit, MI",
2025-09-04,2025-09-09,401772832,2025-09-07T20:05Z,7,Denver Broncos,10,Tennessee Titans,10,Tennessee Titans,4371973,Roger McCreary,CB,Auburn,"{'city': 'Mobile', 'state': 'AL', 'country': 'USA'}",Mobile,AL,USA,"Mobile, AL",4
2025-09-04,2025-09-09,401772832,2025-09-07T20:05Z,7,Denver Broncos,10,Tennessee Titans,10,Tennessee Titans,4876057,Oluwafemi Oladejo,LB,UCLA,"{'city': 'Elk Grove', 'state': 'CA', 'country': 'USA'}",Elk Grove,CA,USA,"Elk Grove, CA",
2025-09-04,2025-09-09,401772832,2025-09-07T20:05Z,7,Denver Broncos,10,Tennessee Titans,10,Tennessee Titans,4700676,C.J. Ravenell,DE,Missouri Western,"{'city': 'Santa Clarita', 'state': 'CA', 'country': 'USA'}",Santa Clarita,CA,USA,"Santa Clarita, CA",1
2025-09-04,2025-09-09,401772832,2025-09-07T20:05Z,7,Denver Broncos,10,Tennessee Titans,10,Tennessee Titans,4035369,Jeffery Simmons,DT,Mississippi State,"{'city': 'Macon', 'state': 'MS', 'country': 'USA'}",Macon,MS,USA,"Macon, MS",7
2025-09-04,2025-09-09,401772832,2025-09-07T20:05Z,7,Denver Broncos,10,Tennessee Titans,10,Tennessee Titans,4040432,L'Jarius Sneed,CB,Louisiana Tech,"{'city': 'Minden', 'state': 'LA', 'country': 'USA'}",Minden,LA,USA,"Minden, LA",6
2025-09-04,2025-09-09,401772832,2025-09-07T20:05Z,7,Denver Broncos,10,Tennessee Titans,10,Tennessee Titans,4428617,T'Vondre Sweat,DT,Texas,"{'city': 'Huntsville', 'state': 'TX', 'country': 'USA'}",Huntsville,TX,USA,"Huntsville, TX",2
2025-09-04,2025-09-09,401772832,2025-09-07T20:05Z,7,Denver Broncos,10,Tennessee Titans,10,Tennessee Titans,3886601,Shy Tuttle,DT,Tennessee,"{'city': 'Midway', 'state': 'NC', 'country': 'USA'}",Midway,NC,USA,"Midway, NC",7
2025-09-04,2025-09-09,401772832,2025-09-07T20:05Z,7,Denver Broncos,10,Tennessee Titans,10,Tennessee Titans,3115914,Jihad Ward,LB,Illinois,"{'city': 'Philadelphia', 'state': 'PA', 'country': 'USA'}",Philadelphia,PA,USA,"Philadelphia, PA",10
2025-09-04,2025-09-09,401772832,2025-09-07T20:05Z,7,Denver Broncos,10,Tennessee Titans,10,Tennessee Titans,2977681,Carlos Watkins,DE,Clemson,"{'city': 'Mooresboro', 'state': 'NC', 'country': 'USA'}",Mooresboro,NC,USA,"Mooresboro, NC",9
2025-09-04,2025-09-09,401772832,2025-09-07T20:05Z,7,Denver Broncos,10,Tennessee Titans,10,Tennessee Titans,4431613,James Williams Sr.,LB,Miami,"{'city': 'Fort Lauderdale', 'state': 'FL', 'country': 'USA'}",Fort Lauderdale,FL,USA,"Fort Lauderdale, FL",2
2025-09-04,2025-09-09,401772832,2025-09-07T20:05Z,7,Denver Broncos,10,Tennessee Titans,10,Tennessee Titans,4685617,Kevin Winston Jr.,S,Penn State,"{'city': 'Columbia', 'state': 'MD', 'country': 'USA'}",Columbia,MD,USA,"Columbia, MD",
2025-09-04,2025-09-09,401772832,2025-09-07T20:05Z,7,Denver Broncos,10,Tennessee Titans,10,Tennessee Titans,4280416,Samuel Womack III,CB,Toledo,"{'city': 'Detroit', 'state': 'MI', 'country': 'USA'}",Detroit,MI,USA,"Detroit, MI",4
2025-09-04,2025-09-09,401772832,2025-09-07T20:05Z,7,Denver Broncos,10,Tennessee Titans,10,Tennessee Titans,3040572,Xavier Woods,S,Louisiana Tech,"{'city': 'West Monroe', 'state': 'LA', 'country': 'USA'}",West Monroe,LA,USA,"West Monroe, LA",9
2025-09-04,2025-09-09,401772832,2025-09-07T20:05Z,7,Denver Broncos,10,Tennessee Titans,10,Tennessee Titans,13848,Morgan Cox,LS,Tennessee,"{'city': 'Collierville', 'state': 'TN', 'country': 'USA'}",Collierville,TN,USA,"Collierville, TN",16
2025-09-04,2025-09-09,401772832,2025-09-07T20:05Z,7,Denver Broncos,10,Tennessee Titans,10,Tennessee Titans,15153,Johnny Hekker,P,Oregon State,"{'city': 'Bothell', 'state': 'WA', 'country': 'USA'}",Bothell,WA,USA,"Bothell, WA",14
2025-09-04,2025-09-09,401772832,2025-09-07T20:05Z,7,Denver Broncos,10,Tennessee Titans,10,Tennessee Titans,3124084,Joey Slye,PK,Virginia Tech,"{'city': 'Stafford', 'state': 'VA', 'country': 'USA'}",Stafford,VA,USA,"Stafford, VA",7
2025-09-04,2025-09-09,401772832,2025-09-07T20:05Z,7,Denver Broncos,10,Tennessee Titans,10,Tennessee Titans,4567156,Treylon Burks,WR,Arkansas,"{'city': 'Warren', 'state': 'AR', 'country': 'USA'}",Warren,AR,USA,"Warren, AR",4
2025-09-04,2025-09-09,401772832,2025-09-07T20:05Z,7,Denver Broncos,10,Tennessee Titans,10,Tennessee Titans,4361418,Will Levis,QB,Kentucky,"{'city': 'Madison', 'state': 'CT', 'country': 'USA'}",Madison,CT,USA,"Madison, CT",3
2025-09-04,2025-09-09,401772832,2025-09-07T20:05Z,7,Denver Broncos,10,Tennessee Titans,10,Tennessee Titans,4567535,Anfernee Orji,LB,Vanderbilt,"{'city': 'Rockwall', 'state': 'TX', 'country': 'USA'}",Rockwall,TX,USA,"Rockwall, TX",2
2025-09-04,2025-09-09,401772832,2025-09-07T20:05Z,7,Denver Broncos,10,Tennessee Titans,10,Tennessee Titans,4428557,Tyjae Spears,RB,Tulane,"{'city': 'Ponchatoula', 'state': 'LA', 'country': 'USA'}",Ponchatoula,LA,USA,"Ponchatoula, LA",3
2025-09-04,2025-09-09,401772832,2025-09-07T20:05Z,7,Denver Broncos,10,Tennessee Titans,10,Tennessee Titans,4429466,Drake Dabney,TE,TCU,"{'city': 'Cypress', 'state': 'TX', 'country': 'USA'}",Cypress,TX,USA,"Cypress, TX",
2025-09-04,2025-09-09,401772832,2025-09-07T20:05Z,7,Denver Broncos,10,Tennessee Titans,10,Tennessee Titans,4243321,Ali Gaye,LB,LSU,"{'city': 'Lynnwood', 'state': 'WA', 'country': 'USA'}",Lynnwood,WA,USA,"Lynnwood, WA",2
2025-09-04,2025-09-09,401772832,2025-09-07T20:05Z,7,Denver Broncos,10,Tennessee Titans,10,Tennessee Titans,4045701,Timmy Horne,DT,Kansas State,"{'city': 'Wadesboro', 'state': 'NC', 'country': 'USA'}",Wadesboro,NC,USA,"Wadesboro, NC",4
2025-09-04,2025-09-09,401772832,2025-09-07T20:05Z,7,Denver Broncos,10,Tennessee Titans,10,Tennessee Titans,4431147,Cam Horsley,DT,Boston College,"{'city': 'Cinnaminson', 'state': 'NJ', 'country': 'USA'}",Cinnaminson,NJ,USA,"Cinnaminson, NJ",
2025-09-04,2025-09-09,401772832,2025-09-07T20:05Z,7,Denver Broncos,10,Tennessee Titans,10,Tennessee Titans,4057082,Mason Kinsey,WR,Berry College,"{'city': 'Demorest', 'state': 'GA', 'country': 'USA'}",Demorest,GA,USA,"Demorest, GA",3
2025-09-04,2025-09-09,401772832,2025-09-07T20:05Z,7,Denver Broncos,10,Tennessee Titans,10,Tennessee Titans,4243004,Jordan Mims,RB,Fresno State,"{'city': 'East Palo Alto', 'state': 'CA', 'country': 'USA'}",East Palo Alto,CA,USA,"East Palo Alto, CA",2
2025-09-04,2025-09-09,401772832,2025-09-07T20:05Z,7,Denver Broncos,10,Tennessee Titans,10,Tennessee Titans,4363554,Thomas Odukoya,TE,Eastern Michigan,"{'city': 'Almere', 'country': 'Netherlands'}",Almere,,Netherlands,Almere,2
2025-09-04,2025-09-09,401772832,2025-09-07T20:05Z,7,Denver Broncos,10,Tennessee Titans,10,Tennessee Titans,4240015,John Ojukwu,OT,Boise State,"{'city': 'Boise', 'state': 'ID', 'country': 'USA'}",Boise,ID,USA,"Boise, ID",2
2025-09-04,2025-09-09,401772832,2025-09-07T20:05Z,7,Denver Broncos,10,Tennessee Titans,10,Tennessee Titans,3916204,James Proche II,WR,SMU,"{'city': 'Dallas', 'state': 'TX', 'country': 'USA'}",Dallas,TX,USA,"Dallas, TX",7
2025-09-04,2025-09-09,401772832,2025-09-07T20:05Z,7,Denver Broncos,10,Tennessee Titans,10,Tennessee Titans,4431353,Xavier Restrepo,WR,Miami,"{'city': 'Coconut Creek', 'state': 'FL', 'country': 'USA'}",Coconut Creek,FL,USA,"Coconut Creek, FL",
2025-09-04,2025-09-09,401772832,2025-09-07T20:05Z,7,Denver Broncos,10,Tennessee Titans,10,Tennessee Titans,4916597,Andrew Rupcich,OT,Culver-Stockton College,"{'city': 'Wonder Lake', 'state': 'IL', 'country': 'USA'}",Wonder Lake,IL,USA,"Wonder Lake, IL",2
2025-09-04,2025-09-09,401772832,2025-09-07T20:05Z,7,Denver Broncos,10,Tennessee Titans,10,Tennessee Titans,2511109,Trevor Siemian,QB,Northwestern,"{'city': 'Windermere', 'state': 'FL', 'country': 'USA'}",Windermere,FL,USA,"Windermere, FL",9
2025-09-04,2025-09-09,401772832,2025-09-07T20:05Z,7,Denver Broncos,10,Tennessee Titans,10,Tennessee Titans,4426336,Clay Webb,G,Jacksonville State,"{'city': 'Oxford', 'state': 'AL', 'country': 'USA'}",Oxford,AL,USA,"Oxford, AL",
2025-09-04,2025-09-09,401772832,2025-09-07T20:05Z,7,Denver Broncos,10,Tennessee Titans,10,Tennessee Titans,4700660,Sam Webb,CB,Missouri Western,"{'city': 'Excelsior Springs', 'state': 'MO', 'country': 'USA'}",Excelsior Springs,MO,USA,"Excelsior Springs, MO",3
2025-09-04,2025-09-09,401772832,2025-09-07T20:05Z,7,Denver Broncos,10,Tennessee Titans,10,Tennessee Titans,4039254,Kyzir White,LB,West Virginia,"{'city': 'Macungie', 'state': 'PA', 'country': 'USA'}",Macungie,PA,USA,"Macungie, PA",7
2025-09-04,2025-09-09,401772831,2025-09-07T20:05Z,26,Seattle Seahawks,25,San Francisco 49ers,26,Seattle Seahawks,4678006,Elijah Arroyo,TE,Miami,"{'city': 'Frisco', 'state': 'TX', 'country': 'USA'}",Frisco,TX,USA,"Frisco, TX",
2025-09-04,2025-09-09,401772831,2025-09-07T20:05Z,26,Seattle Seahawks,25,San Francisco 49ers,26,Seattle Seahawks,4576297,AJ Barner,TE,Michigan,"{'city': 'Aurora', 'state': 'OH', 'country': 'USA'}",Aurora,OH,USA,"Aurora, OH",2
2025-09-04,2025-09-09,401772831,2025-09-07T20:05Z,26,Seattle Seahawks,25,San Francisco 49ers,26,Seattle Seahawks,4360405,Jake Bobo,WR,UCLA,"{'city': 'North Andover', 'state': 'MA', 'country': 'USA'}",North Andover,MA,USA,"North Andover, MA",3
2025-09-04,2025-09-09,401772831,2025-09-07T20:05Z,26,Seattle Seahawks,25,San Francisco 49ers,26,Seattle Seahawks,4429211,Anthony Bradford,G,LSU,"{'city': 'Muskegon', 'state': 'MI', 'country': 'USA'}",Muskegon,MI,USA,"Muskegon, MI",3
2025-09-04,2025-09-09,401772831,2025-09-07T20:05Z,26,Seattle Seahawks,25,San Francisco 49ers,26,Seattle Seahawks,4612077,Bryce Cabeldue,G,Kansas,"{'city': 'Clovis', 'state': 'NM', 'country': 'USA'}",Clovis,NM,USA,"Clovis, NM",
2025-09-04,2025-09-09,401772831,2025-09-07T20:05Z,26,Seattle Seahawks,25,San Francisco 49ers,26,Seattle Seahawks,4426385,Zach Charbonnet,RB,UCLA,"{'city': 'Camarillo', 'state': 'CA', 'country': 'USA'}",Camarillo,CA,USA,"Camarillo, CA",3
2025-09-04,2025-09-09,401772831,2025-09-07T20:05Z,26,Seattle Seahawks,25,San Francisco 49ers,26,Seattle Seahawks,4426376,Charles Cross,OT,Mississippi State,"{'city': 'Laurel', 'state': 'MS', 'country': 'USA'}",Laurel,MS,USA,"Laurel, MS",4
2025-09-04,2025-09-09,401772831,2025-09-07T20:05Z,26,Seattle Seahawks,25,San Francisco 49ers,26,Seattle Seahawks,3912547,Sam Darnold,QB,USC,"{'city': 'Capistrano Beach', 'state': 'CA', 'country': 'USA'}",Capistrano Beach,CA,USA,"Capistrano Beach, CA",8
2025-09-04,2025-09-09,401772831,2025-09-07T20:05Z,26,Seattle Seahawks,25,San Francisco 49ers,26,Seattle Seahawks,4429835,George Holani,RB,Boise State,"{'city': 'Bellflower', 'state': 'CA', 'country': 'USA'}",Bellflower,CA,USA,"Bellflower, CA",2
2025-09-04,2025-09-09,401772831,2025-09-07T20:05Z,26,Seattle Seahawks,25,San Francisco 49ers,26,Seattle Seahawks,4597703,Tory Horton,WR,Colorado State,"{'city': 'Fresno', 'state': 'CA', 'country': 'USA'}",Fresno,CA,USA,"Fresno, CA",
2025-09-04,2025-09-09,401772831,2025-09-07T20:05Z,26,Seattle Seahawks,25,San Francisco 49ers,26,Seattle Seahawks,3914630,Josh Jones,G,Houston,"{'city': 'Richmond', 'state': 'TX', 'country': 'USA'}",Richmond,TX,USA,"Richmond, TX",6
2025-09-04,2025-09-09,401772831,2025-09-07T20:05Z,26,Seattle Seahawks,25,San Francisco 49ers,26,Seattle Seahawks,4569547,Nick Kallerup,TE,Minnesota,"{'city': 'Wayzata', 'state': 'MN', 'country': 'USA'}",Wayzata,MN,USA,"Wayzata, MN",
2025-09-04,2025-09-09,401772831,2025-09-07T20:05Z,26,Seattle Seahawks,25,San Francisco 49ers,26,Seattle Seahawks,2977187,Cooper Kupp,WR,Eastern Washington,"{'city': 'Yakima', 'state': 'WA', 'country': 'USA'}",Yakima,WA,USA,"Yakima, WA",9
2025-09-04,2025-09-09,401772831,2025-09-07T20:05Z,26,Seattle Seahawks,25,San Francisco 49ers,26,Seattle Seahawks,3924327,Drew Lock,QB,Missouri,"{'city': ""Lee's Summit"", 'state': 'MO', 'country': 'USA'}",Lee's Summit,MO,USA,"Lee's Summit, MO",7
2025-09-04,2025-09-09,401772831,2025-09-07T20:05Z,26,Seattle Seahawks,25,San Francisco 49ers,26,Seattle Seahawks,4245171,Abraham Lucas,OT,Washington State,"{'city': 'Everett', 'state': 'WA', 'country': 'USA'}",Everett,WA,USA,"Everett, WA",4
2025-09-04,2025-09-09,401772831,2025-09-07T20:05Z,26,Seattle Seahawks,25,San Francisco 49ers,26,Seattle Seahawks,4432734,Jalen Milroe,QB,Alabama,"{'city': 'Katy', 'state': 'TX', 'country': 'USA'}",Katy,TX,USA,"Katy, TX",
2025-09-04,2025-09-09,401772831,2025-09-07T20:05Z,26,Seattle Seahawks,25,San Francisco 49ers,26,Seattle Seahawks,4370807,Olu Oluwatimi,C,Michigan,"{'city': 'Upper Marlboro', 'state': 'MD', 'country': 'USA'}",Upper Marlboro,MD,USA,"Upper Marlboro, MD",3
2025-09-04,2025-09-09,401772831,2025-09-07T20:05Z,26,Seattle Seahawks,25,San Francisco 49ers,26,Seattle Seahawks,4691688,Robbie Ouzts,FB,Alabama,"{'city': 'Rock Hill', 'state': 'SC', 'country': 'USA'}",Rock Hill,SC,USA,"Rock Hill, SC",
2025-09-04,2025-09-09,401772831,2025-09-07T20:05Z,26,Seattle Seahawks,25,San Francisco 49ers,26,Seattle Seahawks,4432525,Mason Richman,G,Iowa,"{'city': 'Leawood', 'state': 'KS', 'country': 'USA'}",Leawood,KS,USA,"Leawood, KS",
2025-09-04,2025-09-09,401772831,2025-09-07T20:05Z,26,Seattle Seahawks,25,San Francisco 49ers,26,Seattle Seahawks,4243176,Brady Russell,FB,Colorado,"{'city': 'Fort Collins', 'state': 'CO', 'country': 'USA'}",Fort Collins,CO,USA,"Fort Collins, CO",3
2025-09-04,2025-09-09,401772831,2025-09-07T20:05Z,26,Seattle Seahawks,25,San Francisco 49ers,26,Seattle Seahawks,2975863,Eric Saubert,TE,Drake,"{'city': 'Hoffman Estates', 'state': 'IL', 'country': 'USA'}",Hoffman Estates,IL,USA,"Hoffman Estates, IL",8
2025-09-04,2025-09-09,401772831,2025-09-07T20:05Z,26,Seattle Seahawks,25,San Francisco 49ers,26,Seattle Seahawks,4430878,Jaxon Smith-Njigba,WR,Ohio State,"{'city': 'Rockwall', 'state': 'TX', 'country': 'USA'}",Rockwall,TX,USA,"Rockwall, TX",3
2025-09-04,2025-09-09,401772831,2025-09-07T20:05Z,26,Seattle Seahawks,25,San Francisco 49ers,26,Seattle Seahawks,4383409,Jalen Sundell,C,North Dakota State,"{'city': 'Maryville', 'state': 'MO', 'country': 'USA'}",Maryville,MO,USA,"Maryville, MO",2
2025-09-04,2025-09-09,401772831,2025-09-07T20:05Z,26,Seattle Seahawks,25,San Francisco 49ers,26,Seattle Seahawks,4567048,Kenneth Walker III,RB,Michigan State,"{'city': 'Arlington', 'state': 'TN', 'country': 'USA'}",Arlington,TN,USA,"Arlington, TN",4
2025-09-04,2025-09-09,401772831,2025-09-07T20:05Z,26,Seattle Seahawks,25,San Francisco 49ers,26,Seattle Seahawks,4241983,Cody White,WR,Michigan State,"{'city': 'Novi', 'state': 'MI', 'country': 'USA'}",Novi,MI,USA,"Novi, MI",4
2025-09-04,2025-09-09,401772831,2025-09-07T20:05Z,26,Seattle Seahawks,25,San Francisco 49ers,26,Seattle Seahawks,4401805,Dareke Young,WR,Lenoir-Rhyne,"{'city': 'Raleigh', 'state': 'NC', 'country': 'USA'}",Raleigh,NC,USA,"Raleigh, NC",4
2025-09-04,2025-09-09,401772831,2025-09-07T20:05Z,26,Seattle Seahawks,25,San Francisco 49ers,26,Seattle Seahawks,4693346,Grey Zabel,G,North Dakota State,"{'city': 'Pierre', 'state': 'SD', 'country': 'USA'}",Pierre,SD,USA,"Pierre, SD",
2025-09-04,2025-09-09,401772831,2025-09-07T20:05Z,26,Seattle Seahawks,25,San Francisco 49ers,26,Seattle Seahawks,4259978,Quinton Bohanna,DT,Kentucky,"{'city': 'Cordova', 'state': 'TN', 'country': 'USA'}",Cordova,TN,USA,"Cordova, TN",4
2025-09-04,2025-09-09,401772831,2025-09-07T20:05Z,26,Seattle Seahawks,25,San Francisco 49ers,26,Seattle Seahawks,4239094,Coby Bryant,S,Cincinnati,"{'city': 'Cleveland', 'state': 'OH', 'country': 'USA'}",Cleveland,OH,USA,"Cleveland, OH",4
2025-09-04,2025-09-09,401772831,2025-09-07T20:05Z,26,Seattle Seahawks,25,San Francisco 49ers,26,Seattle Seahawks,4869523,Nick Emmanwori,S,South Carolina,"{'city': 'Irmo', 'state': 'SC', 'country': 'USA'}",Irmo,SC,USA,"Irmo, SC",
2025-09-04,2025-09-09,401772831,2025-09-07T20:05Z,26,Seattle Seahawks,25,San Francisco 49ers,26,Seattle Seahawks,3054026,Shaquill Griffin,CB,UCF,"{'city': 'St. Petersburg', 'state': 'FL', 'country': 'USA'}",St. Petersburg,FL,USA,"St. Petersburg, FL",9
2025-09-04,2025-09-09,401772831,2025-09-07T20:05Z,26,Seattle Seahawks,25,San Francisco 49ers,26,Seattle Seahawks,4567226,Derick Hall,LB,Auburn,"{'city': 'Gulfport', 'state': 'MS', 'country': 'USA'}",Gulfport,MS,USA,"Gulfport, MS",3
2025-09-04,2025-09-09,401772831,2025-09-07T20:05Z,26,Seattle Seahawks,25,San Francisco 49ers,26,Seattle Seahawks,4605478,Jared Ivey,LB,Ole Miss,"{'city': 'Suwanee', 'state': 'GA', 'country': 'USA'}",Suwanee,GA,USA,"Suwanee, GA",
2025-09-04,2025-09-09,401772831,2025-09-07T20:05Z,26,Seattle Seahawks,25,San Francisco 49ers,26,Seattle Seahawks,4372020,Josh Jobe,CB,Alabama,"{'city': 'Miami', 'state': 'FL', 'country': 'USA'}",Miami,FL,USA,"Miami, FL",4
2025-09-04,2025-09-09,401772831,2025-09-07T20:05Z,26,Seattle Seahawks,25,San Francisco 49ers,26,Seattle Seahawks,4362851,Ernest Jones IV,LB,South Carolina,"{'city': 'Waycross', 'state': 'GA', 'country': 'USA'}",Waycross,GA,USA,"Waycross, GA",5
2025-09-04,2025-09-09,401772831,2025-09-07T20:05Z,26,Seattle Seahawks,25,San Francisco 49ers,26,Seattle Seahawks,4360307,Derion Kendrick,CB,Georgia,"{'city': 'Rock Hill', 'state': 'SC', 'country': 'USA'}",Rock Hill,SC,USA,"Rock Hill, SC",4
2025-09-04,2025-09-09,401772831,2025-09-07T20:05Z,26,Seattle Seahawks,25,San Francisco 49ers,26,Seattle Seahawks,4686540,Tyrice Knight,LB,UTEP,"{'city': 'Lakeland', 'state': 'FL', 'country': 'USA'}",Lakeland,FL,USA,"Lakeland, FL",2
2025-09-04,2025-09-09,401772831,2025-09-07T20:05Z,26,Seattle Seahawks,25,San Francisco 49ers,26,Seattle Seahawks,16802,DeMarcus Lawrence,DE,Boise State,"{'city': 'Aiken', 'state': 'SC', 'country': 'USA'}",Aiken,SC,USA,"Aiken, SC",12
2025-09-04,2025-09-09,401772831,2025-09-07T20:05Z,26,Seattle Seahawks,25,San Francisco 49ers,26,Seattle Seahawks,4046675,Julian Love,S,Notre Dame,"{'city': 'Westchester', 'state': 'IL', 'country': 'USA'}",Westchester,IL,USA,"Westchester, IL",7
2025-09-04,2025-09-09,401772831,2025-09-07T20:05Z,26,Seattle Seahawks,25,San Francisco 49ers,26,Seattle Seahawks,4240754,Boye Mafe,LB,Minnesota,"{'city': 'Golden Valley', 'state': 'MN', 'country': 'USA'}",Golden Valley,MN,USA,"Golden Valley, MN",4
2025-09-04,2025-09-09,401772831,2025-09-07T20:05Z,26,Seattle Seahawks,25,San Francisco 49ers,26,Seattle Seahawks,4572055,Mike Morris,DE,Michigan,"{'city': 'Belle Glade', 'state': 'FL', 'country': 'USA'}",Belle Glade,FL,USA,"Belle Glade, FL",3
2025-09-04,2025-09-09,401772831,2025-09-07T20:05Z,26,Seattle Seahawks,25,San Francisco 49ers,26,Seattle Seahawks,4570040,Byron Murphy II,DT,Texas,"{'city': 'Desoto', 'state': 'TX', 'country': 'USA'}",Desoto,TX,USA,"Desoto, TX",2
2025-09-04,2025-09-09,401772831,2025-09-07T20:05Z,26,Seattle Seahawks,25,San Francisco 49ers,26,Seattle Seahawks,3120358,Uchenna Nwosu,LB,USC,"{'city': 'Carson', 'state': 'CA', 'country': 'USA'}",Carson,CA,USA,"Carson, CA",8
2025-09-04,2025-09-09,401772831,2025-09-07T20:05Z,26,Seattle Seahawks,25,San Francisco 49ers,26,Seattle Seahawks,4605491,Connor O'Toole,LB,Utah,"{'city': 'Albuquerque', 'state': 'NM', 'country': 'USA'}",Albuquerque,NM,USA,"Albuquerque, NM",
2025-09-04,2025-09-09,401772831,2025-09-07T20:05Z,26,Seattle Seahawks,25,San Francisco 49ers,26,Seattle Seahawks,4247808,Ty Okada,S,Montana State,"{'city': 'Woodbury', 'state': 'MN', 'country': 'USA'}",Woodbury,MN,USA,"Woodbury, MN",1
2025-09-04,2025-09-09,401772831,2025-09-07T20:05Z,26,Seattle Seahawks,25,San Francisco 49ers,26,Seattle Seahawks,4567222,Nehemiah Pritchett,CB,Auburn,"{'city': 'Jackson', 'state': 'AL', 'country': 'USA'}",Jackson,AL,USA,"Jackson, AL",2
2025-09-04,2025-09-09,401772831,2025-09-07T20:05Z,26,Seattle Seahawks,25,San Francisco 49ers,26,Seattle Seahawks,3115312,Jarran Reed,DT,Alabama,"{'city': 'Goldsboro', 'state': 'NC', 'country': 'USA'}",Goldsboro,NC,USA,"Goldsboro, NC",10
2025-09-04,2025-09-09,401772831,2025-09-07T20:05Z,26,Seattle Seahawks,25,San Francisco 49ers,26,Seattle Seahawks,4037521,Chazz Surratt,LB,North Carolina,"{'city': 'Denver', 'state': 'NC', 'country': 'USA'}",Denver,NC,USA,"Denver, NC",4
2025-09-04,2025-09-09,401772831,2025-09-07T20:05Z,26,Seattle Seahawks,25,San Francisco 49ers,26,Seattle Seahawks,4428659,Drake Thomas,LB,NC State,"{'city': 'Wake Forest', 'state': 'NC', 'country': 'USA'}",Wake Forest,NC,USA,"Wake Forest, NC",3
2025-09-04,2025-09-09,401772831,2025-09-07T20:05Z,26,Seattle Seahawks,25,San Francisco 49ers,26,Seattle Seahawks,2971622,Leonard Williams,DE,USC,"{'city': 'Daytona Beach', 'state': 'FL', 'country': 'USA'}",Daytona Beach,FL,USA,"Daytona Beach, FL",11
2025-09-04,2025-09-09,401772831,2025-09-07T20:05Z,26,Seattle Seahawks,25,San Francisco 49ers,26,Seattle Seahawks,4575431,Devon Witherspoon,CB,Illinois,"{'city': 'Pensacola', 'state': 'FL', 'country': 'USA'}",Pensacola,FL,USA,"Pensacola, FL",3
2025-09-04,2025-09-09,401772831,2025-09-07T20:05Z,26,Seattle Seahawks,25,San Francisco 49ers,26,Seattle Seahawks,4245185,Riq Woolen,CB,UTSA,"{'city': 'Fort Worth', 'state': 'TX', 'country': 'USA'}",Fort Worth,TX,USA,"Fort Worth, TX",4
2025-09-04,2025-09-09,401772831,2025-09-07T20:05Z,26,Seattle Seahawks,25,San Francisco 49ers,26,Seattle Seahawks,3929851,Michael Dickson,P,Texas,"{'city': 'Sydney', 'state': 'NSW', 'country': 'Australia'}",Sydney,NSW,Australia,"Sydney, NSW",8
2025-09-04,2025-09-09,401772831,2025-09-07T20:05Z,26,Seattle Seahawks,25,San Francisco 49ers,26,Seattle Seahawks,2473037,Jason Myers,PK,Marist,"{'city': 'Chula Vista', 'state': 'CA', 'country': 'USA'}",Chula Vista,CA,USA,"Chula Vista, CA",11
2025-09-04,2025-09-09,401772831,2025-09-07T20:05Z,26,Seattle Seahawks,25,San Francisco 49ers,26,Seattle Seahawks,4259606,Chris Stoll,LS,Penn State,"{'city': 'Westerville', 'state': 'OH', 'country': 'USA'}",Westerville,OH,USA,"Westerville, OH",3
2025-09-04,2025-09-09,401772831,2025-09-07T20:05Z,26,Seattle Seahawks,25,San Francisco 49ers,26,Seattle Seahawks,4427190,AJ Finley,S,Ole Miss,"{'city': 'Mobile', 'state': 'AL', 'country': 'USA'}",Mobile,AL,USA,"Mobile, AL",3
2025-09-04,2025-09-09,401772831,2025-09-07T20:05Z,26,Seattle Seahawks,25,San Francisco 49ers,26,Seattle Seahawks,15841,Johnathan Hankins,DT,Ohio State,"{'city': 'Dearborn Heights', 'state': 'MI', 'country': 'USA'}",Dearborn Heights,MI,USA,"Dearborn Heights, MI",13
2025-09-04,2025-09-09,401772831,2025-09-07T20:05Z,26,Seattle Seahawks,25,San Francisco 49ers,26,Seattle Seahawks,4362135,Christian Haynes,G,UConn,"{'city': 'Bowie', 'state': 'MD', 'country': 'USA'}",Bowie,MD,USA,"Bowie, MD",2
2025-09-04,2025-09-09,401772831,2025-09-07T20:05Z,26,Seattle Seahawks,25,San Francisco 49ers,26,Seattle Seahawks,4427391,Kenny McIntosh,RB,Georgia,"{'city': 'Fort Lauderdale', 'state': 'FL', 'country': 'USA'}",Fort Lauderdale,FL,USA,"Fort Lauderdale, FL",3
2025-09-04,2025-09-09,401772831,2025-09-07T20:05Z,26,Seattle Seahawks,25,San Francisco 49ers,26,Seattle Seahawks,4430838,Rylie Mills,DT,Notre Dame,"{'city': 'Lake Bluff', 'state': 'IL', 'country': 'USA'}",Lake Bluff,IL,USA,"Lake Bluff, IL",
2025-09-04,2025-09-09,401772831,2025-09-07T20:05Z,26,Seattle Seahawks,25,San Francisco 49ers,26,Seattle Seahawks,4608386,D'Anthony Bell,S,West Florida,"{'city': 'Covington', 'state': 'GA', 'country': 'USA'}",Covington,GA,USA,"Covington, GA",4
2025-09-04,2025-09-09,401772831,2025-09-07T20:05Z,26,Seattle Seahawks,25,San Francisco 49ers,26,Seattle Seahawks,4429313,Tyrone Broden,WR,Arkansas,"{'city': 'Detroit', 'state': 'MI', 'country': 'USA'}",Detroit,MI,USA,"Detroit, MI",
2025-09-04,2025-09-09,401772831,2025-09-07T20:05Z,26,Seattle Seahawks,25,San Francisco 49ers,26,Seattle Seahawks,4565172,Courtney Jackson,WR,Arkansas State,"{'city': 'Monroeville', 'state': 'PA', 'country': 'USA'}",Monroeville,PA,USA,"Monroeville, PA",
2025-09-04,2025-09-09,401772831,2025-09-07T20:05Z,26,Seattle Seahawks,25,San Francisco 49ers,26,Seattle Seahawks,4036430,Shemar Jean-Charles,CB,App State,"{'city': 'Miramar', 'state': 'FL', 'country': 'USA'}",Miramar,FL,USA,"Miramar, FL",5
2025-09-04,2025-09-09,401772831,2025-09-07T20:05Z,26,Seattle Seahawks,25,San Francisco 49ers,26,Seattle Seahawks,4567135,Amari Kight,OT,UCF,"{'city': 'Birmingham', 'state': 'AL', 'country': 'USA'}",Birmingham,AL,USA,"Birmingham, AL",
2025-09-04,2025-09-09,401772831,2025-09-07T20:05Z,26,Seattle Seahawks,25,San Francisco 49ers,26,Seattle Seahawks,4430070,Federico Maranges,C,Florida Atlantic,"{'city': 'Dorado', 'country': 'Puerto Rico'}",Dorado,,Puerto Rico,Dorado,
2025-09-04,2025-09-09,401772831,2025-09-07T20:05Z,26,Seattle Seahawks,25,San Francisco 49ers,26,Seattle Seahawks,4808830,Damien Martinez,RB,Miami,"{'city': 'Lewisville', 'state': 'TX', 'country': 'USA'}",Lewisville,TX,USA,"Lewisville, TX",
2025-09-04,2025-09-09,401772831,2025-09-07T20:05Z,26,Seattle Seahawks,25,San Francisco 49ers,26,Seattle Seahawks,4364623,Patrick O'Connell,LB,Montana,"{'city': 'Kalispell', 'state': 'MT', 'country': 'USA'}",Kalispell,MT,USA,"Kalispell, MT",2
2025-09-04,2025-09-09,401772831,2025-09-07T20:05Z,26,Seattle Seahawks,25,San Francisco 49ers,26,Seattle Seahawks,4602943,Chris Paul Jr.,LB,Ole Miss,"{'city': 'Cordele', 'state': 'GA', 'country': 'USA'}",Cordele,GA,USA,"Cordele, GA",
2025-09-04,2025-09-09,401772831,2025-09-07T20:05Z,26,Seattle Seahawks,25,San Francisco 49ers,26,Seattle Seahawks,4259651,Brandon Pili,DT,USC,"{'city': 'Anchorage', 'state': 'AK', 'country': 'USA'}",Anchorage,AK,USA,"Anchorage, AK",3
2025-09-04,2025-09-09,401772831,2025-09-07T20:05Z,26,Seattle Seahawks,25,San Francisco 49ers,26,Seattle Seahawks,4570084,Jerrick Reed II,S,New Mexico,"{'city': 'Olive Branch', 'state': 'MS', 'country': 'USA'}",Olive Branch,MS,USA,"Olive Branch, MS",3
2025-09-04,2025-09-09,401772831,2025-09-07T20:05Z,26,Seattle Seahawks,25,San Francisco 49ers,26,Seattle Seahawks,4685984,Jamie Sheriff,LB,South Alabama,"{'city': 'Terry', 'state': 'MS', 'country': 'USA'}",Terry,MS,USA,"Terry, MS",1
2025-09-04,2025-09-09,401772831,2025-09-07T20:05Z,26,Seattle Seahawks,25,San Francisco 49ers,26,Seattle Seahawks,4686447,J.R. Singleton,DT,Iowa State,"{'city': 'Gurnee', 'state': 'IL', 'country': 'USA'}",Gurnee,IL,USA,"Gurnee, IL",
2025-09-04,2025-09-09,401772831,2025-09-07T20:05Z,26,Seattle Seahawks,25,San Francisco 49ers,26,Seattle Seahawks,4431479,Ricky White III,WR,UNLV,"{'city': 'Marietta', 'state': 'GA', 'country': 'USA'}",Marietta,GA,USA,"Marietta, GA",
2025-09-04,2025-09-09,401772831,2025-09-07T20:05Z,26,Seattle Seahawks,25,San Francisco 49ers,26,Seattle Seahawks,4428943,Jacardia Wright,RB,Missouri State,"{'city': 'Decatur', 'state': 'IL', 'country': 'USA'}",Decatur,IL,USA,"Decatur, IL",
2025-09-04,2025-09-09,401772831,2025-09-07T20:05Z,26,Seattle Seahawks,25,San Francisco 49ers,25,San Francisco 49ers,4686629,Isaac Alarcon,OT,,"{'city': 'Monterrey', 'country': 'Mexico'}",Monterrey,,Mexico,Monterrey,1
2025-09-04,2025-09-09,401772831,2025-09-07T20:05Z,26,Seattle Seahawks,25,San Francisco 49ers,25,San Francisco 49ers,4611506,Ben Bartch,G,Saint John's (MN),"{'city': 'Dayton', 'state': 'OR', 'country': 'USA'}",Dayton,OR,USA,"Dayton, OR",6
2025-09-04,2025-09-09,401772831,2025-09-07T20:05Z,26,Seattle Seahawks,25,San Francisco 49ers,25,San Francisco 49ers,3045523,Kendrick Bourne,WR,Eastern Washington,"{'city': 'Portland', 'state': 'OR', 'country': 'USA'}",Portland,OR,USA,"Portland, OR",9
2025-09-04,2025-09-09,401772831,2025-09-07T20:05Z,26,Seattle Seahawks,25,San Francisco 49ers,25,San Francisco 49ers,2577185,Jake Brendel,C,UCLA,"{'city': 'Plano', 'state': 'TX', 'country': 'USA'}",Plano,TX,USA,"Plano, TX",8
2025-09-04,2025-09-09,401772831,2025-09-07T20:05Z,26,Seattle Seahawks,25,San Francisco 49ers,25,San Francisco 49ers,4362999,Spencer Burford,OT,UTSA,"{'city': 'San Antonio', 'state': 'TX', 'country': 'USA'}",San Antonio,TX,USA,"San Antonio, TX",4
2025-09-04,2025-09-09,401772831,2025-09-07T20:05Z,26,Seattle Seahawks,25,San Francisco 49ers,25,San Francisco 49ers,4431523,Connor Colby,G,Iowa,"{'city': 'Cedar Rapids', 'state': 'IA', 'country': 'USA'}",Cedar Rapids,IA,USA,"Cedar Rapids, IA",
2025-09-04,2025-09-09,401772831,2025-09-07T20:05Z,26,Seattle Seahawks,25,San Francisco 49ers,25,San Francisco 49ers,4040612,Luke Farrell,TE,Ohio State,"{'city': 'Perry', 'state': 'OH', 'country': 'USA'}",Perry,OH,USA,"Perry, OH",5
2025-09-04,2025-09-09,401772831,2025-09-07T20:05Z,26,Seattle Seahawks,25,San Francisco 49ers,25,San Francisco 49ers,3115378,Russell Gage Jr.,WR,LSU,"{'city': 'Baton Rouge', 'state': 'LA', 'country': 'USA'}",Baton Rouge,LA,USA,"Baton Rouge, LA",7
2025-09-04,2025-09-09,401772831,2025-09-07T20:05Z,26,Seattle Seahawks,25,San Francisco 49ers,25,San Francisco 49ers,4372561,Isaac Guerendo,RB,Louisville,"{'city': 'Clayton', 'state': 'IN', 'country': 'USA'}",Clayton,IN,USA,"Clayton, IN",2
2025-09-04,2025-09-09,401772831,2025-09-07T20:05Z,26,Seattle Seahawks,25,San Francisco 49ers,25,San Francisco 49ers,4044138,Matt Hennessy,C,Temple,"{'city': 'Bardonia', 'state': 'NY', 'country': 'USA'}",Bardonia,NY,USA,"Bardonia, NY",5
2025-09-04,2025-09-09,401772831,2025-09-07T20:05Z,26,Seattle Seahawks,25,San Francisco 49ers,25,San Francisco 49ers,4685397,Jordan James,RB,Oregon,"{'city': 'Nashville', 'state': 'TN', 'country': 'USA'}",Nashville,TN,USA,"Nashville, TN",
2025-09-04,2025-09-09,401772831,2025-09-07T20:05Z,26,Seattle Seahawks,25,San Francisco 49ers,25,San Francisco 49ers,3886598,Jauan Jennings,WR,Tennessee,"{'city': 'Murfreesboro', 'state': 'TN', 'country': 'USA'}",Murfreesboro,TN,USA,"Murfreesboro, TN",5
2025-09-04,2025-09-09,401772831,2025-09-07T20:05Z,26,Seattle Seahawks,25,San Francisco 49ers,25,San Francisco 49ers,4241464,Mac Jones,QB,Alabama,"{'city': 'Jacksonville', 'state': 'FL', 'country': 'USA'}",Jacksonville,FL,USA,"Jacksonville, FL",5
2025-09-04,2025-09-09,401772831,2025-09-07T20:05Z,26,Seattle Seahawks,25,San Francisco 49ers,25,San Francisco 49ers,16002,Kyle Juszczyk,FB,Harvard,"{'city': 'Medina', 'state': 'OH', 'country': 'USA'}",Medina,OH,USA,"Medina, OH",13
2025-09-04,2025-09-09,401772831,2025-09-07T20:05Z,26,Seattle Seahawks,25,San Francisco 49ers,25,San Francisco 49ers,3040151,George Kittle,TE,Iowa,"{'city': 'Norman', 'state': 'OK', 'country': 'USA'}",Norman,OK,USA,"Norman, OK",9
2025-09-04,2025-09-09,401772831,2025-09-07T20:05Z,26,Seattle Seahawks,25,San Francisco 49ers,25,San Francisco 49ers,3117251,Christian McCaffrey,RB,Stanford,"{'city': 'Castle Rock', 'state': 'CO', 'country': 'USA'}",Castle Rock,CO,USA,"Castle Rock, CO",9
2025-09-04,2025-09-09,401772831,2025-09-07T20:05Z,26,Seattle Seahawks,25,San Francisco 49ers,25,San Francisco 49ers,3916075,Colton McKivitz,OT,West Virginia,"{'city': 'Jacobsburg', 'state': 'OH', 'country': 'USA'}",Jacobsburg,OH,USA,"Jacobsburg, OH",6
2025-09-04,2025-09-09,401772831,2025-09-07T20:05Z,26,Seattle Seahawks,25,San Francisco 49ers,25,San Francisco 49ers,4430191,Skyy Moore,WR,Western Michigan,"{'city': 'New Kensington', 'state': 'PA', 'country': 'USA'}",New Kensington,PA,USA,"New Kensington, PA",4
2025-09-04,2025-09-09,401772831,2025-09-07T20:05Z,26,Seattle Seahawks,25,San Francisco 49ers,25,San Francisco 49ers,4879480,Drew Moss,G,Colorado State,"{'city': 'Richardson', 'state': 'TX', 'country': 'USA'}",Richardson,TX,USA,"Richardson, TX",
2025-09-04,2025-09-09,401772831,2025-09-07T20:05Z,26,Seattle Seahawks,25,San Francisco 49ers,25,San Francisco 49ers,4428209,Ricky Pearsall,WR,Florida,"{'city': 'Chandler', 'state': 'AZ', 'country': 'USA'}",Chandler,AZ,USA,"Chandler, AZ",2
2025-09-04,2025-09-09,401772831,2025-09-07T20:05Z,26,Seattle Seahawks,25,San Francisco 49ers,25,San Francisco 49ers,3920814,Austen Pleasants,OT,Ohio,"{'city': 'Ironton', 'state': 'OH', 'country': 'USA'}",Ironton,OH,USA,"Ironton, OH",1
2025-09-04,2025-09-09,401772831,2025-09-07T20:05Z,26,Seattle Seahawks,25,San Francisco 49ers,25,San Francisco 49ers,5092959,Dominick Puni,G,Kansas,"{'city': 'Saint Charles', 'state': 'MO', 'country': 'USA'}",Saint Charles,MO,USA,"Saint Charles, MO",2
2025-09-04,2025-09-09,401772831,2025-09-07T20:05Z,26,Seattle Seahawks,25,San Francisco 49ers,25,San Francisco 49ers,4361741,Brock Purdy,QB,Iowa State,"{'city': 'Gilbert', 'state': 'AZ', 'country': 'USA'}",Gilbert,AZ,USA,"Gilbert, AZ",4
2025-09-04,2025-09-09,401772831,2025-09-07T20:05Z,26,Seattle Seahawks,25,San Francisco 49ers,25,San Francisco 49ers,3043116,Demarcus Robinson,WR,Florida,"{'city': 'Fort Valley', 'state': 'GA', 'country': 'USA'}",Fort Valley,GA,USA,"Fort Valley, GA",10
2025-09-04,2025-09-09,401772831,2025-09-07T20:05Z,26,Seattle Seahawks,25,San Francisco 49ers,25,San Francisco 49ers,4241474,Brian Robinson Jr.,RB,Alabama,"{'city': 'Tuscaloosa', 'state': 'AL', 'country': 'USA'}",Tuscaloosa,AL,USA,"Tuscaloosa, AL",4
2025-09-04,2025-09-09,401772831,2025-09-07T20:05Z,26,Seattle Seahawks,25,San Francisco 49ers,25,San Francisco 49ers,4259147,Jake Tonges,TE,California,"{'city': 'Los Gatos', 'state': 'CA', 'country': 'USA'}",Los Gatos,CA,USA,"Los Gatos, CA",3
2025-09-04,2025-09-09,401772831,2025-09-07T20:05Z,26,Seattle Seahawks,25,San Francisco 49ers,25,San Francisco 49ers,3051738,Marquez Valdes-Scantling,WR,South Florida,"{'city': 'St. Petersburg', 'state': 'FL', 'country': 'USA'}",St. Petersburg,FL,USA,"St. Petersburg, FL",8
2025-09-04,2025-09-09,401772831,2025-09-07T20:05Z,26,Seattle Seahawks,25,San Francisco 49ers,25,San Francisco 49ers,4431466,Jordan Watkins,WR,Ole Miss,"{'city': 'Louisville', 'state': 'KY', 'country': 'USA'}",Louisville,KY,USA,"Louisville, KY",
2025-09-04,2025-09-09,401772831,2025-09-07T20:05Z,26,Seattle Seahawks,25,San Francisco 49ers,25,San Francisco 49ers,13241,Trent Williams,OT,Oklahoma,"{'city': 'Longview', 'state': 'TX', 'country': 'USA'}",Longview,TX,USA,"Longview, TX",16
2025-09-04,2025-09-09,401772831,2025-09-07T20:05Z,26,Seattle Seahawks,25,San Francisco 49ers,25,San Francisco 49ers,4259558,Robert Beal Jr.,DE,Georgia,"{'city': 'Duluth', 'state': 'GA', 'country': 'USA'}",Duluth,GA,USA,"Duluth, GA",3
2025-09-04,2025-09-09,401772831,2025-09-07T20:05Z,26,Seattle Seahawks,25,San Francisco 49ers,25,San Francisco 49ers,4426698,Tatum Bethune,LB,Florida State,"{'city': 'Miami', 'state': 'FL', 'country': 'USA'}",Miami,FL,USA,"Miami, FL",2
2025-09-04,2025-09-09,401772831,2025-09-07T20:05Z,26,Seattle Seahawks,25,San Francisco 49ers,25,San Francisco 49ers,4040605,Nick Bosa,DE,Ohio State,"{'city': 'Fort Lauderdale', 'state': 'FL', 'country': 'USA'}",Fort Lauderdale,FL,USA,"Fort Lauderdale, FL",7
2025-09-04,2025-09-09,401772831,2025-09-07T20:05Z,26,Seattle Seahawks,25,San Francisco 49ers,25,San Francisco 49ers,4693644,Ji'Ayir Brown,S,Penn State,"{'city': 'Trenton', 'state': 'NJ', 'country': 'USA'}",Trenton,NJ,USA,"Trenton, NJ",3
2025-09-04,2025-09-09,401772831,2025-09-07T20:05Z,26,Seattle Seahawks,25,San Francisco 49ers,25,San Francisco 49ers,4430835,Alfred Collins,DT,Texas,"{'city': 'Bastrop', 'state': 'TX', 'country': 'USA'}",Bastrop,TX,USA,"Bastrop, TX",
2025-09-04,2025-09-09,401772831,2025-09-07T20:05Z,26,Seattle Seahawks,25,San Francisco 49ers,25,San Francisco 49ers,4243541,Kalia Davis,DT,UCF,"{'city': 'Pensacola', 'state': 'FL', 'country': 'USA'}",Pensacola,FL,USA,"Pensacola, FL",4
2025-09-04,2025-09-09,401772831,2025-09-07T20:05Z,26,Seattle Seahawks,25,San Francisco 49ers,25,San Francisco 49ers,4039052,Jordan Elliott,DT,Missouri,"{'city': 'Missouri City', 'state': 'TX', 'country': 'USA'}",Missouri City,TX,USA,"Missouri City, TX",6
2025-09-04,2025-09-09,401772831,2025-09-07T20:05Z,26,Seattle Seahawks,25,San Francisco 49ers,25,San Francisco 49ers,3116097,Luke Gifford,LB,Nebraska,"{'city': 'Lincoln', 'state': 'NE', 'country': 'USA'}",Lincoln,NE,USA,"Lincoln, NE",7
2025-09-04,2025-09-09,401772831,2025-09-07T20:05Z,26,Seattle Seahawks,25,San Francisco 49ers,25,San Francisco 49ers,4427325,Renardo Green,CB,Florida State,"{'city': 'Orlando', 'state': 'FL', 'country': 'USA'}",Orlando,FL,USA,"Orlando, FL",2
2025-09-04,2025-09-09,401772831,2025-09-07T20:05Z,26,Seattle Seahawks,25,San Francisco 49ers,25,San Francisco 49ers,4259594,Yetur Gross-Matos,DE,Penn State,"{'city': 'Spotsylvania', 'state': 'VA', 'country': 'USA'}",Spotsylvania,VA,USA,"Spotsylvania, VA",6
2025-09-04,2025-09-09,401772831,2025-09-07T20:05Z,26,Seattle Seahawks,25,San Francisco 49ers,25,San Francisco 49ers,4039375,Bryce Huff,DE,Memphis,"{'city': 'Mobile', 'state': 'AL', 'country': 'USA'}",Mobile,AL,USA,"Mobile, AL",6
2025-09-04,2025-09-09,401772831,2025-09-07T20:05Z,26,Seattle Seahawks,25,San Francisco 49ers,25,San Francisco 49ers,4569448,Jordan Jefferson,DT,LSU,"{'city': 'Navarre', 'state': 'FL', 'country': 'USA'}",Navarre,FL,USA,"Navarre, FL",2
2025-09-04,2025-09-09,401772831,2025-09-07T20:05Z,26,Seattle Seahawks,25,San Francisco 49ers,25,San Francisco 49ers,4242488,Deommodore Lenoir,CB,Oregon,"{'city': 'Los Angeles', 'state': 'CA', 'country': 'USA'}",Los Angeles,CA,USA,"Los Angeles, CA",5
2025-09-04,2025-09-09,401772831,2025-09-07T20:05Z,26,Seattle Seahawks,25,San Francisco 49ers,25,San Francisco 49ers,4047846,Chase Lucas,CB,Arizona State,"{'city': 'Chandler', 'state': 'AZ', 'country': 'USA'}",Chandler,AZ,USA,"Chandler, AZ",3
2025-09-04,2025-09-09,401772831,2025-09-07T20:05Z,26,Seattle Seahawks,25,San Francisco 49ers,25,San Francisco 49ers,4685978,Darrell Luter Jr.,CB,South Alabama,"{'city': 'Hattiesburg', 'state': 'MS', 'country': 'USA'}",Hattiesburg,MS,USA,"Hattiesburg, MS",3
2025-09-04,2025-09-09,401772831,2025-09-07T20:05Z,26,Seattle Seahawks,25,San Francisco 49ers,25,San Francisco 49ers,4573188,Nick Martin,LB,Oklahoma State,"{'city': 'Texarkana', 'state': 'TX', 'country': 'USA'}",Texarkana,TX,USA,"Texarkana, TX",
2025-09-04,2025-09-09,401772831,2025-09-07T20:05Z,26,Seattle Seahawks,25,San Francisco 49ers,25,San Francisco 49ers,3057524,Siran Neal,CB,Jacksonville State,"{'city': 'Eufaula', 'state': 'AL', 'country': 'USA'}",Eufaula,AL,USA,"Eufaula, AL",8
2025-09-04,2025-09-09,401772831,2025-09-07T20:05Z,26,Seattle Seahawks,25,San Francisco 49ers,25,San Francisco 49ers,4569497,Sam Okuayinonu,DT,Maryland,"{'city': 'Lowell', 'state': 'MA', 'country': 'USA'}",Lowell,MA,USA,"Lowell, MA",3
2025-09-04,2025-09-09,401772831,2025-09-07T20:05Z,26,Seattle Seahawks,25,San Francisco 49ers,25,San Francisco 49ers,4240706,Jason Pinnock,S,Pittsburgh,"{'city': 'Windsor', 'state': 'CT', 'country': 'USA'}",Windsor,CT,USA,"Windsor, CT",5
2025-09-04,2025-09-09,401772831,2025-09-07T20:05Z,26,Seattle Seahawks,25,San Francisco 49ers,25,San Francisco 49ers,4044448,Curtis Robinson,LB,Stanford,"{'city': 'Irvine', 'state': 'CA', 'country': 'USA'}",Irvine,CA,USA,"Irvine, CA",4
2025-09-04,2025-09-09,401772831,2025-09-07T20:05Z,26,Seattle Seahawks,25,San Francisco 49ers,25,San Francisco 49ers,4693337,Marques Sigle,S,Kansas State,"{'city': 'Omaha', 'state': 'NE', 'country': 'USA'}",Omaha,NE,USA,"Omaha, NE",
2025-09-04,2025-09-09,401772831,2025-09-07T20:05Z,26,Seattle Seahawks,25,San Francisco 49ers,25,San Francisco 49ers,4565200,Upton Stout,CB,Western Kentucky,"{'city': 'Houston', 'state': 'TX', 'country': 'USA'}",Houston,TX,USA,"Houston, TX",
2025-09-04,2025-09-09,401772831,2025-09-07T20:05Z,26,Seattle Seahawks,25,San Francisco 49ers,25,San Francisco 49ers,3138826,Fred Warner,LB,BYU,"{'city': 'San Marcos', 'state': 'CA', 'country': 'USA'}",San Marcos,CA,USA,"San Marcos, CA",8
2025-09-04,2025-09-09,401772831,2025-09-07T20:05Z,26,Seattle Seahawks,25,San Francisco 49ers,25,San Francisco 49ers,4686308,CJ West,DT,Indiana,"{'city': 'Chicago', 'state': 'IL', 'country': 'USA'}",Chicago,IL,USA,"Chicago, IL",
2025-09-04,2025-09-09,401772831,2025-09-07T20:05Z,26,Seattle Seahawks,25,San Francisco 49ers,25,San Francisco 49ers,4685623,Mykel Williams,DE,Georgia,"{'city': 'Columbus', 'state': 'GA', 'country': 'USA'}",Columbus,GA,USA,"Columbus, GA",
2025-09-04,2025-09-09,401772831,2025-09-07T20:05Z,26,Seattle Seahawks,25,San Francisco 49ers,25,San Francisco 49ers,4428914,Dee Winters,LB,TCU,"{'city': 'Brenham', 'state': 'TX', 'country': 'USA'}",Brenham,TX,USA,"Brenham, TX",3
2025-09-04,2025-09-09,401772831,2025-09-07T20:05Z,26,Seattle Seahawks,25,San Francisco 49ers,25,San Francisco 49ers,4372066,Jake Moody,PK,Michigan,"{'city': 'Northville', 'state': 'MI', 'country': 'USA'}",Northville,MI,USA,"Northville, MI",3
2025-09-04,2025-09-09,401772831,2025-09-07T20:05Z,26,Seattle Seahawks,25,San Francisco 49ers,25,San Francisco 49ers,12701,Thomas Morstead,P,SMU,"{'city': 'Pearland', 'state': 'TX', 'country': 'USA'}",Pearland,TX,USA,"Pearland, TX",17
2025-09-04,2025-09-09,401772831,2025-09-07T20:05Z,26,Seattle Seahawks,25,San Francisco 49ers,25,San Francisco 49ers,13729,Jon Weeks,LS,Baylor,"{'city': 'Bethpage', 'state': 'NY', 'country': 'USA'}",Bethpage,NY,USA,"Bethpage, NY",16
2025-09-04,2025-09-09,401772831,2025-09-07T20:05Z,26,Seattle Seahawks,25,San Francisco 49ers,25,San Francisco 49ers,4360438,Brandon Aiyuk,WR,Arizona State,"{'city': 'Rocklin', 'state': 'CA', 'country': 'USA'}",Rocklin,CA,USA,"Rocklin, CA",6
2025-09-04,2025-09-09,401772831,2025-09-07T20:05Z,26,Seattle Seahawks,25,San Francisco 49ers,25,San Francisco 49ers,4575665,Jacob Cowing,WR,Arizona,"{'city': 'Maricopa', 'state': 'AZ', 'country': 'USA'}",Maricopa,AZ,USA,"Maricopa, AZ",2
2025-09-04,2025-09-09,401772831,2025-09-07T20:05Z,26,Seattle Seahawks,25,San Francisco 49ers,25,San Francisco 49ers,3929641,Kevin Givens,DT,Penn State,"{'city': 'Altoona', 'state': 'PA', 'country': 'USA'}",Altoona,PA,USA,"Altoona, PA",6
2025-09-04,2025-09-09,401772831,2025-09-07T20:05Z,26,Seattle Seahawks,25,San Francisco 49ers,25,San Francisco 49ers,4052031,Tarron Jackson,DE,Coastal Carolina,"{'city': 'Aiken', 'state': 'SC', 'country': 'USA'}",Aiken,SC,USA,"Aiken, SC",3
2025-09-04,2025-09-09,401772831,2025-09-07T20:05Z,26,Seattle Seahawks,25,San Francisco 49ers,25,San Francisco 49ers,4696211,Malik Mustapha,S,Wake Forest,"{'city': 'Charlotte', 'state': 'NC', 'country': 'USA'}",Charlotte,NC,USA,"Charlotte, NC",2
2025-09-04,2025-09-09,401772831,2025-09-07T20:05Z,26,Seattle Seahawks,25,San Francisco 49ers,25,San Francisco 49ers,4612272,Jakob Robinson,CB,BYU,"{'city': 'Orem', 'state': 'UT', 'country': 'USA'}",Orem,UT,USA,"Orem, UT",
2025-09-04,2025-09-09,401772831,2025-09-07T20:05Z,26,Seattle Seahawks,25,San Francisco 49ers,25,San Francisco 49ers,4430431,Kurtis Rourke,QB,Indiana,"{'city': 'Oakville', 'state': 'ON', 'country': 'Canada'}",Oakville,ON,Canada,"Oakville, ON",
2025-09-04,2025-09-09,401772831,2025-09-07T20:05Z,26,Seattle Seahawks,25,San Francisco 49ers,25,San Francisco 49ers,3040569,Trent Taylor,WR,Louisiana Tech,"{'city': 'Shreveport', 'state': 'LA', 'country': 'USA'}",Shreveport,LA,USA,"Shreveport, LA",7
2025-09-04,2025-09-09,401772831,2025-09-07T20:05Z,26,Seattle Seahawks,25,San Francisco 49ers,25,San Francisco 49ers,4039358,Patrick Taylor Jr.,RB,Memphis,"{'city': 'Humble', 'state': 'TX', 'country': 'USA'}",Humble,TX,USA,"Humble, TX",5
2025-09-04,2025-09-09,401772831,2025-09-07T20:05Z,26,Seattle Seahawks,25,San Francisco 49ers,25,San Francisco 49ers,4427493,Tre Tomlinson,CB,TCU,"{'city': 'Waco', 'state': 'TX', 'country': 'USA'}",Waco,TX,USA,"Waco, TX",3
2025-09-04,2025-09-09,401772831,2025-09-07T20:05Z,26,Seattle Seahawks,25,San Francisco 49ers,25,San Francisco 49ers,4612182,Evan Anderson,DT,Florida Atlantic,"{'city': 'Orlando', 'state': 'FL', 'country': 'USA'}",Orlando,FL,USA,"Orlando, FL",2
2025-09-04,2025-09-09,401772831,2025-09-07T20:05Z,26,Seattle Seahawks,25,San Francisco 49ers,25,San Francisco 49ers,3040506,Eli Apple,CB,Ohio State,"{'city': 'Voorhees', 'state': 'NJ', 'country': 'USA'}",Voorhees,NJ,USA,"Voorhees, NJ",10
2025-09-04,2025-09-09,401772831,2025-09-07T20:05Z,26,Seattle Seahawks,25,San Francisco 49ers,25,San Francisco 49ers,4887918,Junior Bergen,WR,Montana,"{'city': 'Billings', 'state': 'MT', 'country': 'USA'}",Billings,MT,USA,"Billings, MT",
2025-09-04,2025-09-09,401772831,2025-09-07T20:05Z,26,Seattle Seahawks,25,San Francisco 49ers,25,San Francisco 49ers,4429366,Derrick Canteen,CB,Cincinnati,"{'city': 'Evans', 'state': 'GA', 'country': 'USA'}",Evans,GA,USA,"Evans, GA",
2025-09-04,2025-09-09,401772831,2025-09-07T20:05Z,26,Seattle Seahawks,25,San Francisco 49ers,25,San Francisco 49ers,2574808,Robbie Chosen,WR,Temple,"{'city': 'Fort Lauderdale', 'state': 'FL', 'country': 'USA'}",Fort Lauderdale,FL,USA,"Fort Lauderdale, FL",10
2025-09-04,2025-09-09,401772831,2025-09-07T20:05Z,26,Seattle Seahawks,25,San Francisco 49ers,25,San Francisco 49ers,3917016,Trevis Gipson,LB,Tulsa,"{'city': 'Cedar Hill', 'state': 'TX', 'country': 'USA'}",Cedar Hill,TX,USA,"Cedar Hill, TX",6
2025-09-04,2025-09-09,401772831,2025-09-07T20:05Z,26,Seattle Seahawks,25,San Francisco 49ers,25,San Francisco 49ers,4570410,Jalen Graham,LB,Purdue,"{'city': 'Detroit', 'state': 'MI', 'country': 'USA'}",Detroit,MI,USA,"Detroit, MI",3
2025-09-04,2025-09-09,401772831,2025-09-07T20:05Z,26,Seattle Seahawks,25,San Francisco 49ers,25,San Francisco 49ers,4361182,Adrian Martinez,QB,Kansas State,"{'city': 'Fresno', 'state': 'CA', 'country': 'USA'}",Fresno,CA,USA,"Fresno, CA",1
2025-09-04,2025-09-09,401772831,2025-09-07T20:05Z,26,Seattle Seahawks,25,San Francisco 49ers,25,San Francisco 49ers,4430104,Sincere McCormick,RB,UTSA,"{'city': 'Converse', 'state': 'TX', 'country': 'USA'}",Converse,TX,USA,"Converse, TX",3
2025-09-04,2025-09-09,401772831,2025-09-07T20:05Z,26,Seattle Seahawks,25,San Francisco 49ers,25,San Francisco 49ers,4428144,Drake Nugent,C,Michigan,"{'city': 'Lone Tree', 'state': 'CO', 'country': 'USA'}",Lone Tree,CO,USA,"Lone Tree, CO",1
2025-09-04,2025-09-09,401772831,2025-09-07T20:05Z,26,Seattle Seahawks,25,San Francisco 49ers,25,San Francisco 49ers,3115928,Malik Turner,WR,Illinois,"{'city': 'Springfield', 'state': 'IL', 'country': 'USA'}",Springfield,IL,USA,"Springfield, IL",5
2025-09-04,2025-09-09,401772831,2025-09-07T20:05Z,26,Seattle Seahawks,25,San Francisco 49ers,25,San Francisco 49ers,4775220,Sebastian Valdez,DT,Washington,"{'city': 'Spring Valley', 'state': 'CA', 'country': 'USA'}",Spring Valley,CA,USA,"Spring Valley, CA",
2025-09-04,2025-09-09,401772831,2025-09-07T20:05Z,26,Seattle Seahawks,25,San Francisco 49ers,25,San Francisco 49ers,4360290,Brayden Willis,TE,Oklahoma,"{'city': 'Arlington', 'state': 'TX', 'country': 'USA'}",Arlington,TX,USA,"Arlington, TX",3
2025-09-04,2025-09-09,401772831,2025-09-07T20:05Z,26,Seattle Seahawks,25,San Francisco 49ers,25,San Francisco 49ers,4247590,Nick Zakelj,OT,Fordham,"{'city': 'Broadview Heights', 'state': 'OH', 'country': 'USA'}",Broadview Heights,OH,USA,"Broadview Heights, OH",4
2025-09-04,2025-09-09,401772831,2025-09-07T20:05Z,26,Seattle Seahawks,25,San Francisco 49ers,25,San Francisco 49ers,4689088,Kilian Zierer,OL,Auburn,"{'city': 'Munich', 'country': 'Germany'}",Munich,,Germany,Munich,2
2025-09-04,2025-09-09,401772722,2025-09-07T20:25Z,9,Green Bay Packers,8,Detroit Lions,9,Green Bay Packers,4242390,Aaron Banks,G,Notre Dame,"{'city': 'Alameda', 'state': 'CA', 'country': 'USA'}",Alameda,CA,USA,"Alameda, CA",5
2025-09-04,2025-09-09,401772722,2025-09-07T20:25Z,9,Green Bay Packers,8,Detroit Lions,9,Green Bay Packers,4873706,Anthony Belton,OT,NC State,"{'city': 'Tallahassee', 'state': 'FL', 'country': 'USA'}",Tallahassee,FL,USA,"Tallahassee, FL",
2025-09-04,2025-09-09,401772722,2025-09-07T20:25Z,9,Green Bay Packers,8,Detroit Lions,9,Green Bay Packers,3149687,Chris Brooks,RB,BYU,"{'city': 'Oceanside', 'state': 'CA', 'country': 'USA'}",Oceanside,CA,USA,"Oceanside, CA",3
2025-09-04,2025-09-09,401772722,2025-09-07T20:25Z,9,Green Bay Packers,8,Detroit Lions,9,Green Bay Packers,4361432,Romeo Doubs,WR,Nevada,"{'city': 'Los Angeles', 'state': 'CA', 'country': 'USA'}",Los Angeles,CA,USA,"Los Angeles, CA",4
2025-09-04,2025-09-09,401772722,2025-09-07T20:25Z,9,Green Bay Packers,8,Detroit Lions,9,Green Bay Packers,4379401,John FitzPatrick,TE,Georgia,"{'city': 'Atlanta', 'state': 'GA', 'country': 'USA'}",Atlanta,GA,USA,"Atlanta, GA",4
2025-09-04,2025-09-09,401772722,2025-09-07T20:25Z,9,Green Bay Packers,8,Detroit Lions,9,Green Bay Packers,4701936,Matthew Golden,WR,Texas,"{'city': 'Houston', 'state': 'TX', 'country': 'USA'}",Houston,TX,USA,"Houston, TX",
2025-09-04,2025-09-09,401772722,2025-09-07T20:25Z,9,Green Bay Packers,8,Detroit Lions,9,Green Bay Packers,4689334,Malik Heath,WR,Ole Miss,"{'city': 'Jackson', 'state': 'MS', 'country': 'USA'}",Jackson,MS,USA,"Jackson, MS",3
2025-09-04,2025-09-09,401772722,2025-09-07T20:25Z,9,Green Bay Packers,8,Detroit Lions,9,Green Bay Packers,4047365,Josh Jacobs,RB,Alabama,"{'city': 'Tulsa', 'state': 'OK', 'country': 'USA'}",Tulsa,OK,USA,"Tulsa, OK",7
2025-09-04,2025-09-09,401772722,2025-09-07T20:25Z,9,Green Bay Packers,8,Detroit Lions,9,Green Bay Packers,3115485,Elgton Jenkins,G,Mississippi State,"{'city': 'Clarksdale', 'state': 'MS', 'country': 'USA'}",Clarksdale,MS,USA,"Clarksdale, MS",7
2025-09-04,2025-09-09,401772722,2025-09-07T20:25Z,9,Green Bay Packers,8,Detroit Lions,9,Green Bay Packers,4360887,Donovan Jennings,G,South Florida,"{'city': 'Tampa', 'state': 'FL', 'country': 'USA'}",Tampa,FL,USA,"Tampa, FL",1
2025-09-04,2025-09-09,401772722,2025-09-07T20:25Z,9,Green Bay Packers,8,Detroit Lions,9,Green Bay Packers,4362611,Darian Kinnard,OT,Kentucky,"{'city': 'Knoxville', 'state': 'TN', 'country': 'USA'}",Knoxville,TN,USA,"Knoxville, TN",3
2025-09-04,2025-09-09,401772722,2025-09-07T20:25Z,9,Green Bay Packers,8,Detroit Lions,9,Green Bay Packers,4572680,Tucker Kraft,TE,South Dakota State,"{'city': 'Timber Lake', 'state': 'SD', 'country': 'USA'}",Timber Lake,SD,USA,"Timber Lake, SD",3
2025-09-04,2025-09-09,401772722,2025-09-07T20:25Z,9,Green Bay Packers,8,Detroit Lions,9,Green Bay Packers,4036378,Jordan Love,QB,Utah State,"{'city': 'Bakersfield', 'state': 'CA', 'country': 'USA'}",Bakersfield,CA,USA,"Bakersfield, CA",6
2025-09-04,2025-09-09,401772722,2025-09-07T20:25Z,9,Green Bay Packers,8,Detroit Lions,9,Green Bay Packers,3821571,Jordan Morgan,OT,Arizona,"{'city': 'Marana', 'state': 'AZ', 'country': 'USA'}",Marana,AZ,USA,"Marana, AZ",2
2025-09-04,2025-09-09,401772722,2025-09-07T20:25Z,9,Green Bay Packers,8,Detroit Lions,9,Green Bay Packers,4428085,Luke Musgrave,TE,Oregon State,"{'city': 'Bend', 'state': 'OR', 'country': 'USA'}",Bend,OR,USA,"Bend, OR",3
2025-09-04,2025-09-09,401772722,2025-09-07T20:25Z,9,Green Bay Packers,8,Detroit Lions,9,Green Bay Packers,4362249,Jayden Reed,WR,Michigan State,"{'city': 'Naperville', 'state': 'IL', 'country': 'USA'}",Naperville,IL,USA,"Naperville, IL",3
2025-09-04,2025-09-09,401772722,2025-09-07T20:25Z,9,Green Bay Packers,8,Detroit Lions,9,Green Bay Packers,4426411,Sean Rhyan,G,UCLA,"{'city': 'Ladera Ranch', 'state': 'CA', 'country': 'USA'}",Ladera Ranch,CA,USA,"Ladera Ranch, CA",4
2025-09-04,2025-09-09,401772722,2025-09-07T20:25Z,9,Green Bay Packers,8,Detroit Lions,9,Green Bay Packers,4373030,Ben Sims,TE,Baylor,"{'city': 'San Antonio', 'state': 'TX', 'country': 'USA'}",San Antonio,TX,USA,"San Antonio, TX",3
2025-09-04,2025-09-09,401772722,2025-09-07T20:25Z,9,Green Bay Packers,8,Detroit Lions,9,Green Bay Packers,4240435,Zach Tom,OT,Wake Forest,"{'city': 'Prairieville', 'state': 'LA', 'country': 'USA'}",Prairieville,LA,USA,"Prairieville, LA",4
2025-09-04,2025-09-09,401772722,2025-09-07T20:25Z,9,Green Bay Packers,8,Detroit Lions,9,Green Bay Packers,4361429,Rasheed Walker,OT,Penn State,"{'city': 'Waldorf', 'state': 'MD', 'country': 'USA'}",Waldorf,MD,USA,"Waldorf, MD",4
2025-09-04,2025-09-09,401772722,2025-09-07T20:25Z,9,Green Bay Packers,8,Detroit Lions,9,Green Bay Packers,4428850,Dontayvion Wicks,WR,Virginia,"{'city': 'Plaquemine', 'state': 'LA', 'country': 'USA'}",Plaquemine,LA,USA,"Plaquemine, LA",3
2025-09-04,2025-09-09,401772722,2025-09-07T20:25Z,9,Green Bay Packers,8,Detroit Lions,9,Green Bay Packers,4431487,Savion Williams,WR,TCU,"{'city': 'Marshall', 'state': 'TX', 'country': 'USA'}",Marshall,TX,USA,"Marshall, TX",
2025-09-04,2025-09-09,401772722,2025-09-07T20:25Z,9,Green Bay Packers,8,Detroit Lions,9,Green Bay Packers,4242512,Malik Willis,QB,Liberty,"{'city': 'Atlanta', 'state': 'GA', 'country': 'USA'}",Atlanta,GA,USA,"Atlanta, GA",4
2025-09-04,2025-09-09,401772722,2025-09-07T20:25Z,9,Green Bay Packers,8,Detroit Lions,9,Green Bay Packers,4887558,Emanuel Wilson,RB,Fort Valley State,"{'city': 'Charlotte', 'state': 'NC', 'country': 'USA'}",Charlotte,NC,USA,"Charlotte, NC",3
2025-09-04,2025-09-09,401772722,2025-09-07T20:25Z,9,Green Bay Packers,8,Detroit Lions,9,Green Bay Packers,3932335,Zayne Anderson,S,BYU,"{'city': 'Stansbury Park', 'state': 'UT', 'country': 'USA'}",Stansbury Park,UT,USA,"Stansbury Park, UT",3
2025-09-04,2025-09-09,401772722,2025-09-07T20:25Z,9,Green Bay Packers,8,Detroit Lions,9,Green Bay Packers,4429136,Warren Brinson,DT,Georgia,"{'city': 'Savannah', 'state': 'GA', 'country': 'USA'}",Savannah,GA,USA,"Savannah, GA",
2025-09-04,2025-09-09,401772722,2025-09-07T20:25Z,9,Green Bay Packers,8,Detroit Lions,9,Green Bay Packers,4373423,Karl Brooks,DE,Bowling Green,"{'city': 'Lansing', 'state': 'MI', 'country': 'USA'}",Lansing,MI,USA,"Lansing, MI",3
2025-09-04,2025-09-09,401772722,2025-09-07T20:25Z,9,Green Bay Packers,8,Detroit Lions,9,Green Bay Packers,4688930,Javon Bullard,S,Georgia,"{'city': 'Milledgeville', 'state': 'GA', 'country': 'USA'}",Milledgeville,GA,USA,"Milledgeville, GA",2
2025-09-04,2025-09-09,401772722,2025-09-07T20:25Z,9,Green Bay Packers,8,Detroit Lions,9,Green Bay Packers,4430438,Edgerrin Cooper,LB,Texas A&M,"{'city': 'Covington', 'state': 'LA', 'country': 'USA'}",Covington,LA,USA,"Covington, LA",2
2025-09-04,2025-09-09,401772722,2025-09-07T20:25Z,9,Green Bay Packers,8,Detroit Lions,9,Green Bay Packers,4361776,Brenton Cox Jr.,DE,Florida,"{'city': 'Stockbridge', 'state': 'GA', 'country': 'USA'}",Stockbridge,GA,USA,"Stockbridge, GA",3
2025-09-04,2025-09-09,401772722,2025-09-07T20:25Z,9,Green Bay Packers,8,Detroit Lions,9,Green Bay Packers,4362840,Kingsley Enagbare,DE,South Carolina,"{'city': 'Atlanta', 'state': 'GA', 'country': 'USA'}",Atlanta,GA,USA,"Atlanta, GA",4
2025-09-04,2025-09-09,401772722,2025-09-07T20:25Z,9,Green Bay Packers,8,Detroit Lions,9,Green Bay Packers,4046523,Rashan Gary,DE,Michigan,"{'city': 'Plainfield', 'state': 'NJ', 'country': 'USA'}",Plainfield,NJ,USA,"Plainfield, NJ",7
2025-09-04,2025-09-09,401772722,2025-09-07T20:25Z,9,Green Bay Packers,8,Detroit Lions,9,Green Bay Packers,4427356,Kamal Hadden,CB,Tennessee,"{'city': 'River Rouge', 'state': 'MI', 'country': 'USA'}",River Rouge,MI,USA,"River Rouge, MI",1
2025-09-04,2025-09-09,401772722,2025-09-07T20:25Z,9,Green Bay Packers,8,Detroit Lions,9,Green Bay Packers,4240542,Nate Hobbs,CB,Illinois,"{'city': 'Louisville', 'state': 'KY', 'country': 'USA'}",Louisville,KY,USA,"Louisville, KY",5
2025-09-04,2025-09-09,401772722,2025-09-07T20:25Z,9,Green Bay Packers,8,Detroit Lions,9,Green Bay Packers,4567406,Ty'Ron Hopper,LB,Missouri,"{'city': 'Shelby', 'state': 'NC', 'country': 'USA'}",Shelby,NC,USA,"Shelby, NC",2
2025-09-04,2025-09-09,401772722,2025-09-07T20:25Z,9,Green Bay Packers,8,Detroit Lions,9,Green Bay Packers,4239947,Isaiah McDuffie,LB,Boston College,"{'city': 'Buffalo', 'state': 'NY', 'country': 'USA'}",Buffalo,NY,USA,"Buffalo, NY",5
2025-09-04,2025-09-09,401772722,2025-09-07T20:25Z,9,Green Bay Packers,8,Detroit Lions,9,Green Bay Packers,4241470,Xavier McKinney,S,Alabama,"{'city': 'Roswell', 'state': 'GA', 'country': 'USA'}",Roswell,GA,USA,"Roswell, GA",6
2025-09-04,2025-09-09,401772722,2025-09-07T20:25Z,9,Green Bay Packers,8,Detroit Lions,9,Green Bay Packers,4259305,Bo Melton,CB,Rutgers,"{'city': 'Mays Landing', 'state': 'NJ', 'country': 'USA'}",Mays Landing,NJ,USA,"Mays Landing, NJ",2
2025-09-04,2025-09-09,401772722,2025-09-07T20:25Z,9,Green Bay Packers,8,Detroit Lions,9,Green Bay Packers,4036141,Nick Niemann,LB,Iowa,"{'city': 'Sycamore', 'state': 'IL', 'country': 'USA'}",Sycamore,IL,USA,"Sycamore, IL",5
2025-09-04,2025-09-09,401772722,2025-09-07T20:25Z,9,Green Bay Packers,8,Detroit Lions,9,Green Bay Packers,4259493,Keisean Nixon,CB,South Carolina,"{'city': 'Compton', 'state': 'CA', 'country': 'USA'}",Compton,CA,USA,"Compton, CA",7
2025-09-04,2025-09-09,401772722,2025-09-07T20:25Z,9,Green Bay Packers,8,Detroit Lions,9,Green Bay Packers,4374037,Kitan Oladapo,S,Oregon State,"{'city': 'Happy Valley', 'state': 'OR', 'country': 'USA'}",Happy Valley,OR,USA,"Happy Valley, OR",2
2025-09-04,2025-09-09,401772722,2025-09-07T20:25Z,9,Green Bay Packers,8,Detroit Lions,9,Green Bay Packers,4361423,Micah Parsons,DE,Penn State,"{'city': 'Harrisburg', 'state': 'PA', 'country': 'USA'}",Harrisburg,PA,USA,"Harrisburg, PA",5
2025-09-04,2025-09-09,401772722,2025-09-07T20:25Z,9,Green Bay Packers,8,Detroit Lions,9,Green Bay Packers,4695280,Micah Robinson,CB,Tulane,"{'city': 'Atlanta', 'state': 'GA', 'country': 'USA'}",Atlanta,GA,USA,"Atlanta, GA",
2025-09-04,2025-09-09,401772722,2025-09-07T20:25Z,9,Green Bay Packers,8,Detroit Lions,9,Green Bay Packers,4683643,Barryn Sorrell,DE,Texas,"{'city': 'New Orleans', 'state': 'LA', 'country': 'USA'}",New Orleans,LA,USA,"New Orleans, LA",
2025-09-04,2025-09-09,401772722,2025-09-07T20:25Z,9,Green Bay Packers,8,Detroit Lions,9,Green Bay Packers,4429142,Nazir Stackhouse,DT,Georgia,"{'city': 'Stone Mountain', 'state': 'GA', 'country': 'USA'}",Stone Mountain,GA,USA,"Stone Mountain, GA",
2025-09-04,2025-09-09,401772722,2025-09-07T20:25Z,9,Green Bay Packers,8,Detroit Lions,9,Green Bay Packers,4430965,Carrington Valentine,CB,Kentucky,"{'city': 'Cincinnati', 'state': 'OH', 'country': 'USA'}",Cincinnati,OH,USA,"Cincinnati, OH",3
2025-09-04,2025-09-09,401772722,2025-09-07T20:25Z,9,Green Bay Packers,8,Detroit Lions,9,Green Bay Packers,4686906,Lukas Van Ness,DE,Iowa,"{'city': 'Barrington', 'state': 'IL', 'country': 'USA'}",Barrington,IL,USA,"Barrington, IL",3
2025-09-04,2025-09-09,401772722,2025-09-07T20:25Z,9,Green Bay Packers,8,Detroit Lions,9,Green Bay Packers,4379416,Quay Walker,LB,Georgia,"{'city': 'Cordele', 'state': 'GA', 'country': 'USA'}",Cordele,GA,USA,"Cordele, GA",4
2025-09-04,2025-09-09,401772722,2025-09-07T20:25Z,9,Green Bay Packers,8,Detroit Lions,9,Green Bay Packers,4428863,Evan Williams,S,Oregon,"{'city': 'Campbell', 'state': 'CA', 'country': 'USA'}",Campbell,CA,USA,"Campbell, CA",2
2025-09-04,2025-09-09,401772722,2025-09-07T20:25Z,9,Green Bay Packers,8,Detroit Lions,9,Green Bay Packers,4567224,Colby Wooden,DT,Auburn,"{'city': 'Lawrenceville', 'state': 'GA', 'country': 'USA'}",Lawrenceville,GA,USA,"Lawrenceville, GA",3
2025-09-04,2025-09-09,401772722,2025-09-07T20:25Z,9,Green Bay Packers,8,Detroit Lions,9,Green Bay Packers,4361791,Devonte Wyatt,DT,Georgia,"{'city': 'Decatur', 'state': 'GA', 'country': 'USA'}",Decatur,GA,USA,"Decatur, GA",4
2025-09-04,2025-09-09,401772722,2025-09-07T20:25Z,9,Green Bay Packers,8,Detroit Lions,9,Green Bay Packers,16339,Brandon McManus,PK,Temple,"{'city': 'Hatfield', 'state': 'PA', 'country': 'USA'}",Hatfield,PA,USA,"Hatfield, PA",12
2025-09-04,2025-09-09,401772722,2025-09-07T20:25Z,9,Green Bay Packers,8,Detroit Lions,9,Green Bay Packers,4422336,Matt Orzech,LS,Azusa Pacific,"{'city': 'San Diego', 'state': 'CA', 'country': 'USA'}",San Diego,CA,USA,"San Diego, CA",6
2025-09-04,2025-09-09,401772722,2025-09-07T20:25Z,9,Green Bay Packers,8,Detroit Lions,9,Green Bay Packers,4248789,Daniel Whelan,P,UC Davis,"{'city': 'Rancho Mirage', 'state': 'CA', 'country': 'USA'}",Rancho Mirage,CA,USA,"Rancho Mirage, CA",3
2025-09-04,2025-09-09,401772722,2025-09-07T20:25Z,9,Green Bay Packers,8,Detroit Lions,9,Green Bay Packers,4361904,Travis Glover,OT,Georgia State,"{'city': 'Vienna', 'state': 'GA', 'country': 'USA'}",Vienna,GA,USA,"Vienna, GA",2
2025-09-04,2025-09-09,401772722,2025-09-07T20:25Z,9,Green Bay Packers,8,Detroit Lions,9,Green Bay Packers,4429023,MarShawn Lloyd,RB,USC,"{'city': 'Wilmington', 'state': 'DE', 'country': 'USA'}",Wilmington,DE,USA,"Wilmington, DE",2
2025-09-04,2025-09-09,401772722,2025-09-07T20:25Z,9,Green Bay Packers,8,Detroit Lions,9,Green Bay Packers,4428037,Jacob Monk,C,Duke,"{'city': 'Clayton', 'state': 'NC', 'country': 'USA'}",Clayton,NC,USA,"Clayton, NC",2
2025-09-04,2025-09-09,401772722,2025-09-07T20:25Z,9,Green Bay Packers,8,Detroit Lions,9,Green Bay Packers,4683059,Collin Oliver,DE,Oklahoma State,"{'city': 'Oklahoma City', 'state': 'OK', 'country': 'USA'}",Oklahoma City,OK,USA,"Oklahoma City, OK",
2025-09-04,2025-09-09,401772722,2025-09-07T20:25Z,9,Green Bay Packers,8,Detroit Lions,9,Green Bay Packers,4248528,Christian Watson,WR,North Dakota State,"{'city': 'Tampa', 'state': 'FL', 'country': 'USA'}",Tampa,FL,USA,"Tampa, FL",4
2025-09-04,2025-09-09,401772722,2025-09-07T20:25Z,9,Green Bay Packers,8,Detroit Lions,9,Green Bay Packers,2312707,John Williams,G,Cincinnati,"{'city': 'Bolingbrook', 'state': 'IL', 'country': 'USA'}",Bolingbrook,IL,USA,"Bolingbrook, IL",
2025-09-04,2025-09-09,401772722,2025-09-07T20:25Z,9,Green Bay Packers,8,Detroit Lions,9,Green Bay Packers,4429202,Israel Abanikanda,RB,Pittsburgh,"{'city': 'Brooklyn', 'state': 'NY', 'country': 'USA'}",Brooklyn,NY,USA,"Brooklyn, NY",3
2025-09-04,2025-09-09,401772722,2025-09-07T20:25Z,9,Green Bay Packers,8,Detroit Lions,9,Green Bay Packers,4240728,Deslin Alexandre,DE,Pittsburgh,"{'city': 'Pompano Beach', 'state': 'FL', 'country': 'USA'}",Pompano Beach,FL,USA,"Pompano Beach, FL",1
2025-09-04,2025-09-09,401772722,2025-09-07T20:25Z,9,Green Bay Packers,8,Detroit Lions,9,Green Bay Packers,4709980,Johnathan Baldwin,CB,UNLV,"{'city': 'Houston', 'state': 'TX', 'country': 'USA'}",Houston,TX,USA,"Houston, TX",
2025-09-04,2025-09-09,401772722,2025-09-07T20:25Z,9,Green Bay Packers,8,Detroit Lions,9,Green Bay Packers,4426623,Brant Banks,OT,Rice,"{'city': 'Houston', 'state': 'TX', 'country': 'USA'}",Houston,TX,USA,"Houston, TX",
2025-09-04,2025-09-09,401772722,2025-09-07T20:25Z,9,Green Bay Packers,8,Detroit Lions,9,Green Bay Packers,4426972,Dalton Cooper,OT,Oklahoma State,"{'city': 'Prague', 'state': 'OK', 'country': 'USA'}",Prague,OK,USA,"Prague, OK",
2025-09-04,2025-09-09,401772722,2025-09-07T20:25Z,9,Green Bay Packers,8,Detroit Lions,9,Green Bay Packers,4429576,James Ester,DT,Northern Illinois,"{'city': 'Detroit', 'state': 'MI', 'country': 'USA'}",Detroit,MI,USA,"Detroit, MI",1
2025-09-04,2025-09-09,401772722,2025-09-07T20:25Z,9,Green Bay Packers,8,Detroit Lions,9,Green Bay Packers,4035004,Mecole Hardman,WR,Georgia,"{'city': 'Bowman', 'state': 'GA', 'country': 'USA'}",Bowman,GA,USA,"Bowman, GA",7
2025-09-04,2025-09-09,401772722,2025-09-07T20:25Z,9,Green Bay Packers,8,Detroit Lions,9,Green Bay Packers,4569680,Jamon Johnson,LB,Kentucky,"{'city': 'Hyattsville', 'state': 'MD', 'country': 'USA'}",Hyattsville,MD,USA,"Hyattsville, MD",
2025-09-04,2025-09-09,401772722,2025-09-07T20:25Z,9,Green Bay Packers,8,Detroit Lions,9,Green Bay Packers,5294310,Mark McNamee,PK,,"{'city': 'Dublin', 'country': 'Ireland'}",Dublin,,Ireland,Dublin,
2025-09-04,2025-09-09,401772722,2025-09-07T20:25Z,9,Green Bay Packers,8,Detroit Lions,9,Green Bay Packers,4242996,Arron Mosby,DE,Fresno State,"{'city': 'Sanger', 'state': 'CA', 'country': 'USA'}",Sanger,CA,USA,"Sanger, CA",3
2025-09-04,2025-09-09,401772722,2025-09-07T20:25Z,9,Green Bay Packers,8,Detroit Lions,9,Green Bay Packers,4428116,Isaiah Neyor,WR,Nebraska,"{'city': 'Fort Worth', 'state': 'TX', 'country': 'USA'}",Fort Worth,TX,USA,"Fort Worth, TX",
2025-09-04,2025-09-09,401772722,2025-09-07T20:25Z,9,Green Bay Packers,8,Detroit Lions,9,Green Bay Packers,4608679,Will Sheppard,WR,Colorado,"{'city': 'Madisonville', 'state': 'LA', 'country': 'USA'}",Madisonville,LA,USA,"Madisonville, LA",
2025-09-04,2025-09-09,401772722,2025-09-07T20:25Z,9,Green Bay Packers,8,Detroit Lions,9,Green Bay Packers,4567225,Jaylin Simpson,S,Auburn,"{'city': 'Brunswick', 'state': 'GA', 'country': 'USA'}",Brunswick,GA,USA,"Brunswick, GA",1
2025-09-04,2025-09-09,401772722,2025-09-07T20:25Z,9,Green Bay Packers,8,Detroit Lions,9,Green Bay Packers,4360175,Clayton Tune,QB,Houston,"{'city': 'Carrollton', 'state': 'TX', 'country': 'USA'}",Carrollton,TX,USA,"Carrollton, TX",3
2025-09-04,2025-09-09,401772722,2025-09-07T20:25Z,9,Green Bay Packers,8,Detroit Lions,9,Green Bay Packers,4036153,Kristian Welch,LB,Iowa,"{'city': 'Iola', 'state': 'WI', 'country': 'USA'}",Iola,WI,USA,"Iola, WI",6
2025-09-04,2025-09-09,401772722,2025-09-07T20:25Z,9,Green Bay Packers,8,Detroit Lions,9,Green Bay Packers,4360086,Josh Whyle,TE,Cincinnati,"{'city': 'Cincinnati', 'state': 'OH', 'country': 'USA'}",Cincinnati,OH,USA,"Cincinnati, OH",3
2025-09-04,2025-09-09,401772722,2025-09-07T20:25Z,9,Green Bay Packers,8,Detroit Lions,8,Detroit Lions,3115293,Kyle Allen,QB,Houston,"{'city': 'Scottsdale', 'state': 'AZ', 'country': 'USA'}",Scottsdale,AZ,USA,"Scottsdale, AZ",7
2025-09-04,2025-09-09,401772722,2025-09-07T20:25Z,9,Green Bay Packers,8,Detroit Lions,8,Detroit Lions,4040842,Kayode Awosika,G,Buffalo,"{'city': 'Plymouth', 'state': 'MN', 'country': 'USA'}",Plymouth,MN,USA,"Plymouth, MN",4
2025-09-04,2025-09-09,401772722,2025-09-07T20:25Z,9,Green Bay Packers,8,Detroit Lions,8,Detroit Lions,2976292,Taylor Decker,OT,Ohio State,"{'city': 'Vandalia', 'state': 'OH', 'country': 'USA'}",Vandalia,OH,USA,"Vandalia, OH",10
2025-09-04,2025-09-09,401772722,2025-09-07T20:25Z,9,Green Bay Packers,8,Detroit Lions,8,Detroit Lions,4567410,Kingsley Eguakun,C,Florida,"{'city': 'Jacksonville', 'state': 'FL', 'country': 'USA'}",Jacksonville,FL,USA,"Jacksonville, FL",1
2025-09-04,2025-09-09,401772722,2025-09-07T20:25Z,9,Green Bay Packers,8,Detroit Lions,8,Detroit Lions,4429795,Jahmyr Gibbs,RB,Alabama,"{'city': 'Dalton', 'state': 'GA', 'country': 'USA'}",Dalton,GA,USA,"Dalton, GA",3
2025-09-04,2025-09-09,401772722,2025-09-07T20:25Z,9,Green Bay Packers,8,Detroit Lions,8,Detroit Lions,2576245,Graham Glasgow,G,Michigan,"{'city': 'Aurora', 'state': 'IL', 'country': 'USA'}",Aurora,IL,USA,"Aurora, IL",10
2025-09-04,2025-09-09,401772722,2025-09-07T20:25Z,9,Green Bay Packers,8,Detroit Lions,8,Detroit Lions,3046779,Jared Goff,QB,California,"{'city': 'Novato', 'state': 'CA', 'country': 'USA'}",Novato,CA,USA,"Novato, CA",10
2025-09-04,2025-09-09,401772722,2025-09-07T20:25Z,9,Green Bay Packers,8,Detroit Lions,8,Detroit Lions,3116136,Justin Jackson,RB,Northwestern,"{'city': 'Carol Stream', 'state': 'IL', 'country': 'USA'}",Carol Stream,IL,USA,"Carol Stream, IL",6
2025-09-04,2025-09-09,401772722,2025-09-07T20:25Z,9,Green Bay Packers,8,Detroit Lions,8,Detroit Lions,4430027,Sam LaPorta,TE,Iowa,"{'city': 'Highland', 'state': 'IL', 'country': 'USA'}",Highland,IL,USA,"Highland, IL",3
2025-09-04,2025-09-09,401772722,2025-09-07T20:25Z,9,Green Bay Packers,8,Detroit Lions,8,Detroit Lions,4596439,Dominic Lovett,WR,Georgia,"{'city': 'Belleville', 'state': 'IL', 'country': 'USA'}",Belleville,IL,USA,"Belleville, IL",
2025-09-04,2025-09-09,401772722,2025-09-07T20:25Z,9,Green Bay Packers,8,Detroit Lions,8,Detroit Lions,4427864,Christian Mahogany,G,Boston College,"{'city': 'Elmwood Park', 'state': 'NJ', 'country': 'USA'}",Elmwood Park,NJ,USA,"Elmwood Park, NJ",2
2025-09-04,2025-09-09,401772722,2025-09-07T20:25Z,9,Green Bay Packers,8,Detroit Lions,8,Detroit Lions,5209589,Giovanni Manu,OT,British Columbia,"{'city': 'Pitt Meadows', 'state': 'BC', 'country': 'Canada'}",Pitt Meadows,BC,Canada,"Pitt Meadows, BC",2
2025-09-04,2025-09-09,401772722,2025-09-07T20:25Z,9,Green Bay Packers,8,Detroit Lions,8,Detroit Lions,4035538,David Montgomery,RB,Iowa State,"{'city': 'Cincinnati', 'state': 'OH', 'country': 'USA'}",Cincinnati,OH,USA,"Cincinnati, OH",7
2025-09-04,2025-09-09,401772722,2025-09-07T20:25Z,9,Green Bay Packers,8,Detroit Lions,8,Detroit Lions,4429035,Tate Ratledge,G,Georgia,"{'city': 'Rome', 'state': 'GA', 'country': 'USA'}",Rome,GA,USA,"Rome, GA",
2025-09-04,2025-09-09,401772722,2025-09-07T20:25Z,9,Green Bay Packers,8,Detroit Lions,8,Detroit Lions,2973405,Kalif Raymond,WR,Holy Cross,"{'city': 'Lawrenceville', 'state': 'GA', 'country': 'USA'}",Lawrenceville,GA,USA,"Lawrenceville, GA",9
2025-09-04,2025-09-09,401772722,2025-09-07T20:25Z,9,Green Bay Packers,8,Detroit Lions,8,Detroit Lions,4421446,Craig Reynolds,RB,Kutztown,"{'city': 'Willow Grove', 'state': 'PA', 'country': 'USA'}",Willow Grove,PA,USA,"Willow Grove, PA",6
2025-09-04,2025-09-09,401772722,2025-09-07T20:25Z,9,Green Bay Packers,8,Detroit Lions,8,Detroit Lions,4383429,Jacob Saylors,RB,East Tennessee State,"{'city': 'Jasper', 'state': 'TN', 'country': 'USA'}",Jasper,TN,USA,"Jasper, TN",1
2025-09-04,2025-09-09,401772722,2025-09-07T20:25Z,9,Green Bay Packers,8,Detroit Lions,8,Detroit Lions,4373825,Penei Sewell,OT,Oregon,"{'city': 'Malaeimi', 'country': 'American Samoa'}",Malaeimi,,American Samoa,Malaeimi,5
2025-09-04,2025-09-09,401772722,2025-09-07T20:25Z,9,Green Bay Packers,8,Detroit Lions,8,Detroit Lions,4374302,Amon-Ra St. Brown,WR,USC,"{'city': 'Anaheim Hills', 'state': 'CA', 'country': 'USA'}",Anaheim Hills,CA,USA,"Anaheim Hills, CA",5
2025-09-04,2025-09-09,401772722,2025-09-07T20:25Z,9,Green Bay Packers,8,Detroit Lions,8,Detroit Lions,5123663,Isaac TeSlaa,WR,Arkansas,"{'city': 'Hudsonville', 'state': 'MI', 'country': 'USA'}",Hudsonville,MI,USA,"Hudsonville, MI",
2025-09-04,2025-09-09,401772722,2025-09-07T20:25Z,9,Green Bay Packers,8,Detroit Lions,8,Detroit Lions,4912274,Sione Vaki,RB,Utah,"{'city': 'Antioch', 'state': 'CA', 'country': 'USA'}",Antioch,CA,USA,"Antioch, CA",2
2025-09-04,2025-09-09,401772722,2025-09-07T20:25Z,9,Green Bay Packers,8,Detroit Lions,8,Detroit Lions,4426388,Jameson Williams,WR,Alabama,"{'city': 'St. Louis', 'state': 'MO', 'country': 'USA'}",St. Louis,MO,USA,"St. Louis, MO",4
2025-09-04,2025-09-09,401772722,2025-09-07T20:25Z,9,Green Bay Packers,8,Detroit Lions,8,Detroit Lions,4242392,Brock Wright,TE,Notre Dame,"{'city': 'Cypress', 'state': 'TX', 'country': 'USA'}",Cypress,TX,USA,"Cypress, TX",5
2025-09-04,2025-09-09,401772722,2025-09-07T20:25Z,9,Green Bay Packers,8,Detroit Lions,8,Detroit Lions,4608362,Shane Zylstra,TE,Minnesota State,"{'city': 'Spicer', 'state': 'MN', 'country': 'USA'}",Spicer,MN,USA,"Spicer, MN",4
2025-09-04,2025-09-09,401772722,2025-09-07T20:25Z,9,Green Bay Packers,8,Detroit Lions,8,Detroit Lions,3043107,Alex Anzalone,LB,Florida,"{'city': 'Wyomissing', 'state': 'PA', 'country': 'USA'}",Wyomissing,PA,USA,"Wyomissing, PA",9
2025-09-04,2025-09-09,401772722,2025-09-07T20:25Z,9,Green Bay Packers,8,Detroit Lions,8,Detroit Lions,4592837,Terrion Arnold,CB,Alabama,"{'city': 'Tallahassee', 'state': 'FL', 'country': 'USA'}",Tallahassee,FL,USA,"Tallahassee, FL",2
2025-09-04,2025-09-09,401772722,2025-09-07T20:25Z,9,Green Bay Packers,8,Detroit Lions,8,Detroit Lions,4260409,Derrick Barnes,LB,Purdue,"{'city': 'Covington', 'state': 'KY', 'country': 'USA'}",Covington,KY,USA,"Covington, KY",5
2025-09-04,2025-09-09,401772722,2025-09-07T20:25Z,9,Green Bay Packers,8,Detroit Lions,8,Detroit Lions,4692025,Brian Branch,S,Alabama,"{'city': 'Fayetteville', 'state': 'GA', 'country': 'USA'}",Fayetteville,GA,USA,"Fayetteville, GA",3
2025-09-04,2025-09-09,401772722,2025-09-07T20:25Z,9,Green Bay Packers,8,Detroit Lions,8,Detroit Lions,4569465,Jack Campbell,LB,Iowa,"{'city': 'Cedar Falls', 'state': 'IA', 'country': 'USA'}",Cedar Falls,IA,USA,"Cedar Falls, IA",3
2025-09-04,2025-09-09,401772722,2025-09-07T20:25Z,9,Green Bay Packers,8,Detroit Lions,8,Detroit Lions,3051750,Zach Cunningham,LB,Vanderbilt,"{'city': 'Pinson', 'state': 'AL', 'country': 'USA'}",Pinson,AL,USA,"Pinson, AL",9
2025-09-04,2025-09-09,401772722,2025-09-07T20:25Z,9,Green Bay Packers,8,Detroit Lions,8,Detroit Lions,3124058,Marcus Davenport,DE,UTSA,"{'city': 'San Antonio', 'state': 'TX', 'country': 'USA'}",San Antonio,TX,USA,"San Antonio, TX",8
2025-09-04,2025-09-09,401772722,2025-09-07T20:25Z,9,Green Bay Packers,8,Detroit Lions,8,Detroit Lions,4027919,Khalil Dorsey,CB,Northern Arizona,"{'city': 'Ontario', 'state': 'CA', 'country': 'USA'}",Ontario,CA,USA,"Ontario, CA",5
2025-09-04,2025-09-09,401772722,2025-09-07T20:25Z,9,Green Bay Packers,8,Detroit Lions,8,Detroit Lions,4569323,Thomas Harper,S,Notre Dame,"{'city': 'Knoxville', 'state': 'TN', 'country': 'USA'}",Knoxville,TN,USA,"Knoxville, TN",2
2025-09-04,2025-09-09,401772722,2025-09-07T20:25Z,9,Green Bay Packers,8,Detroit Lions,8,Detroit Lions,4372099,Aidan Hutchinson,DE,Michigan,"{'city': 'Plymouth', 'state': 'MI', 'country': 'USA'}",Plymouth,MI,USA,"Plymouth, MI",4
2025-09-04,2025-09-09,401772722,2025-09-07T20:25Z,9,Green Bay Packers,8,Detroit Lions,8,Detroit Lions,4360383,Kerby Joseph,S,Illinois,"{'city': 'Orlando', 'state': 'FL', 'country': 'USA'}",Orlando,FL,USA,"Orlando, FL",4
2025-09-04,2025-09-09,401772722,2025-09-07T20:25Z,9,Green Bay Packers,8,Detroit Lions,8,Detroit Lions,4361861,Tyler Lacy,DT,Oklahoma State,"{'city': 'Sachse', 'state': 'TX', 'country': 'USA'}",Sachse,TX,USA,"Sachse, TX",3
2025-09-04,2025-09-09,401772722,2025-09-07T20:25Z,9,Green Bay Packers,8,Detroit Lions,8,Detroit Lions,4040805,Roy Lopez,DT,Arizona,"{'city': 'Tempe', 'state': 'AZ', 'country': 'USA'}",Tempe,AZ,USA,"Tempe, AZ",5
2025-09-04,2025-09-09,401772722,2025-09-07T20:25Z,9,Green Bay Packers,8,Detroit Lions,8,Detroit Lions,3123938,Avonte Maddox,CB,Pittsburgh,"{'city': 'Detroit', 'state': 'MI', 'country': 'USA'}",Detroit,MI,USA,"Detroit, MI",8
2025-09-04,2025-09-09,401772722,2025-09-07T20:25Z,9,Green Bay Packers,8,Detroit Lions,8,Detroit Lions,3051942,Al-Quadin Muhammad,LB,Miami,"{'city': 'Irvington', 'state': 'NJ', 'country': 'USA'}",Irvington,NJ,USA,"Irvington, NJ",8
2025-09-04,2025-09-09,401772722,2025-09-07T20:25Z,9,Green Bay Packers,8,Detroit Lions,8,Detroit Lions,5144894,Trevor Nowaske,LB,Saginaw Valley State,"{'city': 'Canton', 'state': 'MI', 'country': 'USA'}",Canton,MI,USA,"Canton, MI",3
2025-09-04,2025-09-09,401772722,2025-09-07T20:25Z,9,Green Bay Packers,8,Detroit Lions,8,Detroit Lions,2980206,Pat O'Connor,DE,Eastern Michigan,"{'city': 'Chicago', 'state': 'IL', 'country': 'USA'}",Chicago,IL,USA,"Chicago, IL",7
2025-09-04,2025-09-09,401772722,2025-09-07T20:25Z,9,Green Bay Packers,8,Detroit Lions,8,Detroit Lions,4423367,Anthony Pittman,LB,Wayne State (MI),"{'city': 'Beverly Hills', 'state': 'CA', 'country': 'USA'}",Beverly Hills,CA,USA,"Beverly Hills, CA",4
2025-09-04,2025-09-09,401772722,2025-09-07T20:25Z,9,Green Bay Packers,8,Detroit Lions,8,Detroit Lions,2977670,DJ Reader,DT,Clemson,"{'city': 'Greensboro', 'state': 'NC', 'country': 'USA'}",Greensboro,NC,USA,"Greensboro, NC",10
2025-09-04,2025-09-09,401772722,2025-09-07T20:25Z,9,Green Bay Packers,8,Detroit Lions,8,Detroit Lions,3139387,D.J. Reed,CB,Kansas State,"{'city': 'Bakersfield', 'state': 'CA', 'country': 'USA'}",Bakersfield,CA,USA,"Bakersfield, CA",8
2025-09-04,2025-09-09,401772722,2025-09-07T20:25Z,9,Green Bay Packers,8,Detroit Lions,8,Detroit Lions,4239694,Amik Robertson,CB,Louisiana Tech,"{'city': 'Thibodaux', 'state': 'LA', 'country': 'USA'}",Thibodaux,LA,USA,"Thibodaux, LA",6
2025-09-04,2025-09-09,401772722,2025-09-07T20:25Z,9,Green Bay Packers,8,Detroit Lions,8,Detroit Lions,4367835,Chris Smith,DT,Notre Dame,"{'city': 'Detroit', 'state': 'MI', 'country': 'USA'}",Detroit,MI,USA,"Detroit, MI",2
2025-09-04,2025-09-09,401772722,2025-09-07T20:25Z,9,Green Bay Packers,8,Detroit Lions,8,Detroit Lions,4240255,Grant Stuard,LB,Houston,"{'city': 'Conroe', 'state': 'TX', 'country': 'USA'}",Conroe,TX,USA,"Conroe, TX",5
2025-09-04,2025-09-09,401772722,2025-09-07T20:25Z,9,Green Bay Packers,8,Detroit Lions,8,Detroit Lions,4035505,Daniel Thomas,S,Auburn,"{'city': 'Montgomery', 'state': 'AL', 'country': 'USA'}",Montgomery,AL,USA,"Montgomery, AL",6
2025-09-04,2025-09-09,401772722,2025-09-07T20:25Z,9,Green Bay Packers,8,Detroit Lions,8,Detroit Lions,4689333,Tyrus Wheat,DE,Mississippi State,"{'city': 'Amite', 'state': 'LA', 'country': 'USA'}",Amite,LA,USA,"Amite, LA",3
2025-09-04,2025-09-09,401772722,2025-09-07T20:25Z,9,Green Bay Packers,8,Detroit Lions,8,Detroit Lions,4431615,Tyleik Williams,DT,Ohio State,"{'city': 'Manassas', 'state': 'VA', 'country': 'USA'}",Manassas,VA,USA,"Manassas, VA",
2025-09-04,2025-09-09,401772722,2025-09-07T20:25Z,9,Green Bay Packers,8,Detroit Lions,8,Detroit Lions,4586333,Mekhi Wingo,DT,LSU,"{'city': 'St. Louis', 'state': 'MO', 'country': 'USA'}",St. Louis,MO,USA,"St. Louis, MO",2
2025-09-04,2025-09-09,401772722,2025-09-07T20:25Z,9,Green Bay Packers,8,Detroit Lions,8,Detroit Lions,3910229,Rock Ya-Sin,CB,Temple,"{'city': 'Decatur', 'state': 'GA', 'country': 'USA'}",Decatur,GA,USA,"Decatur, GA",7
2025-09-04,2025-09-09,401772722,2025-09-07T20:25Z,9,Green Bay Packers,8,Detroit Lions,8,Detroit Lions,4689936,Jake Bates,PK,Arkansas,"{'city': 'Tomball', 'state': 'TX', 'country': 'USA'}",Tomball,TX,USA,"Tomball, TX",2
2025-09-04,2025-09-09,401772722,2025-09-07T20:25Z,9,Green Bay Packers,8,Detroit Lions,8,Detroit Lions,3916370,Jack Fox,P,Rice,"{'city': 'St. Louis', 'state': 'MO', 'country': 'USA'}",St. Louis,MO,USA,"St. Louis, MO",6
2025-09-04,2025-09-09,401772722,2025-09-07T20:25Z,9,Green Bay Packers,8,Detroit Lions,8,Detroit Lions,4571755,Hogan Hatten,LS,Idaho,"{'city': 'Scottsdale', 'state': 'AZ', 'country': 'USA'}",Scottsdale,AZ,USA,"Scottsdale, AZ",2
2025-09-04,2025-09-09,401772722,2025-09-07T20:25Z,9,Green Bay Packers,8,Detroit Lions,8,Detroit Lions,4608890,Miles Frazier,G,LSU,"{'city': 'Camden', 'state': 'NJ', 'country': 'USA'}",Camden,NJ,USA,"Camden, NJ",
2025-09-04,2025-09-09,401772722,2025-09-07T20:25Z,9,Green Bay Packers,8,Detroit Lions,8,Detroit Lions,3124112,Justin Herron,OT,Wake Forest,"{'city': 'Silver Spring', 'state': 'MD', 'country': 'USA'}",Silver Spring,MD,USA,"Silver Spring, MD",6
2025-09-04,2025-09-09,401772722,2025-09-07T20:25Z,9,Green Bay Packers,8,Detroit Lions,8,Detroit Lions,4575115,Dan Jackson,S,Georgia,"{'city': 'Gainesville', 'state': 'GA', 'country': 'USA'}",Gainesville,GA,USA,"Gainesville, GA",
2025-09-04,2025-09-09,401772722,2025-09-07T20:25Z,9,Green Bay Packers,8,Detroit Lions,8,Detroit Lions,3121417,Jamarco Jones,OT,Ohio State,"{'city': 'Chicago', 'state': 'IL', 'country': 'USA'}",Chicago,IL,USA,"Chicago, IL",6
2025-09-04,2025-09-09,401772722,2025-09-07T20:25Z,9,Green Bay Packers,8,Detroit Lions,8,Detroit Lions,4361662,Alim McNeill,DT,NC State,"{'city': 'Raleigh', 'state': 'NC', 'country': 'USA'}",Raleigh,NC,USA,"Raleigh, NC",5
2025-09-04,2025-09-09,401772722,2025-09-07T20:25Z,9,Green Bay Packers,8,Detroit Lions,8,Detroit Lions,4039020,Levi Onwuzurike,DE,Washington,"{'city': 'Allen', 'state': 'TX', 'country': 'USA'}",Allen,TX,USA,"Allen, TX",5
2025-09-04,2025-09-09,401772722,2025-09-07T20:25Z,9,Green Bay Packers,8,Detroit Lions,8,Detroit Lions,4259994,Josh Paschal,DE,Kentucky,"{'city': 'Prince George County', 'state': 'MD', 'country': 'USA'}",Prince George County,MD,USA,"Prince George County, MD",4
2025-09-04,2025-09-09,401772722,2025-09-07T20:25Z,9,Green Bay Packers,8,Detroit Lions,8,Detroit Lions,4566092,Ennis Rakestraw Jr.,CB,Missouri,"{'city': 'Dallas', 'state': 'TX', 'country': 'USA'}",Dallas,TX,USA,"Dallas, TX",2
2025-09-04,2025-09-09,401772722,2025-09-07T20:25Z,9,Green Bay Packers,8,Detroit Lions,8,Detroit Lions,4880638,Kye Robichaux,RB,Boston College,"{'city': 'Columbus', 'state': 'GA', 'country': 'USA'}",Columbus,GA,USA,"Columbus, GA",
2025-09-04,2025-09-09,401772722,2025-09-07T20:25Z,9,Green Bay Packers,8,Detroit Lions,8,Detroit Lions,4241411,Malcolm Rodriguez,LB,Oklahoma State,"{'city': 'Wagoner', 'state': 'OK', 'country': 'USA'}",Wagoner,OK,USA,"Wagoner, OK",4
2025-09-04,2025-09-09,401772722,2025-09-07T20:25Z,9,Green Bay Packers,8,Detroit Lions,8,Detroit Lions,4367775,Colby Sorsdal,OT,William & Mary,"{'city': 'Pittsburgh', 'state': 'PA', 'country': 'USA'}",Pittsburgh,PA,USA,"Pittsburgh, PA",3
2025-09-04,2025-09-09,401772722,2025-09-07T20:25Z,9,Green Bay Packers,8,Detroit Lions,8,Detroit Lions,3894901,Ezekiel Turner,LB,Washington,"{'city': 'Pasadena', 'state': 'MD', 'country': 'USA'}",Pasadena,MD,USA,"Pasadena, MD",8
2025-09-04,2025-09-09,401772722,2025-09-07T20:25Z,9,Green Bay Packers,8,Detroit Lions,8,Detroit Lions,4044144,Kenny Yeboah,TE,Ole Miss,"{'city': 'Allentown', 'state': 'PA', 'country': 'USA'}",Allentown,PA,USA,"Allentown, PA",5
2025-09-04,2025-09-09,401772722,2025-09-07T20:25Z,9,Green Bay Packers,8,Detroit Lions,8,Detroit Lions,4039164,Myles Adams,DE,Rice,"{'city': 'Arlington', 'state': 'TX', 'country': 'USA'}",Arlington,TX,USA,"Arlington, TX",4
2025-09-04,2025-09-09,401772722,2025-09-07T20:25Z,9,Green Bay Packers,8,Detroit Lions,8,Detroit Lions,2979520,C.J. Beathard,QB,Iowa,"{'city': 'Franklin', 'state': 'TN', 'country': 'USA'}",Franklin,TN,USA,"Franklin, TN",8
2025-09-04,2025-09-09,401772722,2025-09-07T20:25Z,9,Green Bay Packers,8,Detroit Lions,8,Detroit Lions,4372063,Ronnie Bell,WR,Michigan,"{'city': 'Kansas City', 'state': 'MO', 'country': 'USA'}",Kansas City,MO,USA,"Kansas City, MO",3
2025-09-04,2025-09-09,401772722,2025-09-07T20:25Z,9,Green Bay Packers,8,Detroit Lions,8,Detroit Lions,4577333,Andre Carter II,LB,Army,"{'city': 'Missouri City', 'state': 'TX', 'country': 'USA'}",Missouri City,TX,USA,"Missouri City, TX",2
2025-09-04,2025-09-09,401772722,2025-09-07T20:25Z,9,Green Bay Packers,8,Detroit Lions,8,Detroit Lions,4035112,Trystan Colon,C,Missouri,"{'city': 'Webb City', 'state': 'MO', 'country': 'USA'}",Webb City,MO,USA,"Webb City, MO",6
2025-09-04,2025-09-09,401772722,2025-09-07T20:25Z,9,Green Bay Packers,8,Detroit Lions,8,Detroit Lions,4712462,Keith Cooper Jr.,DE,Houston,"{'city': 'Dickinson', 'state': 'TX', 'country': 'USA'}",Dickinson,TX,USA,"Dickinson, TX",
2025-09-04,2025-09-09,401772722,2025-09-07T20:25Z,9,Green Bay Packers,8,Detroit Lions,8,Detroit Lions,4373320,Erick Hallett,S,Pittsburgh,"{'city': 'Cypress', 'state': 'TX', 'country': 'USA'}",Cypress,TX,USA,"Cypress, TX",1
2025-09-04,2025-09-09,401772722,2025-09-07T20:25Z,9,Green Bay Packers,8,Detroit Lions,8,Detroit Lions,4877824,Zach Horton,TE,Indiana,"{'city': 'Roanoke', 'state': 'VA', 'country': 'USA'}",Roanoke,VA,USA,"Roanoke, VA",
2025-09-04,2025-09-09,401772722,2025-09-07T20:25Z,9,Green Bay Packers,8,Detroit Lions,8,Detroit Lions,3126997,Tom Kennedy,WR,Bryant,"{'city': 'Farmingdale', 'state': 'NY', 'country': 'USA'}",Farmingdale,NY,USA,"Farmingdale, NY",3
2025-09-04,2025-09-09,401772722,2025-09-07T20:25Z,9,Green Bay Packers,8,Detroit Lions,8,Detroit Lions,4602788,Jackson Meeks,WR,Syracuse,"{'city': 'Phenix City', 'state': 'AL', 'country': 'USA'}",Phenix City,AL,USA,"Phenix City, AL",
2025-09-04,2025-09-09,401772722,2025-09-07T20:25Z,9,Green Bay Packers,8,Detroit Lions,8,Detroit Lions,4693332,Mason Miller,OT,North Dakota State,"{'city': 'Ada', 'state': 'MN', 'country': 'USA'}",Ada,MN,USA,"Ada, MN",
2025-09-04,2025-09-09,401772722,2025-09-07T20:25Z,9,Green Bay Packers,8,Detroit Lions,8,Detroit Lions,4051353,Michael Niese,G,Temple,"{'city': 'Chesterfield', 'state': 'MO', 'country': 'USA'}",Chesterfield,MO,USA,"Chesterfield, MO",2
2025-09-04,2025-09-09,401772722,2025-09-07T20:25Z,9,Green Bay Packers,8,Detroit Lions,8,Detroit Lions,3046435,Dan Skipper,OT,Arkansas,"{'city': 'Arvada', 'state': 'CO', 'country': 'USA'}",Arvada,CO,USA,"Arvada, CO",6
2025-09-04,2025-09-09,401772722,2025-09-07T20:25Z,9,Green Bay Packers,8,Detroit Lions,8,Detroit Lions,4917439,Loren Strickland,S,Ball State,"{'city': 'Carpentersville', 'state': 'IL', 'country': 'USA'}",Carpentersville,IL,USA,"Carpentersville, IL",2
2025-09-04,2025-09-09,401772723,2025-09-07T20:25Z,14,Los Angeles Rams,34,Houston Texans,14,Los Angeles Rams,16800,Davante Adams,WR,Fresno State,"{'city': 'Palo Alto', 'state': 'CA', 'country': 'USA'}",Palo Alto,CA,USA,"Palo Alto, CA",12
2025-09-04,2025-09-09,401772723,2025-09-07T20:25Z,14,Los Angeles Rams,34,Houston Texans,14,Los Angeles Rams,4426553,Davis Allen,TE,Clemson,"{'city': 'Calhoun', 'state': 'GA', 'country': 'USA'}",Calhoun,GA,USA,"Calhoun, GA",3
2025-09-04,2025-09-09,401772723,2025-09-07T20:25Z,14,Los Angeles Rams,34,Houston Texans,14,Los Angeles Rams,4360797,Tutu Atwell,WR,Louisville,"{'city': 'Miami', 'state': 'FL', 'country': 'USA'}",Miami,FL,USA,"Miami, FL",5
2025-09-04,2025-09-09,401772723,2025-09-07T20:25Z,14,Los Angeles Rams,34,Houston Texans,14,Los Angeles Rams,4362474,Steve Avila,G,TCU,"{'city': 'Arlington', 'state': 'TX', 'country': 'USA'}",Arlington,TX,USA,"Arlington, TX",3
2025-09-04,2025-09-09,401772723,2025-09-07T20:25Z,14,Los Angeles Rams,34,Houston Texans,14,Los Angeles Rams,4259553,Stetson Bennett IV,QB,Georgia,"{'city': 'Blackshear', 'state': 'GA', 'country': 'USA'}",Blackshear,GA,USA,"Blackshear, GA",2
2025-09-04,2025-09-09,401772723,2025-09-07T20:25Z,14,Los Angeles Rams,34,Houston Texans,14,Los Angeles Rams,4429096,Blake Corum,RB,Michigan,"{'city': 'Marshall', 'state': 'VA', 'country': 'USA'}",Marshall,VA,USA,"Marshall, VA",2
2025-09-04,2025-09-09,401772723,2025-09-07T20:25Z,14,Los Angeles Rams,34,Houston Texans,14,Los Angeles Rams,4360859,Justin Dedich,G,USC,"{'city': 'Temecula', 'state': 'CA', 'country': 'USA'}",Temecula,CA,USA,"Temecula, CA",2
2025-09-04,2025-09-09,401772723,2025-09-07T20:25Z,14,Los Angeles Rams,34,Houston Texans,14,Los Angeles Rams,3917599,Kevin Dotson,G,Louisiana,"{'city': 'Plaquemine', 'state': 'LA', 'country': 'USA'}",Plaquemine,LA,USA,"Plaquemine, LA",6
2025-09-04,2025-09-09,401772723,2025-09-07T20:25Z,14,Los Angeles Rams,34,Houston Texans,14,Los Angeles Rams,4570037,Terrance Ferguson,TE,Oregon,"{'city': 'Littleton', 'state': 'CO', 'country': 'USA'}",Littleton,CO,USA,"Littleton, CO",
2025-09-04,2025-09-09,401772723,2025-09-07T20:25Z,14,Los Angeles Rams,34,Houston Texans,14,Los Angeles Rams,16760,Jimmy Garoppolo,QB,Eastern Illinois,"{'city': 'Arlington Heights', 'state': 'IL', 'country': 'USA'}",Arlington Heights,IL,USA,"Arlington Heights, IL",12
2025-09-04,2025-09-09,401772723,2025-09-07T20:25Z,14,Los Angeles Rams,34,Houston Texans,14,Los Angeles Rams,2515613,Rob Havenstein,OT,Wisconsin,"{'city': 'Mount Airy', 'state': 'MD', 'country': 'USA'}",Mount Airy,MD,USA,"Mount Airy, MD",11
2025-09-04,2025-09-09,401772723,2025-09-07T20:25Z,14,Los Angeles Rams,34,Houston Texans,14,Los Angeles Rams,2573401,Tyler Higbee,TE,Western Kentucky,"{'city': 'Clearwater', 'state': 'FL', 'country': 'USA'}",Clearwater,FL,USA,"Clearwater, FL",10
2025-09-04,2025-09-09,401772723,2025-09-07T20:25Z,14,Los Angeles Rams,34,Houston Texans,14,Los Angeles Rams,2971048,D.J. Humphries,OT,Florida,"{'city': 'Union County', 'state': 'NC', 'country': 'USA'}",Union County,NC,USA,"Union County, NC",11
2025-09-04,2025-09-09,401772723,2025-09-07T20:25Z,14,Los Angeles Rams,34,Houston Texans,14,Los Angeles Rams,4710341,Jarquez Hunter,RB,Auburn,"{'city': 'Philadelphia', 'state': 'MS', 'country': 'USA'}",Philadelphia,MS,USA,"Philadelphia, MS",
2025-09-04,2025-09-09,401772723,2025-09-07T20:25Z,14,Los Angeles Rams,34,Houston Texans,14,Los Angeles Rams,4036135,Alaric Jackson,OT,Iowa,"{'city': 'Detroit', 'state': 'MI', 'country': 'USA'}",Detroit,MI,USA,"Detroit, MI",5
2025-09-04,2025-09-09,401772723,2025-09-07T20:25Z,14,Los Angeles Rams,34,Houston Texans,14,Los Angeles Rams,4567175,Beaux Limmer,C,Arkansas,"{'city': 'Tyler', 'state': 'TX', 'country': 'USA'}",Tyler,TX,USA,"Tyler, TX",2
2025-09-04,2025-09-09,401772723,2025-09-07T20:25Z,14,Los Angeles Rams,34,Houston Texans,14,Los Angeles Rams,4426512,Warren McClendon Jr.,OT,Georgia,"{'city': 'Brunswick', 'state': 'GA', 'country': 'USA'}",Brunswick,GA,USA,"Brunswick, GA",3
2025-09-04,2025-09-09,401772723,2025-09-07T20:25Z,14,Los Angeles Rams,34,Houston Texans,14,Los Angeles Rams,4710855,Konata Mumpfield,WR,Pittsburgh,"{'city': 'Hoschton', 'state': 'GA', 'country': 'USA'}",Hoschton,GA,USA,"Hoschton, GA",
2025-09-04,2025-09-09,401772723,2025-09-07T20:25Z,14,Los Angeles Rams,34,Houston Texans,14,Los Angeles Rams,4426515,Puka Nacua,WR,BYU,"{'city': 'Provo', 'state': 'UT', 'country': 'USA'}",Provo,UT,USA,"Provo, UT",3
2025-09-04,2025-09-09,401772723,2025-09-07T20:25Z,14,Los Angeles Rams,34,Houston Texans,14,Los Angeles Rams,4242557,Colby Parkinson,TE,Stanford,"{'city': 'Simi Valley', 'state': 'CA', 'country': 'USA'}",Simi Valley,CA,USA,"Simi Valley, CA",6
2025-09-04,2025-09-09,401772723,2025-09-07T20:25Z,14,Los Angeles Rams,34,Houston Texans,14,Los Angeles Rams,15946,David Quessenberry,OT,San José State,"{'city': 'Carlsbad', 'state': 'CA', 'country': 'USA'}",Carlsbad,CA,USA,"Carlsbad, CA",8
2025-09-04,2025-09-09,401772723,2025-09-07T20:25Z,14,Los Angeles Rams,34,Houston Texans,14,Los Angeles Rams,4391845,Cody Schrader,RB,Missouri,"{'city': 'St. Louis', 'state': 'MO', 'country': 'USA'}",St. Louis,MO,USA,"St. Louis, MO",2
2025-09-04,2025-09-09,401772723,2025-09-07T20:25Z,14,Los Angeles Rams,34,Houston Texans,14,Los Angeles Rams,3052180,Coleman Shelton,C,Washington,"{'city': 'Pasadena', 'state': 'CA', 'country': 'USA'}",Pasadena,CA,USA,"Pasadena, CA",7
2025-09-04,2025-09-09,401772723,2025-09-07T20:25Z,14,Los Angeles Rams,34,Houston Texans,14,Los Angeles Rams,4386544,Xavier Smith,WR,Florida A&M,"{'city': 'Haines City', 'state': 'FL', 'country': 'USA'}",Haines City,FL,USA,"Haines City, FL",2
2025-09-04,2025-09-09,401772723,2025-09-07T20:25Z,14,Los Angeles Rams,34,Houston Texans,14,Los Angeles Rams,12483,Matthew Stafford,QB,Georgia,"{'city': 'Dallas', 'state': 'TX', 'country': 'USA'}",Dallas,TX,USA,"Dallas, TX",17
2025-09-04,2025-09-09,401772723,2025-09-07T20:25Z,14,Los Angeles Rams,34,Houston Texans,14,Los Angeles Rams,4569382,Jordan Whittington,WR,Texas,"{'city': 'Cuero', 'state': 'TX', 'country': 'USA'}",Cuero,TX,USA,"Cuero, TX",2
2025-09-04,2025-09-09,401772723,2025-09-07T20:25Z,14,Los Angeles Rams,34,Houston Texans,14,Los Angeles Rams,4430737,Kyren Williams,RB,Notre Dame,"{'city': 'St. Louis', 'state': 'MO', 'country': 'USA'}",St. Louis,MO,USA,"St. Louis, MO",4
2025-09-04,2025-09-09,401772723,2025-09-07T20:25Z,14,Los Angeles Rams,34,Houston Texans,14,Los Angeles Rams,4242154,Kam Curl,S,Arkansas,"{'city': 'San Diego', 'state': 'CA', 'country': 'USA'}",San Diego,CA,USA,"San Diego, CA",6
2025-09-04,2025-09-09,401772723,2025-09-07T20:25Z,14,Los Angeles Rams,34,Houston Texans,14,Los Angeles Rams,4568217,Tyler Davis,DE,Clemson,"{'city': 'Apopka', 'state': 'FL', 'country': 'USA'}",Apopka,FL,USA,"Apopka, FL",2
2025-09-04,2025-09-09,401772723,2025-09-07T20:25Z,14,Los Angeles Rams,34,Houston Texans,14,Los Angeles Rams,4693848,Shaun Dolac,LB,Buffalo,"{'city': 'West Seneca', 'state': 'NY', 'country': 'USA'}",West Seneca,NY,USA,"West Seneca, NY",
2025-09-04,2025-09-09,401772723,2025-09-07T20:25Z,14,Los Angeles Rams,34,Houston Texans,14,Los Angeles Rams,4384549,Cobie Durant,CB,South Carolina State,"{'city': 'Lamar', 'state': 'SC', 'country': 'USA'}",Lamar,SC,USA,"Lamar, SC",4
2025-09-04,2025-09-09,401772723,2025-09-07T20:25Z,14,Los Angeles Rams,34,Houston Texans,14,Los Angeles Rams,4362245,Braden Fiske,DE,Florida State,"{'city': 'Michigan City', 'state': 'IN', 'country': 'USA'}",Michigan City,IN,USA,"Michigan City, IN",2
2025-09-04,2025-09-09,401772723,2025-09-07T20:25Z,14,Los Angeles Rams,34,Houston Texans,14,Los Angeles Rams,4429767,Emmanuel Forbes Jr.,CB,Mississippi State,"{'city': 'Grenada', 'state': 'MS', 'country': 'USA'}",Grenada,MS,USA,"Grenada, MS",3
2025-09-04,2025-09-09,401772723,2025-09-07T20:25Z,14,Los Angeles Rams,34,Houston Texans,14,Los Angeles Rams,3125114,Poona Ford,DT,Texas,"{'city': 'Hilton Head Island', 'state': 'SC', 'country': 'USA'}",Hilton Head Island,SC,USA,"Hilton Head Island, SC",8
2025-09-04,2025-09-09,401772723,2025-09-07T20:25Z,14,Los Angeles Rams,34,Houston Texans,14,Los Angeles Rams,4431118,Ty Hamilton,DT,Ohio State,"{'city': 'Pickerington', 'state': 'OH', 'country': 'USA'}",Pickerington,OH,USA,"Pickerington, OH",
2025-09-04,2025-09-09,401772723,2025-09-07T20:25Z,14,Los Angeles Rams,34,Houston Texans,14,Los Angeles Rams,4360773,Nick Hampton,LB,App State,"{'city': 'Anderson', 'state': 'SC', 'country': 'USA'}",Anderson,SC,USA,"Anderson, SC",3
2025-09-04,2025-09-09,401772723,2025-09-07T20:25Z,14,Los Angeles Rams,34,Houston Texans,14,Los Angeles Rams,4362294,Desjuan Johnson,DE,Toledo,"{'city': 'Detroit', 'state': 'MI', 'country': 'USA'}",Detroit,MI,USA,"Detroit, MI",3
2025-09-04,2025-09-09,401772723,2025-09-07T20:25Z,14,Los Angeles Rams,34,Houston Texans,14,Los Angeles Rams,4596363,Kamren Kinchens,S,Miami,"{'city': 'Miami', 'state': 'FL', 'country': 'USA'}",Miami,FL,USA,"Miami, FL",2
2025-09-04,2025-09-09,401772723,2025-09-07T20:25Z,14,Los Angeles Rams,34,Houston Texans,14,Los Angeles Rams,4249128,Quentin Lake,S,UCLA,"{'city': 'Irvine', 'state': 'CA', 'country': 'USA'}",Irvine,CA,USA,"Irvine, CA",4
2025-09-04,2025-09-09,401772723,2025-09-07T20:25Z,14,Los Angeles Rams,34,Houston Texans,14,Los Angeles Rams,4243181,Nate Landman,LB,Colorado,"{'city': 'Danville', 'state': 'CA', 'country': 'USA'}",Danville,CA,USA,"Danville, CA",4
2025-09-04,2025-09-09,401772723,2025-09-07T20:25Z,14,Los Angeles Rams,34,Houston Texans,14,Los Angeles Rams,4427120,Jaylen McCollough,S,Tennessee,"{'city': 'Austell', 'state': 'GA', 'country': 'USA'}",Austell,GA,USA,"Austell, GA",2
2025-09-04,2025-09-09,401772723,2025-09-07T20:25Z,14,Los Angeles Rams,34,Houston Texans,14,Los Angeles Rams,4240123,Larrell Murchison,DE,NC State,"{'city': 'Elizabethtown', 'state': 'NC', 'country': 'USA'}",Elizabethtown,NC,USA,"Elizabethtown, NC",6
2025-09-04,2025-09-09,401772723,2025-09-07T20:25Z,14,Los Angeles Rams,34,Houston Texans,14,Los Angeles Rams,3116177,Troy Reeder,LB,Delaware,"{'city': 'Hockessin', 'state': 'DE', 'country': 'USA'}",Hockessin,DE,USA,"Hockessin, DE",7
2025-09-04,2025-09-09,401772723,2025-09-07T20:25Z,14,Los Angeles Rams,34,Houston Texans,14,Los Angeles Rams,4428550,Omar Speights,LB,LSU,"{'city': 'Philadelphia', 'state': 'PA', 'country': 'USA'}",Philadelphia,PA,USA,"Philadelphia, PA",2
2025-09-04,2025-09-09,401772723,2025-09-07T20:25Z,14,Los Angeles Rams,34,Houston Texans,14,Los Angeles Rams,4682983,Josaiah Stewart,LB,Michigan,"{'city': 'Bronx', 'state': 'NY', 'country': 'USA'}",Bronx,NY,USA,"Bronx, NY",
2025-09-04,2025-09-09,401772723,2025-09-07T20:25Z,14,Los Angeles Rams,34,Houston Texans,14,Los Angeles Rams,4250621,Kobie Turner,DE,Wake Forest,"{'city': 'Clifton', 'state': 'VA', 'country': 'USA'}",Clifton,VA,USA,"Clifton, VA",3
2025-09-04,2025-09-09,401772723,2025-09-07T20:25Z,14,Los Angeles Rams,34,Houston Texans,14,Los Angeles Rams,4578085,Jared Verse,LB,Florida State,"{'city': 'Dayton', 'state': 'OH', 'country': 'USA'}",Dayton,OH,USA,"Dayton, OH",2
2025-09-04,2025-09-09,401772723,2025-09-07T20:25Z,14,Los Angeles Rams,34,Houston Texans,14,Los Angeles Rams,4572371,Josh Wallace,CB,Michigan,"{'city': 'Bowie', 'state': 'MD', 'country': 'USA'}",Bowie,MD,USA,"Bowie, MD",2
2025-09-04,2025-09-09,401772723,2025-09-07T20:25Z,14,Los Angeles Rams,34,Houston Texans,14,Los Angeles Rams,4239833,Darious Williams,CB,UAB,"{'city': 'Jacksonville', 'state': 'FL', 'country': 'USA'}",Jacksonville,FL,USA,"Jacksonville, FL",8
2025-09-04,2025-09-09,401772723,2025-09-07T20:25Z,14,Los Angeles Rams,34,Houston Texans,14,Los Angeles Rams,3122630,Ahkello Witherspoon,CB,Colorado,"{'city': 'Sacramento', 'state': 'CA', 'country': 'USA'}",Sacramento,CA,USA,"Sacramento, CA",9
2025-09-04,2025-09-09,401772723,2025-09-07T20:25Z,14,Los Angeles Rams,34,Houston Texans,14,Los Angeles Rams,4875196,Byron Young,LB,Tennessee,"{'city': 'Georgetown', 'state': 'SC', 'country': 'USA'}",Georgetown,SC,USA,"Georgetown, SC",3
2025-09-04,2025-09-09,401772723,2025-09-07T20:25Z,14,Los Angeles Rams,34,Houston Texans,14,Los Angeles Rams,5125875,Ethan Evans,P,Wingate,"{'city': 'Mount Airy', 'state': 'NC', 'country': 'USA'}",Mount Airy,NC,USA,"Mount Airy, NC",3
2025-09-04,2025-09-09,401772723,2025-09-07T20:25Z,14,Los Angeles Rams,34,Houston Texans,14,Los Angeles Rams,4566192,Joshua Karty,PK,Stanford,"{'city': 'Burlington', 'state': 'NC', 'country': 'USA'}",Burlington,NC,USA,"Burlington, NC",2
2025-09-04,2025-09-09,401772723,2025-09-07T20:25Z,14,Los Angeles Rams,34,Houston Texans,14,Los Angeles Rams,4243545,Alex Ward,LS,UCF,"{'city': 'Fort Walton Beach', 'state': 'FL', 'country': 'USA'}",Fort Walton Beach,FL,USA,"Fort Walton Beach, FL",3
2025-09-04,2025-09-09,401772723,2025-09-07T20:25Z,14,Los Angeles Rams,34,Houston Texans,14,Los Angeles Rams,4038843,Keir Thomas,LB,Florida State,"{'city': 'Miami', 'state': 'FL', 'country': 'USA'}",Miami,FL,USA,"Miami, FL",3
2025-09-04,2025-09-09,401772723,2025-09-07T20:25Z,14,Los Angeles Rams,34,Houston Texans,14,Los Angeles Rams,4046707,AJ Arcuri,OT,Michigan State,"{'city': 'Powell', 'state': 'OH', 'country': 'USA'}",Powell,OH,USA,"Powell, OH",2
2025-09-04,2025-09-09,401772723,2025-09-07T20:25Z,14,Los Angeles Rams,34,Houston Texans,14,Los Angeles Rams,4374196,Wyatt Bowles,G,Utah State,"{'city': 'West Point', 'state': 'UT', 'country': 'USA'}",West Point,UT,USA,"West Point, UT",
2025-09-04,2025-09-09,401772723,2025-09-07T20:25Z,14,Los Angeles Rams,34,Houston Texans,14,Los Angeles Rams,4875786,Tru Edwards,WR,Louisiana Tech,"{'city': 'Shreveport', 'state': 'LA', 'country': 'USA'}",Shreveport,LA,USA,"Shreveport, LA",
2025-09-04,2025-09-09,401772723,2025-09-07T20:25Z,14,Los Angeles Rams,34,Houston Texans,14,Los Angeles Rams,4038437,A.J. Green,CB,Oklahoma State,"{'city': 'Desoto', 'state': 'TX', 'country': 'USA'}",Desoto,TX,USA,"Desoto, TX",3
2025-09-04,2025-09-09,401772723,2025-09-07T20:25Z,14,Los Angeles Rams,34,Houston Texans,14,Los Angeles Rams,4039485,Jack Heflin,DT,Iowa,"{'city': 'Prophetstown', 'state': 'IL', 'country': 'USA'}",Prophetstown,IL,USA,"Prophetstown, IL",2
2025-09-04,2025-09-09,401772723,2025-09-07T20:25Z,14,Los Angeles Rams,34,Houston Texans,14,Los Angeles Rams,4361651,Tanner Ingle,S,NC State,"{'city': 'Orlando', 'state': 'FL', 'country': 'USA'}",Orlando,FL,USA,"Orlando, FL",1
2025-09-04,2025-09-09,401772723,2025-09-07T20:25Z,14,Los Angeles Rams,34,Houston Texans,14,Los Angeles Rams,4427752,Cam Lampkin,CB,Washington State,"{'city': 'Mesquite', 'state': 'TX', 'country': 'USA'}",Mesquite,TX,USA,"Mesquite, TX",1
2025-09-04,2025-09-09,401772723,2025-09-07T20:25Z,14,Los Angeles Rams,34,Houston Texans,14,Los Angeles Rams,4430155,Dylan McMahon,C,NC State,"{'city': 'Savannah', 'state': 'GA', 'country': 'USA'}",Savannah,GA,USA,"Savannah, GA",2
2025-09-04,2025-09-09,401772723,2025-09-07T20:25Z,14,Los Angeles Rams,34,Houston Texans,14,Los Angeles Rams,4430211,Jamil Muhammad,LB,USC,"{'city': 'Madison', 'state': 'AL', 'country': 'USA'}",Madison,AL,USA,"Madison, AL",
2025-09-04,2025-09-09,401772723,2025-09-07T20:25Z,14,Los Angeles Rams,34,Houston Texans,14,Los Angeles Rams,4428098,Elias Neal,LB,Marshall,"{'city': 'Memphis', 'state': 'TN', 'country': 'USA'}",Memphis,TN,USA,"Memphis, TN",2
2025-09-04,2025-09-09,401772723,2025-09-07T20:25Z,14,Los Angeles Rams,34,Houston Texans,14,Los Angeles Rams,4426401,Bill Norton,DT,Texas,"{'city': 'Memphis', 'state': 'TN', 'country': 'USA'}",Memphis,TN,USA,"Memphis, TN",
2025-09-04,2025-09-09,401772723,2025-09-07T20:25Z,14,Los Angeles Rams,34,Houston Texans,14,Los Angeles Rams,4431342,Brennan Presley,WR,Oklahoma State,"{'city': 'Tulsa', 'state': 'OK', 'country': 'USA'}",Tulsa,OK,USA,"Tulsa, OK",
2025-09-04,2025-09-09,401772723,2025-09-07T20:25Z,14,Los Angeles Rams,34,Houston Texans,14,Los Angeles Rams,4243003,Ronnie Rivers,RB,Fresno State,"{'city': 'Brentwood', 'state': 'CA', 'country': 'USA'}",Brentwood,CA,USA,"Brentwood, CA",4
2025-09-04,2025-09-09,401772723,2025-09-07T20:25Z,14,Los Angeles Rams,34,Houston Texans,14,Los Angeles Rams,4695781,Nate Valcarcel,S,Northern Illinois,"{'city': 'Greenfield', 'state': 'WI', 'country': 'USA'}",Greenfield,WI,USA,"Greenfield, WI",
2025-09-04,2025-09-09,401772723,2025-09-07T20:25Z,14,Los Angeles Rams,34,Houston Texans,34,Houston Texans,4362732,Jake Andrews,C,Troy,"{'city': 'Millbrook', 'state': 'AL', 'country': 'USA'}",Millbrook,AL,USA,"Millbrook, AL",3
2025-09-04,2025-09-09,401772723,2025-09-07T20:25Z,14,Los Angeles Rams,34,Houston Texans,34,Houston Texans,3123075,Braxton Berrios,WR,Miami,"{'city': 'Raleigh', 'state': 'NC', 'country': 'USA'}",Raleigh,NC,USA,"Raleigh, NC",8
2025-09-04,2025-09-09,401772723,2025-09-07T20:25Z,14,Los Angeles Rams,34,Houston Texans,34,Houston Texans,4373273,British Brooks,RB,North Carolina,"{'city': 'Gastonia', 'state': 'NC', 'country': 'USA'}",Gastonia,NC,USA,"Gastonia, NC",2
2025-09-04,2025-09-09,401772723,2025-09-07T20:25Z,14,Los Angeles Rams,34,Houston Texans,34,Houston Texans,3128720,Nick Chubb,RB,Georgia,"{'city': 'Cedartown', 'state': 'GA', 'country': 'USA'}",Cedartown,GA,USA,"Cedartown, GA",8
2025-09-04,2025-09-09,401772723,2025-09-07T20:25Z,14,Los Angeles Rams,34,Houston Texans,34,Houston Texans,4258173,Nico Collins,WR,Michigan,"{'city': 'Birmingham', 'state': 'AL', 'country': 'USA'}",Birmingham,AL,USA,"Birmingham, AL",5
2025-09-04,2025-09-09,401772723,2025-09-07T20:25Z,14,Los Angeles Rams,34,Houston Texans,34,Houston Texans,4429693,Aireontae Ersery,OT,Minnesota,"{'city': 'Kansas City', 'state': 'MO', 'country': 'USA'}",Kansas City,MO,USA,"Kansas City, MO",
2025-09-04,2025-09-09,401772723,2025-09-07T20:25Z,14,Los Angeles Rams,34,Houston Texans,34,Houston Texans,4432699,Blake Fisher,OT,Notre Dame,"{'city': 'Avon', 'state': 'IN', 'country': 'USA'}",Avon,IN,USA,"Avon, IN",2
2025-09-04,2025-09-09,401772723,2025-09-07T20:25Z,14,Los Angeles Rams,34,Houston Texans,34,Houston Texans,4877706,Jayden Higgins,WR,Iowa State,"{'city': 'South Miami', 'state': 'FL', 'country': 'USA'}",South Miami,FL,USA,"South Miami, FL",
2025-09-04,2025-09-09,401772723,2025-09-07T20:25Z,14,Los Angeles Rams,34,Houston Texans,34,Houston Texans,3131498,Tytus Howard,OT,Alabama State,"{'city': 'Monroeville', 'state': 'AL', 'country': 'USA'}",Monroeville,AL,USA,"Monroeville, AL",7
2025-09-04,2025-09-09,401772723,2025-09-07T20:25Z,14,Los Angeles Rams,34,Houston Texans,34,Houston Texans,4686422,Xavier Hutchinson,WR,Iowa State,"{'city': 'Jacksonville', 'state': 'FL', 'country': 'USA'}",Jacksonville,FL,USA,"Jacksonville, FL",3
2025-09-04,2025-09-09,401772723,2025-09-07T20:25Z,14,Los Angeles Rams,34,Houston Texans,34,Houston Texans,4242227,Ed Ingram,G,LSU,"{'city': 'Desoto', 'state': 'TX', 'country': 'USA'}",Desoto,TX,USA,"Desoto, TX",4
2025-09-04,2025-09-09,401772723,2025-09-07T20:25Z,14,Los Angeles Rams,34,Houston Texans,34,Houston Texans,3115349,Jakob Johnson,FB,Tennessee,"{'city': 'Stuttgart', 'country': 'Germany'}",Stuttgart,,Germany,Stuttgart,6
2025-09-04,2025-09-09,401772723,2025-09-07T20:25Z,14,Los Angeles Rams,34,Houston Texans,34,Houston Texans,3895856,Christian Kirk,WR,Texas A&M,"{'city': 'Scottsdale', 'state': 'AZ', 'country': 'USA'}",Scottsdale,AZ,USA,"Scottsdale, AZ",8
2025-09-04,2025-09-09,401772723,2025-09-07T20:25Z,14,Los Angeles Rams,34,Houston Texans,34,Houston Texans,4429059,Woody Marks,RB,USC,"{'city': 'Atlanta', 'state': 'GA', 'country': 'USA'}",Atlanta,GA,USA,"Atlanta, GA",
2025-09-04,2025-09-09,401772723,2025-09-07T20:25Z,14,Los Angeles Rams,34,Houston Texans,34,Houston Texans,4426335,Graham Mertz,QB,Florida,"{'city': 'Overland Park', 'state': 'KS', 'country': 'USA'}",Overland Park,KS,USA,"Overland Park, KS",
2025-09-04,2025-09-09,401772723,2025-09-07T20:25Z,14,Los Angeles Rams,34,Houston Texans,34,Houston Texans,4242546,Davis Mills,QB,Stanford,"{'city': 'Duluth', 'state': 'GA', 'country': 'USA'}",Duluth,GA,USA,"Duluth, GA",5
2025-09-04,2025-09-09,401772723,2025-09-07T20:25Z,14,Los Angeles Rams,34,Houston Texans,34,Houston Texans,4586312,Jaylin Noel,WR,Iowa State,"{'city': 'Kansas City', 'state': 'MO', 'country': 'USA'}",Kansas City,MO,USA,"Kansas City, MO",
2025-09-04,2025-09-09,401772723,2025-09-07T20:25Z,14,Los Angeles Rams,34,Houston Texans,34,Houston Texans,2983509,Dare Ogunbowale,RB,Wisconsin,"{'city': 'Milwaukee', 'state': 'WI', 'country': 'USA'}",Milwaukee,WI,USA,"Milwaukee, WI",7
2025-09-04,2025-09-09,401772723,2025-09-07T20:25Z,14,Los Angeles Rams,34,Houston Texans,34,Houston Texans,4372774,Jarrett Patterson,C,Notre Dame,"{'city': 'Laguna Hills', 'state': 'CA', 'country': 'USA'}",Laguna Hills,CA,USA,"Laguna Hills, CA",3
2025-09-04,2025-09-09,401772723,2025-09-07T20:25Z,14,Los Angeles Rams,34,Houston Texans,34,Houston Texans,4360238,Dameon Pierce,RB,Florida,"{'city': 'Bainbridge', 'state': 'GA', 'country': 'USA'}",Bainbridge,GA,USA,"Bainbridge, GA",4
2025-09-04,2025-09-09,401772723,2025-09-07T20:25Z,14,Los Angeles Rams,34,Houston Texans,34,Houston Texans,3115313,Cam Robinson,OT,Alabama,"{'city': 'Monroe', 'state': 'LA', 'country': 'USA'}",Monroe,LA,USA,"Monroe, LA",9
2025-09-04,2025-09-09,401772723,2025-09-07T20:25Z,14,Los Angeles Rams,34,Houston Texans,34,Houston Texans,3117256,Dalton Schultz,TE,Stanford,"{'city': 'South Jordan', 'state': 'UT', 'country': 'USA'}",South Jordan,UT,USA,"South Jordan, UT",8
2025-09-04,2025-09-09,401772723,2025-09-07T20:25Z,14,Los Angeles Rams,34,Houston Texans,34,Houston Texans,4361425,Juice Scruggs,C,Penn State,"{'city': 'Ashtabula', 'state': 'OH', 'country': 'USA'}",Ashtabula,OH,USA,"Ashtabula, OH",3
2025-09-04,2025-09-09,401772723,2025-09-07T20:25Z,14,Los Angeles Rams,34,Houston Texans,34,Houston Texans,4426496,Cade Stover,TE,Ohio State,"{'city': 'Mansfield', 'state': 'OH', 'country': 'USA'}",Mansfield,OH,USA,"Mansfield, OH",2
2025-09-04,2025-09-09,401772723,2025-09-07T20:25Z,14,Los Angeles Rams,34,Houston Texans,34,Houston Texans,4432577,C.J. Stroud,QB,Ohio State,"{'city': 'Inland Empire', 'state': 'CA', 'country': 'USA'}",Inland Empire,CA,USA,"Inland Empire, CA",3
2025-09-04,2025-09-09,401772723,2025-09-07T20:25Z,14,Los Angeles Rams,34,Houston Texans,34,Houston Texans,2512477,Laken Tomlinson,G,Duke,"{'city': 'Chicago', 'state': 'IL', 'country': 'USA'}",Chicago,IL,USA,"Chicago, IL",11
2025-09-04,2025-09-09,401772723,2025-09-07T20:25Z,14,Los Angeles Rams,34,Houston Texans,34,Houston Texans,3118892,Justin Watson,WR,Pennsylvania,"{'city': 'Bridgeville', 'state': 'PA', 'country': 'USA'}",Bridgeville,PA,USA,"Bridgeville, PA",8
2025-09-04,2025-09-09,401772723,2025-09-07T20:25Z,14,Los Angeles Rams,34,Houston Texans,34,Houston Texans,3919117,Azeez Al-Shaair,LB,Florida Atlantic,"{'city': 'Tampa', 'state': 'FL', 'country': 'USA'}",Tampa,FL,USA,"Tampa, FL",7
2025-09-04,2025-09-09,401772723,2025-09-07T20:25Z,14,Los Angeles Rams,34,Houston Texans,34,Houston Texans,4685724,Will Anderson Jr.,DE,Alabama,"{'city': 'Hampton', 'state': 'GA', 'country': 'USA'}",Hampton,GA,USA,"Hampton, GA",3
2025-09-04,2025-09-09,401772723,2025-09-07T20:25Z,14,Los Angeles Rams,34,Houston Texans,34,Houston Texans,3115336,Derek Barnett,DE,Tennessee,"{'city': 'Nashville', 'state': 'TN', 'country': 'USA'}",Nashville,TN,USA,"Nashville, TN",9
2025-09-04,2025-09-09,401772723,2025-09-07T20:25Z,14,Los Angeles Rams,34,Houston Texans,34,Houston Texans,4431517,Calen Bullock,S,USC,"{'city': 'Pasadena', 'state': 'CA', 'country': 'USA'}",Pasadena,CA,USA,"Pasadena, CA",2
2025-09-04,2025-09-09,401772723,2025-09-07T20:25Z,14,Los Angeles Rams,34,Houston Texans,34,Houston Texans,2969921,Mario Edwards Jr.,DT,Florida State,"{'city': 'Gautier', 'state': 'MS', 'country': 'USA'}",Gautier,MS,USA,"Gautier, MS",10
2025-09-04,2025-09-09,401772723,2025-09-07T20:25Z,14,Los Angeles Rams,34,Houston Texans,34,Houston Texans,3045172,Folorunso Fatukasi,DT,UConn,"{'city': 'Far Rockaway', 'state': 'NY', 'country': 'USA'}",Far Rockaway,NY,USA,"Far Rockaway, NY",7
2025-09-04,2025-09-09,401772723,2025-09-07T20:25Z,14,Los Angeles Rams,34,Houston Texans,34,Houston Texans,4034953,C.J. Gardner-Johnson,S,Florida,"{'city': 'Cocoa', 'state': 'FL', 'country': 'USA'}",Cocoa,FL,USA,"Cocoa, FL",7
2025-09-04,2025-09-09,401772723,2025-09-07T20:25Z,14,Los Angeles Rams,34,Houston Texans,34,Houston Texans,4033812,Jake Hansen,LB,Illinois,"{'city': 'Tarpon Springs', 'state': 'FL', 'country': 'USA'}",Tarpon Springs,FL,USA,"Tarpon Springs, FL",4
2025-09-04,2025-09-09,401772723,2025-09-07T20:25Z,14,Los Angeles Rams,34,Houston Texans,34,Houston Texans,4567099,Christian Harris,LB,Alabama,"{'city': 'Baton Rouge', 'state': 'LA', 'country': 'USA'}",Baton Rouge,LA,USA,"Baton Rouge, LA",4
2025-09-04,2025-09-09,401772723,2025-09-07T20:25Z,14,Los Angeles Rams,34,Houston Texans,34,Houston Texans,4427479,Jamal Hill,LB,Oregon,"{'city': 'Rex', 'state': 'GA', 'country': 'USA'}",Rex,GA,USA,"Rex, GA",2
2025-09-04,2025-09-09,401772723,2025-09-07T20:25Z,14,Los Angeles Rams,34,Houston Texans,34,Houston Texans,4374066,Dylan Horton,DE,TCU,"{'city': 'Frisco', 'state': 'TX', 'country': 'USA'}",Frisco,TX,USA,"Frisco, TX",3
2025-09-04,2025-09-09,401772723,2025-09-07T20:25Z,14,Los Angeles Rams,34,Houston Texans,34,Houston Texans,2976560,Danielle Hunter,DE,LSU,"{'city': 'Katy', 'state': 'TX', 'country': 'USA'}",Katy,TX,USA,"Katy, TX",11
2025-09-04,2025-09-09,401772723,2025-09-07T20:25Z,14,Los Angeles Rams,34,Houston Texans,34,Houston Texans,4602699,Kamari Lassiter,CB,Georgia,"{'city': 'Savannah', 'state': 'GA', 'country': 'USA'}",Savannah,GA,USA,"Savannah, GA",2
2025-09-04,2025-09-09,401772723,2025-09-07T20:25Z,14,Los Angeles Rams,34,Houston Texans,34,Houston Texans,4241223,Jalen Pitre,S,Baylor,"{'city': 'Stafford', 'state': 'TX', 'country': 'USA'}",Stafford,TX,USA,"Stafford, TX",4
2025-09-04,2025-09-09,401772723,2025-09-07T20:25Z,14,Los Angeles Rams,34,Houston Texans,34,Houston Texans,2970204,Sheldon Rankins,DT,Louisville,"{'city': 'Covington', 'state': 'GA', 'country': 'USA'}",Covington,GA,USA,"Covington, GA",10
2025-09-04,2025-09-09,401772723,2025-09-07T20:25Z,14,Los Angeles Rams,34,Houston Texans,34,Houston Texans,3929956,Tim Settle Jr.,DT,Virginia Tech,"{'city': 'Manassas', 'state': 'VA', 'country': 'USA'}",Manassas,VA,USA,"Manassas, VA",8
2025-09-04,2025-09-09,401772723,2025-09-07T20:25Z,14,Los Angeles Rams,34,Houston Texans,34,Houston Texans,4594277,Jaylin Smith,CB,USC,"{'city': 'Palmdale', 'state': 'CA', 'country': 'USA'}",Palmdale,CA,USA,"Palmdale, CA",
2025-09-04,2025-09-09,401772723,2025-09-07T20:25Z,14,Los Angeles Rams,34,Houston Texans,34,Houston Texans,3134448,Tremon Smith,CB,Central Arkansas,"{'city': 'Anniston', 'state': 'AL', 'country': 'USA'}",Anniston,AL,USA,"Anniston, AL",8
2025-09-04,2025-09-09,401772723,2025-09-07T20:25Z,14,Los Angeles Rams,34,Houston Texans,34,Houston Texans,3071353,E.J. Speed,LB,Tarleton State,"{'city': 'Fort Worth', 'state': 'TX', 'country': 'USA'}",Fort Worth,TX,USA,"Fort Worth, TX",7
2025-09-04,2025-09-09,401772723,2025-09-07T20:25Z,14,Los Angeles Rams,34,Houston Texans,34,Houston Texans,3116679,M.J. Stewart,S,North Carolina,"{'city': 'Arlington', 'state': 'VA', 'country': 'USA'}",Arlington,VA,USA,"Arlington, VA",8
2025-09-04,2025-09-09,401772723,2025-09-07T20:25Z,14,Los Angeles Rams,34,Houston Texans,34,Houston Texans,4426434,Derek Stingley Jr.,CB,LSU,"{'city': 'Baton Rouge', 'state': 'LA', 'country': 'USA'}",Baton Rouge,LA,USA,"Baton Rouge, LA",4
2025-09-04,2025-09-09,401772723,2025-09-07T20:25Z,14,Los Angeles Rams,34,Houston Texans,34,Houston Texans,3915396,Darrell Taylor,DE,Tennessee,"{'city': 'Hopewell', 'state': 'VA', 'country': 'USA'}",Hopewell,VA,USA,"Hopewell, VA",5
2025-09-04,2025-09-09,401772723,2025-09-07T20:25Z,14,Los Angeles Rams,34,Houston Texans,34,Houston Texans,4426350,Henry To'oTo'o,LB,Alabama,"{'city': 'Sacramento', 'state': 'CA', 'country': 'USA'}",Sacramento,CA,USA,"Sacramento, CA",3
2025-09-04,2025-09-09,401772723,2025-09-07T20:25Z,14,Los Angeles Rams,34,Houston Texans,34,Houston Texans,4361366,Tommy Togiai,DT,Ohio State,"{'city': 'Pocatello', 'state': 'ID', 'country': 'USA'}",Pocatello,ID,USA,"Pocatello, ID",4
2025-09-04,2025-09-09,401772723,2025-09-07T20:25Z,14,Los Angeles Rams,34,Houston Texans,34,Houston Texans,4690999,Austin Brinkman,LS,West Virginia,"{'city': 'Bel Air', 'state': 'MD', 'country': 'USA'}",Bel Air,MD,USA,"Bel Air, MD",
2025-09-04,2025-09-09,401772723,2025-09-07T20:25Z,14,Los Angeles Rams,34,Houston Texans,34,Houston Texans,2971573,Ka'imi Fairbairn,PK,UCLA,"{'city': 'Kailua', 'state': 'HI', 'country': 'USA'}",Kailua,HI,USA,"Kailua, HI",10
2025-09-04,2025-09-09,401772723,2025-09-07T20:25Z,14,Los Angeles Rams,34,Houston Texans,34,Houston Texans,3915398,Tommy Townsend,P,Florida,"{'city': 'Orlando', 'state': 'FL', 'country': 'USA'}",Orlando,FL,USA,"Orlando, FL",6
2025-09-04,2025-09-09,401772723,2025-09-07T20:25Z,14,Los Angeles Rams,34,Houston Texans,34,Houston Texans,17447,Denico Autry,DE,Mississippi State,"{'city': 'Albemarle', 'state': 'NC', 'country': 'USA'}",Albemarle,NC,USA,"Albemarle, NC",12
2025-09-04,2025-09-09,401772723,2025-09-07T20:25Z,14,Los Angeles Rams,34,Houston Texans,34,Houston Texans,4366031,Tank Dell,WR,Houston,"{'city': 'Daytona Beach', 'state': 'FL', 'country': 'USA'}",Daytona Beach,FL,USA,"Daytona Beach, FL",3
2025-09-04,2025-09-09,401772723,2025-09-07T20:25Z,14,Los Angeles Rams,34,Houston Texans,34,Houston Texans,4677281,Kyonte Hamilton,DT,Rutgers,"{'city': 'District Heights', 'state': 'MD', 'country': 'USA'}",District Heights,MD,USA,"District Heights, MD",
2025-09-04,2025-09-09,401772723,2025-09-07T20:25Z,14,Los Angeles Rams,34,Houston Texans,34,Houston Texans,4258594,Kurt Hinish,DT,Notre Dame,"{'city': 'Pittsburgh', 'state': 'PA', 'country': 'USA'}",Pittsburgh,PA,USA,"Pittsburgh, PA",4
2025-09-04,2025-09-09,401772723,2025-09-07T20:25Z,14,Los Angeles Rams,34,Houston Texans,34,Houston Texans,4577494,Alijah Huzzie,CB,North Carolina,"{'city': 'LaGrange', 'state': 'GA', 'country': 'USA'}",LaGrange,GA,USA,"LaGrange, GA",
2025-09-04,2025-09-09,401772723,2025-09-07T20:25Z,14,Los Angeles Rams,34,Houston Texans,34,Houston Texans,4362504,Brevin Jordan,TE,Miami,"{'city': 'Las Vegas', 'state': 'NV', 'country': 'USA'}",Las Vegas,NV,USA,"Las Vegas, NV",5
2025-09-04,2025-09-09,401772723,2025-09-07T20:25Z,14,Los Angeles Rams,34,Houston Texans,34,Houston Texans,3116385,Joe Mixon,RB,Oklahoma,"{'city': 'Oakley', 'state': 'CA', 'country': 'USA'}",Oakley,CA,USA,"Oakley, CA",9
2025-09-04,2025-09-09,401772723,2025-09-07T20:25Z,14,Los Angeles Rams,34,Houston Texans,34,Houston Texans,4432758,Jaylen Reed,S,Penn State,"{'city': 'Detroit', 'state': 'MI', 'country': 'USA'}",Detroit,MI,USA,"Detroit, MI",
2025-09-04,2025-09-09,401772723,2025-09-07T20:25Z,14,Los Angeles Rams,34,Houston Texans,34,Houston Texans,4040980,Irv Smith Jr.,TE,Alabama,"{'city': 'New Orleans', 'state': 'LA', 'country': 'USA'}",New Orleans,LA,USA,"New Orleans, LA",6
2025-09-04,2025-09-09,401772723,2025-09-07T20:25Z,14,Los Angeles Rams,34,Houston Texans,34,Houston Texans,16717,Jimmie Ward,S,Northern Illinois,"{'city': 'Mobile', 'state': 'AL', 'country': 'USA'}",Mobile,AL,USA,"Mobile, AL",12
2025-09-04,2025-09-09,401772723,2025-09-07T20:25Z,14,Los Angeles Rams,34,Houston Texans,34,Houston Texans,3915506,Damon Arnette,CB,Ohio State,"{'city': 'Fort Lauderdale', 'state': 'FL', 'country': 'USA'}",Fort Lauderdale,FL,USA,"Fort Lauderdale, FL",3
2025-09-04,2025-09-09,401772723,2025-09-07T20:25Z,14,Los Angeles Rams,34,Houston Texans,34,Houston Texans,4590532,Silas Bolden,WR,Texas,"{'city': 'Rancho Cucamonga', 'state': 'CA', 'country': 'USA'}",Rancho Cucamonga,CA,USA,"Rancho Cucamonga, CA",
2025-09-04,2025-09-09,401772723,2025-09-07T20:25Z,14,Los Angeles Rams,34,Houston Texans,34,Houston Texans,3043109,Trent Brown,OT,Florida,"{'city': 'Albany', 'state': 'GA', 'country': 'USA'}",Albany,GA,USA,"Albany, GA",11
2025-09-04,2025-09-09,401772723,2025-09-07T20:25Z,14,Los Angeles Rams,34,Houston Texans,34,Houston Texans,4040774,Harrison Bryant,TE,Florida Atlantic,"{'city': 'Gray', 'state': 'GA', 'country': 'USA'}",Gray,GA,USA,"Gray, GA",6
2025-09-04,2025-09-09,401772723,2025-09-07T20:25Z,14,Los Angeles Rams,34,Houston Texans,34,Houston Texans,4039010,Myles Bryant,CB,Washington,"{'city': 'Pasadena', 'state': 'CA', 'country': 'USA'}",Pasadena,CA,USA,"Pasadena, CA",6
2025-09-04,2025-09-09,401772723,2025-09-07T20:25Z,14,Los Angeles Rams,34,Houston Texans,34,Houston Texans,4361689,Solomon Byrd,DE,USC,"{'city': 'Palmdale', 'state': 'CA', 'country': 'USA'}",Palmdale,CA,USA,"Palmdale, CA",1
2025-09-04,2025-09-09,401772723,2025-09-07T20:25Z,14,Los Angeles Rams,34,Houston Texans,34,Houston Texans,4426981,Eli Cox,C,Kentucky,"{'city': 'Nicholasville', 'state': 'KY', 'country': 'USA'}",Nicholasville,KY,USA,"Nicholasville, KY",
2025-09-04,2025-09-09,401772723,2025-09-07T20:25Z,14,Los Angeles Rams,34,Houston Texans,34,Houston Texans,4429939,Jawhar Jordan,RB,Louisville,"{'city': 'Long Island', 'state': 'NY', 'country': 'USA'}",Long Island,NY,USA,"Long Island, NY",1
2025-09-04,2025-09-09,401772723,2025-09-07T20:25Z,14,Los Angeles Rams,34,Houston Texans,34,Houston Texans,4575558,Josh Kelly,WR,Texas Tech,"{'city': 'Fresno', 'state': 'CA', 'country': 'USA'}",Fresno,CA,USA,"Fresno, CA",
2025-09-04,2025-09-09,401772723,2025-09-07T20:25Z,14,Los Angeles Rams,34,Houston Texans,34,Houston Texans,4432338,Luke Lachey,TE,Iowa,"{'city': 'Columbus', 'state': 'OH', 'country': 'USA'}",Columbus,OH,USA,"Columbus, OH",
2025-09-04,2025-09-09,401772723,2025-09-07T20:25Z,14,Los Angeles Rams,34,Houston Texans,34,Houston Texans,5033343,Haggai Ndubuisi,DT,,"{'city': 'Lagos', 'country': 'Nigeria'}",Lagos,,Nigeria,Lagos,1
2025-09-04,2025-09-09,401772723,2025-09-07T20:25Z,14,Los Angeles Rams,34,Houston Texans,34,Houston Texans,3139389,D'Angelo Ross,CB,New Mexico,"{'city': 'La Puente', 'state': 'CA', 'country': 'USA'}",La Puente,CA,USA,"La Puente, CA",4
2025-09-04,2025-09-09,401772723,2025-09-07T20:25Z,14,Los Angeles Rams,34,Houston Texans,34,Houston Texans,4244826,Sidy Sow,G,Eastern Michigan,"{'city': 'Bromont', 'state': 'PQ', 'country': 'Canada'}",Bromont,PQ,Canada,"Bromont, PQ",3
2025-09-04,2025-09-09,401772723,2025-09-07T20:25Z,14,Los Angeles Rams,34,Houston Texans,34,Houston Texans,4695607,Junior Tafuna,DT,Utah,"{'city': 'Taylorsville', 'state': 'UT', 'country': 'USA'}",Taylorsville,UT,USA,"Taylorsville, UT",
2025-09-04,2025-09-09,401772723,2025-09-07T20:25Z,14,Los Angeles Rams,34,Houston Texans,34,Houston Texans,4430681,Jared Wayne,WR,Pittsburgh,"{'city': 'Peterborough', 'state': 'ON', 'country': 'Canada'}",Peterborough,ON,Canada,"Peterborough, ON",1
2025-09-04,2025-09-09,401772723,2025-09-07T20:25Z,14,Los Angeles Rams,34,Houston Texans,34,Houston Texans,4685637,Jackson Woodard,LB,UNLV,"{'city': 'Little Rock', 'state': 'AR', 'country': 'USA'}",Little Rock,AR,USA,"Little Rock, AR",
2025-09-04,2025-09-09,401772918,2025-09-08T00:20Z,2,Buffalo Bills,33,Baltimore Ravens,2,Buffalo Bills,3918298,Josh Allen,QB,Wyoming,"{'city': 'Firebaugh', 'state': 'CA', 'country': 'USA'}",Firebaugh,CA,USA,"Firebaugh, CA",8
2025-09-04,2025-09-09,401772918,2025-09-08T00:20Z,2,Buffalo Bills,33,Baltimore Ravens,2,Buffalo Bills,4367203,Alec Anderson,OT,UCLA,"{'city': 'Fontana', 'state': 'CA', 'country': 'USA'}",Fontana,CA,USA,"Fontana, CA",3
2025-09-04,2025-09-09,401772918,2025-09-08T00:20Z,2,Buffalo Bills,33,Baltimore Ravens,2,Buffalo Bills,4030899,Spencer Brown,OT,Northern Iowa,"{'city': 'Lenox', 'state': 'IA', 'country': 'USA'}",Lenox,IA,USA,"Lenox, IA",5
2025-09-04,2025-09-09,401772918,2025-09-08T00:20Z,2,Buffalo Bills,33,Baltimore Ravens,2,Buffalo Bills,4635008,Keon Coleman,WR,Florida State,"{'city': 'Opelousas', 'state': 'LA', 'country': 'USA'}",Opelousas,LA,USA,"Opelousas, LA",2
2025-09-04,2025-09-09,401772918,2025-09-08T00:20Z,2,Buffalo Bills,33,Baltimore Ravens,2,Buffalo Bills,4379399,James Cook,RB,Georgia,"{'city': 'Miami', 'state': 'FL', 'country': 'USA'}",Miami,FL,USA,"Miami, FL",4
2025-09-04,2025-09-09,401772918,2025-09-08T00:20Z,2,Buffalo Bills,33,Baltimore Ravens,2,Buffalo Bills,4429501,Ray Davis,RB,Kentucky,"{'city': 'San Francisco', 'state': 'CA', 'country': 'USA'}",San Francisco,CA,USA,"San Francisco, CA",2
2025-09-04,2025-09-09,401772918,2025-09-08T00:20Z,2,Buffalo Bills,33,Baltimore Ravens,2,Buffalo Bills,3051324,Dion Dawkins,OT,Temple,"{'city': 'Rahway', 'state': 'NJ', 'country': 'USA'}",Rahway,NJ,USA,"Rahway, NJ",9
2025-09-04,2025-09-09,401772918,2025-09-08T00:20Z,2,Buffalo Bills,33,Baltimore Ravens,2,Buffalo Bills,3917660,David Edwards,G,Wisconsin,"{'city': 'Downers Grove', 'state': 'IL', 'country': 'USA'}",Downers Grove,IL,USA,"Downers Grove, IL",7
2025-09-04,2025-09-09,401772918,2025-09-08T00:20Z,2,Buffalo Bills,33,Baltimore Ravens,2,Buffalo Bills,4039505,Reggie Gilliam,FB,Toledo,"{'city': 'Columbus', 'state': 'OH', 'country': 'USA'}",Columbus,OH,USA,"Columbus, OH",6
2025-09-04,2025-09-09,401772918,2025-09-08T00:20Z,2,Buffalo Bills,33,Baltimore Ravens,2,Buffalo Bills,4240548,Kendrick Green,C,Illinois,"{'city': 'Peoria', 'state': 'IL', 'country': 'USA'}",Peoria,IL,USA,"Peoria, IL",5
2025-09-04,2025-09-09,401772918,2025-09-08T00:20Z,2,Buffalo Bills,33,Baltimore Ravens,2,Buffalo Bills,4573699,Jackson Hawes,TE,Georgia Tech,"{'city': 'Salt Lake City', 'state': 'UT', 'country': 'USA'}",Salt Lake City,UT,USA,"Salt Lake City, UT",
2025-09-04,2025-09-09,401772918,2025-09-08T00:20Z,2,Buffalo Bills,33,Baltimore Ravens,2,Buffalo Bills,3915411,Ty Johnson,RB,Maryland,"{'city': 'Cumberland', 'state': 'MD', 'country': 'USA'}",Cumberland,MD,USA,"Cumberland, MD",7
2025-09-04,2025-09-09,401772918,2025-09-08T00:20Z,2,Buffalo Bills,33,Baltimore Ravens,2,Buffalo Bills,4385690,Dalton Kincaid,TE,Utah,"{'city': 'Las Vegas', 'state': 'NV', 'country': 'USA'}",Las Vegas,NV,USA,"Las Vegas, NV",3
2025-09-04,2025-09-09,401772918,2025-09-08T00:20Z,2,Buffalo Bills,33,Baltimore Ravens,2,Buffalo Bills,3930086,Dawson Knox,TE,Ole Miss,"{'city': 'Brentwood', 'state': 'TN', 'country': 'USA'}",Brentwood,TN,USA,"Brentwood, TN",7
2025-09-04,2025-09-09,401772918,2025-09-08T00:20Z,2,Buffalo Bills,33,Baltimore Ravens,2,Buffalo Bills,4427843,Chase Lundt,OT,UConn,"{'city': 'Arlington', 'state': 'TX', 'country': 'USA'}",Arlington,TX,USA,"Arlington, TX",
2025-09-04,2025-09-09,401772918,2025-09-08T00:20Z,2,Buffalo Bills,33,Baltimore Ravens,2,Buffalo Bills,4033748,Connor McGovern,G,Penn State,"{'city': 'Larksville', 'state': 'PA', 'country': 'USA'}",Larksville,PA,USA,"Larksville, PA",7
2025-09-04,2025-09-09,401772918,2025-09-08T00:20Z,2,Buffalo Bills,33,Baltimore Ravens,2,Buffalo Bills,4372414,Elijah Moore,WR,Ole Miss,"{'city': 'Fort Lauderdale', 'state': 'FL', 'country': 'USA'}",Fort Lauderdale,FL,USA,"Fort Lauderdale, FL",5
2025-09-04,2025-09-09,401772918,2025-09-08T00:20Z,2,Buffalo Bills,33,Baltimore Ravens,2,Buffalo Bills,4242433,Joshua Palmer,WR,Tennessee,"{'city': 'Brampton', 'state': 'ON', 'country': 'Canada'}",Brampton,ON,Canada,"Brampton, ON",5
2025-09-04,2025-09-09,401772918,2025-09-08T00:20Z,2,Buffalo Bills,33,Baltimore Ravens,2,Buffalo Bills,3121427,Curtis Samuel,WR,Ohio State,"{'city': 'Brooklyn', 'state': 'NY', 'country': 'USA'}",Brooklyn,NY,USA,"Brooklyn, NY",9
2025-09-04,2025-09-09,401772918,2025-09-08T00:20Z,2,Buffalo Bills,33,Baltimore Ravens,2,Buffalo Bills,4373678,Khalil Shakir,WR,Boise State,"{'city': 'Murrieta', 'state': 'CA', 'country': 'USA'}",Murrieta,CA,USA,"Murrieta, CA",4
2025-09-04,2025-09-09,401772918,2025-09-08T00:20Z,2,Buffalo Bills,33,Baltimore Ravens,2,Buffalo Bills,4241476,Tyrell Shavers,WR,San Diego State,"{'city': 'Lewisville', 'state': 'TX', 'country': 'USA'}",Lewisville,TX,USA,"Lewisville, TX",1
2025-09-04,2025-09-09,401772918,2025-09-08T00:20Z,2,Buffalo Bills,33,Baltimore Ravens,2,Buffalo Bills,4428696,O'Cyrus Torrence,G,Florida,"{'city': 'Greensburg', 'state': 'LA', 'country': 'USA'}",Greensburg,LA,USA,"Greensburg, LA",3
2025-09-04,2025-09-09,401772918,2025-09-08T00:20Z,2,Buffalo Bills,33,Baltimore Ravens,2,Buffalo Bills,3039707,Mitchell Trubisky,QB,North Carolina,"{'city': 'Mentor', 'state': 'OH', 'country': 'USA'}",Mentor,OH,USA,"Mentor, OH",9
2025-09-04,2025-09-09,401772918,2025-09-08T00:20Z,2,Buffalo Bills,33,Baltimore Ravens,2,Buffalo Bills,4239140,Ryan Van Demark,OT,UConn,"{'city': 'Wayne', 'state': 'NJ', 'country': 'USA'}",Wayne,NJ,USA,"Wayne, NJ",3
2025-09-04,2025-09-09,401772918,2025-09-08T00:20Z,2,Buffalo Bills,33,Baltimore Ravens,2,Buffalo Bills,4430815,Sedrick Van Pran-Granger,C,Georgia,"{'city': 'New Orleans', 'state': 'LA', 'country': 'USA'}",New Orleans,LA,USA,"New Orleans, LA",2
2025-09-04,2025-09-09,401772918,2025-09-08T00:20Z,2,Buffalo Bills,33,Baltimore Ravens,2,Buffalo Bills,4366349,Joe Andreessen,LB,Buffalo,"{'city': 'Depew', 'state': 'NY', 'country': 'USA'}",Depew,NY,USA,"Depew, NY",2
2025-09-04,2025-09-09,401772918,2025-09-08T00:20Z,2,Buffalo Bills,33,Baltimore Ravens,2,Buffalo Bills,4379778,Christian Benford,CB,Villanova,"{'city': 'Randallstown', 'state': 'MD', 'country': 'USA'}",Randallstown,MD,USA,"Randallstown, MD",4
2025-09-04,2025-09-09,401772918,2025-09-08T00:20Z,2,Buffalo Bills,33,Baltimore Ravens,2,Buffalo Bills,4259166,Terrel Bernard,LB,Baylor,"{'city': 'La Porte', 'state': 'TX', 'country': 'USA'}",La Porte,TX,USA,"La Porte, TX",4
2025-09-04,2025-09-09,401772918,2025-09-08T00:20Z,2,Buffalo Bills,33,Baltimore Ravens,2,Buffalo Bills,4676004,Cole Bishop,S,Utah,"{'city': 'Peachtree City', 'state': 'GA', 'country': 'USA'}",Peachtree City,GA,USA,"Peachtree City, GA",2
2025-09-04,2025-09-09,401772918,2025-09-08T00:20Z,2,Buffalo Bills,33,Baltimore Ravens,2,Buffalo Bills,3051389,Joey Bosa,DE,Ohio State,"{'city': 'Fort Lauderdale', 'state': 'FL', 'country': 'USA'}",Fort Lauderdale,FL,USA,"Fort Lauderdale, FL",10
2025-09-04,2025-09-09,401772918,2025-09-08T00:20Z,2,Buffalo Bills,33,Baltimore Ravens,2,Buffalo Bills,4576069,Brandon Codrington,CB,North Carolina Central,"{'city': 'Raleigh', 'state': 'NC', 'country': 'USA'}",Raleigh,NC,USA,"Raleigh, NC",2
2025-09-04,2025-09-09,401772918,2025-09-08T00:20Z,2,Buffalo Bills,33,Baltimore Ravens,2,Buffalo Bills,4240585,AJ Epenesa,DE,Iowa,"{'city': 'Glen Carbon', 'state': 'IL', 'country': 'USA'}",Glen Carbon,IL,USA,"Glen Carbon, IL",6
2025-09-04,2025-09-09,401772918,2025-09-08T00:20Z,2,Buffalo Bills,33,Baltimore Ravens,2,Buffalo Bills,4044133,Sam Franklin Jr.,S,Temple,"{'city': 'Crystal River', 'state': 'FL', 'country': 'USA'}",Crystal River,FL,USA,"Crystal River, FL",4
2025-09-04,2025-09-09,401772918,2025-09-08T00:20Z,2,Buffalo Bills,33,Baltimore Ravens,2,Buffalo Bills,4036060,Damar Hamlin,S,Pittsburgh,"{'city': 'Mckees Rocks', 'state': 'PA', 'country': 'USA'}",Mckees Rocks,PA,USA,"Mckees Rocks, PA",5
2025-09-04,2025-09-09,401772918,2025-09-08T00:20Z,2,Buffalo Bills,33,Baltimore Ravens,2,Buffalo Bills,4596480,Jordan Hancock,CB,Ohio State,"{'city': 'Suwanee', 'state': 'GA', 'country': 'USA'}",Suwanee,GA,USA,"Suwanee, GA",
2025-09-04,2025-09-09,401772918,2025-09-08T00:20Z,2,Buffalo Bills,33,Baltimore Ravens,2,Buffalo Bills,4033234,Michael Hoecht,DE,Brown,"{'city': 'Oakwood', 'state': 'OH', 'country': 'USA'}",Oakwood,OH,USA,"Oakwood, OH",5
2025-09-04,2025-09-09,401772918,2025-09-08T00:20Z,2,Buffalo Bills,33,Baltimore Ravens,2,Buffalo Bills,4240059,Ja'Marcus Ingram,CB,Buffalo,"{'city': 'Dallas', 'state': 'TX', 'country': 'USA'}",Dallas,TX,USA,"Dallas, TX",2
2025-09-04,2025-09-09,401772918,2025-09-08T00:20Z,2,Buffalo Bills,33,Baltimore Ravens,2,Buffalo Bills,4432715,Landon Jackson,DE,Arkansas,"{'city': 'Texarkana', 'state': 'TX', 'country': 'USA'}",Texarkana,TX,USA,"Texarkana, TX",
2025-09-04,2025-09-09,401772918,2025-09-08T00:20Z,2,Buffalo Bills,33,Baltimore Ravens,2,Buffalo Bills,3121003,Taron Johnson,CB,Weber State,"{'city': 'Sacramento', 'state': 'CA', 'country': 'USA'}",Sacramento,CA,USA,"Sacramento, CA",8
2025-09-04,2025-09-09,401772918,2025-09-08T00:20Z,2,Buffalo Bills,33,Baltimore Ravens,2,Buffalo Bills,16910,DaQuan Jones,DT,Penn State,"{'city': 'Johnson City', 'state': 'NY', 'country': 'USA'}",Johnson City,NY,USA,"Johnson City, NY",12
2025-09-04,2025-09-09,401772918,2025-09-08T00:20Z,2,Buffalo Bills,33,Baltimore Ravens,2,Buffalo Bills,3916577,Cam Lewis,CB,Buffalo,"{'city': 'Detroit', 'state': 'MI', 'country': 'USA'}",Detroit,MI,USA,"Detroit, MI",6
2025-09-04,2025-09-09,401772918,2025-09-08T00:20Z,2,Buffalo Bills,33,Baltimore Ravens,2,Buffalo Bills,3046287,Matt Milano,LB,Boston College,"{'city': 'Orlando', 'state': 'FL', 'country': 'USA'}",Orlando,FL,USA,"Orlando, FL",9
2025-09-04,2025-09-09,401772918,2025-09-08T00:20Z,2,Buffalo Bills,33,Baltimore Ravens,2,Buffalo Bills,3050122,Larry Ogunjobi,DT,Charlotte,"{'city': 'Greensboro', 'state': 'NC', 'country': 'USA'}",Greensboro,NC,USA,"Greensboro, NC",9
2025-09-04,2025-09-09,401772918,2025-09-08T00:20Z,2,Buffalo Bills,33,Baltimore Ravens,2,Buffalo Bills,4039303,Ed Oliver,DT,Houston,"{'city': 'Houston', 'state': 'TX', 'country': 'USA'}",Houston,TX,USA,"Houston, TX",7
2025-09-04,2025-09-09,401772918,2025-09-08T00:20Z,2,Buffalo Bills,33,Baltimore Ravens,2,Buffalo Bills,4039007,Taylor Rapp,S,Washington,"{'city': 'Bellingham', 'state': 'WA', 'country': 'USA'}",Bellingham,WA,USA,"Bellingham, WA",7
2025-09-04,2025-09-09,401772918,2025-09-08T00:20Z,2,Buffalo Bills,33,Baltimore Ravens,2,Buffalo Bills,4362506,Greg Rousseau,DE,Miami,"{'city': 'Coconut Creek', 'state': 'FL', 'country': 'USA'}",Coconut Creek,FL,USA,"Coconut Creek, FL",5
2025-09-04,2025-09-09,401772918,2025-09-08T00:20Z,2,Buffalo Bills,33,Baltimore Ravens,2,Buffalo Bills,4684527,T.J. Sanders,DT,South Carolina,"{'city': 'Marion', 'state': 'SC', 'country': 'USA'}",Marion,SC,USA,"Marion, SC",
2025-09-04,2025-09-09,401772918,2025-09-08T00:20Z,2,Buffalo Bills,33,Baltimore Ravens,2,Buffalo Bills,4428548,Javon Solomon,DE,Troy,"{'city': 'Tallahassee', 'state': 'FL', 'country': 'USA'}",Tallahassee,FL,USA,"Tallahassee, FL",2
2025-09-04,2025-09-09,401772918,2025-09-08T00:20Z,2,Buffalo Bills,33,Baltimore Ravens,2,Buffalo Bills,4568703,Dorian Strong,CB,Virginia Tech,"{'city': 'Upper Marlboro', 'state': 'MD', 'country': 'USA'}",Upper Marlboro,MD,USA,"Upper Marlboro, MD",
2025-09-04,2025-09-09,401772918,2025-09-08T00:20Z,2,Buffalo Bills,33,Baltimore Ravens,2,Buffalo Bills,2978313,Shaq Thompson,LB,Washington,"{'city': 'Sacramento', 'state': 'CA', 'country': 'USA'}",Sacramento,CA,USA,"Sacramento, CA",11
2025-09-04,2025-09-09,401772918,2025-09-08T00:20Z,2,Buffalo Bills,33,Baltimore Ravens,2,Buffalo Bills,4831989,Deone Walker,DT,Kentucky,"{'city': 'Detroit', 'state': 'MI', 'country': 'USA'}",Detroit,MI,USA,"Detroit, MI",
2025-09-04,2025-09-09,401772918,2025-09-08T00:20Z,2,Buffalo Bills,33,Baltimore Ravens,2,Buffalo Bills,3042717,Tre'Davious White,CB,LSU,"{'city': 'Shreveport', 'state': 'LA', 'country': 'USA'}",Shreveport,LA,USA,"Shreveport, LA",9
2025-09-04,2025-09-09,401772918,2025-09-08T00:20Z,2,Buffalo Bills,33,Baltimore Ravens,2,Buffalo Bills,4568624,Dorian Williams,LB,Tulane,"{'city': 'Indian Land', 'state': 'SC', 'country': 'USA'}",Indian Land,SC,USA,"Indian Land, SC",3
2025-09-04,2025-09-09,401772918,2025-09-08T00:20Z,2,Buffalo Bills,33,Baltimore Ravens,2,Buffalo Bills,2976549,Reid Ferguson,LS,LSU,"{'city': 'Buford', 'state': 'GA', 'country': 'USA'}",Buford,GA,USA,"Buford, GA",9
2025-09-04,2025-09-09,401772918,2025-09-08T00:20Z,2,Buffalo Bills,33,Baltimore Ravens,2,Buffalo Bills,11122,Matt Prater,PK,UCF,"{'city': 'Mayfield Heights', 'state': 'OH', 'country': 'USA'}",Mayfield Heights,OH,USA,"Mayfield Heights, OH",19
2025-09-04,2025-09-09,401772918,2025-09-08T00:20Z,2,Buffalo Bills,33,Baltimore Ravens,2,Buffalo Bills,4258197,Brad Robbins,P,Michigan,"{'city': 'Westerville', 'state': 'OH', 'country': 'USA'}",Westerville,OH,USA,"Westerville, OH",2
2025-09-04,2025-09-09,401772918,2025-09-08T00:20Z,2,Buffalo Bills,33,Baltimore Ravens,2,Buffalo Bills,3917232,Tyler Bass,PK,Georgia Southern,"{'city': 'Irmo', 'state': 'SC', 'country': 'USA'}",Irmo,SC,USA,"Irmo, SC",6
2025-09-04,2025-09-09,401772918,2025-09-08T00:20Z,2,Buffalo Bills,33,Baltimore Ravens,2,Buffalo Bills,4426883,DeWayne Carter,DT,Duke,"{'city': 'Pickerington', 'state': 'OH', 'country': 'USA'}",Pickerington,OH,USA,"Pickerington, OH",2
2025-09-04,2025-09-09,401772918,2025-09-08T00:20Z,2,Buffalo Bills,33,Baltimore Ravens,2,Buffalo Bills,4368828,Tylan Grable,OT,UCF,"{'city': 'Gordon', 'state': 'GA', 'country': 'USA'}",Gordon,GA,USA,"Gordon, GA",2
2025-09-04,2025-09-09,401772918,2025-09-08T00:20Z,2,Buffalo Bills,33,Baltimore Ravens,2,Buffalo Bills,4688931,Maxwell Hairston,CB,Kentucky,"{'city': 'West Bloomfield', 'state': 'MI', 'country': 'USA'}",West Bloomfield,MI,USA,"West Bloomfield, MI",
2025-09-04,2025-09-09,401772918,2025-09-08T00:20Z,2,Buffalo Bills,33,Baltimore Ravens,2,Buffalo Bills,4573684,Wande Owens,S,New Hampshire,"{'city': 'Cooksville', 'state': 'MD', 'country': 'USA'}",Cooksville,MD,USA,"Cooksville, MD",
2025-09-04,2025-09-09,401772918,2025-09-08T00:20Z,2,Buffalo Bills,33,Baltimore Ravens,2,Buffalo Bills,4039034,Shane Buechele,QB,SMU,"{'city': 'Arlington', 'state': 'TX', 'country': 'USA'}",Arlington,TX,USA,"Arlington, TX",4
2025-09-04,2025-09-09,401772918,2025-09-08T00:20Z,2,Buffalo Bills,33,Baltimore Ravens,2,Buffalo Bills,4689804,Jimmy Ciarlo,LB,Army,"{'city': 'Ringwood', 'state': 'NJ', 'country': 'USA'}",Ringwood,NJ,USA,"Ringwood, NJ",2
2025-09-04,2025-09-09,401772918,2025-09-08T00:20Z,2,Buffalo Bills,33,Baltimore Ravens,2,Buffalo Bills,5209587,Travis Clayton,OT,,"{'city': 'Basingstoke', 'country': 'England'}",Basingstoke,,England,Basingstoke,2
2025-09-04,2025-09-09,401772918,2025-09-08T00:20Z,2,Buffalo Bills,33,Baltimore Ravens,2,Buffalo Bills,4243537,Gabe Davis,WR,UCF,"{'city': 'Sanford', 'state': 'FL', 'country': 'USA'}",Sanford,FL,USA,"Sanford, FL",5
2025-09-04,2025-09-09,401772918,2025-09-08T00:20Z,2,Buffalo Bills,33,Baltimore Ravens,2,Buffalo Bills,2979482,Dan Feeney,G,Indiana,"{'city': 'Orland Park', 'state': 'IL', 'country': 'USA'}",Orland Park,IL,USA,"Orland Park, IL",9
2025-09-04,2025-09-09,401772918,2025-09-08T00:20Z,2,Buffalo Bills,33,Baltimore Ravens,2,Buffalo Bills,4429805,Frank Gore Jr.,RB,Southern Miss,"{'city': 'Miami', 'state': 'FL', 'country': 'USA'}",Miami,FL,USA,"Miami, FL",1
2025-09-04,2025-09-09,401772918,2025-09-08T00:20Z,2,Buffalo Bills,33,Baltimore Ravens,2,Buffalo Bills,4432215,Stephen Gosnell,WR,Virginia Tech,"{'city': 'Pilot Mountain', 'state': 'NC', 'country': 'USA'}",Pilot Mountain,NC,USA,"Pilot Mountain, NC",
2025-09-04,2025-09-09,401772918,2025-09-08T00:20Z,2,Buffalo Bills,33,Baltimore Ravens,2,Buffalo Bills,3895791,Dane Jackson,CB,Pittsburgh,"{'city': 'Coraopolis', 'state': 'PA', 'country': 'USA'}",Coraopolis,PA,USA,"Coraopolis, PA",6
2025-09-04,2025-09-09,401772918,2025-09-08T00:20Z,2,Buffalo Bills,33,Baltimore Ravens,2,Buffalo Bills,4577066,Keonta Jenkins,LB,Virginia Tech,"{'city': 'Jacksonville', 'state': 'FL', 'country': 'USA'}",Jacksonville,FL,USA,"Jacksonville, FL",
2025-09-04,2025-09-09,401772918,2025-09-08T00:20Z,2,Buffalo Bills,33,Baltimore Ravens,2,Buffalo Bills,4249214,Andre Jones Jr.,DE,Louisiana,"{'city': 'Varnado', 'state': 'LA', 'country': 'USA'}",Varnado,LA,USA,"Varnado, LA",2
2025-09-04,2025-09-09,401772918,2025-09-08T00:20Z,2,Buffalo Bills,33,Baltimore Ravens,2,Buffalo Bills,4430819,Jalen Kimber,CB,Penn State,"{'city': 'Merrillville', 'state': 'IN', 'country': 'USA'}",Merrillville,IN,USA,"Merrillville, IN",
2025-09-04,2025-09-09,401772918,2025-09-08T00:20Z,2,Buffalo Bills,33,Baltimore Ravens,2,Buffalo Bills,4688552,Keleki Latu,TE,Washington,"{'city': 'Sacramento', 'state': 'CA', 'country': 'USA'}",Sacramento,CA,USA,"Sacramento, CA",
2025-09-04,2025-09-09,401772918,2025-09-08T00:20Z,2,Buffalo Bills,33,Baltimore Ravens,2,Buffalo Bills,4427826,Zion Logue,DT,Georgia,"{'city': 'Lebanon', 'state': 'TN', 'country': 'USA'}",Lebanon,TN,USA,"Lebanon, TN",1
2025-09-04,2025-09-09,401772918,2025-09-08T00:20Z,2,Buffalo Bills,33,Baltimore Ravens,2,Buffalo Bills,2577466,Jordan Phillips,DT,Oklahoma,"{'city': 'Towanda', 'state': 'KS', 'country': 'USA'}",Towanda,KS,USA,"Towanda, KS",10
2025-09-04,2025-09-09,401772918,2025-09-08T00:20Z,2,Buffalo Bills,33,Baltimore Ravens,2,Buffalo Bills,15979,Jordan Poyer,S,Oregon State,"{'city': 'Astoria', 'state': 'OR', 'country': 'USA'}",Astoria,OR,USA,"Astoria, OR",11
2025-09-04,2025-09-09,401772918,2025-09-08T00:20Z,2,Buffalo Bills,33,Baltimore Ravens,2,Buffalo Bills,3910176,Kristian Wilkerson,WR,Southeast Missouri State,"{'city': 'Memphis', 'state': 'TN', 'country': 'USA'}",Memphis,TN,USA,"Memphis, TN",3
2025-09-04,2025-09-09,401772918,2025-09-08T00:20Z,2,Buffalo Bills,33,Baltimore Ravens,33,Baltimore Ravens,4690013,Rasheen Ali,RB,Marshall,"{'city': 'Cleveland', 'state': 'OH', 'country': 'USA'}",Cleveland,OH,USA,"Cleveland, OH",2
2025-09-04,2025-09-09,401772918,2025-09-08T00:20Z,2,Buffalo Bills,33,Baltimore Ravens,33,Baltimore Ravens,3116365,Mark Andrews,TE,Oklahoma,"{'city': 'Scottsdale', 'state': 'AZ', 'country': 'USA'}",Scottsdale,AZ,USA,"Scottsdale, AZ",8
2025-09-04,2025-09-09,401772918,2025-09-08T00:20Z,2,Buffalo Bills,33,Baltimore Ravens,33,Baltimore Ravens,4360939,Rashod Bateman,WR,Minnesota,"{'city': 'Tifton', 'state': 'GA', 'country': 'USA'}",Tifton,GA,USA,"Tifton, GA",5
2025-09-04,2025-09-09,401772918,2025-09-08T00:20Z,2,Buffalo Bills,33,Baltimore Ravens,33,Baltimore Ravens,4576075,Corey Bullock,C,Maryland,"{'city': 'Accokeek', 'state': 'MD', 'country': 'USA'}",Accokeek,MD,USA,"Accokeek, MD",1
2025-09-04,2025-09-09,401772918,2025-09-08T00:20Z,2,Buffalo Bills,33,Baltimore Ravens,33,Baltimore Ravens,4035002,Ben Cleveland,G,Georgia,"{'city': 'Toccoa', 'state': 'GA', 'country': 'USA'}",Toccoa,GA,USA,"Toccoa, GA",5
2025-09-04,2025-09-09,401772918,2025-09-08T00:20Z,2,Buffalo Bills,33,Baltimore Ravens,33,Baltimore Ravens,4360964,Daniel Faalele,G,Minnesota,"{'city': 'Melbourne', 'state': 'VIC', 'country': 'Australia'}",Melbourne,VIC,Australia,"Melbourne, VIC",4
2025-09-04,2025-09-09,401772918,2025-09-08T00:20Z,2,Buffalo Bills,33,Baltimore Ravens,33,Baltimore Ravens,4429615,Zay Flowers,WR,Boston College,"{'city': 'Fort Lauderdale', 'state': 'FL', 'country': 'USA'}",Fort Lauderdale,FL,USA,"Fort Lauderdale, FL",3
2025-09-04,2025-09-09,401772918,2025-09-08T00:20Z,2,Buffalo Bills,33,Baltimore Ravens,33,Baltimore Ravens,3043078,Derrick Henry,RB,Alabama,"{'city': 'Yulee', 'state': 'FL', 'country': 'USA'}",Yulee,FL,USA,"Yulee, FL",10
2025-09-04,2025-09-09,401772918,2025-09-08T00:20Z,2,Buffalo Bills,33,Baltimore Ravens,33,Baltimore Ravens,4038441,Justice Hill,RB,Oklahoma State,"{'city': 'Tulsa', 'state': 'OK', 'country': 'USA'}",Tulsa,OK,USA,"Tulsa, OK",7
2025-09-04,2025-09-09,401772918,2025-09-08T00:20Z,2,Buffalo Bills,33,Baltimore Ravens,33,Baltimore Ravens,15795,DeAndre Hopkins,WR,Clemson,"{'city': 'Central', 'state': 'SC', 'country': 'USA'}",Central,SC,USA,"Central, SC",13
2025-09-04,2025-09-09,401772918,2025-09-08T00:20Z,2,Buffalo Bills,33,Baltimore Ravens,33,Baltimore Ravens,3916387,Lamar Jackson,QB,Louisville,"{'city': 'Pompano Beach', 'state': 'FL', 'country': 'USA'}",Pompano Beach,FL,USA,"Pompano Beach, FL",8
2025-09-04,2025-09-09,401772918,2025-09-08T00:20Z,2,Buffalo Bills,33,Baltimore Ravens,33,Baltimore Ravens,4241263,Charlie Kolar,TE,Iowa State,"{'city': 'Norman', 'state': 'OK', 'country': 'USA'}",Norman,OK,USA,"Norman, OK",4
2025-09-04,2025-09-09,401772918,2025-09-08T00:20Z,2,Buffalo Bills,33,Baltimore Ravens,33,Baltimore Ravens,4361050,Isaiah Likely,TE,Coastal Carolina,"{'city': 'Cambridge', 'state': 'MA', 'country': 'USA'}",Cambridge,MA,USA,"Cambridge, MA",4
2025-09-04,2025-09-09,401772918,2025-09-08T00:20Z,2,Buffalo Bills,33,Baltimore Ravens,33,Baltimore Ravens,4360499,Tyler Linderbaum,C,Iowa,"{'city': 'Solon', 'state': 'IA', 'country': 'USA'}",Solon,IA,USA,"Solon, IA",4
2025-09-04,2025-09-09,401772918,2025-09-08T00:20Z,2,Buffalo Bills,33,Baltimore Ravens,33,Baltimore Ravens,4596334,Keaton Mitchell,RB,East Carolina,"{'city': 'Mcdonough', 'state': 'GA', 'country': 'USA'}",Mcdonough,GA,USA,"Mcdonough, GA",3
2025-09-04,2025-09-09,401772918,2025-09-08T00:20Z,2,Buffalo Bills,33,Baltimore Ravens,33,Baltimore Ravens,4876006,Zaire Mitchell-Paden,TE,Florida Atlantic,"{'city': 'Rockville', 'state': 'MD', 'country': 'USA'}",Rockville,MD,USA,"Rockville, MD",1
2025-09-04,2025-09-09,401772918,2025-09-08T00:20Z,2,Buffalo Bills,33,Baltimore Ravens,33,Baltimore Ravens,3040008,Joseph Noteboom,OT,TCU,"{'city': 'Plano', 'state': 'TX', 'country': 'USA'}",Plano,TX,USA,"Plano, TX",8
2025-09-04,2025-09-09,401772918,2025-09-08T00:20Z,2,Buffalo Bills,33,Baltimore Ravens,33,Baltimore Ravens,2975417,Patrick Ricard,FB,Maine,"{'city': 'Spencer', 'state': 'MA', 'country': 'USA'}",Spencer,MA,USA,"Spencer, MA",9
2025-09-04,2025-09-09,401772918,2025-09-08T00:20Z,2,Buffalo Bills,33,Baltimore Ravens,33,Baltimore Ravens,4430876,Roger Rosengarten,OT,Washington,"{'city': 'Highlands Ranch', 'state': 'CO', 'country': 'USA'}",Highlands Ranch,CO,USA,"Highlands Ranch, CO",2
2025-09-04,2025-09-09,401772918,2025-09-08T00:20Z,2,Buffalo Bills,33,Baltimore Ravens,33,Baltimore Ravens,2972515,Cooper Rush,QB,Central Michigan,"{'city': 'Charlotte', 'state': 'MI', 'country': 'USA'}",Charlotte,MI,USA,"Charlotte, MI",8
2025-09-04,2025-09-09,401772918,2025-09-08T00:20Z,2,Buffalo Bills,33,Baltimore Ravens,33,Baltimore Ravens,2980153,Ronnie Stanley,OT,Notre Dame,"{'city': 'Las Vegas', 'state': 'NV', 'country': 'USA'}",Las Vegas,NV,USA,"Las Vegas, NV",10
2025-09-04,2025-09-09,401772918,2025-09-08T00:20Z,2,Buffalo Bills,33,Baltimore Ravens,33,Baltimore Ravens,4769895,Carson Vinson,OT,Alabama A&M,"{'city': 'Morrisville', 'state': 'NC', 'country': 'USA'}",Morrisville,NC,USA,"Morrisville, NC",
2025-09-04,2025-09-09,401772918,2025-09-08T00:20Z,2,Buffalo Bills,33,Baltimore Ravens,33,Baltimore Ravens,4243220,Andrew Vorhees,G,USC,"{'city': 'Kingsburg', 'state': 'CA', 'country': 'USA'}",Kingsburg,CA,USA,"Kingsburg, CA",2
2025-09-04,2025-09-09,401772918,2025-09-08T00:20Z,2,Buffalo Bills,33,Baltimore Ravens,33,Baltimore Ravens,4696882,Devontez Walker,WR,North Carolina,"{'city': 'Charlotte', 'state': 'NC', 'country': 'USA'}",Charlotte,NC,USA,"Charlotte, NC",2
2025-09-04,2025-09-09,401772918,2025-09-08T00:20Z,2,Buffalo Bills,33,Baltimore Ravens,33,Baltimore Ravens,4241424,Tylan Wallace,WR,Oklahoma State,"{'city': 'Fort Worth', 'state': 'TX', 'country': 'USA'}",Fort Worth,TX,USA,"Fort Worth, TX",5
2025-09-04,2025-09-09,401772918,2025-09-08T00:20Z,2,Buffalo Bills,33,Baltimore Ravens,33,Baltimore Ravens,4690143,LaJohntay Wester,WR,Colorado,"{'city': 'Palmetto', 'state': 'FL', 'country': 'USA'}",Palmetto,FL,USA,"Palmetto, FL",
2025-09-04,2025-09-09,401772918,2025-09-08T00:20Z,2,Buffalo Bills,33,Baltimore Ravens,33,Baltimore Ravens,3895429,Jaire Alexander,CB,Louisville,"{'city': 'Charlotte', 'state': 'NC', 'country': 'USA'}",Charlotte,NC,USA,"Charlotte, NC",8
2025-09-04,2025-09-09,401772918,2025-09-08T00:20Z,2,Buffalo Bills,33,Baltimore Ravens,33,Baltimore Ravens,3052101,Chidobe Awuzie,CB,Colorado,"{'city': 'San Jose', 'state': 'CA', 'country': 'USA'}",San Jose,CA,USA,"San Jose, CA",9
2025-09-04,2025-09-09,401772918,2025-09-08T00:20Z,2,Buffalo Bills,33,Baltimore Ravens,33,Baltimore Ravens,4698244,Teddye Buchanan,LB,California,"{'city': 'San Francisco', 'state': 'CA', 'country': 'USA'}",San Francisco,CA,USA,"San Francisco, CA",
2025-09-04,2025-09-09,401772918,2025-09-08T00:20Z,2,Buffalo Bills,33,Baltimore Ravens,33,Baltimore Ravens,4683188,Mike Green,LB,Marshall,"{'city': 'Williamsburg', 'state': 'VA', 'country': 'USA'}",Williamsburg,VA,USA,"Williamsburg, VA",
2025-09-04,2025-09-09,401772918,2025-09-08T00:20Z,2,Buffalo Bills,33,Baltimore Ravens,33,Baltimore Ravens,4575517,Kyle Hamilton,S,Notre Dame,"{'city': 'Atlanta', 'state': 'GA', 'country': 'USA'}",Atlanta,GA,USA,"Atlanta, GA",4
2025-09-04,2025-09-09,401772918,2025-09-08T00:20Z,2,Buffalo Bills,33,Baltimore Ravens,33,Baltimore Ravens,4565350,Jay Higgins IV,LB,Iowa,"{'city': 'Indianapolis', 'state': 'IN', 'country': 'USA'}",Indianapolis,IN,USA,"Indianapolis, IN",
2025-09-04,2025-09-09,401772918,2025-09-08T00:20Z,2,Buffalo Bills,33,Baltimore Ravens,33,Baltimore Ravens,4241250,Jake Hummel,LB,Iowa State,"{'city': 'Des Moines', 'state': 'IA', 'country': 'USA'}",Des Moines,IA,USA,"Des Moines, IA",4
2025-09-04,2025-09-09,401772918,2025-09-08T00:20Z,2,Buffalo Bills,33,Baltimore Ravens,33,Baltimore Ravens,3126356,Marlon Humphrey,CB,Alabama,"{'city': 'Hoover', 'state': 'AL', 'country': 'USA'}",Hoover,AL,USA,"Hoover, AL",9
2025-09-04,2025-09-09,401772918,2025-09-08T00:20Z,2,Buffalo Bills,33,Baltimore Ravens,33,Baltimore Ravens,15846,John Jenkins,DT,Georgia,"{'city': 'Meriden', 'state': 'CT', 'country': 'USA'}",Meriden,CT,USA,"Meriden, CT",13
2025-09-04,2025-09-09,401772918,2025-09-08T00:20Z,2,Buffalo Bills,33,Baltimore Ravens,33,Baltimore Ravens,4362139,Travis Jones,DT,UConn,"{'city': 'New Haven', 'state': 'CT', 'country': 'USA'}",New Haven,CT,USA,"New Haven, CT",4
2025-09-04,2025-09-09,401772918,2025-09-08T00:20Z,2,Buffalo Bills,33,Baltimore Ravens,33,Baltimore Ravens,4430118,Sanoussi Kane,S,Purdue,"{'city': 'Harlem', 'state': 'NY', 'country': 'USA'}",Harlem,NY,USA,"Harlem, NY",2
2025-09-04,2025-09-09,401772918,2025-09-08T00:20Z,2,Buffalo Bills,33,Baltimore Ravens,33,Baltimore Ravens,4692970,Reuben Lowery III,S,Chattanooga,"{'city': 'Powder Springs', 'state': 'GA', 'country': 'USA'}",Powder Springs,GA,USA,"Powder Springs, GA",
2025-09-04,2025-09-09,401772918,2025-09-08T00:20Z,2,Buffalo Bills,33,Baltimore Ravens,33,Baltimore Ravens,4035245,Nnamdi Madubuike,DT,Texas A&M,"{'city': 'McKinney', 'state': 'TX', 'country': 'USA'}",McKinney,TX,USA,"McKinney, TX",6
2025-09-04,2025-09-09,401772918,2025-09-08T00:20Z,2,Buffalo Bills,33,Baltimore Ravens,33,Baltimore Ravens,4694334,Keyon Martin,CB,Louisiana,"{'city': 'Fort Lauderdale', 'state': 'FL', 'country': 'USA'}",Fort Lauderdale,FL,USA,"Fort Lauderdale, FL",
2025-09-04,2025-09-09,401772918,2025-09-08T00:20Z,2,Buffalo Bills,33,Baltimore Ravens,33,Baltimore Ravens,4426507,David Ojabo,LB,Michigan,"{'city': 'Port Harcourt', 'country': 'Nigeria'}",Port Harcourt,,Nigeria,Port Harcourt,4
2025-09-04,2025-09-09,401772918,2025-09-08T00:20Z,2,Buffalo Bills,33,Baltimore Ravens,33,Baltimore Ravens,4361422,Odafe Oweh,LB,Penn State,"{'city': 'Howell', 'state': 'NJ', 'country': 'USA'}",Howell,NJ,USA,"Howell, NJ",5
2025-09-04,2025-09-09,401772918,2025-09-08T00:20Z,2,Buffalo Bills,33,Baltimore Ravens,33,Baltimore Ravens,4565311,Aeneas Peebles,DT,Virginia Tech,"{'city': 'Raleigh', 'state': 'NC', 'country': 'USA'}",Raleigh,NC,USA,"Raleigh, NC",
2025-09-04,2025-09-09,401772918,2025-09-08T00:20Z,2,Buffalo Bills,33,Baltimore Ravens,33,Baltimore Ravens,4690179,Tavius Robinson,LB,Ole Miss,"{'city': 'Guelph', 'state': 'ON', 'country': 'Canada'}",Guelph,ON,Canada,"Guelph, ON",3
2025-09-04,2025-09-09,401772918,2025-09-08T00:20Z,2,Buffalo Bills,33,Baltimore Ravens,33,Baltimore Ravens,4430831,Trenton Simpson,LB,Clemson,"{'city': 'Charlotte', 'state': 'NC', 'country': 'USA'}",Charlotte,NC,USA,"Charlotte, NC",3
2025-09-04,2025-09-09,401772918,2025-09-08T00:20Z,2,Buffalo Bills,33,Baltimore Ravens,33,Baltimore Ravens,3915189,Roquan Smith,LB,Georgia,"{'city': 'Montezuma', 'state': 'GA', 'country': 'USA'}",Montezuma,GA,USA,"Montezuma, GA",8
2025-09-04,2025-09-09,401772918,2025-09-08T00:20Z,2,Buffalo Bills,33,Baltimore Ravens,33,Baltimore Ravens,4685530,Malaki Starks,S,Georgia,"{'city': 'Jefferson', 'state': 'GA', 'country': 'USA'}",Jefferson,GA,USA,"Jefferson, GA",
2025-09-04,2025-09-09,401772918,2025-09-08T00:20Z,2,Buffalo Bills,33,Baltimore Ravens,33,Baltimore Ravens,4575483,T.J. Tampa,CB,Iowa State,"{'city': 'St. Petersburg', 'state': 'FL', 'country': 'USA'}",St. Petersburg,FL,USA,"St. Petersburg, FL",2
2025-09-04,2025-09-09,401772918,2025-09-08T00:20Z,2,Buffalo Bills,33,Baltimore Ravens,33,Baltimore Ravens,16772,Kyle Van Noy,LB,BYU,"{'city': 'Reno', 'state': 'NV', 'country': 'USA'}",Reno,NV,USA,"Reno, NV",12
2025-09-04,2025-09-09,401772918,2025-09-08T00:20Z,2,Buffalo Bills,33,Baltimore Ravens,33,Baltimore Ravens,3915837,Broderick Washington Jr.,DT,Texas Tech,"{'city': 'Longview', 'state': 'TX', 'country': 'USA'}",Longview,TX,USA,"Longview, TX",6
2025-09-04,2025-09-09,401772918,2025-09-08T00:20Z,2,Buffalo Bills,33,Baltimore Ravens,33,Baltimore Ravens,4601278,Nate Wiggins,CB,Clemson,"{'city': 'Atlanta', 'state': 'GA', 'country': 'USA'}",Atlanta,GA,USA,"Atlanta, GA",2
2025-09-04,2025-09-09,401772918,2025-09-08T00:20Z,2,Buffalo Bills,33,Baltimore Ravens,33,Baltimore Ravens,4697745,Tyler Loop,PK,Arizona,"{'city': 'Lucas', 'state': 'TX', 'country': 'USA'}",Lucas,TX,USA,"Lucas, TX",
2025-09-04,2025-09-09,401772918,2025-09-08T00:20Z,2,Buffalo Bills,33,Baltimore Ravens,33,Baltimore Ravens,3915184,Nick Moore,LS,Georgia,"{'city': 'Snellville', 'state': 'GA', 'country': 'USA'}",Snellville,GA,USA,"Snellville, GA",4
2025-09-04,2025-09-09,401772918,2025-09-08T00:20Z,2,Buffalo Bills,33,Baltimore Ravens,33,Baltimore Ravens,4260224,Jordan Stout,P,Penn State,"{'city': 'Cedar Bluff', 'state': 'VA', 'country': 'USA'}",Cedar Bluff,VA,USA,"Cedar Bluff, VA",4
2025-09-04,2025-09-09,401772918,2025-09-08T00:20Z,2,Buffalo Bills,33,Baltimore Ravens,33,Baltimore Ravens,4426372,Adisa Isaac,LB,Penn State,"{'city': 'Brooklyn', 'state': 'NY', 'country': 'USA'}",Brooklyn,NY,USA,"Brooklyn, NY",2
2025-09-04,2025-09-09,401772918,2025-09-08T00:20Z,2,Buffalo Bills,33,Baltimore Ravens,33,Baltimore Ravens,4685736,Emery Jones Jr.,OT,LSU,"{'city': 'Baton Rouge', 'state': 'LA', 'country': 'USA'}",Baton Rouge,LA,USA,"Baton Rouge, LA",
2025-09-04,2025-09-09,401772918,2025-09-08T00:20Z,2,Buffalo Bills,33,Baltimore Ravens,33,Baltimore Ravens,5083656,Bilhal Kone,CB,Western Michigan,"{'city': 'Apple Valley', 'state': 'MN', 'country': 'USA'}",Apple Valley,MN,USA,"Apple Valley, MN",
2025-09-04,2025-09-09,401772918,2025-09-08T00:20Z,2,Buffalo Bills,33,Baltimore Ravens,33,Baltimore Ravens,4575860,Robert Longerbeam,CB,Rutgers,"{'city': 'Alexandria', 'state': 'VA', 'country': 'USA'}",Alexandria,VA,USA,"Alexandria, VA",
2025-09-04,2025-09-09,401772918,2025-09-08T00:20Z,2,Buffalo Bills,33,Baltimore Ravens,33,Baltimore Ravens,4428763,Dayton Wade,WR,Ole Miss,"{'city': 'Atlanta', 'state': 'GA', 'country': 'USA'}",Atlanta,GA,USA,"Atlanta, GA",1
2025-09-04,2025-09-09,401772918,2025-09-08T00:20Z,2,Buffalo Bills,33,Baltimore Ravens,33,Baltimore Ravens,4362492,Ar'Darius Washington,S,TCU,"{'city': 'Shreveport', 'state': 'LA', 'country': 'USA'}",Shreveport,LA,USA,"Shreveport, LA",4
2025-09-04,2025-09-09,401772918,2025-09-08T00:20Z,2,Buffalo Bills,33,Baltimore Ravens,33,Baltimore Ravens,3115481,J.T. Gray,S,Mississippi State,"{'city': 'Clarksdale', 'state': 'MS', 'country': 'USA'}",Clarksdale,MS,USA,"Clarksdale, MS",8
2025-09-04,2025-09-09,401772918,2025-09-08T00:20Z,2,Buffalo Bills,33,Baltimore Ravens,33,Baltimore Ravens,4369994,Malik Hamm,LB,Lafayette,"{'city': 'Baltimore', 'state': 'MD', 'country': 'USA'}",Baltimore,MD,USA,"Baltimore, MD",3
2025-09-04,2025-09-09,401772918,2025-09-08T00:20Z,2,Buffalo Bills,33,Baltimore Ravens,33,Baltimore Ravens,4035671,Tyler Huntley,QB,Utah,"{'city': 'Dania', 'state': 'FL', 'country': 'USA'}",Dania,FL,USA,"Dania, FL",5
2025-09-04,2025-09-09,401772918,2025-09-08T00:20Z,2,Buffalo Bills,33,Baltimore Ravens,33,Baltimore Ravens,4878287,Keondre Jackson,S,Illinois State,"{'city': 'Freeport', 'state': 'IL', 'country': 'USA'}",Freeport,IL,USA,"Freeport, IL",
2025-09-04,2025-09-09,401772918,2025-09-08T00:20Z,2,Buffalo Bills,33,Baltimore Ravens,33,Baltimore Ravens,3139602,D'Ernest Johnson,RB,South Florida,"{'city': 'Immokalee', 'state': 'FL', 'country': 'USA'}",Immokalee,FL,USA,"Immokalee, FL",7
2025-09-04,2025-09-09,401772918,2025-09-08T00:20Z,2,Buffalo Bills,33,Baltimore Ravens,33,Baltimore Ravens,3046401,Keith Kirkwood,WR,Temple,"{'city': 'Neptune', 'state': 'NJ', 'country': 'USA'}",Neptune,NJ,USA,"Neptune, NJ",5
2025-09-04,2025-09-09,401772918,2025-09-08T00:20Z,2,Buffalo Bills,33,Baltimore Ravens,33,Baltimore Ravens,4686768,Gerad Lichtenhan,OT,Oregon State,"{'city': 'Davis', 'state': 'CA', 'country': 'USA'}",Davis,CA,USA,"Davis, CA",
2025-09-04,2025-09-09,401772918,2025-09-08T00:20Z,2,Buffalo Bills,33,Baltimore Ravens,33,Baltimore Ravens,4695086,Chandler Martin,LB,Memphis,"{'city': 'Lithonia', 'state': 'GA', 'country': 'USA'}",Lithonia,GA,USA,"Lithonia, GA",
2025-09-04,2025-09-09,401772918,2025-09-08T00:20Z,2,Buffalo Bills,33,Baltimore Ravens,33,Baltimore Ravens,3050487,Anthony Miller,WR,Memphis,"{'city': 'Memphis', 'state': 'TN', 'country': 'USA'}",Memphis,TN,USA,"Memphis, TN",6
2025-09-04,2025-09-09,401772918,2025-09-08T00:20Z,2,Buffalo Bills,33,Baltimore Ravens,33,Baltimore Ravens,5144942,CJ Okoye,DT,,"{'city': 'Nkwere', 'country': 'Nigeria'}",Nkwere,,Nigeria,Nkwere,1
2025-09-04,2025-09-09,401772918,2025-09-08T00:20Z,2,Buffalo Bills,33,Baltimore Ravens,33,Baltimore Ravens,4428225,Jared Penning,G,Northern Iowa,"{'city': 'Clear Lake', 'state': 'IA', 'country': 'USA'}",Clear Lake,IA,USA,"Clear Lake, IA",
2025-09-04,2025-09-09,401772918,2025-09-08T00:20Z,2,Buffalo Bills,33,Baltimore Ravens,33,Baltimore Ravens,5082541,Marquise Robinson,CB,Arkansas,"{'city': 'Crosby', 'state': 'MS', 'country': 'USA'}",Crosby,MS,USA,"Crosby, MS",
2025-09-04,2025-09-09,401772918,2025-09-08T00:20Z,2,Buffalo Bills,33,Baltimore Ravens,33,Baltimore Ravens,4433904,Kaimon Rucker,LB,North Carolina,"{'city': 'Hartwell', 'state': 'GA', 'country': 'USA'}",Hartwell,GA,USA,"Hartwell, GA",
2025-09-04,2025-09-09,401772918,2025-09-08T00:20Z,2,Buffalo Bills,33,Baltimore Ravens,33,Baltimore Ravens,4428421,Nick Samac,C,Michigan State,"{'city': 'Mentor', 'state': 'OH', 'country': 'USA'}",Mentor,OH,USA,"Mentor, OH",2
2025-09-04,2025-09-09,401772918,2025-09-08T00:20Z,2,Buffalo Bills,33,Baltimore Ravens,33,Baltimore Ravens,4879972,Lucas Scott,FB,Army,"{'city': 'Binghamton', 'state': 'NY', 'country': 'USA'}",Binghamton,NY,USA,"Binghamton, NY",
2025-09-04,2025-09-09,401772918,2025-09-08T00:20Z,2,Buffalo Bills,33,Baltimore Ravens,33,Baltimore Ravens,16831,Brent Urban,DE,Virginia,"{'city': 'Mississauga', 'state': 'ON', 'country': 'Canada'}",Mississauga,ON,Canada,"Mississauga, ON",11
